ID	title	description	viewcount	likecount	commentcount
RBnOPPFJDQU	이재명 &#39;여성 표심&#39; 공략...윤석열 '경인선 지하화' 맞불 / YTN	[앵커] 더불어민주당 이재명 대선 후보는 오늘 여성 창업가를 지원하는 기업인들을 만나 애로사항을 청취하며 여성 표심 공략에 주력 ...	3070	60	95
oJpskFb2Mlo	이재명 &#39;여성 표심&#39; 공략...윤석열 '경인선 지하화' 맞불 / YTN	[앵커] 더불어민주당 이재명 대선 후보는 오늘 여성 창업가를 지원하는 기업인들을 만나 애로사항을 청취하며 여성 표심 공략에 주력 ...	2706	62	115
RMKx16aLJV0	&#39;마의 15%&#39; 지지율 돌파한 안철수…3자 구도 본격화? / JTBC 아침&amp;	20대 대통령을 뽑는 3·9 대선이 58일 앞으로 다가온 가운데, 국민의당 안철수 후보의 상승세가 이어지면서 이재명-윤석열-안철수 ...	22772	362	460
fYfPMi0G9KI	이재명 “골프장 일방적 요금 인상 막을 것” | 김진의 돌직구 쇼 907 회	이재명 “골프장 일방적 요금 인상 막을 것” | 김진의 돌직구 쇼 907 회 이재명 ＂골프장 일방적 요금 인상 막을 것＂ 이재명 ＂대중 ...	382	50	5
aqhdJGql9kc	“예쁘십니다”…이재명 소통채널 ‘얼평’ 논란 | 김진의 돌직구 쇼 907 회	예쁘십니다”…이재명 소통채널 '얼평' 논란 | 김진의 돌직구 쇼 907 회 ＂예쁘십니다＂…이재명 소통채널 '얼평' 논란 與, '논란' 답변 ...	344	13	2
20szcdRB5mc	이재명 정부를 준비하는 다주택자의 투자 조언(메디테라)	메디테라 블로그 https://abit.ly/i2cftu 메디테라 유튜브 https://abit.ly/n6sdhq + 후랭이TV 멤버십 https://abit.ly/58xvlk 후랭이 블로그 ...	1775	123	0
YnFy6FLzETQ	더불어민주당 이재명 후보의 셀피 인터뷰 | 이재명 후보에게 광주는 어떤 곳? [시사인터뷰 오늘]	광주를 찾아온 더불어민주당 이재명 대선후보와의 밀착 셀피 인터뷰. _명낙연대를 통한 원팀 행보, 효과는? _이재명 후보에게 광주는 ...	32	3	0
RtQxhvO5QF4	이재명 '기재부 탁상머리 생각 탓'…윤석열 '병사 월급 200만원'	대선이 50여일 앞으로 다가운 가운데 여야 대선 후보들은 정책 대결에 나서는 모습입니다. 코로나 19 음성 판정을 받은 뒤 활동을 재개 ...	1676	59	56
H9Sm4GaiONU	이재명 &#39;탈모&#39;, 윤석열 &#39;멸공&#39;, 안철수 &#39;정권교체&#39;, 심상정 &#39;사표아니다&#39;, 김동연 &#39;정치개혁&#39; [경제발전소_FULL/1월10일(월)]	경제발전소 #커피가격인상 #강윤혁 #설연휴혜택 #김현우 #물적분할 #홍석만 0110 안녕하세요 ~! 경제발전소 박연미입니다.	366	24	3
QpCXkqRG_Us	[뉴스포커스] 이재명·윤석열 &#39;젠더 논쟁&#39;…&#39;마의 15%&#39; 뚫은 안철수 / 연합뉴스TV (YonhapnewsTV)	[뉴스포커스] 이재명·윤석열 '젠더 논쟁'…'마의 15%' 뚫은 안철수 [출연 : 조기연 더불어민주당 선대위 공명선거법률지원단 부단장· ...	211	2	3
f2yg79gmLZA	이재명 '교육 국가책임 강화'…윤석열 '노동시간 유연화' / 연합뉴스TV (YonhapnewsTV)	"이재명 ""교육 국가책임 강화""…윤석열 ""노동시간 유연화"" [앵커] 대선 레이스 상황 살펴보도록 하겠습니다. 먼저 민주당 이재명 후보 ..."	145	7	2
Nev85nyVIl4	[생방송] 노사모 회원들, 이재명 후보 지지선언 기자회견	[생방송] 노사모 회원들, 이재명 후보 지지선언 기자회견 #노사모 #이재명 #노무현 #대선공약 #나를위해 #합니다 #지지선언 #기자 ...	8058	5279	176
0vWY5IkEK_w	변발헤-이재명 지하철 탐방/국민의힘, 멸공의 횃불/간짜장 단일화 촬스맛	멤버쉽 링크 - https://www.youtube.com/channel/UCkI2g2FvX-haxXqqDMqc96A/join 송작가TV몰 링크 ...	5495	2162	57
cSzrMLG3g3k	'곳간 털어 탈모 치료 지원?' 이재명 &#39;탈모약 건강보험 적용&#39; 공약 정면 비판한 안철수	안철수 #이재명 #탈모 10일 안철수 국민의당 대선 후보가 이재명 더불어민주당 후보의 전국민 재난지원금과 탈모약 건강보험 적용 ...	280	30	9
pirif_Usfww	Live-카자흐사태 진정/프랑스 돌연변이 46개/이재명, 지하철 민심탐방/국짐, 21세기에 ‘멸공’/김건희 소환 통보/안철수 맛	멤버쉽 링크 - https://www.youtube.com/channel/UCkI2g2FvX-haxXqqDMqc96A/join 송작가TV몰 링크 ...	3639	5368	0
n4Ywz8A905I	[오늘무슨일] 이재명 “표 많은 쪽 위해 갈등 격화시키는 건 무책임”	더불어민주당 이재명 대선 후보가 9일 오후 서울 마포구 홍대인근 카페에서 배달 알바 노동자, 취준생, 대학생들과 만나는 '국민반상회' ...	767	26	7
Jospt4IQHGE	[적SHOW 1화] 안철수 상승! 윤석열,이재명의 운명은??	안철수 #윤석열 #이재명 상도TV 구독과 좋아요는 사랑입니다 ^_^ 알람(전체) 설정까지! 상도tv 멤버쉽 가입: ...	510	93	9
d3r7Y8YH5Vo	지금 화낼 사람은 윤 후보가 아니라 국민입니다	지금 화낼 사람은 윤 후보가 아니라 국민입니다 #조선일보 #후보가자초한상황 #거듭되는실언.	17928	3485	157
dv7rIbps1a4	노무현 을 사랑하는 사람들 이재명 후보 지지선언 국회소통관		286	186	7
tVA52uGwEGE	[대선/용쟁호투] 조원진-이재명 맞짱토론 현실화되면,  그가 어떤 사람인지 드러난다!!! _220109	[용쟁호투 / 조원진 대선후보] 조원진-이재명 맞짱토론 현실화되면 그가 어떤 후보인지 드러난다!!! 정도언론 인간존중 인류평화 를 위해 ...	942	292	44
pSdsN_9CBno	[생방송] 안진걸, &#39;윤석열은 멸콩&#39; &#39;김건희는 교육사기&#39; / [대선 여론조사]이재명 40.1%, 윤석열 34.1%, 안철수 11.1% (2022.1.10 오전)	안진걸, '윤석열은 멸콩' '김건희는 교육사기' / [대선 여론조사]이재명 40.1%, 윤석열 34.1%, 안철수 11.1%... 이, 우세-윤, 급락-안, ...	21515	0	69
y6BM-sCzS1c	이재명 지지율 떡상의 비밀/어떻게 그게 가능할까?		36	13	1
jda9LNtukM8	[박인복 반박 인터뷰] 이재명의 둘째형 이재영의 언론 인터뷰에 대한 박인복씨 반박 인터뷰 녹취파일 &#39;남편(이재선)이 시장 자리를 노렸다는 이재영의 주장은 터무니 없는 거짓말&#39;	[박인복 반박 인터뷰] 이재명의 둘째형 이재영의 언론 인터뷰에 대한 박인복씨 반박 인터뷰 녹취파일 '남편(이재선)이 시장 자리를 ...	427	94	4
yDq-F-Tgma8	#이재명_같이_살아가보자	이재명 #이재명_응원가 #나를위해이재명.	23	3	1
TPBymqvwL4o	【맨인블랙의 닥치고 이재명 _053】 좌충우돌 윤석열, 안철수와 맞짱뜰까?	막장드라마의 1부가 끝났나 봅니다. 국힘당의 난리부르스가 한바탕 지나간 후, 반대급부로 안철수가 뜨고 있습니다. 결국, 두 사람 사이 ...	19	12	0
exhitkqPeRU	[신지호의 쿨-톡] 한주만에 15% 폭락한 이재명 20대 지지율		24937	8259	478
qIqd8kgME8Y	안철수 '이재명 정책 행보가 현란해...정신 차리기 어려울정도로 어수선'	안철수 #국민의당 #선대위 #회의 #생방송 국민의당 안철수 대선후보가 22년 1월 10일 열린 중앙선대위 회의에서 발언하고 있다.	3816	704	101
8b0Cjv1ijv0	#나를위해_이재명	이재명 #나를위해이재명 #더불어민주당.	2	0	0
TL5a-efZe6c	멘붕온 김건희 근황, 단독 떴다ㄷㄷ 네티즌 '모든 수사 기준은 조국 정경심만큼' - 윤석열 &#39;멸공&#39; 이준석 &#39;자기 정치&#39; 헛발질.. 이재명 후보는 경제 행보 &#39;토크콘서트&#39;	멘붕온윤석열부인김건희 #윤석열멸공이준석자기정치헛발질 #민주당이재명경제행보 ▣ 황희두 멤버십 후원 ...	51960	16049	447
oogXxXCpkCQ	[생방송] 이재명 후보, 일하는 여성 지원 스타트업 대표 간담회	[생방송] 이재명 후보, 일하는 여성 지원 스타트업 대표 간담회 #이재명 #나를위해 #직장여성 #합니다 #스타트업 #여성지원 #고용안정 ...	0	48	0
BqJjrOSqQOU	[뉴스라이브] 조국 '#멸공, 尹의 수준'...정치권으로 번진 &#39;멸공&#39; / YTN	진행 : 김선영 앵커, 김대근 앵커 □ 출연 : 추은호 / 해설위원 * 아래 텍스트는 실제 방송 내용과 차이가 있을 수 있으니 보다 정확한 내용 ...	13779	376	318
Fs4LvGjaQhM	센스넘치는 이재명 웃음터지다 #shorts (2)		154	33	2
5yi9bGE2nmg	몽클레어 패딩 저렴하게 사고싶다면? 로또급 득템 로또방배경매장	오직 현장구매만 가능합니다 경기도 광주시 곤지암읍 광여로 388-47 (오향리 60-34) 수목금토일 오전11시 ~ 철저한 거리두기 방역 ...	367	7	1
KCCsgSm8ozw	1/10 (월) 풀영상｜[진성준, 성일종] 이재명 ‘비정규직 공정수당’ / 윤석열 ‘여가부 폐지’｜[오영환] 소방관 순직 사고… 막을 수 없었나?｜KBS 220110 방송	(1부) [뉴스 언박싱] '오늘 아침, 가장 뜨거운 뉴스' - 민동기 기자 + 김민하 시사평론가 [최강 인터뷰 1] 소방관 순직 사고..막을 수 없었나 ...	1710	118	16
4nDvk2A3dY0	‘李 탈모 공약’, 외신도 주목…“새로운 선거 이슈” | 김진의 돌직구 쇼 907 회	'李 탈모 공약', 외신도 주목…“새로운 선거 이슈” | 김진의 돌직구 쇼 907 회 '李 탈모 공약', 외신도 주목… ＂새로운 선거 이슈＂ AP ...	368	10	5
vaMYOhmhLQM	안철수는 지금... '몹시 행복하다!'	윤석열 #이재명 #안철수 #정용진.	10100	3026	217
Ad84frjhLl0	🍀이재명 같이 살아가 보자 🎼 이재명응원가  🎼 원곡 바위처럼  (꽃다지) 노래 제이림	이재명 #이재명응원가 #시사타파.	21	4	0
FauDm6fBoIE	대선 앞두고 때아닌 &#39;멸공&#39; 공방 [아침에 이슈]	당 내홍을 수습한 국민의힘 윤석열 후보가 본격적인 정책행보에 속도를 내고 있습니다. 세분과 함께 58일 앞으로 다가온 대선 관련 ...	2925	174	57
fVjg8OIlgvE	윤석열 때문에 이재명 대통령 된다. 정권교체를 위한 결단 해야	국민의힘 국민의당 민주당 윤석열 안철수 이재명 홍준표 정권교체 대의.	706	228	38
V7ZBXEG-w7o	【인간이재명】EP.3️⃣4️⃣-3️⃣ 다 잃어도 괜찮다	이재명후원회  https://www.ljm4you.com/ ⚜️이재명플러스OPEN  https://bit.ly/3mCqFnT (실시간상담) #소확행 ...	4	1	0
RV_Ndk_8ID4	[자막뉴스] 2030 잡아라…대선 전면에 등장한 뉴미디어 / 연합뉴스TV (YonhapnewsTV)	"[자막뉴스] 2030 잡아라…대선 전면에 등장한 뉴미디어 [현장음] ""이재명을 뽑는다고요? 노, 이재명은 심는 겁니다. 앞으로 제대로."	103	3	2
58hvk0mAnfw	이재명 대선후보 선대위 자동차본부 발대식 2022, 1,9		17	3	1
c2hRo8YN7Sw	[ 위메이드 주가전망 ] 이재명! #위메이드 #위메이드주가 #위메이드주가전망 #P2E #NFT #블록체인 #이재명	"1월에 단타 수익 보실수있는 반도체 관련 한 종목과 대선 관련주 한 종목 무료로 받으실 분 ☆ 010-7523-7521 ☆ 숫자 ""1""만 보내 ..."	2	0	0
G_pPNEypXSg	굿바이, 이재명! 그때, 그 도시에서는 무슨일이 일어났던 걸까?	그 때, 그 도시에서는 무슨일이 일어났던 걸까? 형제 간에 무슨 일이 벌어졌을까? 굿바이, 이재명에서 확인해보세요! #이재명, #성남시 ...	15	7	0
zv1CusEcho8	이재명 당선가능성 50% 계속 유지,  안철수 상승, 단일화 현실화되나?	이재명 #윤석열 #안철수 #심상정 #민주당 #국민의힘 # #대선후보지지율 ☻이은영TV를 후원해주세요! 제주도 해안마을 카페 'stay ...	0	18	0
NLPNVk-br-A	이재명 후보가 &#39;환경미화원&#39; 대신 도입하자고 제안한 명칭에는 직업에 대한 존중이 가득하다이재명 후보가 &#39;환경미화원&#39; 대신 도입하자고 제안한 명칭에는 직업에 대한 존중이 가득하다	Listen Music in video here: https://www.youtube.com/channel/UCx_pFntMnemzQOmLMksW7AQ?sub_confirmation=1 이재명 ...	0	0	0
l3sDd7UIa5s	긴급! 1,단일화 2,안철수 바람 지속여부 3,이재명 박스권 탈출 4,윤석열의 반등. 설에 대세가 굳어지는 여론이 형성된다고 보면,앞으로 3주 동안의 변호가 대선 판도를 좌우할 것	긴급! 1,단일화 2,안철수 바람 지속여부 3,이재명 박스권 탈출 4,윤석열의 반등. 설에 대세가 굳어지는 여론이 형성된다고 보면,앞으로 ...	6	3	0
NsXPIASXRKE	【인간이재명】EP.3️⃣4️⃣-2️⃣ 다 잃어도 괜찮다	이재명후원회  https://www.ljm4you.com/ ⚜️이재명플러스OPEN  https://bit.ly/3mCqFnT (실시간상담) #소확행 ...	2	2	0
M63SemmJW-s	윤석열의 대선행보에 세대별*지역별 선호도 차이 너무 크다! 2022.1.10.오전9시	윤석열후보를 둘러싸고 세대별 지역별 선호가 바뀌며 불안한 이유 분석 #여성가족부폐지#병사봉급인상#홍준표#김종인#이준석# ...	4814	1068	131
_rcmEQOfYhw	오늘도 한표 얻은 이재명 (feat.중도에게 고백 프로포즈) #shorts		72	35	6
