ID	title	description	viewcount	likecount	commentcount
RMKx16aLJV0	&#39;마의 15%&#39; 지지율 돌파한 안철수…3자 구도 본격화? / JTBC 아침&amp;	20대 대통령을 뽑는 3·9 대선이 58일 앞으로 다가온 가운데, 국민의당 안철수 후보의 상승세가 이어지면서 이재명-윤석열-안철수 ...	22772	363	460
P6aQByok2d4	지지율 15% 찍은 날…윤석열 텃밭 뜬 안철수 | 김진의 돌직구 쇼 907 회	지지율 15% 찍은 날…윤석열 텃밭 뜬 안철수 | 김진의 돌직구 쇼 907 회 '15%' 뚫은 安, 단일화 최대 변수 '마의 15%' 뚫은 安, 대선 3자 ...	565	25	8
jczPmOa9gw4	🔴LIVE - 국민의당 안철수 후보, G5를 향한 과학기술중심국가전략 특강/1월 10일	국민의당 안철수 대선 후보는 오늘(10일) 더좋은나라 전략포럼 초청 특강에 참석합니다. 안 후보는 'G5를 향한 과학기술 중심 국가 ...	0	12	0
H9Sm4GaiONU	이재명 &#39;탈모&#39;, 윤석열 &#39;멸공&#39;, 안철수 &#39;정권교체&#39;, 심상정 &#39;사표아니다&#39;, 김동연 &#39;정치개혁&#39; [경제발전소_FULL/1월10일(월)]	경제발전소 #커피가격인상 #강윤혁 #설연휴혜택 #김현우 #물적분할 #홍석만 0110 안녕하세요 ~! 경제발전소 박연미입니다.	366	24	3
Jns8-vNzNsc	[안철수] 제10차 중앙선거대책위원회 | LIVE		4404	0	283
7kzEMMzES3I	15% 안철수, 윤석열과 준결승?	방송 : CBS 라디오 '김현정의 뉴스쇼' FM 98.1 (07:20~09:00) □ 진행 : 김현정 앵커 □ 대담 : 김광일 (CBS 기자), 김준일 (뉴스톱 대표) ...	2552	81	14
vaMYOhmhLQM	안철수는 지금... '몹시 행복하다!'	윤석열 #이재명 #안철수 #정용진.	10100	3026	217
8xNdQmSNC1s	[11시 김광일 쇼 LIVE] 안철수 마의 15% 넘었다 공식 뒤집은 2022 대선 모습은? | 尹 이준석 안고 선대위 해체 슬림하게 젊게 변신	방송 고화질로 시청하기 *모바일: 화면 우측 상단(점 세개 모양) 버튼을 눌러 화질을 조정해주세요! * PC: 동영상에서 오른쪽 밑 ...	28129	6535	0
QpCXkqRG_Us	[뉴스포커스] 이재명·윤석열 &#39;젠더 논쟁&#39;…&#39;마의 15%&#39; 뚫은 안철수 / 연합뉴스TV (YonhapnewsTV)	[뉴스포커스] 이재명·윤석열 '젠더 논쟁'…'마의 15%' 뚫은 안철수 [출연 : 조기연 더불어민주당 선대위 공명선거법률지원단 부단장· ...	211	2	3
Jospt4IQHGE	[적SHOW 1화] 안철수 상승! 윤석열,이재명의 운명은??	안철수 #윤석열 #이재명 상도TV 구독과 좋아요는 사랑입니다 ^_^ 알람(전체) 설정까지! 상도tv 멤버쉽 가입: ...	510	93	9
TPBymqvwL4o	【맨인블랙의 닥치고 이재명 _053】 좌충우돌 윤석열, 안철수와 맞짱뜰까?	막장드라마의 1부가 끝났나 봅니다. 국힘당의 난리부르스가 한바탕 지나간 후, 반대급부로 안철수가 뜨고 있습니다. 결국, 두 사람 사이 ...	19	12	0
tLvmTq3j9_o	반윤(反尹)보수세력이 안철수 운명 결정한다! #윤석열 만든 조선일보 김대중 #홍준표 속셈 보인다!훤히 #성접대 의혹 이준석 언제까지 도망 다니나? #정용진,우파 제3후보로 뛸까?	윤창중칼럼세상은 보수우파의 집권이 목표입니다. 실현 가능한 해법과 방향을 분명히 제시합니다. 윤칼세를 도와주십시오. 윤칼세TV ...	6473	1247	44
dT7S0XDWL_c	안철수 '문재인 대통령, 임기 말 알박기 인사 즉각 중단하라'	안철수 국민의당 대통령 후보가 10일 국회에서 열린 중앙선거대책위원회에서 문재인 대통령의 임기 말 알박기 인사에 대해 즉각 중단 ...	326	28	6
pSdsN_9CBno	[생방송] 안진걸, &#39;윤석열은 멸콩&#39; &#39;김건희는 교육사기&#39; / [대선 여론조사]이재명 40.1%, 윤석열 34.1%, 안철수 11.1% (2022.1.10 오전)	안진걸, '윤석열은 멸콩' '김건희는 교육사기' / [대선 여론조사]이재명 40.1%, 윤석열 34.1%, 안철수 11.1%... 이, 우세-윤, 급락-안, ...	21515	0	71
qIqd8kgME8Y	안철수 '이재명 정책 행보가 현란해...정신 차리기 어려울정도로 어수선'	안철수 #국민의당 #선대위 #회의 #생방송 국민의당 안철수 대선후보가 22년 1월 10일 열린 중앙선대위 회의에서 발언하고 있다.	3816	704	101
0K8ncJ4gWUU	이준석 안철수 지지율 대폭 올렸다!!	가로세로연구소 구독 후원 방법 정기구독 후원 ARS 1877-0665 기업은행 655-026629-01-014 (예금주 : (주)가로세로연구소) 국민 ...	198831	21535	117
oBdyMuwmECQ	기자들의 계속된 단일화 질문...안철수 결국 헛웃음까지?	안철수 #국민의당 #단일화 #백브리핑 #헛웃음 국민의당 안철수 대선후보가 22년 1월 10일 선대위 회의를 마친 후 밖으로 나와 기자 ...	1171	125	46
fe6LrB_YwBQ	[풀영상] 국민의당 안철수 ' 중앙선거대책위원회의' (22.01.10)	"안철수 #국민의당 #선대위 #회의 #생방송 [풀영상] 국민의당 안철수 "" 중앙선거대책위원회의"" (22.01.10) 시사포커스TV는 창간 35년 ..."	2170	220	28
Za-0xg3JlvY	[송국건의 혼술] 단일후보 적합도:안철수 36%대 윤석열 33% 돌풍? 역선택?	다시 부는 '안철수 바람' 풍향에 달린 대권 이재명 대 윤석열, 이재명 대 안철수 여론조사 결과는? 야권 단일후보 지지율 조사에서도 역 ...	18318	4380	551
AYjP0oSTK1I	&#39;사병월급 200만원?&#39; 안철수 '尹, 부사관·장교 월급 답해야'	안철수 국민의당 대통령 후보가 10일 국회에서 열린 중앙선거대책위원회의 이후 질의응답에서 윤석열 국민의힘 대통령 후보의 사병 ...	132	7	1
xMTzYus1NcE	국민찐팬 안철수, 파이팅!!!		106	62	15
uBEMsr7hPMg	사병월급 200만원?...안철수 '부사관,장교 월급에 대한 답도 내놔야해'	안철수 #국민의당 #사병 #부사관 #장교 #월급 국민의당 안철수 대선후보가 22년 1월 10일 열린 선대위 회의를 마친 후 밖으로 나와 ...	670	51	31
lmk_Qtk1zAM	1/10(월) 15% 뚫은 안철수, 대선 3자구도로 / 윤석열, 이대남 겨냥 &#39;한줄 공약&#39; / 이재명 '비정규직, 정규직보다 많은 보수 당연'_노영희의 뉴스인사이다[뉴스픽]	1월 10일 (월) 노영희의 뉴스인사이다 ▷ 한동인 기자의 뉴스픽 - 15% 뚫은 안철수, 대선 3자구도로 - 윤석열, 이대남 겨냥 '한줄 공약' ...	920	265	17
-T1QMLggyOI	윤석열 안철수 단일화가 힘든 이유. 정권교체 어렵다 #shorts	국민의힘 국민의당 민주당 윤석열 안철수 이재명 홍준표 정권교체 대의.	204	39	0
cSzrMLG3g3k	'곳간 털어 탈모 치료 지원?' 이재명 &#39;탈모약 건강보험 적용&#39; 공약 정면 비판한 안철수	안철수 #이재명 #탈모 10일 안철수 국민의당 대선 후보가 이재명 더불어민주당 후보의 전국민 재난지원금과 탈모약 건강보험 적용 ...	280	30	9
VpH6tkBPkOI	[안철수] 안파고 안철수!  공약은 머릿속에 다 있다. #안철수 #안파고 #직접_만든_자  #진짜는_진짜를_알아본다	https://blog.naver.com/star0919star/222611214902 삼프로TV 안철수편: https://youtu.be/w2r0CcLxBFE G식백과 안철수편: ...	36	19	5
Nq6pEJ9OAVM	의사 안철수의 코로나 대책 다 맞았다.  대통령되면 극복 자신	출처 : 안철수 유튜브 https://www.youtube.com/user/jinsimcamp 페이스북 https://www.facebook.com/ahncs111 인스타그램 ...	51	0	18
7wn7nViO2Xo	안철수의 급부상 #shorts	안철수 #윤석열 #이준석 #사이다썰 #정치툰 #정치풍자 #정치평론 #사이다툰 #정치 #대선 #대선정국 #대선후보.	1	1	0
pirif_Usfww	Live-카자흐사태 진정/프랑스 돌연변이 46개/이재명, 지하철 민심탐방/국짐, 21세기에 ‘멸공’/김건희 소환 통보/안철수 맛	멤버쉽 링크 - https://www.youtube.com/channel/UCkI2g2FvX-haxXqqDMqc96A/join 송작가TV몰 링크 ...	3668	5373	0
l3sDd7UIa5s	긴급! 1,단일화 2,안철수 바람 지속여부 3,이재명 박스권 탈출 4,윤석열의 반등. 설에 대세가 굳어지는 여론이 형성된다고 보면,앞으로 3주 동안의 변호가 대선 판도를 좌우할 것	긴급! 1,단일화 2,안철수 바람 지속여부 3,이재명 박스권 탈출 4,윤석열의 반등. 설에 대세가 굳어지는 여론이 형성된다고 보면,앞으로 ...	6	3	0
vizzkBtpD9g	윤석열, 홍준표 효과로 탈력 못 받으면 안철수 시대로		43	2	0
zv1CusEcho8	이재명 당선가능성 50% 계속 유지,  안철수 상승, 단일화 현실화되나?	이재명 #윤석열 #안철수 #심상정 #민주당 #국민의힘 # #대선후보지지율 ☻이은영TV를 후원해주세요! 제주도 해안마을 카페 'stay ...	0	18	0
LadgeKCEvxs	안철수의 부상 편 #shorts	안철수 #윤석열 #윤석렬 #이준석 #사이다 #사이다썰 #사이다툰 #병맛툰 #병맛 #정치툰 #정치풍자 #정치평론.	4	2	0
n_jdvWr2L8Q	단일화 하면 안철수 1등!! 마라맛 철수 가동!	느슨했던 대선판에 긴장감을 주는 철수ㅋ.	0	22	0
_kd805w43VY	대선 특별편 5탄-안(安)의 부상 편, 안철수, 윤석열, 이준석, 사이다툰, 사이다썰, 정치툰, 영상툰	안철수 #윤석열 #윤석렬 #이준석 #대선 #대선후보 #대선토론 #대선정국 #사이다썰 #사이다 #사이다툰 #병맛툰 #병맛 #정치툰 ...	9	6	0
X2kPwmqpbic	거침없는 안풍…보수 야권 단일화한다면? | 김진의 돌직구 쇼 907 회	거침없는 안풍…보수 야권 단일화한다면? | 김진의 돌직구 쇼 907 회 '尹 단일화' 이재명 33.6% 윤석열 34.4% [서던포스트] '安 단일화' ...	892	24	4
RBnOPPFJDQU	이재명 &#39;여성 표심&#39; 공략...윤석열 '경인선 지하화' 맞불 / YTN	[앵커] 더불어민주당 이재명 대선 후보는 오늘 여성 창업가를 지원하는 기업인들을 만나 애로사항을 청취하며 여성 표심 공략에 주력 ...	3070	60	95
oJpskFb2Mlo	이재명 &#39;여성 표심&#39; 공략...윤석열 '경인선 지하화' 맞불 / YTN	[앵커] 더불어민주당 이재명 대선 후보는 오늘 여성 창업가를 지원하는 기업인들을 만나 애로사항을 청취하며 여성 표심 공략에 주력 ...	2706	62	115
4-kKTmw7fV0	이재명에 대항하는 윤석열 안철수 단일화되나? (이은영 엄경영)[프레지던트TV/데이터 꼴라보] 20220110		0	5	0
T6Ak4NT8UQ0	김근식 '멸치 샀더니 멸공으로 매도' vs 현근택 '일베스러워'	〈민주당 선대위 현근택 대변인〉 AI 윤석열? 본인이 얘기해야 진심 전달돼 여가부 개편→폐지? 이준석 낸 문제 푸나 국힘 '멸공' 챌린지, ...	3607	118	53
ioaxcC9pb-g	안철수 살인미소		40	22	7
C_dQt9KJn6A	윤석열, &#39;마트 방역패스&#39; 비판…&#39;20대 남성&#39; 구애 계속 / SBS	국민의힘 윤석열 대선 후보는 오늘(10일)부터 시작되는 대형마트 방역패스에 대해 '마트 갈 자유'까지 제한하는 거라며 비판했습니다.	4134	177	193
8f-ohHrFru4	여수멸치·콩 사면서 &#39;챌린지&#39; 인증까지 하는 국민의힘ㅣ김어준의 뉴스공장_류밀희의 이알뉴(20220110)	1월 10일(월) 김어준의 뉴스공장 [이 정도는 알아야 할 아침 뉴스] - 류밀희 기자 (TBS) 02:41 코로나19 주요 뉴스 04:41 문대통령, 순직 ...	50	16	1
sg-1ZYytcfw	1/10(월) 끝나지 않은 윤석열의 &#39;본부장 리스크&#39; 다시 온다_노영희의 뉴스인사이다[대담한 대담]	1월 10일 (월) 노영희의 뉴스인사이다 ▷ 노영희의 [대담한 대담] 최영일 시사평론가 - [부를 만드는 경험의 힘] 출간 - 윤석열·이준석 ...	4905	898	39
dBxTCdFU3GM	박영선 “安, 큰 조직 끌고 갈 리더십 못 느껴” | 김진의 돌직구 쇼 907 회	박영선 “安, 큰 조직 끌고 갈 리더십 못 느껴” | 김진의 돌직구 쇼 907 회 박영선 ＂안철수, 대통령감인가 의문＂ 박영선 ＂安, 큰 조직 ...	296	5	9
H29B1U62FBc	[정치직격] '윤석열-이준석, 총이라도 만져보고 &#39;멸공&#39; 외쳐라!' 이상돈의 직격탄!, MBC 220110 방송	2022년 01월 10일 [김종배의 시선집중] | 출연 : 이상돈 전 의원 #정치직격 #윤석열 #이준석 #멸공챌린지 #나경원 #여가부폐지 #삼 ...	26643	3000	355
IJ_ZGn5TA6c	[백은종 안진걸 양희삼의 대선속으로] 정용진, 윤석열의 멸공놀이 / 안철수의 어부지리	[백은종 안진걸 양희삼의 대선속으로] 정용진, 윤석열의 멸공놀이 / 안철수의 어부지리 #윤석열 #김건희 #정용진 #멸공 #안철수 ...	0	43	0
EyCBrKlcpuk	[KBS 최강시사] 오영환 의원 '반복되는 물류창고 화재 근본적으로 막기 위한 건축법 개정안 지난해 통과'	법 개정 이전에 지은 건축물 안전 확보할 보완 장치 필요 - 이재명 겨냥해 경기도 책임론 거론한 안철수, 정치적 이득 생각하는 모습에서 ...	31	5	1
1ZAN311apes	[LIVE]_&#39;윤석열은 멸콩&#39; &#39;김건희는 교육사기&#39; / [대선 여론조사]이재명 40.1%, 윤석열 34.1%, 안철수 11.1% |  민생경제연구소장 안진걸	[LIVE]_'윤석열은 멸콩' '김건희는 교육사기' / [대선 여론조사]이재명 40.1%, 윤석열 34.1%, 안철수 11.1% | 민생경제연구소장 안진걸 ...	1057	669	6
J-sWqXH_ImM	1/10(월) - 여성가족부 폐지 찬반(장예찬vs류호정)/ 백신패스 반대 선동(이재갑)/ [뉴스닥] ‘문제풀이 급급 윤석열’(↓) vs ‘다시 뛰는 윤석열’(↑)/ 시사기상도	+++++ 청취율 조사기간(1/10~21) 입니다. 지금 여러분은 김현정의 뉴스쇼를 듣고 계십니다 +++++ 1월10일(월) 김현정의 뉴스쇼 ...	108399	2152	247
