ID	title	description	viewcount	likecount	commentcount
qgWFpYKfpxw	더불어민주당 이재명, 산업 분야 정책 공약 발표 - [끝까지 LIVE] MBC 중계방송 2022년 01월 12일	이재명 더불어민주당 대선후보는 오늘(12일) 오전 서울 서초구 한국산업기술진흥협회(KOITA)를 찾아 산업 분야 공약을 밝힐 예정 ...	14144	1255	103
GKsYvsoUOg8	&#39;이재명 변호사비 의혹&#39; 녹취록 폭로자 숨진 채 발견 / YTN	[앵커] 더불어민주당 이재명 대선후보의 변호사비 대납 의혹 관련 녹취록을 폭로한 이 모 씨가 어제 숨진 채 발견됐습니다. 경찰은 유족 ...	232475	5884	5613
N1TA7NoT7cY	&#39;이재명 변호사비 의혹&#39; 녹취록 폭로자 숨진 채 발견...'타살·극단적 선택 정황 없어' / YTN	"어제저녁 모텔에서 발견…가족·지인이 실종 신고 ""타살·극단적 선택 정황 없어""…건강 안 좋아 ""이재명, 변호사에 3억·주식 20억 줬다"" ..."	155729	3220	4157
zFd-0f28eHc	&#39;이재명 변호사비 대납 의혹&#39; 제보자 숨진 채 발견 (2022.01.12/12MBC뉴스)	더불어민주당 이재명 대선후보의 '변호사비 대납 의혹'을 최초로 제보한 이 모 씨가 어젯밤 8시 반쯤 서울 양천구의 한 모텔에서 숨진 ...	3395	146	177
Uo_UnsSwNTQ	‘이재명 변호사비 의혹’ 녹취록 제보자 숨진 채 발견 | 뉴스A 라이브	'이재명 변호사비 의혹' 녹취록 제보자 숨진 채 발견 '이재명 변호사비 대납' 의혹 제보자 사망 이 씨, 어제 저녁 서울 모텔서 숨진 채 ...	1680	98	20
v9EEQJS37yg	&#39;이재명 변호사비 대납 의혹&#39; 제보자 숨진 채 발견 / SBS	이재명 민주당 대선 후보의 변호사비 대납 의혹 제보자가 숨진 채 발견돼 경찰이 수사에 나섰습니다. 제보자는 서울 양천구의 한 모텔 ...	3760	211	96
ihe3qfGHFDU	[속보] &#39;이재명 변호사비 의혹&#39; 녹취록 최초 제보자 숨진 채 발견 / YTN	이재명 더불어민주당 대선 후보의 '변호사비 대납 의혹' 관련 녹취록 최초 제보자인 이 모 씨가 숨진 채 발견돼 경찰이 수사에 나섰 ...	828528	13858	11837
D7-PEaAx50o	이재명 산업 분야 정책 공약 발표 / SBS	이재명 민주당 대선 후보가 오늘(12일) 산업 분야 정책 공약을 발표합니다. 캠프 측은 어제 제시한 '신경제 비전' 가운데 '산업 대전환'의 ...	3150	46	10
mcx7X2sUxOA	‘이재명 변호사비 대납 의혹’ 녹취록 제보자, 숨진 채 발견 / KBS  2022.01.12.	이재명 더불어민주당 대선후보의 '변호사비 대납' 의혹을 제기했던 제보자 이 모 씨가 숨진 채 발견됐습니다. 이 씨 가족이 며칠 전부터 ...	3013	118	196
4geRoX25JGk	尹 “北 핵도발 선제 타격”…이재명 “국민들 불안” | 뉴스A 라이브	"尹 “北 핵도발 선제 타격”…이재명 “국민들 불안” 윤석열 ""北 미사일 막을 방법 선제타격뿐"" 與 ""尹 부적절 발언"" vs 野 ""금기어 아냐"" ..."	1066	52	13
_0oT8Wj9Rkk	[이재명 대선후보 산업분야 정책공약 발표] 1월 12일 (수) 풀영상 / 디지털Only	오늘(12일) 이재명 더불어민주당 대선 후보가 '이재명 신경제'의 실행방안인 4대 대전환 중 하나로 산업분야 정책 공약을 발표합니다.	1687	95	19
lkv8f5hJYAo	[풀영상]  더불어민주당 이재명 후보, 산업 분약 정책 공약 발표/1월 12일	더불어민주당 이재명 대선 후보는 오늘(12일) 산업 분야 정책 공약을 발표했습니다. 이 후보는 한국산업기술진흥협회를 방문해 산업 ...	1816	116	11
edIqEx8gjz8	이재명 40% 돌파전략은?, 안철수는 누구편?, 거리두기 완화 어떻게?, 어느 디자이너의 죽음 - [LIVE] MBC 뉴스외전 2022년 01월 12일	"먹는 코로나 치료제‥'모레'부터 투약 시작 / 현대차 직원 극단 선택‥'과로 자살'이란? / ""이재명, 지지율 다시 정체?""‥승부수는?"	5361	290	0
xEC8EuLl0R0	[현장영상] 이재명, 산업대전환 공약…'임기 내 수출 1조 달러 시대 열겠다' / JTBC News	오늘(12일) 이재명 더불어민주당 대선 후보가 '이재명 신경제'의 실행방안인 4대 대전환 중 하나로 산업분야 정책 공약을 발표합니다.	861	44	35
TJLo36vJYzU	이재명 “임기내 수출 1조 달러”…윤석열 “게임사용자 권익 보호” / KBS  2022.01.12.	정치권 소식입니다. 민주당 이재명 후보는 오늘 산업대전환 공약을 내놓고, 10대 미래산업을 키워 임기 내에 수출 1조 달러 시대를 열 ...	297	16	6
J7JgzxrQPso	[LIVE] &#39;이재명 변호사비 대납 의혹&#39; 제보자 사망…무슨 일이? / 윤석열의 '선제타격'에 공방 - 주영진의 뉴스브리핑 1/12(수) | SBS 모바일24	주영진의뉴스브리핑 #변호사비대납제보자사망 #선제타격공방 #주영진 #이재명 #윤석열 #안철수 #심상정 #민주당 #국민의힘 ...	1626	40	0
jmoGhDxMlAQ	안철수 “이재명 후보가 ‘555 성장공약’ 베껴”  | 김진의 돌직구 쇼 909 회	안철수 “이재명 후보가 '555 성장공약' 베껴” | 김진의 돌직구 쇼 909 회 安, 지난해 11월 1호 공약 발표…'555 성장전략' 安, ＂이재명 ...	717	25	16
gT-riu5iVvU	[생중계] 이재명 후보, 산업분야 정책 공약 발표 (2022.01.12 오전)	[생중계] 이재명 후보, 산업분야 정책 공약 발표 (2022.01.12 오전) #이재명 #산업분야 #정책공약 #민주당 #2022대선 #오마이TV ...	14510	0	57
pqh1eT25RJI	[LIVE] 산업자원 분야 정책 공약 발표	이재명.	14921	4136	149
Dudzis4jCtc	&#39;이재명 변호사비 대납 의혹&#39; 녹취록 제보자 숨진 채 발견	중앙일보 구독하기 https://www.youtube.com/c/JoongAngIlbo?sub_confirmation=1 더불어민주당 이재명 대선 후보의 '변호사비 대납 ...	6009	250	71
7buWkj-X2ZU	‘이재명 변호사비 대납 의혹’ 녹취록 제보자 숨진 채 발견... 벌써 몇 번째야...	이메일 : newsdot724@naver.com(사연/칼럼/뉴스제보-url 첨부) 멤버십 ...	9945	2118	507
qGnBz2O2-PE	신문브리핑 2 '이재명 'AI 등 10대 전략기술 육성, 세계 5강 경제 대국 목표'' 외 주요기사 [아침&amp;매일경제]	"(매경)신문브리핑 2 ""이재명 ""AI 등 10대 전략기술 육성, 세계 5강 경제 대국 목표"""" 외 주요기사(0112) #아침앤매일경제 #신문브리핑 ..."	215	2	3
XQbmmOC6IMM	[11시 김광일 쇼 LIVE] ‘이재명 변호사비 대납 의혹’ 녹취록 제보자 숨진 채 발견  '우연치고는 참 기이한 우연'	방송 고화질로 시청하기 *모바일: 화면 우측 상단(점 세개 모양) 버튼을 눌러 화질을 조정해주세요! * PC: 동영상에서 오른쪽 밑 ...	96472	21664	1041
KPSH2gDnosg	&#39;이재명 변호사비 대납의혹&#39; 제보자 숨진 채 발견 / 연합뉴스TV (YonhapnewsTV)	'이재명 변호사비 대납의혹' 제보자 숨진 채 발견 #이재명 #변호사비 #대납의혹 이재명 더불어민주당 대선후보의 '변호사비 대납 의혹' ...	909	35	17
VsMS_SRIQlI	[속보] &#39;이재명 변호사비 대납 의혹&#39; 폭로 이모씨 숨진 채 발견 / 연합뉴스TV (YonhapnewsTV)	[속보] '이재명 변호사비 대납 의혹' 폭로 이모씨 숨진 채 발견 #이재명 #이재명의혹 연합뉴스TV 기사문의 및 제보 : 카톡/라인 jebo23 ...	7476	350	135
fLAJ113Jv-4	고개드는 이재명 교체론 / 이번 대선은 17대 대선 재 판? [이정훈TV]	한국과 동아시아의 안보 외교 국방 정보 무기 원자력 에너지 항공 대형사건 등을 다룹니다.	343	131	4
Nfqf4cRyeDM	윤석열 군대 월급 200 공약, 사실 이재명이 먼저 한 거? 베낀 건가?	군인도 노동자군 월이백면 재명리 마을방송 이재명 후보의 모병제에 이은 병사 월급 200만원 공약을 윤석열 후보가 거의 베끼다시피 ...	1708	946	27
4gBemHEjalM	이재명 '수출 1조달러'…윤석열 '게이머가 우선' / 연합뉴스TV (YonhapnewsTV)	"이재명 ""수출 1조달러""…윤석열 ""게이머가 우선"" #이재명 #윤석열 #대선 [앵커] 대선레이스 상황 살펴보겠습니다. 더불어민주당 ..."	765	29	11
_nFfIo8uiRE	[생방송] ‘굿바이 이재명’ 저자 장영하 변호사 긴급 기자회견 ㅣ이재명 친형 정신병원 강제입원 시도 관련자 고발 입장 밝혀	'굿바이 이재명'의 저자 장영하 변호사는 12일 오전 10시 30분 프레스센터에서 기자회견을 갖고 이재명 후보의 이재선 회계사의 친형 ...	28413	3788	212
YPBcsTelX2s	[뉴스초점] 이재명-윤석열, 정책대결 본격화…민심 향배는? / 연합뉴스TV (YonhapnewsTV)	[뉴스초점] 이재명-윤석열, 정책대결 본격화…민심 향배는? [출연 : 최창렬 용인대 교수] #이재명 #윤석열 #대선 대선이 50여일 앞으로 ...	270	5	1
U9dax3WfrAk	[뉴스포커스] 이재명 '555 신경제 비전'…윤석열 '부모급여·임대료 나눔제' / 연합뉴스TV (YonhapnewsTV)	"[뉴스포커스] 이재명 ""555 신경제 비전""…윤석열 ""부모급여·임대료 나눔제"" #이재명 #윤석열 #대선 [출연 : 김성완 시사평론가·이기재 ..."	663	17	4
zNtudieZv-A	굿모닝 앵블 생방송) 이재명 의혹제기자 또 「변사」 북엔 「상호확증파괴」가 답 「윤」 사과해! (22.01.12)	미래경영연구소 회원모집 - 성함,휴대폰번호,주소를 문자로 발송 : 010 - 5028 - 8253 회원 계좌 : 예금주(미래경영연구소) 우리은행 ...	10665	3291	65
mpHfgNa7Vy0	(긴급) ‘이재명 변호사비 대납 의혹’ 녹취록 제보자 숨진 채 발견. 이재명 관련 벌써 3명째	대장동관련 유한기,김문기이어 변호사비 대납관련 관련 이모씨까지 줄줄이 왜?	91956	14144	1616
qTcXlNONGKc	충격 속보! &#39;이재명 변호사비 대납&#39; 의혹 제기자 지난 밤에 그만...어떻게 이런 일이?!!	정의구현 멤버십 가입 : https://www.youtube.com/channel/UCUNwNXVrWAHQpc8gPp1c6kw/join 자발적 구독료 : KB국민은행 ...	19553	3871	344
sTEVr-VS0tU	(오후뉴스) 이재명 변호사비 대납 제보자까지! 이재명 입장, &#39;관계 없다&#39; 진실을 밝힐 사람은 윤석열 뿐! 리얼미터까지 승리!	공유 https://youtu.be/sTEVr-VS0tU 회원가입 https://www.youtube.com/channel/UCtmvuCbpw6_TFbeO4ToTAIw/join.	20797	4717	255
aINJ_wVDg00	[ FNL NEWS ] &#39;이재명 변호사비 대납의혹&#39; 제보자 숨진 채 발견 - 22.01.12	자유일보가 일간지로 새롭게 개편되었습니다. 구독자 여러분들의 많은 구독 부탁드립니다. http://jayupresspay.com/bbs/register.php ...	503	182	16
CzSOw6tU7NA	명예부통령 &#39;이재명&amp;윤석열&amp;안철수&#39; #shorts	2021년 12월 25일, 허경영 후보는 이재명, 윤석열, 안철수, 심상정, 김동연 후보를 '명예대통령'으로 임명하겠고 밝혔습니다. #허경영 ...	315	2	0
ImaUDVVipys	&#39;이재명 짝퉁&#39; , 공개 망신 당했다! 윤석열, 여론조사 1위 휩쓸었다! 국힘 환호성!  민주 쑥대밭! 이재명, 이제 안철수 한테도 밀린다!!	정의구현 멤버십 가입 : https://www.youtube.com/channel/UCUNwNXVrWAHQpc8gPp1c6kw/join 자발적 구독료 : KB국민은행 ...	5444	1331	64
O6GCVT2zGCQ	이재명 '수출 1조달러'…윤석열 '게이머 권익 보호' / 연합뉴스TV (YonhapnewsTV)	"이재명 ""수출 1조달러""…윤석열 ""게이머 권익 보호"" #이재명 #윤석열 #대선 [앵커] 대선레이스 상황 살펴보겠습니다. 더불어민주당 ..."	254	6	2
URDLwQb39tg	윤석열 이재명 | 지하철 민심 차이	투명인간 윤석열 ㅋㅋㅋㅋㅋㅋ 이거보고 이재명 찍기로 했다 #윤석열 #이재명 #지하철 #민심 #대선 #short #shorts.	138	13	1
pPK6BYVDo98	숨진 채 발견 된 이재명 폭로자가 과거에 올렸던 소름돋는 글..[1분이슈]	이재명#폭로자#더불어민주당 더불어민주당 이재명 대선 후보의 '변호사비 대납 의혹'을 처음 폭로한 폭로자가 11일 숨진 채 발견 ...	1721	45	21
qrSMV3ftqZg	[윤석열과강신업] D-56 이재명 변호사비 대납 폭로 이병철 변호사 살해 당했나?/ 대한민국 최고의 고품격 정통 정치시사 방송!	이재명 #이병철 #변호사비대납.	510	205	3
Wc-6rad1TjU	[생방송] 이재명 후보, 산업 분야 정책 공약 발표	[생방송] 이재명 후보, 산업 분야 정책 공약 발표 #이재명 #나를위해 #신경제 #합니다 #매타버스 #산업정책 #산업기술진흥원 #대선 ...	2765	732	10
Gf62-76SVqA	금뇌 은닉 의심 받던 아버지에 이어 &#39;이재명 변호사비 대납 의혹&#39; 녹취록 제보자도 극단선택! 은수미 자료유출 이권 챙긴 경찰, 유동규 &#39;허위 경력&#39; 내사맡았다!	후원계좌 신한은행 304 04 253850ㅅㅣ This stream is created with #PRISMLiveStudio.	11519	2379	52
1QarokxQ8QE	이재명 대통령 후보 직속 특보단 총괄단장 김교흥입니다!	안녕하십니까. 이재명 대통령 후보 직속 특보단 총괄단장 김교흥입니다! 이재명 후보 특보단은 후보의 공정, 혁신 기조에 따라 ...	12	3	0
65XumxZI4HQ	긴급! 윤석열, 2주만에 이재명에 대역전! 이재명 7.1%P 대폭락! 윤석열 3.1%P 급반등! (진성호의 직설)		53767	11138	643
pBlL9E6nCJ0	[7197] 이재명 정신병원 사건 재판 당시, 정신질환자 관련사건 부지기수로 조작됨	또하나, 이재명이 형 강제입원에 대한 재판을 받을 때, 하루가 멀다하고 정신질환자들의 화재, 살해등 많은 사건이 터졌습니다. 이상한 ...	28	9	1
2rG4pc4OcCw	정책토론 尹측, 이재명의 5.5.5.? 'MB의 7.4.7 생각나' [황보선의 출발 새아침] / YTN라디오	YTN라디오(FM 94.5) [황보선의 출발 새아침] 우리의 이슈가 뉴스를 바꿉니다. 세상을 깨우는 황보선의 출발 새아침 중심잡힌 시선으로 ...	279	14	1
Dm3qS9NFmIo	이재명 산업 대전환 7대 공약5편 산업자원 분야 정책 공약 발표 #shorts	이재명 산업 대전환 7대 공약5편 산업자원 분야 정책 공약 발표 #shorts.	12	8	3
-3_nCqkjtCk	우상호 제대로 터졌다! 민주당, 조국, 이재명 발칵 뒤집어졌다! #우상호주사파 #우상호전대협	자율적구독후원 : 하나은행 : 106-910488-13707 (박*옥) 해외페이팔 후원링크 : https://www.paypal.me/jungsungsantv 문의 ...	13125	2860	55
