ID	title	description	viewcount	likecount	commentcount
0MKsbrWr3uw	국민의힘 윤석열, 디지털산업혁명 공약 발표 - [끝까지 LIVE] MBC 중계방송 2022년 01월 12일	윤석열 국민의힘 대선후보는 오늘(12일) 오전 11시 서울 여의도 국민의힘 중앙당사에서 디지털산업혁명 공약을 발표합니다. 윤 후보 ...	3146	66	46
k1oC7UM_xhA	윤석열, 게임산업 발전과 사용자 권익 보호 공약 발표 / SBS	국민의힘 윤석열 대선후보가 오늘 오전 11시 여의도 당사에서 게임 산업 발전과 사용자 권익 보호를 위한 공약을 발표합니다.	12706	493	111
u7RG0d7tojs	&#39;이대남&#39; 표심 겨냥?…윤석열 후보, 게임산업 공약 발표 / YTN	윤석열 후보 발언은 15:10 부터 보시면 됩니다 ==================================== ☆공약 핵심 내용 1. 확률형 아이템 ...	8091	138	111
PzYnBngLj0A	[뉴스앤이슈] 윤석열 2030 표심 다시 돌아왔나? 지지율 반등 성공 / YTN	진행 : 강진원 앵커 □ 출연 : 배철호 / 리얼미터 수석전문연구위원, 이은영 / 휴먼앤데이터 소장 * 아래 텍스트는 실제 방송 내용과 차이 ...	2219	52	74
wYEH1ESGEKQ	[풀영상] 국민의힘 윤석열 후보, 게임산업 발전 공약 발표/1월 12일	국민의힘 윤석열 대선 후보는 오늘(12일) 오전 게임산업 발전 공약을 발표했습니다. 윤 후보는 게임 산업의 불합리한 규제 정비와 ...	1960	42	20
TJLo36vJYzU	이재명 “임기내 수출 1조 달러”…윤석열 “게임사용자 권익 보호” / KBS  2022.01.12.	정치권 소식입니다. 민주당 이재명 후보는 오늘 산업대전환 공약을 내놓고, 10대 미래산업을 키워 임기 내에 수출 1조 달러 시대를 열 ...	297	16	6
GAEQ-HEIEIc	국민의힘 윤석열, 경기도 선거대책위원회 출범식 참석 - [끝까지 LIVE] MBC 중계방송 2022년 01월 12일	윤석열 국민의힘 대선후보는 오늘(12일) 오후 2시 경기 고양시 일산 킨텍스에서 열리는 경기도 선거대책위원회 출범식에 참석합니다.	304	18	0
q7ujbZyBFx0	[LIVE] 윤석열, 경기도 선대위 출범식 / SBS	윤석열 국민의힘 대선후보가 오늘 오후 2시 경기 일산 킨텍스에서 열리는 '경기도 선거대책위원회 출범식'에 참석합니다. #SBS뉴스 ...	2601	155	0
J7JgzxrQPso	[LIVE] &#39;이재명 변호사비 대납 의혹&#39; 제보자 사망…무슨 일이? / 윤석열의 '선제타격'에 공방 - 주영진의 뉴스브리핑 1/12(수) | SBS 모바일24	주영진의뉴스브리핑 #변호사비대납제보자사망 #선제타격공방 #주영진 #이재명 #윤석열 #안철수 #심상정 #민주당 #국민의힘 ...	1626	39	0
wnicLQjIhY4	“윤석열 ‘선제타격’ 미친 거 아냐?”, “전쟁도 불사?” 비판 쏟아지는 안보관	윤석열 #선제타격 #안보관 [“윤석열 '선제타격' 미친 거 아냐?”, “전쟁도 불사?” 비판 쏟아지는 안보관] 국민의힘 윤석열 대선 후보가 ...	729	39	31
sCNWql54kKU	🔴LIVE - 국민의힘 윤석열 후보, 경기도 선거대책위원회 출범식/1월 12일	국민의힘 윤석열 대선 후보는 오늘(12일) 오후 경기도 선거대책위원회 출범식에 참석합니다. 윤 후보는 출범식에서 보수 가치를 강조 ...	935	27	0
qdLrL8S5EY8	선제타격이면 전면전인데, 전쟁하자는 윤석열 초보 [아침옳소] 0112	"[휴닉 베지어트 안내]** ○ 구매링크 : www.huenic.com ○ 문의전화 : 010-7272-6717 ○ 베지어트 ""옳은소리"" 이벤트! 1. 쇼핑몰 회원 ..."	36157	7506	61
W4DPQYnyVX4	[생중계] 윤석열 후보, 디지털산업혁명 공약 발표 (2022.1.12 오전)	[생중계] 윤석열 후보, 디지털산업혁명 공약 발표 (2022.1.12 오전) - 화면 출처 : 국민의힘 유튜브 오른소리 #윤석열 #디지털산업 #공약 ...	3998	0	148
LI4EEJ1KJp0	멸공 논란 주인공들의 공통점 | 윤석열의 선제공격은 누구 생각? | 이재명 민심탐방 썰 [퀴즈탐험! 시사의 세계 15화]	퀴즈도 풀고! 치킨도 먹고~~~ 시사이슈들이 한가득! 오늘은 특별 진행자가 나온다고 하네요! 막강 시사 바보들이 펼치는 씐나는 시사 ...	62352	3957	69
Nfqf4cRyeDM	윤석열 군대 월급 200 공약, 사실 이재명이 먼저 한 거? 베낀 건가?	군인도 노동자군 월이백면 재명리 마을방송 이재명 후보의 모병제에 이은 병사 월급 200만원 공약을 윤석열 후보가 거의 베끼다시피 ...	1708	946	27
RTn8-6PWTfw	실내체육시설 이용료에 소득공제를 적용합니다. #윤석열 #shorts #59초공약짤		10830	2720	303
3U8ASGxu9Dk	[풀영상 다시보기]윤석열 '게임 &#39;확률형 아이템&#39; 정보 완전 공개 의무화'	국민의힘 #윤석열 #게임산업 #공약발표 #확률형아이템 #정보공개의무화 윤석열 국민의힘 대선 후보는 12일 오전 국민의힘 당사에서 ...	602	26	14
4gBemHEjalM	이재명 '수출 1조달러'…윤석열 '게이머가 우선' / 연합뉴스TV (YonhapnewsTV)	"이재명 ""수출 1조달러""…윤석열 ""게이머가 우선"" #이재명 #윤석열 #대선 [앵커] 대선레이스 상황 살펴보겠습니다. 더불어민주당 ..."	765	29	11
cIaLSpFEDKw	(여론조사 분석)최근 윤석열이 잘하는 것은? 불안한 것은? 2022.1.12 오전9시	윤석열의 여가부폐지 공약이 적중한 원인,이재명이 국민의힘 분열과 김건희 논란에 매달리는 까닭은,안철수는 왜 스스로 상승하지 ...	6669	1678	111
-VqX1NLtar8	윤석열 국민의힘 대통령 후보, '코로나의 영웅, 간호사님들의 헌신에 정부는 합당한 처우를 해줘야 합니다.'	1월 11일 윤석열 국민의힘 대통령 후보는 대한간호협회 서울연수원에서 진행된 코로나19 현장에서 헌신해온 간호사들과의 간담회에 ...	8833	3046	329
YPBcsTelX2s	[뉴스초점] 이재명-윤석열, 정책대결 본격화…민심 향배는? / 연합뉴스TV (YonhapnewsTV)	[뉴스초점] 이재명-윤석열, 정책대결 본격화…민심 향배는? [출연 : 최창렬 용인대 교수] #이재명 #윤석열 #대선 대선이 50여일 앞으로 ...	270	5	1
U9dax3WfrAk	[뉴스포커스] 이재명 '555 신경제 비전'…윤석열 '부모급여·임대료 나눔제' / 연합뉴스TV (YonhapnewsTV)	"[뉴스포커스] 이재명 ""555 신경제 비전""…윤석열 ""부모급여·임대료 나눔제"" #이재명 #윤석열 #대선 [출연 : 김성완 시사평론가·이기재 ..."	663	17	4
aNxSdjFGOAw	KBS, 수신료의 가치를 국민께 돌려드립니다. #윤석열 #shorts #59초공약짤		11557	3036	333
CzSOw6tU7NA	명예부통령 &#39;이재명&amp;윤석열&amp;안철수&#39; #shorts	2021년 12월 25일, 허경영 후보는 이재명, 윤석열, 안철수, 심상정, 김동연 후보를 '명예대통령'으로 임명하겠고 밝혔습니다. #허경영 ...	315	2	0
O6GCVT2zGCQ	이재명 '수출 1조달러'…윤석열 '게이머 권익 보호' / 연합뉴스TV (YonhapnewsTV)	"이재명 ""수출 1조달러""…윤석열 ""게이머 권익 보호"" #이재명 #윤석열 #대선 [앵커] 대선레이스 상황 살펴보겠습니다. 더불어민주당 ..."	254	6	2
ImaUDVVipys	&#39;이재명 짝퉁&#39; , 공개 망신 당했다! 윤석열, 여론조사 1위 휩쓸었다! 국힘 환호성!  민주 쑥대밭! 이재명, 이제 안철수 한테도 밀린다!!	정의구현 멤버십 가입 : https://www.youtube.com/channel/UCUNwNXVrWAHQpc8gPp1c6kw/join 자발적 구독료 : KB국민은행 ...	5444	1331	64
QR_ifTqtUwk	이태규 '안철수가 윤석열 아바타? 드루킹 후예답네요'	'마의 15%' 넘겼다, 현장 열기는 더 뜨거워 * 야권 단일화 프레임, 여당 꽃놀이패 주는 것 * 거간꾼은 내부 사정, 이준석 조직 관리 못해 ...	2410	63	22
MVpikk7rqww	[윤태곤의 판] 윤석열은 왜 멸치 카트를 밀었을까?	윤석열-이준석 화합, 결국 공멸이라는 셈법 * 여가부, 병사월급… 윤이 화두던지는 구도 * 윤의 멸콩 릴레이 선 긋기, 달라진 모습 ...	16395	549	72
hxy_o3IRzfg	1/12(수) 이준석 뒤로 숨는 윤석열…&#39;꼭두각시 정치&#39; 표본_노영희의 뉴스인사이다[대담한 대담]	1월 12일 (수) 노영희의 뉴스인사이다 ▷ 노영희의 [대담한 대담] 고민정 더불어민주당 의원 - 잇단 동물 학대 사건에…'동물권' 필요성 ...	4901	833	34
-2xexdGYMj0	3부: 「이재명・윤석열・심상정・김동연」에 이어 「안철수」까지 권한축소…「분권형」 대통령제? 우연의 일치? (2022.01.12) [정치분석]	미래경영연구소 회원모집 - 성함,휴대폰번호,주소를 문자로 발송 : 010 - 5028 - 8253 회원 계좌 : 예금주(미래경영연구소) 우리은행 ...	3112	836	23
jVlrO_Tf3-o	윤석열검찰총장시절 미담 터졌다! 검찰청 수사관 내부통신망글 화제! #윤석열인간미 #석열이형 #윤석열미담	자율적구독후원 : 하나은행 : 106-910488-13707 (박*옥) 해외페이팔 후원링크 : https://www.paypal.me/jungsungsantv 문의 ...	4616	1098	47
25y-0TliP3E	1/12(수) 프로파일러가 본 윤석열·정용진의 &#39;멸공&#39; 심리_노영희의 뉴스인사이다[배프의 &#39;촉&#39;]	1월 12일 (수) 노영희의 뉴스인사이다 ▷ 배프의 '촉' 배상훈 프로파일러 - 프로파일러가 분석하는 윤석열-정용진 '멸공' 논란 - “NO ...	2647	679	30
etbfSTaSG00	윤석열후보 디지털산업혁명 공약 발표 1월12일	윤석열#	8110	1561	5
65XumxZI4HQ	긴급! 윤석열, 2주만에 이재명에 대역전! 이재명 7.1%P 대폭락! 윤석열 3.1%P 급반등! (진성호의 직설)		53676	11134	643
gPz_kJC61eY	💥조국 전장관.. 멸공 🔻딱~ 윤석열 수준이다..발언에 논란.. 🔸도대체 무슨일이 있었길래..?#shorts	청년의소리 정말 리얼한 청년들의 목소리 여러분의 구독과 좋아요가 큰 힘이됩니다 ...	308	22	0
V_8A6TgH55I	백신패스 철회, 9시 영업제한 철회 공식 발표한 윤석열 후보님께 한마디 안 합니다.	백신패스 #9시영업제한 #공식발표한윤석열 월 1천원 정기후원하기 1877-0419 ...	23484	2262	359
tulU5DCHLSk	송영길 '문재인 정부 이재명 탄압'/ 윤석열 북한 선제타격/ 안철수 단일화 근황	쇼핑은 설마트ㅋ.	973	260	5
2WeEhNtbHN8	안철수 “병사 월급 200? 실현 불가한 쌍포퓰리즘…이재명·윤석열 총 안 쏴봐서 몰라”	안철수 국민의당 대선후보가 11일 오후 서울 중구 한국프레스센터에서 열린 한국기자협회 초청토론회에서 패널들의 질문에 답변 ...	9	0	0
g7JupL2w6Zg	게이머 겨냥한 윤석열 '확률형 아이템 정보 완전 공개할 것'	윤석열 국민의힘 대선후보가 12일 서울 여의도 중앙당사에서 게임산업의 불합리한 규제 정비 및 사용자 권익 보호에 대한 공약 발표를 ...	14	0	0
onhTSgA8SGI	1/12(수) 민간 중심 밝힌 윤석열, 공약은 대규모 재정 투입 / 김건희, ‘턱걸이’ 임용 / 與, 윤석열 &#39;선제타격&#39; 발언에 '전쟁하자는 거냐'_노영희의 뉴스인사이다[뉴스픽]	1월 12일 (수) 노영희의 뉴스인사이다 ▷ 한동인 기자의 뉴스픽 - 민간 중심 밝힌 윤석열, 공약은 대규모 재정 투입 - 김건희, 재직 기간 ...	1867	256	14
kq84gCAz5_M	단일후보 국민 선택은? 윤석열 36.8%   안철수 29.6% .  정권교체 57.2%  정권재창출 36.6%	윤석열로 단일화 되면 이재명이 '진다'.. 李 38.8% vs 尹 45.2% . 쿠키뉴스 한길리서처.	14277	1971	106
e7wgKmK9oos	윤석열이 옳았다! 문재인 이상한 행동! 北 미사일 발사에 얼빠진 軍, 국가 안보보다 정치 논리에 휘둘려!!	정의구현 멤버십 가입 : https://www.youtube.com/channel/UCUNwNXVrWAHQpc8gPp1c6kw/join 자발적 구독료 : KB국민은행 ...	5184	1629	83
KFAZV6e-Pr8	[PEN리더쉽연구소] 인문학이 윤석열 후보께 주는 조언	윤석열 #국민의힘 #홍순목.	34	14	1
ugwnQ0O6Y5U	윤석열 후보 모친과 편지#shorts	제보이메일 raceinvesti28@gmail.com.	1822	379	0
vTxEgZhOwv4	윤석열 너까짓게 멸공을 떠들어? 정규제	멸공#신세계#윤석열.	1116	223	25
wHT0cdyS9io	[출발 새아침] FULL 다시보기 | 이준석 국민의힘 대표 출연, 국힘 골든크로스 오나? 국힘 TV토론 불참, 이재명-윤석열 정책 분석 | 220112	"YTN FM 94.5MHz 우리의 이슈가 뉴스를 바꿉니다. 세상을 깨우는 ""황보선의 출발 새아침"" 중심잡힌 시선으로 가장 뜨거운 이슈를 ..."	9094	317	59
H82Spxppdf0	윤석열 대통령 후보 ㅡ현재상황ㅡ 킨텍스		4	1	0
qrSMV3ftqZg	[윤석열과강신업] D-56 이재명 변호사비 대납 폭로 이병철 변호사 살해 당했나?/ 대한민국 최고의 고품격 정통 정치시사 방송!	이재명 #이병철 #변호사비대납.	510	205	3
77neOwG4C8o	조국 한마디에 윤석열이 낚였다! &#39;멸콩&#39; 후폭풍 일파만파	조국 한마디에 윤석열이 낚였다! '멸콩' 후폭풍 일파만파 ( 영상 : 조진성 PD) * '매월 1만원' 자발적 시청료 내기 : 10만인클럽 전화가입 ...	16826	0	486
lLEhTXHvzn4	[돌발영상] 안철수의 생각 ('병사 월급 200만 원?…그 사람들 군대 안 다녀와 봐서')  / YTN	이재명·윤석열 두 여야 후보의 '병사 월급 200만 원' 공약이 화제가 되고 있습니다. 더불어민주당 이재명 후보가 먼저 지난 12월 공약을 ...	26086	902	502
