ID	title	description	viewcount	likecount	commentcount
Jn5kb6P1M4k	이재명 &#39;강원 매타버스&#39; vs 윤석열 &#39;PK 지지 확장&#39; / YTN	[앵커] 더불어민주당 이재명 대선 후보는 오늘, 강원도를 방문해 강원 지역을 바이오산업 메카로 만들겠다는 구상을 발표합니다.	5391	116	58
RRx3deQ4psc	'나를 위해..이재명, 두번째 지지영상', 감동연설...눈물 주의	"""나를 위해..이재명, 두번째 지지영상"", 감동연설...눈물 주의 다큐 영화 '1984최동원' 조은성 감독 작품 영상에...두번째 이야기, 감동 ..."	3094	881	127
W2YlfRgV7Ms	[풀영상] 거리연설 나선 이재명, '변호사비 20억 받았다는 녹취, 내가 한 말 아냐'	(인천=뉴스1) 박혜성 기자 = 이재명 더불어민주당 대선 후보가 14일 오후 매타버스(매주 타는 민생버스) 일정으로 인천 부평구 문화의 ...	3342	167	187
CTqsBIkvliY	죽음의 그림자에 씌인 여당 대통령 후보 이재명, 계속 감쌀 것이가! 국민 모독 끝내라 / [박찬종TV]		4498	1070	76
Fa4ei66SZxA	'MBC가 공영방송이라면 균형되게 이재명 후보의 형수와 형에 대한 통화도 공개하라' 요구 봇물	이재명 후보의 형수와 형과의 녹음도 공개하라.	9405	2487	162
A1DyA_VD0Ok	이재명 조롱하던 &#39;이준석 근황&#39; 난감해졌다ㄷㄷ 김건희 7시간 방송 예고에 &#39;친윤 스피커&#39; 진중권 황당 반응 - 이재명 통합 발언 '윤석열 남녀, 세대갈등, 국민 편가르기 우려'	김건희스트레이트예고 #이준석이재명NFT조롱 #이재명윤석열편가르기비판 ▣ 황희두 멤버십 후원 ...	12857	3710	121
84XfZqUWSbo	이재명, &#39;매타버스&#39; 지역 순회…1박2일 강원도 방문 / 연합뉴스TV (YonhapnewsTV)	이재명, '매타버스' 지역 순회…1박2일 강원도 방문 더불어민주당 이재명 후보는 오늘(15일) 매주 타는 민생버스, 매타버스 지역 순회 ...	389	15	0
aVC64EBFFNU	이재명의 빨간 마스크		173	56	21
KoYMdEF54e0	[신지호의 쿨-톡] 진중권 '이재명 김혜경 욕설도 틀어라'	MBC에 대중적 분노 폭발.	4209	1139	108
XIVigL3yYc0	긴급속보 입수 이재명 설날에 한 번에 뒤집힐 큰 거 터집니다	이재명에 대한 이야기입니다. #이재명 #문재인 #윤석열.	1977	484	23
Jdst6mPoy3k	(시사점치/무편집)이재명.윤석열.안철수 주간대선운세흐름도	타로점 #윤석열 #이재명 #안철수 #대선 #국민의힘 #시사 #정치 #주역점 ⭐️필립법사 소개⭐️ 불교학과 졸업 불교학 석사 중국 ...	105	9	0
U7MCBCjCV4o	[360영상VR] 이재명 대통령후보 연설 부천문화의거리 2022년 1월 14일 1/2		4	0	0
QJgMMMxGKqA	허경영 ‘이재명 윤석열 찍어라! 그리고...’	허경영 #이재명 #윤석열 이재명 윤석열 찍으세요 그리고 고생 더 하세요.	19	12	0
zPP9FzN8L1Q	[생중계] 이재명 후보, &#39;걸어서 민심 속으로&#39; 춘천 명동 거리 걷기 (2022.01.15 오후)	[생중계] 이재명 후보, '걸어서 민심 속으로' 춘천 명동 거리 걷기 (2022.01.15 오후) #이재명 #매타버스 #강원 #춘천 #2022대선 #명동 ...	0	0	0
OeHG4ggPVL8	[생중계] 이재명 후보, &#39;명심 토크콘서트&#39; “충성! 인제 왔습니다!” (2022.01.15 오후)	[생중계] 이재명 후보, '명심 토크콘서트' “충성! 인제 왔습니다!” (2022.01.15 오후) 이재명, 매타버스, 명심토크콘서트, 강원, 인제, 2022 ...	0	0	0
V9cBSXIFeCA	109화 풀버전(윤석열, 이재명, 심상정, 홍준표)	패션 #코메디 #토크쇼 109화 역시 풀버전을 제공합니다. 심심하실 때 틀어놓고 설거지 하면 딱 좋습니다. 서패라 | 서울패션라디오 ...	27	2	0
afB6Q73Ucl0	심정민 공군 소령 영결식날에? 문재인 이재명 큰일났다! 윤석열 경악!	윤석열 #이재명.	538	18	1
i_dwnG4BjmM	[생중계] 이재명 후보, 강원도 18개 시군 번영회장 간담회 (2022.01.15 오후)	[생중계] 이재명 후보, 강원도 18개 시군 번영회장 간담회 (2022.01.15 오후) #이재명 #매타버스 #강원 #춘천 #시군번영회장 ...	0	0	0
TudMlzBWHYI	[생중계] 이재명 후보, 강원 방문 인사-홍천생명건강과학관 방문 (2022.01.15 오후)	[생중계] 이재명 후보, 강원 방문 인사-홍천생명건강과학관 방문 (2022.01.15 오후) #이재명 #매타버스 #강원 #홍천 #생명건강과학관 ...	0	0	0
Sm7fFI5nCnY	올해 3월 9일, 무슨 날이냐고요?	shorts #매타버스 #인천 #부평문화시장.	1351	539	41
FG2PmxtLX9s	(생중계) 2022.1.15. 이재명 후보 - [매타버스] 강원 방문 인사	팩트TV 보도채널 추진 트레일러 방송 # 팩트TV플러스 제작비 후원 □후원신청(링크 클릭) : https://forms.gle/UwQ2Fggei8i1VSne7 ...	0	11	0
iZK7DY9-nyQ	이재명 변호사비 대납 의혹 제보자 고 이병철님 사망원인~'허위사실 제보로 부담감이 커서 발생했다'송영길	This stream is created with #PRISMLiveStudio.	96	13	0
9_ACD8xcJQk	[디지털혁신대전환위원회] 정책1호 발표 #2 우리회사 메타버스에 진짜 이재명이 나타났다  #이재명의메타정부		325	217	11
axEQIl3pYq8	긴급! MBC 충격 발언, 윤석열 63.1% 이재명 31.6% 압도! 김종인에게 최후통첩! 이재명 완전끝났다!		2570	468	17
8392GyjYPmo	[생방송] 이재명 후보, '걸어서 민심 속으로' 춘천 명동 걷기	"[생방송] 이재명 후보, ""걸어서 민심 속으로"" 춘천 명동 걷기 #이재명 #나를위해 #춘천 #합니다 #매타버스 #명동 #거리걷기 #대선공약 ..."	0	84	0
T7aqErAK3xw	[생방송] 이재명 후보, 강원도 18개 시군 번영회장 간담회	[생방송] 이재명 후보, 강원도 18개 시군 번영회장 간담회 #이재명 #나를위해 #강원도 #합니다 #번영회 #간담회 ✓일시후원: 국민은행 ...	0	42	0
64Xb8cRD1V4	[생방송] 이재명 후보, 바이오산업의 메카 강원 방문 인사 및 홍천생명건강과학관 방문	[생방송] 이재명 후보, 바이오산업의 메카 강원 방문 인사 및 홍천생명건강과학관 방문 #이재명 #강원 #바이오산업 #홍천 #매타버스 ...	0	117	0
mOsxkWJBkU8	[2022] 1월 3주차 B tv 주간종합뉴스	"인천뉴스 #btv뉴스 #SK브로드밴드 1월 3주차 B tv 주간종합뉴스 -이재명 “경인선·경인고속도로 지하화… 핵심은 실천” -""4차산업 혁명 ..."	24	1	0
YHkCRPHHbWw	이재명 전 경기지사 변호사비 대납 의혹 최초 폭로 공익제보자 故 이병철씨 녹취 일부공개( 조작없음 )	무릅써라! 그 어떤 위험도 무릅써라! 다른 이들의 말, 그들의 목소리에 더 이상 신경쓰지 마라. 세상에서 가장 어려운 것에 도전하라.	85	16	2
P13viei0yfw	긴급!이재명 충격녹음 나왔다!  ‘이재명 ’서 수십억 인출…윤석열 급반등 68% !! 이재명 대폭락! 홍준표 문재인 충격!	긴급!이재명 충격녹음 나왔다! '이재명 '서 수십억 인출…윤석열 급반등 68% !! 이재명 대폭락! 홍준표 문재인 충격!	2228	295	12
FBqCA_EBfaA	성남일보 모동희 대표에게 듣는다. 지난 20년 성남에서 무슨 일이? 이재명 김혜경의 막말녹음 언제든 틀수 있다. 이병철의 죽음과 대장동 사건의 진실	영상 시청하시기 전에 구독과 좋아요     부탁드립니다! ✔️ 알림설정: 라이브를 실시간으로 놓치지 않으려면 구독버튼 오른쪽에 종 ...	9661	3411	42
hg-K6wxI4fA	■ 이재명 대선후보 부평 문화의거리 즉석연설^^		9	5	0
XrfUuWm-2PY	김건희와 이재명의 다른 점		3615	942	47
6dHBdTxClWY	연기하고, PT하고…2030 &#39;눈길 좀 주세요&#39; / 연합뉴스TV (YonhapnewsTV)	연기하고, PT하고…2030 '눈길 좀 주세요' [앵커] 대선후보들이 변신을 거듭하고 있습니다. '어떻게 하면 좀 더 쉽게, 더 잘 공약을 알릴 ...	184	1	9
G733IuX223c	MBC 뒤로 이런 짓을? 이재명 큰일났다! 김건희 7시간 녹음 파일 대파문! 윤석열 경악! 박성제 사장 위기! (진성호의 융단폭격)		42482	10020	493
YrYlKDFXa28	이재명 부동산 재개발 정책2mp4#shorts	이재명 부동산 재개발 정책2mp4#shorts.	12	4	0
v1XhSThgZaA	이재명 대통령후보의 소확행공약 몰아보기 1탄	이재명#소확행공약#몰아보기 @후원링크 @투네이션: https://toon.at/donate/637651943728289128 @페이팔: ...	3	1	0
46evIYvmGlM	이재명플러스 칼럼리스트 - 백은종	"이재명플러스 #백은종 #칼럼 #리스트 ""오직 국민의 더나은 삶과 행복"" #앞으로 #제대로 #나를위해_이재명 #대한민국_대전환 ..."	89	41	3
XL36uJY4JoI	(생중계) 2022.1.15. 이재명 더불어민주당 후보 - 강원도 18개 시.군 번영회장 간담회	팩트TV 보도채널 추진 트레일러 방송 # 팩트TV플러스 제작비 후원 □후원신청(링크 클릭) : https://forms.gle/UwQ2Fggei8i1VSne7 ...	0	15	0
lavRjNtDowI	긴급! 이재명, 송영길에 이런 말을? 결국 큰 거 터졌네요! 유동규의 체포직전 통화자는 김혜경! 유동규가 제2의 통화자를 밝힐까	긴급! 이재명, 송영길에 이런 말을? 결국 큰 거 터졌네요! 유동규의 체포직전 통화자는 김혜경! 유동규가 제2의 통화자를 밝힐까.	17	4	0
AgauZ8CkQtw	대통령 이름 풀이	역대 대통령들의 이름과 2022 대선후보.안철수,윤석열,이재명,의 이름풀이. 대선을 앞둔 후보들의 관상은 ...	18	3	0
opUl5-Ki2MQ	그렇다고 이재명 찍을순 없죠.	그렇다고 이재명 찍을순 없죠. 그렇다고 범죄자를 찍는다고... This stream is created with #PRISMLiveStudio.	4	2	0
JjIlX7g5_Jc	군사 보호구역,이재명,자율주행 테마 브리핑(#코아스 #크라운해태홀딩스 #크라운제과 #하이로닉 #TS트릴리온 #메타렙스 #LG이노텍 #오디텍 #옵트론텍)	주식투자 #김실장 #테마주 現) 무쏘 TV 전문가 *새로운 패러다임의 투자방법으로 편안한 복리수익으로 계좌를 늘려 보세요 - 새로운 ...	73	10	0
tLmw8hYVXAM	[✍🏻사팔랩 브리핑]  MBC 측,  &#39;김건희 7시간 통화 녹취록&#39;  9개중 2개 약속, 윤석열, &#39;QR 미인증&#39;	정치인물분석 #사팔랩 #박대표 #정치인의운명 #더불어민주당 #이재명후보 #국민의힘 #윤석열 #인물심리분석 #윤석열안하무인 ...	0	76	0
1vgYUfn1wwg	성남일보 모동희 대표에게 듣는다. 지난 20년 성남에서 무슨 일이? 이재명 김혜경의 막말녹음 언제든 틀수 있다. 이병철의 죽음과 대장동 사건의 진실	영상 시청하시기 전에 구독과 좋아요     부탁드립니다! ✔️ 알림설정: 라이브를 실시간으로 놓치지 않으려면 구독버튼 오른쪽에 종 ...	0	0	0
4iLOjvDuvfA	이준석 '윤석열 후보가 바뀌고 있습니다'	이준석#윤석열#김건희#국민의힘#이재명#안철수 ubc뉴스(22.01.13)	40	9	0
_WLci2JepLk	이준석 '김건희 녹취록? 문제될 언급 있다면 스스로 우려 불식시켜야'	이준석#윤석열#김건희#국민의힘#이재명#안철수 ubc뉴스(22.01.13)	1296	148	23
8TWhaEApfsk	안철수 '행정입원 빈번했던 이재명 저격공약 발표' (배승희 민영삼 따따부따)		231	37	2
63SG8BEm1Ns	김건희 통화 공개? 이재명 욕설도 틀어라 (진중권)		3	0	1
H0ERsvzPa84	돈 그렇게 퍼주면.... 국민들의 대가는 뭔가요?	이재명, 윤석열 후보의 공약과는 근본부터 다른 33공약 허경영 대통령후보 후원회 후원하기: https://forms.gle/yhpthrxSHUdv4ef69 ...	2941	749	118
