ID	title	description	viewcount	likecount	commentcount
Jdst6mPoy3k	(시사점치/무편집)이재명.윤석열.안철수 주간대선운세흐름도	타로점 #윤석열 #이재명 #안철수 #대선 #국민의힘 #시사 #정치 #주역점 ⭐️필립법사 소개⭐️ 불교학과 졸업 불교학 석사 중국 ...	105	9	0
EzcjkAHPAUI	기후위기, 탄소중립 실현에 시대가 부른 지도자 #안철수 (탈원전 잘못됐다) #기후위기 #탄소중립 #탈원전 #미래세대		100	69	7
LaI1nhblDoE	탈원전 잘못됐다 #안철수 #국민의당 #탈원전		261	97	12
xxCJ_4uHGKw	안철수는 기분이 안 좋을 때 전자오락을 한다 (feat. 디아블로2)	원본 영상 링크 https://youtu.be/FAcB5ZfWIkk?t=1548 #안철수 #김미경교수 #전자오락 #디아블로2.	50	7	1
6dHBdTxClWY	연기하고, PT하고…2030 &#39;눈길 좀 주세요&#39; / 연합뉴스TV (YonhapnewsTV)	연기하고, PT하고…2030 '눈길 좀 주세요' [앵커] 대선후보들이 변신을 거듭하고 있습니다. '어떻게 하면 좀 더 쉽게, 더 잘 공약을 알릴 ...	184	1	9
Jn5kb6P1M4k	이재명 &#39;강원 매타버스&#39; vs 윤석열 &#39;PK 지지 확장&#39; / YTN	[앵커] 더불어민주당 이재명 대선 후보는 오늘, 강원도를 방문해 강원 지역을 바이오산업 메카로 만들겠다는 구상을 발표합니다.	5391	116	58
8TWhaEApfsk	안철수 '행정입원 빈번했던 이재명 저격공약 발표' (배승희 민영삼 따따부따)		231	37	2
mOsxkWJBkU8	[2022] 1월 3주차 B tv 주간종합뉴스	"인천뉴스 #btv뉴스 #SK브로드밴드 1월 3주차 B tv 주간종합뉴스 -이재명 “경인선·경인고속도로 지하화… 핵심은 실천” -""4차산업 혁명 ..."	24	1	0
msXlNeonoxs	[단독영상입수] 2022년 신년초의 북한의 군인들과 주민들의 영상을 준비했습니다.	보는내내 마음이 아팠습니다. 우리의 반쪽땅의 동포들이 아픕니다.고통받습니다. 언제면 저들을 구원해 낼수 있을까요?	398	103	13
RELAnut7yXI	(대예언) 안철수 대통령 된다 국민 아바타 촬스~~~	(대예언) 안철수 대통령 된다 국민 아바타 촬스~~~ #대예언 #안철수 #예언 #국민의당.	16	8	2
9GkNOu1omcQ	누가 박근혜에게 모든 짐을 지웠나? #윤석열의 주적은 아내 김건희 #표혈을 판 안철수 #성상납 의혹 이준석 경찰서 간다 #손혜원,여의도 떠난다 #홍준표,대구시장 출마!	윤창중칼럼세상은 보수우파의 집권이 목표입니다. 실현 가능한 해법과 방향을 분명히 제시합니다. 윤칼세를 도와주십시오. 윤칼세TV ...	15798	1892	42
AgauZ8CkQtw	대통령 이름 풀이	역대 대통령들의 이름과 2022 대선후보.안철수,윤석열,이재명,의 이름풀이. 대선을 앞둔 후보들의 관상은 ...	18	3	0
_WLci2JepLk	이준석 '김건희 녹취록? 문제될 언급 있다면 스스로 우려 불식시켜야'	이준석#윤석열#김건희#국민의힘#이재명#안철수 ubc뉴스(22.01.13)	1296	148	23
4iLOjvDuvfA	이준석 '윤석열 후보가 바뀌고 있습니다'	이준석#윤석열#김건희#국민의힘#이재명#안철수 ubc뉴스(22.01.13)	43	9	0
Gmz6anuJEWE	멀 해도 어색한 항구의 퇴근길 #shorts	윤석열 #윤석열지하철 #윤석열안철수.	72	30	1
mpbzCVqlJEM	나훈아테스형.테스형나훈아.오징어게임	shorts#moneygain#부자되는법#서민갑부#돈버는법#잘사는법#억대연봉#연봉1억#빌게이츠#이건희#나훈아#테스형#bts#부자되는 ...	4	1	1
yeqfaA4sq2I	김건희 7시간 무슨말?/지지율 어디가 맞나요?/대통령 이대로면 누가 될까?/안철수 상승세 주춤?/홍준표 대구시장출마설?어떻게 분석?/라이브방송	This stream is created with #PRISMLiveStudio.	857	82	3
1rc4kAKcopw	2022.01.15. 산업선교 전체 예배	2022.01.15. 산업선교 - 산업인의 237 복음화의 24 (창 14:14-20) 237과 제 1,2,3 RUTC 응답 24(2) 산업인의 237 복음화의 24 (창 ...	14	0	0
ItdeKhv3OBc	나훈아테스형.테스형나훈아.오징어게임	shorts#moneygain#부자되는법#서민갑부#돈버는법#잘사는법#억대연봉#연봉1억#빌게이츠#이건희#나훈아#테스형#bts#부자되는 ...	0	0	0
p36E-tMI1Ow	가면토론회 마라탕은 이준석 대표?	이준석 #가면토론마라탕 #준스톤 #윤석열 #김건희 #이재명 #안철수.	716	126	20
wWyZ6L3PQWA	긴급! 문재인이 조국을 싫어했는데? 김건희 방송금지 판결문 대파문! 놀라운 내용이! 윤석열,첫 입열었다!윤희숙 이수정,이판에 아주 충격적 발언문!	긴급! 문재인이 조국을 싫어했는데? 김건희 방송금지 판결문 대파문! 놀라운 내용이! 윤석열,첫 입열었다!윤희숙 이수정,이판에 아주 ...	27	2	0
XS0_yRwCd0w	'김건희 통화 가처분 결정문 유출로 가처분 결정 무력화. 강력 법적 대응할 것'. MBC, 김건희 통화 가처분 결정문 유출” 국민의힘 반발“출력자가 MBC 변호인,유출자 특정”	"긴급! ""김건희 통화 가처분 결정문 유출로 가처분 결정 무력화. 강력 법적 대응할 것"". MBC, 김건희 통화 가처분 결정문 유출” 국민의힘 ..."	16	2	1
_PLDCSo4RB4	폭풍흡입 한입만 주세요 5탄 비빔국수 모아모아 넣어주세요#잡초#	뿌린만큼 거두리라 칼로베인 상처는 쉽게 아물지만 말로베인 상처는 치유되지 않는다 서로 따뜻한말로 상처주지말아요 인생살이 ...	34	13	4
lvmgh6tZq-U	긴급! 판사가 머리 굴렸다...법원의 일부 인용 관련해 여러 반응들 전해드리겠습니다 감사합니다!	긴급! 판사가 머리 굴렸다...법원의 일부 인용 관련해 여러 반응들 전해드리겠습니다 감사합니다! #윤석열#김용민#내기대#윤희숙# ...	3	1	0
Knb6nEIYXzU	안철수 후보를 찍어야 하는 이유	안철수가답이다뉴스(안답뉴)는 시청자분들의 소중한 댓글로 제작되는 안철수 후보 순수 지지자운영채널입니다. 진정성있고 자유 ...	13	6	0
DjpRL6f0knk	안철수 후보를 찍어야 하는 이유 #shorts	안철수가답이다뉴스(안답뉴)는 시청자분들의 소중한 댓글로 제작되는 안철수 후보 순수 지지자운영채널입니다. 진정성있고 자유 ...	0	0	0
NdUtfZhyvbA	“안철수 대선 불출마 종용” 여야 공방 격화	2004-06-09.	0	0	0
9Cu3sQfmx9Y	안설희 박사 #Shorts	안설희 박사, UC 샌디에이고 챈슬러(수상)의 가장 뛰어난 박사후생 파이널리스트 (결승 진출자) , 2021(해석본) 출처 ...	23	7	0
6mv2WMb2Lrk	♤♠하이로닉♤♠ 이재명 탈모 관련주, 비절개모발이식, 대선후보 탈모관련	안녕하세요 여러분 수익실현 전문가 고지혜입니다. 오늘도 여러분들에게 확실한 계좌수익 안겨드리겠습니다. 세종메디칼 상한가 적중 ...	8	0	0
