ID	title	description	viewcount	likecount	commentcount
0kYmW6SwbXw	이재명 '강원 민심 공략' vs 윤석열 '서울 수복 전략' / YTN	[앵커] 더불어민주당 이재명 대선 후보는 오늘 강원도 방문 이틀째를 맞아 지역 공약을 발표하고 시민과의 소통에 나섰습니다. 1박 2일 ...	12528	434	282
5zioRzV_FEA	이재명 '금강산 재개·DMZ 관광 추진...남북철도 연결' / YTN	민주당 이재명 대선 후보는 금강산 관광 재개와 비무장지대 관광 추진, 남북 철도와 도로 연결을 골자로 하는 강원 지역 공약을 발표 ...	2398	96	151
yJrEf0QLAiU	[LIVE] 통일전망대 방문 및 강원지역 공약 발표 기자회견	이재명.	17984	5965	230
ft3GiREP2-c	[생중계] 이재명 후보, 통일전망대 방문 및 평화경제정책 발표 기자회견 (2022.01.16 오전)	[생중계] 이재명 후보, 통일전망대 방문 및 평화경제정책 발표 기자회견 (2022.01.16 오전) #이재명 #매타버스 #강원 #고성 #평화경제 ...	25702	0	173
JU19f5NhVjQ	이재명 정부, 미래로 나아갈 교육정책은?	새날마켓 바로가기 : https://www.saenalmarket.com 새날패밀리 구독하기 ...	6150	2273	16
ouSkeclwXgk	이재명과 김건희에 대한 법원 선관위의 판결이 이렇게 다르다니	이재명 파일과 김건희 녹취를 다루는 선관위 법원의 다른 잣대.	8861	1821	115
FwkiKj8jv8c	[현장연결] 이재명 '강원도, 그린뉴딜 메카로…금강산 관광 재개' / 연합뉴스TV (YonhapnewsTV)	"[현장연결] 이재명 ""강원도, 그린뉴딜 메카로…금강산 관광 재개"" 이틀째 강원 지역을 방문 중인 민주당 이재명 후보가 오늘(16일)은 ..."	290	10	3
_Jxaz0JUJ-g	(입장)#이재명 통일전망대 (실시간라이브 불가)	이재명.	3176	1140	63
wI_IP0r9I4c	분칠한다고 달라지지 않습니다	매타버스 #강원 #shorts.	2590	1074	48
CurJ2IF9Azo	(생방송)이재명 대통령후보  교회예배  속초조양감리교회  방문	이재명 #속초 #강원 #나를위해 #합니다.	5706	3033	0
I0ehd5upd2Q	[생방송] 이재명 후보, 통일전망대 방문 및 공약발표	[생방송] 이재명 후보, 통일전망대 방문 및 공약발표 #이재명 #나를위해 #강원도 #합니다 #고성 #통일정책 ✓일시후원: 국민은행 ...	15422	2320	44
BeGwgG8VC90	이재명의 &#39;자충수&#39;될 &#39;김건희 몰래 녹취 공개&#39;! &#39;프로&#39;들이 사라지자 &#39;돌팔이&#39;들이 설친 결과!	후원계좌 신한은행 304 04 253850 This stream is created with #PRISMLiveStudio.	4731	1572	18
7G8AH5pRI0k	매따버스시즌2, 이재명 후보,고성,통일,전망대	통일전망대에서 강원도의 비젼 역설 앞으로 제대로나를위해 이재명 #이재명 #매타버스 #통일전망대.	963	309	16
4Cr2GvuP_u8	이재명 '강원평화특별자치도'…&#39;야권 갈등조장&#39; 비판 / 연합뉴스TV (YonhapnewsTV)	"이재명 ""강원평화특별자치도""…'야권 갈등조장' 비판 [앵커] 더불어민주당 이재명 대선 후보가 매주 타는 민생버스, 매타버스를 재개 ..."	328	7	1
9kvh1xLOIes	이재명 강원, 윤석열 부울경…주말 지역 표심잡기 / 연합뉴스TV (YonhapnewsTV)	이재명 강원, 윤석열 부울경…주말 지역 표심잡기 [앵커] 이번 주말 더불어민주당 이재명, 국민의힘 윤석열 대선 후보는 각각 강원과 ...	143	0	1
w2LGtofeqSs	점쟁이에게 묻지 않고도 알아야 합니다	매타버스 #강원 #shorts.	3092	1329	69
tMQ9yrysIj8	이재명박카스.#shorts지치고 힘들때 자양강장제영상	강원도,고성 통일전망대 #shorts #이재명.	220	98	4
ZRPMsj8VHhA	통일전망대 방문한 이재명, 여기서도 지지자 인파가?!	이재명 #통일 #통일전망대 #대선 #대선승리 ✓일시후원: 국민은행 794001-04-154041 서울의소리(강경자) ✓전화후원: 1877-1590 ...	3558	771	34
NanKhvfblN0	12시 뉴스｜1/16(일) -  붕괴 현장 엿새째 수색…해체용 크레인 조립 外 / SBS	"붕괴 현장 엿새째 수색…해체용 크레인 조립 ▷위중증 사흘째 600명대…신규확진 닷새째 4천명대 ▷이재명 ""강원 평화특별자치도""…"	2693	48	0
Cs74ut9Jmho	더불어민주당 대통령 이재명 후보/  속초조양감리교회 주일예배현장	세계타임즈TV.	66	13	0
kdXmy9KvE_c	뉴스브리핑-이재명VS윤석열 새얼아침대화에서 맞수한판	새얼아침대화#이재명#윤석열 이재명VS윤석열 새얼아침대화에서 맞수한판 진행 성기철 패널 홍순목 해설위원.	35	4	1
uuPjXdUtRWs	軍 미필 이재명 '군대도 안 갔다 온 인간들이 멸공·선제공격·북진통일 주장'	이메일 : newsdot724@naver.com(사연/칼럼/뉴스제보-url 첨부) 멤버십 ...	6080	1580	303
HGxG5U7u99k	매따버스시즌2 '통일전망대' #나를위해이재명		666	291	15
rzvH8sO3Cqs	이재명이떴다! 통일전망대 방문및 강원도 공약발표!	이재명 은 합니다 자발적 시청료 후원 계좌 안내 : 농협 150030-52-139080 진정화 바른소리TV 멤버십 가입하기 ...	384	210	7
pfztaOb-CjU	'우분투 정신으로, 이재명 후보와 함께하자!' 서울의소리 인터뷰ㅣ서영교 민주당 선대위 총괄상황실장	서영교 #이재명 #민주당 서영교 민주당 선대위 총괄상황실장(국회 행정안전위원장, 서울 중랑구갑)이 지난 12일 서울의소리와 인터뷰 ...	4	2	0
9HriP2L8wa4	[여론조사 언박싱] 윤석열 39.2%, 이재명 36.9%, 안철수 12.2%, 심상정 3.0%	윤석열 #이재명 #안철수 [조사개요] -의뢰 기관: YTN -조사 기관: (주)리얼미터 -조사지역, 대상 및 크기: 전국 만 18세 이상 남녀 1011명 ...	636	63	23
-IG_ka5Qo2U	(생중계) 2022.1.16. 이재명 후보 - [매타버스]‘걸어서 민심 속으로’ 강릉 중앙성남전통시장 방문	팩트TV 보도채널 추진 트레일러 방송 # 팩트TV플러스 제작비 후원 □후원신청(링크 클릭) : https://forms.gle/UwQ2Fggei8i1VSne7 ...	0	91	0
kv2t7THOz0A	이재명 지지하는 이유.사진 찍는 자세.		546	214	3
pjRweW1dRNc	정왕룡의 이재명 브리핑 - 윤석열, 총이라도 만져봤나?	김포대두 정왕룡의 이재명 브리핑 - 정치시사, 일상생활, 여행등 소재에 국한없이 다양한 일상사를 함께 나누는 장입니다.	28	7	0
QF18BfjUQTM	[이재명상의시간]3편, 다시 민주주의, 그리고 김근태..		6	1	1
W6vl5NqtkOA	꼬리에 꼬리 무는 대선 후보 공약…어디가 닮았나 / 연합뉴스TV (YonhapnewsTV)	꼬리에 꼬리 무는 대선 후보 공약…어디가 닮았나 [앵커] 대선이 다가오면서 각종 공약이 앞다퉈 쏟아지고 있는데요. 후보들 사이 ...	190	3	0
TXQf528Yr4E	이재명 대선후보님의 강원공약		168	55	2
sOPO2Y192eI	이재명 조폭 연루설?		126	16	14
Pc8YnPaRIDA	이재명 후보  고성통일전망대  방문		42	20	0
h6RfBUXpZjE	문빠들, 윤석열 지지선언!... 이재명-조국 멘붕!! [주말LIVE]	구독, 좋아요는 손상대TV의 힘입니다!	52150	12196	254
XBl0VmJ41Y8	긴급! 이재명 충격녹음 나왔다! 윤석열 '변호사들이 이재명에게서 많은 돈을 받았다는 충격적인 증거!' 이재명에 900억 상납? PK 지금 난리났다! 문재인 이재명 충격!	"긴급! 이재명 충격녹음 나왔다! 윤석열 ""변호사들이 이재명에게서 많은 돈을 받았다는 충격적인 증거!"" 이재명에 900억 상납? PK 지금 ..."	384	60	1
A2yc5vprT0g	이재명의합니다 소확행공약39  #국민연금 #노령연금 #박기수브리핑	국민과 함께 소소하지만 확실하게 동행하겠습니다 이재명의합니다 소확행 공약39 일하는 어르신의 국민연금! 깎지 않고 제대로 돌려 ...	2	0	0
qIqdwLuBmMI	후보교체 막기위해 민주당, 이재명 지지자들 윤석열 지지해준다! #shorts	국민의힘 윤석열 후보교체 막기위한 이재명 지지자들의 움직임!	246	55	10
3_KwVXSE1N8	[이재명후보공약]몰래카메라, 변형카메라 불법촬영 STOP!	변형카메라 #불법카메라 #몰카 더 진일보한 진짜일꾼 경기도의원 김진일이 전하는 다양한 이야기 퀄리티가 시나브로 깨알같이 ...	4	0	0
YTafgSYLsnU	이재명 윤석열		3	0	0
5YmsNFUqz8A	조양교회 주일예배 이재명후보 참석 특별생방송		8	0	0
if9i-49NC38	이재명 후보 고성통일전망대 에서  지지분들과  단체사진		9	6	0
LBuUxw9h0RE	통일 전망대 방문 및 강원지역 공약 발표 기자회견#이재명#강원도#통일전망대	통일 전망대 방문 및 강원지역 공약 발표 기자회견#이재명#강원도#통일전망대.	26	9	4
DDjvL0KMfew	최근 윤석열 후보 지지율 반등요인! 문재인 이재명의 노력 #shorts	윤석열 지지율 상승요인 후보교체 막는 움직임.	212	44	7
Xh7OaLapdUE	이재명 닮아가는 안철수 영상	사회보험 문제를 해결하고 할 일입니다.	1	0	0
sWRH2YmI-n8	이재명 닮아가는 윤석열 영상	사회보험 문제를 해결한 다음에 할 일입니다.	1	0	0
f5JIjLGhgDw	이재명 형수 욕설 욕설 원본	이동영상은 중앙선거관리위원회에서 편집없이 녹음파일 원본을 유포하는 것만으로는 공직선거법상 후보자 비방죄에 위반된다고 ...	10	2	0
zuf3fQRqYB0	[LIVE] 이재명 후보 - ‘걸어서 민심 속으로’ 강릉 중앙성남전통시장 방문 생중계		0	179	0
sFDLq6ZtPnU	'이준석은 젊은 꼰대'	"""이준석은 젊은 꼰대"" #전원책 #이준석 #젊은꼰대."	4202	875	57
1mtxPZgj_rc	추미애 배종태기자의 무뇌는 개만도 못한 이재명사기꾼을 옹호하는 자도 정신병환자~방송출연을 금지하라!		0	0	0
