ID	title	description	viewcount	likecount	commentcount
LUKIyikP7Zw	[최고의 5분] 유권자가 본 이재명-윤석열의 이미지는? MBN 220117 방송	판도라 257회 최고의 5분 [이재명-윤석열 이미지] #판도라 #이재명 #윤석열 #MBN ☞ MBN Entertainment 구독하기 ...	468	27	6
abtraesjwIw	이재명 32.9% 윤석열 31.6%…단일화 적합도 안철수 50.8% (자막있슈) / SBS	민주당 이재명 후보와 국민의힘 윤석열 후보가 오차 범위 안에서 다시 접전을 벌이는 것으로 나타났습니다. 민주당 이재명 32.9% ...	2133	40	71
JX-uEiBdYWU	대선 D-50...이재명 &#39;정책 행보&#39;·윤석열 &#39;현장 스킨십&#39; / YTN	[앵커] 오는 3월 9일 대선이 오늘(18일)로 50일 앞으로 다가왔습니다. 박빙 구도 속 주자들의 행보도 분주한데요. 더불어민주당 이재명 ...	1902	19	58
xiacsGPkKNc	[윤석열, 사회복지사협회 간담회] 1월 18일 (화) 풀영상 / 디지털 only	국민의힘 윤석열 대선 후보는 18일 사회복지사협회를 방문해 간담회를 연다. 윤 후보는 이날 오전 서울 영등포구에 있는 사회복지사 ...	1022	9	19
eMHXLkn-rIc	[풀영상] 국민의힘 윤석열 후보, 사회복지사협회 간담회/1월 18일	국민의힘 윤석열 대선 후보가 사회복지사들을 만나 간담회를 가졌습니다. 윤 후보는 오늘(18일) 오전 사회복지사협회를 방문해 사회 ...	2703	79	10
kEVGAZ0xAH8	국민의힘 윤석열, 사회복지사 간담회 - [끝까지 LIVE] MBC 중계방송 2022년 01월 18일	국민의힘 윤석열 대선후보는 오늘 오전 사회복지사 협회를 찾아 사회복지사들의 고충을 청취합니다. * 본 LIVE 방송은 간담회가 끝날 ...	3070	57	41
ALdx42ODYDs	김건희 ‘7시간 통화 폭로’와 무속인 논란 그리고 이재명-윤석열 ‘지지율 역전’의 아이러니 [예언해줌]	김건희 '7시간 통화 폭로'와 무속인 논란 그리고 이재명-윤석열 '지지율 역전'의 아이러니 ▷한겨레TV 온라인 쇼핑몰 마켓하니 ...	3822	328	0
gQMO5n4d1e8	윤석열 “아내 통화, 많은 분께 심려 끼쳐 죄송” | 김진의 돌직구 쇼 913 회	윤석열 “아내 통화, 많은 분께 심려 끼쳐 죄송” | 김진의 돌직구 쇼 913 회 윤석열 ＂많은 분께 심려 끼쳐 죄송…아내가 정치권 누굴 알아 ...	807	129	27
_KfGAbhlRiw	[천기누설] 119화 - 윤석열 &#39;건진법사&#39; 셀프인증?!｜‘김건희 7시간 통화’가 핵폭탄이 아니라고 착각 or 애써 주장하는 당신에게 (김종배 &amp; 박지훈)	2022년 01월 18일 [천기누설] 멋털도사 김종배와 얼쑤무당 박지훈이 풀어놓는 놀라운 이슈분석! 매주 화, 목요일 오전 8시 30분에 ...	34482	4454	372
CRCnfnvY7jY	윤석열 부부와 친한 무속인이 선대본부 실세라는 의혹이 일자 결국 네트워크본부 해체한 국민의힘..[1분이슈]	윤석열#무속인#국민의힘 최근 국민의힘 윤석열 대선 후보 부부와 친분이 있다고 알려진 '건진법사'로 유명한 무속인 '전아무개'씨가 ...	894	19	17
HjFMu_iy3Ok	윤석열 대선후보 방문		56	5	0
sN8JGkVfdpA	＂무속인이 캠프 활동＂ 논란 국민의힘 ＂사실 아냐＂ [이슈픽]	여기에 윤석열 후보 캠프에 무속인 논란도 불거졌습니다. 한 무속인이 캠프에서 활동하며 영향력을 행사하고 있다는 의혹 보도가 나온 ...	1689	64	25
z0XAmXfzDLg	스님인줄 알았다? 무속인 건진법사, 윤석열 캠프 실세 논란ㅣ김어준의 뉴스공장_류밀희의 이알뉴(20220118)	1월 18일(월) 김어준의 뉴스공장 [이 정도는 알아야 할 아침 뉴스] - 류밀희 기자 (TBS) 02:34 코로나19 주요 뉴스 04:17 아부다비 공항 ...	65	13	5
rWpVcQnWWdU	이재명 '간호사 처우 개선·군인 통신비 지원'…윤석열, 불심공략	대선관련 소식 전해드립니다. 대선이 50일 앞으로 다가운 가운데 이재명 후보는 어제 청년 간호사들을 만나 처우 개선등을 약속하고 ...	735	24	10
2fT9ovddu3c	어설픈 윤석열 &#39;네트워크본부&#39; 해산쇼, 속보 떴다ㄷㄷ 민주당 '무속인 말 듣고 신천지 압수수색 영장 거부했나' - 다급한 이준석 대표 옹색한 물타기 시도.. 준비된 이재명 근황	윤석열건진법사무속인논란 #윤석열김건희녹취록대응 #이준석옹색한물타기시도 #준비된이재명후보 ▣ 황희두 멤버십 후원 ...	28600	15762	786
amXWYyoLHeY	[뉴스포커스] 윤석열 선대위 &#39;무속인 논란&#39;…한자리 모인 여야 대선후보 3인 / 연합뉴스TV (YonhapnewsTV)	[뉴스포커스] 윤석열 선대위 '무속인 논란'…한자리 모인 여야 대선후보 3인 [출연 : 최민희 더불어민주당 선대위 미디어특보단장· ...	107	2	1
XokSIDAnkUU	윤석열 거짓말 들통..윤호중 십자포화 '김건희가 정치 싫어한다고? 선거농단•수사농단 최순실급..무당이 윤핵관, 김건희는 왕윤핵관'	2022년 1월 18일 국회에서 더불어민주당 원내대책회의가 진행되었다. #팩트TV 보도채널 추진 트레일러 방송 #팩트TV플러스 제작비 ...	180	99	2
GEFaKk48Sos	윤석열의 극약처방/ 대선 50일 앞두고...ㄷㄷㄷㄷㄷ		47	11	2
2lkJhJCUcKc	이재명, 일자리 공약…윤석열, 사회복지사 간담회 / 연합뉴스TV (YonhapnewsTV)	이재명, 일자리 공약…윤석열, 사회복지사 간담회 [앵커] 대선 레이스 상황 알아보겠습니다. 더불어민주당 이재명 후보는 오늘(18일) ...	116	2	1
8edOwwkGV3Q	다자 대결은 윤석열 42.5%·이재명 37.1%·안철수 10.2%. 윤석열 20대 지지율 역대 최고 51.2%	단일화시 윤석열 53.9% 이재명 29.4% 심상정3.2%	4072	883	48
up6ZvIjEVc4	윤석열후보,, 무속인 이제 그만 좀 합시다 #shorts	shorts #이재명 #윤석열 #왕 #무속인 #굿 #사이비 #건진법사 #뭘건져.	479	110	7
VdyBHfoSnUY	윤석열, 사회복지사 만나 '미래 전망 좋은 직업으로 만들 것'	윤석열 국민의힘 대선 후보가 18일 서울 영등포구 사회복지사협회 간담회에서 발언을 하고 있다.	5	0	0
9tHqg1IQaH4	윤석열은 아무런 생각이 없다! #Shorts		91	0	0
Q31EOIz3ea4	군인아저씨~ 감사합니다!👍👍💖💖		2556	917	98
5XBGXLoNHAs	[현장영상] 국민의힘, 네트워크본부 해산…영화 &#39;아수라&#39; 언급하며 이재명 저격도 / JTBC News	"국민의힘 선거대책본부가 최근 무속인 참여 논란이 벌어진 선대본부 산하 네트워크본부를 해산했습니다. 권영세 선대본부장은 ""후보 ..."	1653	29	67
qrIZEYRbDAY	[풀영상] 윤석열 '복지는 현장이다' 사회복지사협회 방문 간담회 참석 (22.01.18)	"윤석열 #국민의힘 #사회복지사 #간담회 #대선 #대권 [풀영상] 윤석열 ""복지는 현장이다"" 사회복지사협회 방문 간담회 참석 (22.01.18) ..."	2610	543	16
jssDQfJE7HE	윤석열 후보에게~~ MBC스트레이트 보셨어요?~~~~		155	75	11
ee6QWinOyxI	윤석열후보! 복지는 현장이다!! 사회복지사협회 방문~!	This stream is created with #PRISMLiveStudio.	2311	754	9
UN1_EMhEnLc	태영호 '북한 선제타격 발언 등 윤석열 발언에 딴지?...이게 당연한 것 아닌가?'	태영호 #북한 #미사일 #국민의힘 #윤석열 #이재명 #청와대 #박수현 국민의힘 태영호 의원이 22년 1월 18일 열린 원내대책회의에서 ...	926	152	11
OzQGkcFNzRM	심상정 '윤석열도 안희정 편? 尹 분명하게 사과하라'	라이브 방송 안내 뉴스쇼 라이브 방송 | 매주 월~금 오전 7시20분~9시 댓꿀쇼 라이브 방송 | 뉴스쇼 본방송 끝나자마자 이어서 오전 9시 ...	2362	123	55
3PjotA5u4Ks	김기현 'MBC 김건희 방송 2탄? 3탄 이재명· 4탄 김혜경 욕설 틀어야'	라이브 방송 안내 뉴스쇼 라이브 방송 | 매주 월~금 오전 7시20분~9시 댓꿀쇼 라이브 방송 | 뉴스쇼 본방송 끝나자마자 이어서 오전 9시 ...	2584	123	71
4A1XmZdBLkY	윤석열 대통령 후보 사회복지사 방문	This stream is created with #PRISMLiveStudio.	1744	620	0
vYrYHuD_Z0Q	저기... 공작이 나타난다!	윤석열 #김건희 #김어준 #이재명.	22537	7188	355
tuc-mbCwdGA	속보! 조민 교육청 결정 드디어 나왔다! 조민입학취소 절차돌입! 이재명 장남 고려대 입시비리 의혹! 이재명이 무서워 기절! 윤석열, 이번 사건 조사하겠다고 밝혔다!	공정과 정의가 살아야 한다 #조민 #윤석열 #이재명.	368	29	2
iEpsGy2SyaA	&#39;안희정 성폭력 피해&#39; 김지은, 김건희에 사과 요구 [굿모닝 MBN]	안희정 전 충남지사의 성폭력 사건 피해자인 김지은 씨가 국민의힘 윤석열 대선후보의 배우자인 김건희 씨의 발언에 대해 사과를 요구 ...	540	15	8
dlVeOyM3KOc	‘건진법사’가 윤 캠프 실세?…尹 “참 황당한 얘기” | 김진의 돌직구 쇼 913 회	'건진법사'가 윤 캠프 실세?…尹 “참 황당한 얘기” | 김진의 돌직구 쇼 913 회 尹, 王 이어 건진법사까지 또 '무속 구설'…국민의힘 ＂사실 ...	755	15	11
JDPEcxGPsaU	윤석열 후보 하루를 마감하면서.ᆢ.#윤석열 #국민의힘 #김건희 #계란말이		3	1	0
qABBp8Ch1Ag	긴급! 윤석열, 조선 중앙 데일리안 모두 1위 휩쓸었다! 안철수 몰락! 꿔준 표 회수? 이재명 6%P↓ 대폭락! (진성호의 직설)		52113	13426	791
SFI75iasVCU	단일화 한다면?…尹-安, 경쟁력이냐 적합도냐 | 김진의 돌직구 쇼 913 회	단일화 한다면?…尹-安, 경쟁력이냐 적합도냐 | 김진의 돌직구 쇼 913 회 '尹 단일화 경우' 이재명 37.0% 윤석열 45.2% [리얼미터] '安 ...	329	15	4
-C-2CyX0bi4	'동의없는 녹음 불법'이라던 조국 '김건희 통화 원본 섬찟'	중앙일보 구독하기 https://www.youtube.com/c/JoongAngIlbo?sub_confirmation=1 국민의힘 윤석열 후보의 배우자 김건희씨의 '7 ...	647	46	10
ZXB_khfbKPw	내로남불 이준석 #윤석열 #김건희 #후보교체 #후보사퇴 #shorts	후보교체 안하면 없어져야 할 국힘당.	4	1	0
tulPxp_PsBg	윤석열, 오는 27일 잡들이 준비 완료! 국힘, 무속인 네거티브에 코웃음! 김건희, 엄청난 인기에 행복한 비명!!	정의구현 멤버십 가입 : https://www.youtube.com/channel/UCUNwNXVrWAHQpc8gPp1c6kw/join 자발적 구독료 : KB국민은행 ...	0	47	0
NAgoLcuoFQM	황교익 김요한...윤석열, 무속인 네트워크 본부 전격 해산.그러면 뭐하나?몰래 긴밀히 연락을 취할 거면서.청와대 들어가면 다시 불러들일 거면서.검사 출신이 다급하니까 증거 인멸이나	김건희-윤석열은 무속신앙인입니다. 자신들의 캠프에까지 무속인을 들일 정도이면 그들의 삶 자체가 무속인의 것이라고 추측할 수 ...	456	139	14
QRZP7R-qAQE	녹취록 방송 거센 역풍! 선거 전면지원은 찬반 엇갈려 2022.1.18 오전8시	김건희씨가 각종 의혹 털고 인기속에 윤석열후보를 전면에 나서 지원하는 방안과 효과 정밀 분석 #윤석열#이준석#이재명#김혜경.	5909	2545	192
k-B1kcS9wFk	윤석열,대구시 선대위 출범식...임명장 누가 받나보니 2021.12.30	윤석열,대구시 선대위 출범식...임명장 누가 받나보니 2021.12.30.	83	3	0
MsXt2t5Spfs	박근혜를 파국으로 밀어넣은 21人#김건희의 실체적 진실 또 터졌다#넋빠진 보수들,김건희 승리!#北 피살 공무원 유족의 절규 1년4개월#윤석열 안철수 누가 청와대?#홍카콜라 김 샜다	윤창중칼럼세상은 보수우파의 집권이 목표입니다. 실현 가능한 해법과 방향을 분명히 제시합니다. 윤칼세를 도와주십시오. 윤칼세TV ...	6535	1243	50
_W-cq3lqdXc	요동치는 20대 지지율…출렁이는 민심 | 김진의 돌직구 쇼 913 회	요동치는 20대 지지율…출렁이는 민심 | 김진의 돌직구 쇼 913 회 이재명 36.7% 윤석열 40.6% 심상정 2.0% 안철수 12.9% [리얼미터] ...	863	49	16
GaVzgiZHXy8	윤석열 국민의힘 대통령후보,불교리더스포럼 제5기 출범식 참석.22.01.17	윤석열 #정권교체 #불교리더스포럼5기.	139	9	1
C4HllwfUOeE	신문브리핑 3 '미투 비하·무속 그림자…김건희 리스크 &#39;여진&#39;은 남았다' 상황 지휘도' 외 주요기사 [아침&amp;매일경제]	"(매경)신문브리핑 3 ""미투 비하·무속 그림자…김건희 리스크 '여진'은 남았다"" 상황 지휘도"" 외 주요기사(0118) #아침앤매일경제 #신문 ..."	1206	24	6
uZxW28GI0zg	윤석열은 태블릿PC가 누구 것인지 아는가 ? (2022. 1. 18)	김경재 후원회 농협 352 - 1924 - 7661 - 93 예금주 : 김영숙 (회계) 윤석열은 태블릿PC가 누구 것인지 아는가 ? (2022. 1. 18) #이상로 ...	404	156	13
