ID	title	description	viewcount	likecount	commentcount
4ML_PtSk5qY	[윤석열, 가상자산 공약 발표] 1월 19일 (수) 풀영상 / 디지털Only	오늘 (19일) 윤석열 국민의힘 대선 후보가 가상자산 관련 정책 공약을 발표합니다. 윤 후보는 이날 오전 여의도 당사에서 '가상자산 ...	1549	31	20
d8NuA2EHy3o	윤석열 '가상자산 개미투자자 안심투자' 공약 발표 / SBS	SBS뉴스 #8뉴스 #실시간 #윤석열 #국민의힘 #가상자산 #개미투자자 로 만나 보세요 라이브 뉴스 채널 SBS 모바일24 ▷SBS 뉴스로 ...	2216	94	26
xjBzTLqfSAg	국민의힘 윤석열, 가상자산 정책공약 발표 - [끝까지 LIVE] MBC 중계방송 2022년 01월 19일	윤석열 국민의힘 대선후보는 오늘 오전 서울 여의도 국민의힘 당사에서 '가상자산 개미투자자 안심투자' 정책 공약을 발표합니다.	1641	43	33
KJhviPHCKlQ	[윤석열 장애인 관련 정책공약 발표] 1월 19일 (수) 풀영상 / 디지털Only	"""장애와 비장애의 경계없는 나라"" 윤석열 국민의힘 대선후보, 장애인 관련 정책공약 발표 #JTBC뉴스 #윤석열 #장애인정책공약 ..."	553	7	12
qKN3gN1Q_d4	이재명·윤석열 가상자산 정책 대결...표심 수습 고심 / YTN	이재명, 가상자산 4대 거래소 대표와 간담회 민주당·국민의힘, 양자 TV토론 날짜 재협상 심상정, 보건의료노동자 간담회…최태원과 ...	1099	19	9
hOihVtLdooI	이재명·윤석열 가상자산 정책 대결...표심 수습 고심 / YTN	[앵커] 대선을 40여 일 앞두고 여야 대선주자들의 정책 행보도 빨라지고 있습니다. 민주당 이재명, 국민의힘 윤석열 후보는 나란히 가상 ...	2469	32	29
BRxWmZ6202Q	이재명 '일자리 창출'…윤석열 '호남에 손편지' / SBS	민주당 이재명 대선 후보가 300만 개 이상의 일자리 공약을 내걸며 경제 대통령 이미지 부각에 힘을 쏟았습니다. 국민의힘 윤석열 대선 ...	702	16	19
KaWCFpcsHIE	국민의힘 윤석열, &#39;장애와 비장애의 경계가 없는 나라&#39; 장애인 관련 정책공약 발표 - [끝까지 LIVE] MBC 중계방송 2022년 01월 19일	국민의힘 윤석열, '노후가 행복한 대한민국, 어르신의 목소리를 청취하다' 어르신 공약 발표 * 본 LIVE 방송은 공약 발표가 끝날 때까지 ...	392	8	18
xnTkOWFsxK4	무속인 말 때문에 압색 영장 두번씩이나 반려한 윤석열. 검찰에 고발한 민주당	민주당은 윤석열 검찰총장이 압수수색 영장을 두 번이나 반려한 것이 건진법사의 조언 때문이라는 언론보도와 관련해 사실 확인을 ...	7329	1464	123
VwgezQKYR60	[풀영상] 국민의힘 윤석열 후보, 가상자산 공약 발표/1월 19일	국민의힘 윤석열 대선 후보는 오늘(19일) 가상자산 관련 공약을 발표했습니다. 윤 후보는 가상자산에 안심하고 투자할 수 있는 환경을 ...	1079	24	10
QR08bPtIxIc	이재명-윤석열, 양자 TV토론 ‘기싸움’ 치열 | 김진의 돌직구 쇼 914 회	이재명-윤석열, 양자 TV토론 '기싸움' 치열 | 김진의 돌직구 쇼 914 회 李·尹, 설 직전 첫 양자 TV토론 '막판 밀당' 민주 ＂李-尹 27일 TV ...	406	19	2
8rgZMuv_Cgg	[현장영상] 윤석열, 코인러 표심 저격 '가상자산 투자 수익 5000만원까지 비과세' / JTBC News	JTBC유튜브 구독하기 (https://bit.ly/2hYgWZg) ☞JTBC유튜브 커뮤니티 (https://bit.ly/2LZIwke) #JTBC뉴스 공식 페이지 (홈페이지) ...	735	13	23
KdNclLsU3RM	VAPC0217윤석열&amp;이재명! 양자 tv 토론 승자는 과연 누가될까 ??	윤석열 후보&이재명 후보간 tv 토론 승자는 과연 누가될까에 대한 영상!	543	110	17
SLUObWmo4Uw	[대선 야간열차] 추미애의 경고 '김건희가 윤석열 머리 꽉 잡고 있다'	오마이TV 2022대선 '야간열차' 첫 방송에 출연한 추미애 전 법무부 장관이 최근 '김건희 통화 녹취 보도'와 관련한 자신의 생각 그리고 ...	32296	5976	512
7QMG67B9zig	&#39;무속인 논란&#39; 국민의힘·윤석열 해명은? (2022.01.18/뉴스프리데스크/MBC)	'무속인 논란' 국민의힘·윤석열 해명은? (2022.01.18/뉴스프리데스크/MBC) #뉴스프리데스크 #mbc뉴스 #무속인논란 #윤석열 #해명.	964	77	14
TXMVlFRbwas	[생중계] 윤석열 후보, '가상자산 개미투자자 안심투자' 정책공약 발표 (2022.1.19 오전)	"[생중계] 윤석열 후보, ""가상자산 개미투자자 안심투자"" 정책공약 발표 (2022.1.19 오전) #윤석열 #가상자산 #정책공약 #국민의힘 ..."	3635	0	110
VvqmEGcQAvs	김건희 미투발언 향후 파장은? | 윤석열 QR코드 패싱논란 | 안철수 '안일화' 선언 [퀴즈탐험! 시사의 세계 16화]	퀴즈도 풀고! 치킨도 먹고~~~ 시사이슈들이 한가득! 오늘은 특별 진행자가 나온다고 하네요! 막강 시사 바보들이 펼치는 씐나는 시사 ...	54540	4946	75
uh8awffQJoU	'체력은 국력이다' 윤석열 대통령 후보, 실내체육시설 현장 방문 간담회		5594	2843	212
xrxNIfZRq2A	윤석열 급상승 44%-이재명 정체 35%,안철수는 하락 9%대 2022.1.19 오전10시	양자토론회 둘러싼 신경전의 배경 분석,김건희 방송에도 윤석열 지지율 급등 #이준석#김혜경#심상정#후보단일화#후보토론회.	3761	1048	46
miEezdm6BAg	등하원도우미 소득공제 추진하겠습니다 #윤석열 #shorts #59초공약짤	윤석열 #shorts #59초공약짤.	7639	2856	157
o8243mNOwKw	김건희 녹취록 방송이후 윤석열 지지율 급상승. 20대의 지지율은 폭발적.김건희 리스크 해소	윤석열 44.4%, 이재명 35.8%…20대 지지율 '더블스코어' 김건희 녹취록 영향. 뉴스핌.	22097	9129	449
vY3yHSucxgA	산후 우울증 진료 지원, 확대 시키겠습니다 #윤석열 #shorts #59초공약짤	윤석열 #shorts #59초공약짤.	6020	2227	127
lKFm_gvYMqw	심각한 김건희 &#39;비선 논란&#39; 또 터졌다ㄷㄷ 중앙일보 '윤석열 무속 고리 못 끊으면 지도자 자격 없어' - 곽상도 폭탄 보도, 선넘은 국민의힘 근황.. 네티즌 '이재명 입장 이해'	김건희비선실세최순실시즌2 #윤석열무속인논란확산 #곽상도정영학녹취록 #이재명녹취록공개역풍조짐 ▣ 황희두 멤버십 후원 ...	33549	18288	764
7t098LJKdg0	[윤석열과강신업] D-49 욕설·막말 160분 국민패륜아 이재명/대한민국 최고의 고품격 정통 정치시사 방송!	윤석열 #이재명 #김혜경.	584	347	13
M0cMprl7RMU	'굿힘당' '주술의힘'... 민주당, 윤석열 &#39;무속 논란&#39; 비판ㅣ김어준의 뉴스공장_류밀희의 이알뉴(20220119)	1월 19일(수) 김어준의 뉴스공장 [이 정도는 알아야 할 아침 뉴스] - 류밀희 기자 (TBS) 01:59 코로나19 주요 뉴스 02:45 이재명, 일자리 ...	28	10	0
hfzLlJ-tAHs	[풀영상 다시보기]윤석열, “코인 수익 5천만원까지 완전 비과세”	윤석열 #가상자산 #안전투자 #개미투자 [풀영상 다시보기-윤석열, “코인 수익 5천만원까지 완전 비과세”] 국민의힘 윤석열 대선 후보는 ...	374	28	12
w5VEivrpPf4	윤석열, 지지율 대박났다! 이게 바로 김건희 효과? 이재명 압도하고 안철수 제압! 야권 단일화 尹 중심으로 간다! 민주 충격! 이재명 '....'	정의구현 멤버십 가입 : https://www.youtube.com/channel/UCUNwNXVrWAHQpc8gPp1c6kw/join 자발적 구독료 : KB국민은행 ...	19429	6772	220
2WHO_R8eQww	변발헤-이재명 경제 행보/윤석열 헛소리/세계적 김건희	멤버쉽 링크 - https://www.youtube.com/channel/UCkI2g2FvX-haxXqqDMqc96A/join 송작가TV몰 링크 ...	4772	2061	23
4SynXporhTg	민주당, &#39;무속인 논란&#39;엔 적극 공세‥속내는? (2022.01.18/뉴스프리데스크/MBC)	민주당, '무속인 논란'엔 적극 공세‥속내는? (2022.01.18/뉴스프리데스크/MBC) #뉴스프리데스크 #무속인 #윤석열 #민주당.	259	18	2
M8direUQtYM	긴급! 윤석열 48.9% 압도적 1위! 안철수 대폭락! 김건희 MBC 방송 후 윤석열, 이재명 오차범위 밖 승리! (진성호의 직설)		6824	1243	23
AlYfCSIcJeI	윤석열 ㅡ이상한 믿음에~ 으으윽!		294	23	3
5xD9UJGTTsA	윤석열, 가상자산 공약 발표 '국내 IOC 허용…신개념 디지털자산시장 육성'	윤석열 국민의힘 대선 후보가 19일 오전 서울 여의도 당사에서 가상자산 개미투자자 안심투자 정책 공약을 발표하고 있다.	8	0	0
sq4-2LCKpQc	윤석열 캠프 의원, 건진법사 재단에 1억?	방송 : CBS 라디오 '김현정의 뉴스쇼' FM 98.1 (07:20~09:00) □ 진행 : 김현정 앵커 □ 대담 : 김광일 (CBS 기자), 김준일 (뉴스톱 대표) ...	1518	56	5
N27rO8f-Ons	[홍순목TV] 이재명 윤석열 인천시 GTX 공약 비교	윤석열 #이재명 #홍순목.	12	7	0
ZJXt7NKjaWs	안민석 '건진법사, 윤석열 등 툭툭? 15년 친구인 나도 못해'	김건희 녹취록, 본인 스스로 뇌관 건드려 * 양 검사 여행 의혹, 사실관계 해명 필요해 * 최순실 연상…국민들 무속인 트라우마 있다 ...	3217	212	62
_-4rLEPRt6Q	[Shorts] #김건희 #윤석열 #7시간녹취 #정말몰랐을까	정치직격, 심경수TV는 대한민국의 기울어진 언론환경 속에 올바른 정치, 시사 등에 대한 소신을 옳고 그름에 기인하여 이념적 진영에 ...	26	11	0
PCLUtPH3bfU	윤석열후보! 가상자산 개미투자자 안심투자!!! 정책공약 발표!	This stream is created with #PRISMLiveStudio.	1689	547	10
WJjDO9XjjRg	윤석열은 골수 노무현 빠였다? 이준석의 항문수호! 윤석열의 노쇼!	후원 : 우리은행 1005-603-591706 제이에이치 커뮤니케이션.	0	50	0
sBLE6BNFLjw	정권교체 대세는 윤석열 안상수TV	윤석열 #안상수 #국민의힘 #안상수TV #정권교체 #대선후보 #대선공약 #대한민국 #국민과함께 #2030 #청년이미래다 #함께하는삶 ...	5	3	0
XUbicBdxopk	윤석열 '코인 투자 수익 5천만원까지 비과세'	윤석열 국민의힘 대통령 후보가 19일 여의도 국민의힘 중앙당사에서 열린 '가상 자산 개미투자자 안심 투자' 공약을 발표했다 ...	47	9	6
HFl6F1nYzoE	속보! 김건희, 조국의 충격 과거 폭로! 뇌물 6000억…이재명 아들 드디어 검거! 윤석열 지지율 폭등에 이재명 대선 일정 포기! 민주 초긴장! 문재인 큰일났다!	윤석열 대반전! 윤석열 폭등 현상 지속! 이재명 결정, 대선 포기! #조국 #김건희 #문재인 #윤석열 #이재명.	214	6	0
xJvOQjHXKEs	1월 19일 (수) 대선 D-49 판세 분석/27일 vs 31일 토론일정 기싸움 왜?/김건희 녹취록 vs 이재명 욕설 파일/재점화된 윤석열의 무속리스크, 파장은 [김태현의 정치쇼]	2022년 1월 19일 수요일 SBS 김태현의 정치쇼 생방송 [1부] 뉴스온더 블럭 - 전민경 파이낸셜뉴스 정치부 기자 [2~3부] 여의도 타짜 ...	323	5	0
NkdvkvmMbnc	윤석열의 디지털자산 공약	윤석열 #코인.	2	0	0
QfpZt_tGwwA	이재명 윤석열 건진법사 뭣이 중헌디 #SHORTS	SHORTS #이재명 #윤석열 #건진법사 #뭣이중헌디 #곡성 #황정민 #무당.	263	50	1
_Ph5vMSDh0c	조원진 후보 '정권교체는 국민명령, 윤석열 후보 교체 해야'	최재욱TV #최재욱튜브 최재욱TV구독하기(컴퓨터에서만 가능한 ...	136	18	3
0CpV_PU7dLs	尹, 하루 만에 ‘무속인 논란’ 네트워크본부 해산 | 김진의 돌직구 쇼 914 회	尹, 하루 만에 '무속인 논란' 네트워크본부 해산 | 김진의 돌직구 쇼 914 회 황당한 얘기라더니…윤석열, 무속인 의혹 네트워크본부 해산 ...	254	8	4
4-9MrwQDFPo	윤석열은 국방과 법치, 안철수는 교육과 과학!		1343	346	20
bT1wvP-Z1_A	[긴급편성] 윤석열 가족 무속의 핵심 ‘심도사’의 정체-구영식 오마이뉴스 기자 (2022.1.19 오후)	[긴급편성] 윤석열 가족 무속의 핵심 '심도사'의 정체-구영식 오마이뉴스 기자 (2022.1.19 오후) #윤석열 #무속 #김건희 #장모 #무속인 ...	0	0	0
GtJj-Tjqdv0	윤석열의 멸콩쇼핑	원본 영상링크 https://youtu.be/PbvujMbIPEA.	671	197	13
wd83tzLp_mc	&#39;이재명 욕설&#39; 160분 파일 공개 &#39;김건희 녹취록&#39; 맞불? [이슈픽]	'굿바이 이재명'의 저자 장영하 변호사가 이 후보의 과거 욕설이 담긴 160분 분량의 녹음 파일을 언론에 공개했습니다. 최근 공개된 ...	3270	151	92
