ID	title	description	viewcount	likecount	commentcount
jSuNqweZYN4	더불어민주당 이재명, 가상자산 거래소 간담회 - [끝까지 LIVE] MBC 중계방송 2022년 01월 19일	이재명 더불어민주당 대선후보는 오늘 오전 서울 강남구 역삼동 두나무 사옥에서 가상자산 4대 거래소 대표 및 전문가들과 간담회를 ...	11926	1264	0
CHmJe9DLtXU	[이재명, 4대 가상자산 거래소 대표 간담회] 1월 19일 (수) 풀영상 / 디지털Only	이재명 더불어민주당 대선후보가 오늘(19일) 4대 가상자산 거래소 대표와 간담회 갖습니다. 이 자리에는 두나무와 빗썸 등 국내 '빅4' ...	3369	186	0
IohfnMuYFw4	&#39;형 부부에 욕&#39; 녹음파일 공개…이재명 '깊이 사과드린다' / JTBC 아침&amp;	앞서 여론조사도 전해드렸지만, 대선을 이정도 남겨놓고 이렇게 예측이 힘든 선거는 처음이라는 얘기가 나오고요. 또 하나가, 여야 ...	18381	314	518
U21DfGU68kg	[자막뉴스] &#39;이재명 160분 욕설&#39; 공개...&#39;김건희 녹음&#39; 이어 맞불 / YTN	윤석열 후보는 선거 조직에서 무속인 논란이 불거진 네트워크 본부 해산을 결정했습니다. 대선 출마 초기부터 자발적인 지지자 모임을 ...	20463	396	692
qKN3gN1Q_d4	이재명·윤석열 가상자산 정책 대결...표심 수습 고심 / YTN	이재명, 가상자산 4대 거래소 대표와 간담회 민주당·국민의힘, 양자 TV토론 날짜 재협상 심상정, 보건의료노동자 간담회…최태원과 ...	1099	19	9
jOrA6HvBC04	[풀영상] 더불어민주당 이재명 후보, 가상자산 거래소 현장 간담회/1월 19일	더불어민주당 이재명 대선 후보는 오늘(19일) 오후 가상자산 거래소를 방문해 간담회를 가졌습니다. 이 후보는 가상자산 4대 거래소 ...	1321	79	5
wd83tzLp_mc	&#39;이재명 욕설&#39; 160분 파일 공개 &#39;김건희 녹취록&#39; 맞불? [이슈픽]	'굿바이 이재명'의 저자 장영하 변호사가 이 후보의 과거 욕설이 담긴 160분 분량의 녹음 파일을 언론에 공개했습니다. 최근 공개된 ...	3270	151	92
QR08bPtIxIc	이재명-윤석열, 양자 TV토론 ‘기싸움’ 치열 | 김진의 돌직구 쇼 914 회	이재명-윤석열, 양자 TV토론 '기싸움' 치열 | 김진의 돌직구 쇼 914 회 李·尹, 설 직전 첫 양자 TV토론 '막판 밀당' 민주 ＂李-尹 27일 TV ...	406	20	2
_F81N_W-A5g	[LIVE] &#39;디지털경제 앞으로, 가상자산 제대로&#39; 가상자산 거래소 현장 간담회	이재명 #가상자산 #디지털경제.	8628	5050	6
yIq8xkPgldc	&#39;이재명 160분&#39; 녹취...&#39;대장동&#39; 유동규·&#39;스캔들&#39; 김부선 관련 내용도? / YTN	"녹취록 폭로전…'이재명 160분' 녹취 공개 논란 '대장동' 유동규·'스캔들' 김부선 관련 내용도? 장영하 ""이재명 녹취, SNS에 동영상 ..."	20446	786	428
cOPrYaNLVfg	160분 이재명 욕설 파일 공개 / 굿바이, 이재명 저자 장영하 변호사 작심하고 / 녹취록, 녹음 모두 공개 / 페북 신속히 삭제 [공병호TV]	공병호TV는 신규영상에 대해 '전면 노란딱지'를 받고 있습니다. 그리고 전체 노출의 약 80%를 차지하는 추천영상이 2020년 9월부터 ...	4557	1097	41
i9QSFN51_Vw	[브이라이브]이재명, 가상자산 관련 공약 발표	이재명 #가상자산 #거래소 #간담회 더불어민주당 이재명 대선 후보는 19일 가상자산 4대 거래소 대표 및 전문가들과 간담회를 가 ...	284	49	1
5ptsbqYCxg4	이재명 후보사퇴 촉구 성명서 뉴욕구동지회	새벽해TV ( 재생목록에서 보시면 더욱 편리합니다 ) 어둠을 뚫고 찬란한 빛을 온 세상에 뿌려 꿈과 희망 이 되리라. 격려와 성원의 댓글 ...	16	0	0
zIXrWKZprEU	[생중계] 이재명 후보, ‘디지털경제 앞으로, 가상자산 제대로’ 가상자산 공약발표 (2022.01.19 오전)	[생중계] 이재명 후보, '디지털경제 앞으로, 가상자산 제대로' 가상자산 공약발표 (2022.01.19 오전) #이재명 #가상자산 #디지털경제 ...	1822	0	6
3BDfgHSLQjk	[뉴스라이브] 폭로로 얼룩진 대선...&#39;이재명 욕설&#39; 녹취 파장은? / YTN	진행 : 김선영 앵커, 김대근 앵커 □ 출연 : 최진봉 성공회대 교수 / 이두아 변호사 * 아래 텍스트는 실제 방송 내용과 차이가 있을 수 ...	2432	62	53
HpuxSySXPGI	김혜경도 자주 점 봤다?…이재명 측 “다닌 적 없다” | 김진의 돌직구 쇼 914 회	김혜경도 자주 점 봤다?…이재명 측 “다닌 적 없다” | 김진의 돌직구 쇼 914 회 李 아들 추정 댓글 ＂엄마도 점 많이 봐＂ 이재명 측 ...	773	96	19
9RIshu3jmPM	[11시 김광일 쇼 LIVE] 이재명 &#39;160분 통화&#39; 녹취록 공개…김건희 통화 방송에 맞불 |  김만배, &#39;50억 클럽&#39; 챙겨주려 &#39;420억 수익&#39; 배분 계획 짰다	조선닷컴 공식 홈페이지 http://www.chosun.com 조선일보 무료 구독 체험 http://bit.ly/2WnNAF7 ◈ 사실에 대한 믿음, 할 말을 하는 ...	28030	14804	0
H40-irNgqk8	[윤태곤의 판] 김건희 vs 이재명 녹취록, 나비효과 있을까	녹취록 vs 녹취록? 큰 파장은 없을듯 * 윤석열 무속 논란, 추가 증거가 관건 * 양자토론은 양당 이해관계 일치한 것 * 안일화? 안철수의 ...	4612	126	13
zS96zFFu4cY	이재명 '가상자산, 존재하는 것을 부정하면 기회 잃어..안보이는걸 보는게 진짜 능력'	2022년 1월 19일 미림타워에서 더불어민주당 이재명 대선후보 '디지털경제 앞으로, 가상자산 제대로'- 가상자산 거래소 현장 간담회 ...	259	127	8
2WHO_R8eQww	변발헤-이재명 경제 행보/윤석열 헛소리/세계적 김건희	멤버쉽 링크 - https://www.youtube.com/channel/UCkI2g2FvX-haxXqqDMqc96A/join 송작가TV몰 링크 ...	4772	2061	23
KdNclLsU3RM	VAPC0217윤석열&amp;이재명! 양자 tv 토론 승자는 과연 누가될까 ??	윤석열 후보&이재명 후보간 tv 토론 승자는 과연 누가될까에 대한 영상!	543	111	17
xrxNIfZRq2A	윤석열 급상승 44%-이재명 정체 35%,안철수는 하락 9%대 2022.1.19 오전10시	양자토론회 둘러싼 신경전의 배경 분석,김건희 방송에도 윤석열 지지율 급등 #이준석#김혜경#심상정#후보단일화#후보토론회.	3761	1048	46
tFxc5fftUeE	나를위해 이재명 정진채곡/노래/ 이재명로고송2		22	9	5
1tHUKrjN9KU	[10분순삭] 속이 뻥 뚫리게 시원한 이재명의 춘천 명연설 #이거보고이재명뽑기로했다 [빨간아재]	이재명 후보 지지자라면 꼭 봐야 할 연설. 이재명 후보 비 지지자라면 한 번쯤은 봐야 할 연설. 2022년 1월 15일 춘천 명동거리 즉석 ...	3701	1874	148
rBaFNQCWCng	[브이라이브]‘코인러 표심잡기’…이재명, 가상자산 거래소 간담회	이재명 #가상자산 #거래소 #간담회 더불어민주당 이재명 대선 후보는 19일 가상자산 4대 거래소 대표 및 전문가들과 간담회를 가 ...	305	48	0
vTT92c68OaE	이재명 일자리 대전환 6대공약 발표	이재명 #일자리대전환 #정의로운전환 #이수진 #더불어민주당.	3	1	0
7t098LJKdg0	[윤석열과강신업] D-49 욕설·막말 160분 국민패륜아 이재명/대한민국 최고의 고품격 정통 정치시사 방송!	윤석열 #이재명 #김혜경.	584	347	13
iihTWfMMUvQ	이재명·윤석열, 가상자산 투자자 공략…'개미 보호' / 연합뉴스TV (YonhapnewsTV)	"이재명·윤석열, 가상자산 투자자 공략…""개미 보호"" [앵커] 대선까지 50일도 남지 않은 상황, 각 당 대선 주자들 움직임 알아보겠습니다."	84	0	0
w5VEivrpPf4	윤석열, 지지율 대박났다! 이게 바로 김건희 효과? 이재명 압도하고 안철수 제압! 야권 단일화 尹 중심으로 간다! 민주 충격! 이재명 '....'	정의구현 멤버십 가입 : https://www.youtube.com/channel/UCUNwNXVrWAHQpc8gPp1c6kw/join 자발적 구독료 : KB국민은행 ...	19429	6772	220
4GkZ8nJae_U	이재명 추가 욕설파일 34개	이재명 추가 욕설파일 34개 통합영상 출처 장영하 변호사.	737	40	1
mHiKkEGfNzg	이재명 김건희 녹취록? 노관심 #SHORTS	SHORTS #이재명 #김건희 #윤석열 #국민의힘 #김건희녹취록 #노관심 #무관심 #오직민생 #오직경제.	799	145	7
HFl6F1nYzoE	속보! 김건희, 조국의 충격 과거 폭로! 뇌물 6000억…이재명 아들 드디어 검거! 윤석열 지지율 폭등에 이재명 대선 일정 포기! 민주 초긴장! 문재인 큰일났다!	윤석열 대반전! 윤석열 폭등 현상 지속! 이재명 결정, 대선 포기! #조국 #김건희 #문재인 #윤석열 #이재명.	214	6	0
jIg5L_qD_1k	50일도 안남은 대선…소상공인 표심잡기 ‘승부수’	[앵커] 대선이 50일도 안남았지만 최근 여론조사를 보면 아직 '대세후보'가 없는 상황입니다. 전례없는 예측불허 선거가 될 전망인데요.	36	0	0
QfpZt_tGwwA	이재명 윤석열 건진법사 뭣이 중헌디 #SHORTS	SHORTS #이재명 #윤석열 #건진법사 #뭣이중헌디 #곡성 #황정민 #무당.	263	50	1
uy9Y0RIzA4Q	[생방송] 이재명 비리 국민검증특별위원회 성남 제1공단 부지 현장 방문 ㅣ 대장동과 성남1공단 결합개발	이재명 비리 국민검증특별위원회는 19일 오전 10시 대장동 개발의 한 가운데 놓여 있는 성남1공단 현장 방문에 나섰다. 특위는 이날 ...	366	201	0
dTO7eakLAw4	[LIVE] 이재명 후보 -  ‘디지털경제 앞으로, 가상자산 제대로’- 가상자산 거래소 현장 간담회 생중계		3908	1451	0
Q67isXe2tWc	혼자서 여기까지 온 이재명, 이제는 우리가 도와줘야 한다.	이재명 #우리가_이재명이다 #나를위해_이재명.	119	24	4
9ADZoVDwRu4	이재명은 공약을 내놓는데 국힘은 토론에 손 없는 날? | 경이로운선거 시즌2 나를위해 LIVE	시사 문화 평론가 김성수입니다. 본 영상은 유료 광고를 포함하고 있습니다. 자발적 시청료 : 농협 352-8302-2124-43 김성수 페이팔 ...	3330	895	0
N27rO8f-Ons	[홍순목TV] 이재명 윤석열 인천시 GTX 공약 비교	윤석열 #이재명 #홍순목.	12	7	0
Crq6Bl1A1KI	[긴급진단아포유] 삼프로TV 이재명 발언 체크포인트 1부 주식(feat.서정덕TV)	[긴급진단아포유] 삼프로TV 이재명 발언 체크포인트 1부 주식(feat.서정덕TV) 채널에 가입하여 혜택을 누려보세요.	94	15	1
7B3Px5_h-74	[기본사회위원회] 이재명 대선후보 직속 기본사회위원회 3차 공동행동	매주 전국적으로 월요일마다 '기본사회위원회 공동행동'을 진행합니다! 전국 각지에서 1000여명이 참가한 모습을 담아봤습니다!	16	2	0
7bHr3yYLcio	이재명 녹취록 공개, &#39;김건희 녹취록&#39;에 맞불 [아침에 이슈]	3월 9일 대선이 49일 앞으로 다가왔는데요. 여론조사를 통해 나타난 민심은 좀처럼 예측하기 힘든 안갯속 판세가 이어지고 있습니다.	6274	2957	583
ndsEW9HzDxQ	[풀영상] 범사련 기자회견, 이재명·김혜경 관련 감사원에 공익감사청구 (22.01.19)	범사련 #이재명 #김혜경 #공익감사 #감사원 [풀영상] 범사련 기자회견, 이재명·김혜경 관련 감사원에 공익감사청구 (22.01.19) 시사 ...	2137	433	31
nn4m5lhe25Q	En-Ko Story(잉코스토리) :  Lee Jae Myung (이재명)	This video is about Lee Jae Myung who is the presidential candidate for 20th presidential election. Despite some scandals, he ...	3	0	0
j36DfZk_1rs	[7314] 이재명 욕설 도입부, 강직한 이재명 = 조원봉과 같은 과	https://www.youtube.com/watch?v=63O2vZpFLTc 자리에 연연하지 않고 직선적으로 돌파하는 성격 = 강직성, 청렴성.	86	26	9
_KZX2WH9Cas	주인공 일렉트로닉 버전 이재명 대통령 선거 로고송ㅡ우연우(작사/작곡/노래)	이재명대통령 #이재명 #우연우 #주인공 #이재명대통령선거송 주인공 ㅡ 우연우(작사/작곡/노래) 대한민국을 책임질 대통령은 이재명 ...	11	1	0
mwks57JwhoI	주인공 라이브버전 이재명 대통령 선거 로고송ㅡ우연우(작사/작곡/노래)	이재명대통령 #이재명 #우연우 #주인공 #이재명대통령선거송 주인공 ㅡ 우연우(작사/작곡/노래) 대한민국을 책임질 대통령은 이재명 ...	9	2	0
lWwh7oOH3u4	Live-문대통령 사우디 방문/유승민 공약 품은 이재명/사회복지사에 코딩 공부?/법위에 김건희/일본 기업, 동해 가스층 발견/중국 티켓 안팔아	멤버쉽 링크 - https://www.youtube.com/channel/UCkI2g2FvX-haxXqqDMqc96A/join 송작가TV몰 링크 ...	3654	4682	0
xsoBCQ9JTHc	여당서도 ‘이핵관’ 폭로… 정청래 “이재명 뜻이라며 탈당 권유했다”	"불교계로부터 사퇴 압박을 받는 정청래, 이재명 측근으로 부터 탈당 권유 받았다.""어머니 탈당해야 합니까""라며 저항. 당내 파문 중앙."	19005	5087	306
IoqqRKVY7A8	이재명후보님의 강남역 미림타워 디지털경제 앞으로, 가상자산 제대로&#39; 가상자산 거래소 현장 간담회	안녕하십니까 행동하는 양심을 실천하는 민주보수청소년 박찬호입니다. 저는 약 7년을 나경원씨와 맞서 싸웠고 그 과정에서 가족과 친 ...	1492	582	0
