ID	title	description	viewcount	likecount	commentcount
YGtmL_VTaYE	'거대 양당의 패악질' 안철수, 양자토론 방송금지 가처분 신청 / JTBC 아침&amp;	1. 조해주 선관위원 사의 반려 논란 문재인 대통령이 오는 24일로 임기가 끝나는 조해주 중앙선거관리위원회 상임위원의 사의를 반려 ...	890	27	15
waEJxVF5XNE	[안철수] 제13차 중앙선거대책위원회 | LIVE		2656	0	151
7ag67i9rMdM	[안철수] 재경 대구경북인 신년 교례회 | 더 좋은 정권교체 | 새롭게 준비된 안철수 |		1232	0	76
gh9woVSsfwE	안철수 '대한민국 기득권 정치판, 뒤집어엎어 버리겠다'	국민의당 안철수 대선 후보가 20일 서울 여의도 국회에서 열린 중앙선거대책위원회의에서 발언하고 있다.	322	4	2
vzVtxEk1K0A	안철수 '기득권 정치판 뒤집어 엎어 버릴 것'	안철수 국민의당 대통령 후보가 20일 국회에서 열린 중앙선거대책위원회에서 더불어민주당과 국민의힘 거대 정당이 설 연휴 직전 ...	164	17	9
QrBqWbIt8PY	설날 밥상 철수 이름 나오는게 두렵나?...안철수 '기득권 정치판 뒤집어 엎겠다'	안철수 #국민의당 #설날 #대선후보 #철수 국민의당 안철수 대선후보가 22년 1월 20일 열린 중앙선대위 회의에서 발언하고 있다.	1177	80	50
Tw70t_HhpKo	[풀영상] 국민의당 안철수 ' 중앙선거대책위원회의' (22.01.20)	"안철수 #국민의당 #선대위 #회의 #생방송 [풀영상] 국민의당 안철수 "" 중앙선거대책위원회의"" (22.01.20) 시사포커스TV는 창간 35년 ..."	490	40	15
hJBRxxXVqyY	민계식 전 현대중공업 회장 신년 대담 ① '대선, 이재명, 윤석열, 안철수, 부정선거'	"""이번 대선, 공산화되는 것만 막으면 돼"" ""대선, 이재명, 윤석열, 안철수, 부정선거"" 민계식 전 현대중공업 회장 신년 대담 ①."	26	4	0
JtlQOhi0yo0	건설업에 대한 투자의견 / 신규상장 마켓컬리, SSG닷컴, 쿠팡주가는 어찌되가나? / 대선결과 예측과 안철수에 대한 비즈먼의 의견	건설업에 대한 투자의견 / 신규상장 마켓컬리, SSG닷컴에 대한 투자의견 / 대선결과 예측과 안철수에 대한 비즈먼의 의견 #건설업 ...	155	26	0
pSbMQBCGrdY	[자막뉴스] 공공기관 추가 이전·서울대 지방 이전 질문에 후보들의 대답은? / KBS 2022.01.20	먼저, 공공기관 추가 이전에 대해 찬반을 물었습니다. 안철수 후보는 '신중', 다른 후보들은 찬성이었습니다. 다만, 찬성 사이에도 강도 ...	593	11	8
fIa9bVoDXcY	이재명 '세계 2강 문화 강국'...윤석열·홍준표 회동 &#39;이상 기류&#39; / YTN	[앵커] 더불어민주당 이재명 대선 후보가 문화예술 지원을 대폭 늘려 한국을 미국과 같은 세계 2강 콘텐츠 강국 반열에 올리겠다고 밝혔 ...	3801	93	34
iio4o8OhBxc	박근혜 탄핵 변호인 김평우,그가 미국에서 보낸 피눈물 편지#윤석열 날벼락 맞았다#김건희 뺨치는 김혜경의 웃음소리#유승민 또 나온다?#윤석열 홍준표 왜 심야회동?#윤석열이냐 안철수냐	윤창중칼럼세상은 보수우파의 집권이 목표입니다. 실현 가능한 해법과 방향을 분명히 제시합니다. 윤칼세를 도와주십시오. 윤칼세TV ...	7552	1510	47
YQvYFgbhQfY	[정문일침] #101 -안개 속 대선 판세｜윤석열을 위한 TV토론 승리 비법 공개｜이준석•안철수 ‘단일화 신경전’	[정문일침] #101 -안개 속 대선 판세｜윤석열을 위한 TV토론 승리 비법 공개｜이준석•안철수 '단일화 신경전' 2022.01.20 일요서울TV ...	609	92	0
_OO5kc0oOBM	후보 단일화를 위한 정당 시민단체 연석회의	국민혁명당 #윤석열 #안철수 #후보단일화 #사랑제일교회 #이은재 #한국교회방송 #이은재tv #남북통일 #미스바 성회 This stream is ...	1914	630	0
6LJqtc6KIpI	신문브리핑 3 '&#39;이재명-윤석열 TV토론&#39; 30일-31일 중 개최 합의' 외 주요기사 [아침&amp;매일경제]	"(매경)신문브리핑 3 ""'이재명-윤석열 TV토론' 30일-31일 중 개최 합의"" 외 주요기사(0120) #아침앤매일경제 #신문브리핑 #이상훈앵커 ..."	288	6	4
GWWku7itU2E	안철수가 유일한 대안일까? 윤석열은 안철수가 필요할까? 윤석열 안철수 누가 정답일까. [권오성 정치티비][정치저널 더폴리틱스]	안녕하세요! 프랑스 뚤루즈1대 정치학 박사, 더폴리틱스 발행인이자 정치평론가 권오성입니다. www.thepolitics.co.kr 더폴리틱스 정치 ...	6	2	0
BREU8AtsqzY	&#39;선결 조건&#39; 낸 홍준표와 비공개 회동…곧 입장 전달 / SBS	국민의힘 윤석열 대선 후보가 경선 경쟁자였던 홍준표 의원과 어젯(19일)밤 비공개 회동했습니다. 김형래 기자가 전합니다. 원문 기사 ...	2777	67	16
7q7rsYV9FOw	이준석 '洪 원팀 조건으로 &#39;본인 사람&#39; 공천 요구'	홍준표가 제시한 선대위 합류 조건 2가지 * 국정능력 담보하라? 본인 사람 쓰라는 뜻 * 처가비리 엄단 선언, 윤석열 수용 안 할 듯 * 尹- ...	13592	484	205
lqXh9YegxUQ	윤석열 코인 수익 5천만원까지 완전 비과세 디지털자산 공약 윤석열후보 안철수 이재명 유정복 이학재	"윤석열 ""코인 투자수익 5천만원까지 완전 비과세"" 국민의힘 윤석열 대선 후보는 가상자산인 코인 투자 수익에 대한 과세 기준을 현 250 ..."	2	1	0
9hjEHHxgkZ4	[시사1번지] 삐그덕 &#39;설연휴 TV토론&#39; / &#39;노무현-정몽준 단일화&#39; 그 감동에 대하여 (정기남, 최수영) | 20220119	백운기시사1번지 #설연휴토론 [정기남 민주당 선대위 대변인, 최수영 메시지 컨설턴트] - 야권 단일화 실현가능성 있나? - 안일화 vs 간 ...	189	12	7
sZU_K03kSGM	(시사점치) 부인 김건희 마음속 윤석열	타로점 #윤석열 #김건희 #안철수 #대선 #국민의힘 #시사 #정치 #주역점 #이재명 ⭐️필립법사 소개⭐️ 불교학과 졸업 불교학 ...	106	10	0
TfgUWP9Axps	(시사점치)윤석열 마음속 부인 김건희	타로점 #윤석열 #김건희 #안철수 #대선 #국민의힘 #시사 #정치 #주역점 #이재명 ⭐️필립법사 소개⭐️ 불교학과 졸업 불교학 ...	78	10	0
qincmD-r7G4	K-콘텐츠는 한국인 자체. 이를 통해서 세계 1위 국가가 될 수 있다컨트롤 타워 / 기울어진 운동장 해소 / 규제 완화.	박사 안철수의 철책상 시리즈 17가지 스마트한 정책 비전 제시 - '박사 안철수'의 스마트한 정책 비전, 하루 2~3분 철책상 영상으로 ...	42	0	12
lm0gwIajGSo	'노동자 아프면 치료에만 집중하도록... 상병수당 도입'-김효신 노무사 #상병수당 #노무상담 / [YTN라디오 슬기로운 라디오생활]	YTN라디오(FM 94.5) [YTN 뉴스FM 슬기로운 라디오생활] 방송 일시: 2022년 1월 20일 (목요일) 진행: 이현웅 아나운서 출연: 김영미 ...	1224	53	0
3KUUSxz2Yf8	[시선집중] 이태규 '양자 토론? 삼국지에 촉나라 빼겠다는 것.. 방송사에 외압 있었는지 밝혀야' - 이태규 국민의당 의원 (선대위 총괄선대본부장), MBC 220120 방송	청취율 조사기간 (01/11~24) 입니다. △ △ 02로 시작하는 전화가 오면 “김종배의 시선집중” 2022년 01월 20일 [김종배의 시선집중] ...	1005	38	9
d670RKvSQAA	[김종배의 시선집중][FULL] &amp; [천기누설]│윤석열-홍준표 비공개 만찬│김건희 7시간vs이재명 욕설, 지지율에 미칠 영향은?│[박지훈·윤건영·이태규], MBC 220120 방송	청취율 조사기간 (01/11~24) 입니다. △ △ 02로 시작하는 전화가 오면 “김종배의 시선집중” 2022년 1월 20일 목요일 #시선집중 ...	139250	8337	203
rhu9PKHGb9E	'예술인에 기본소득'…'통신조회시 본인 알림 의무화' / 연합뉴스TV (YonhapnewsTV)	"""예술인에 기본소득""…""통신조회시 본인 알림 의무화"" [앵커] 더불어민주당 이재명 대선 후보가 문화예술인을 위한 공약을 발표 ..."	17	0	0
760a0NVQ55o	홍준표 원팀 대가로 측근 재보선 공천 요구,당내 거센 반발 2022.1.20 오전11시	홍준표의원이 윤석열후보에게 지원대가로 공천권을 요구한 사실이 드러나 격한 반발 직면 #윤석열#이재명#안철수#이준석#김종인# ...	0	17	0
qskxgF_cbgA	홍준표 '2가지를 윤석열이 지키면 합류하겠다'	홍준표 를 지지하는 채널입니다. 소중한후원 감사드립니다. 채널만드는데 힘쓰겠습니다. 우체국 : 0121 6102 033778 (이*원) 이런 ...	12	4	0
_MexX9ST1sw	[천기누설] 120화 - ‘홍준표와 회동’ 윤석열이 TV토론을 31일로 미루려는 진짜 노림수 (김종배 &amp; 박지훈)	2022년 01월 20일 [천기누설] 멋털도사 김종배와 얼쑤무당 박지훈이 풀어놓는 놀라운 이슈분석! 매주 화, 목요일 오전 8시 30분에 ...	29361	3179	165
Qvg5Do6u8u8	이재명,4년중임제개헌 던지다  윤,안 음모론으로 반대,받아야 한다	4년중임개헌 #이재명 #윤석열 #안철수 ♥ 후원안내 ♥ ※국내 후원 국민은행, 365202-01-189195 김*원 ※해외 후원 PayPal account: ...	177	21	2
fX1u1RioBXo	홍준표, 무리한 공천 요구에 윤석열 격앙! 이준석, 홍준표 배신했다! 洪 뒷통수 얼얼! 대구시장 노리다가 정계은퇴가나?!	정의구현 멤버십 가입 : https://www.youtube.com/channel/UCUNwNXVrWAHQpc8gPp1c6kw/join 자발적 구독료 : KB국민은행 ...	0	100	0
e9xJiQbsLTE	D-43 허파의 선택		734	341	56
js1eJPxsDI4	홍, &#39;혹시&#39; 접고 합류 [2022년 1월 20일(목) 정군기의 텐텐뉴스]	00:00 홍준표 '원팀' 합류? / 김건희 방송 20:47 누가 이길지 몰라서 양쪽 다 손내민 무당들 46:24 文시황의 불로초, 조해주 영상이 ...	5541	1384	44
Ud9dBf9GHJQ	#VLOG#꼬막비빔밥 꼬막초무침 초간단 레시피  혼밥혼술 가성비최고 벌교꼬막 백종원레시피도 울고갈맛#삼시세끼#잡초#집구석#샷추가#	뿌린만큼 거두리라 칼로베인 상처는 쉽게 아물지만 말로베인 상처는 치유되지 않는다 서로 따뜻한말로 상처주지말아요 인생살이 ...	64	22	25
Y9bDM8J4Lao	(긴급)박범계, '김건희 강제 소환조사' 긴급명령!방금 北, '핵실험·ICBM 재개' 위협 중대입장문!검찰,&#39;김건희 통화 녹취록 유출&#39; MBC 고발건 수사착수!MBC,국민의힘고발!	윤석열TV: https://www.youtube.com/channel/UCcl16CxYqlbKQJVCfdhSJVw 윤석열 공식 유튜브 주소입니다. 나라를 살리는 모든 ...	13705	1427	30
5pGSL6puzB8	윤석열, 이재명은 손잡고 사퇴하라	윤석열, 이재명 둘은 사퇴하라. 후보교체 = 정상대선 ✓벅스토리 채널, 많은 관심과 사랑 부탁드립니다. 자발적 후원 : 국민 ...	507	137	3
M9CR96BlW3M	[이재명/대선풍향계] 난데없이 국힘 유승민까지 소환한 이재명, 왜?_220120	[대선풍향계] 난데없이 유승민 공약까지 소환한 이재명, 왜? 정도언론 인간존중 인류평화 를 위해 나아가는 아시아 투데이!!! 정론직필 ...	563	121	1
YBA-I9xIeuw	최진석 명예교수 국민의당 입당 '우린 좀 더 젊어지고 푸름으로 무장해야'	최진석 #국민의당 #입당 #상임선대위원장 국민의당 최진석 상임선대위원장이 22년 1월 20일 국민의당 입당식 후 중앙선대위 회의 ...	503	62	16
bWPbtR42OuM	문재인과 이재명의 민주당의 분열,명이의 충견 영길 이재명 욕설 방어용으로 김건희 녹취록과 건진법사를 물고 늘어지다 되치기 당해,문 중동여행 그냥 관광이나 하다 무사히 오길 바란다	문재인과 이재명#민주당 분열#이재명 쌍욕#문재인 중동여행# 전과4범을 이재명을 대선 후보로 내세운 민주당 제정신이냐... 전과4범 ...	1	1	0
