ID	title	description	viewcount	likecount	commentcount
Tiiqu0dKvqY	더불어민주당 이재명, 문화예술인과의 만남 - [끝까지 LIVE] MBC 중계방송 2022년 01월 20일	더불어민주당 이재명 후보는 오늘 오전 서울 종로구 인사동에서 문화예술인들과 만나 현장의 고충을 청취하고 문화예술 분야 공약을 ...	8339	1112	12
cU5PC3eqRuk	[이재명, 문화예술 공약 발표 및 청년예술인과의 만남] 1월 20일 (목) 풀영상 / 디지털Only	오늘(20일) 이재명 더불어민주당 대선후보가 문화예술 공약을 발표합니다. 이 후보는 20일 서울 종로구 인사동에서 문화·예술 분야 ...	2440	169	3
Ov98w9fPALY	[현장영상] 이재명 '문화예산 2배 확대…문화예술인 기본소득 연 100만원 지급' / JTBC News	오늘(20일) 이재명 더불어민주당 대선후보가 문화예술 공약을 발표합니다. 이 후보는 20일 서울 종로구 인사동에서 문화·예술 분야 ...	543	13	23
36HopZ2xXZ8	&#39;이재명 녹취&#39; 놓고 여야 입씨름…'거짓말' vs '물타기' / JTBC 아침&amp;	새로 공개된 민주당 이재명 대선후보의 녹취록과 관련해서는 이 후보가 그럼 거짓말을 한 게 아니냐는 의혹을 국민의힘에서 제기 ...	571	7	15
pQI6p5SXY4A	이재명 '年 100만원 문화예술인 기본소득'  - 6대 문화정책공약 발표 / SBS	"더불어민주당 이재명 대선후보가 ""문화예술인에게 연간 100만원의 기본소득을 지급하겠다""고 밝혔습니다. 이 후보는 서울 인사동 ..."	2734	54	12
k9Q10cyExhc	이재명 '세계 2강 문화 강국'...윤석열·홍준표, 공천 갈등 불거지나 / YTN	[앵커] 더불어민주당 이재명 대선 후보가 문화예술 지원을 대폭 늘려 한국을 미국과 같은 콘텐츠 세계 2강 반열에 올리겠다고 밝혔 ...	3126	59	35
gI_0ajDHgcY	이재명 “제가 부족”…욕설 거듭 사과 | 김진의 돌직구 쇼 915 회	이재명 “제가 부족”…욕설 거듭 사과 | 김진의 돌직구 쇼 915 회 李 ＂제가 부족＂…욕설 거듭 사과 李 ＂그분(친형), 정상적인 사람 아닌 ...	1186	36	56
7znFk_mzvgc	[LIVE] 문화예술 공약발표 및 문화예술인과의 만남	이재명 #문화예술.	9110	4855	35
0VAXc1Hd1nQ	[생중계] 이재명 후보, ‘문화콘텐츠 세계 2강!’- 문화예술 공약발표 및 문화예술인과의 만남 (2022.01.20 오전)	[생중계] 이재명 후보, '문화콘텐츠 세계 2강!'- 문화예술 공약발표 및 문화예술인과의 만남 (2022.01.20 오전) #이재명 #문화예술공약 ...	5748	0	12
gsohx5eofyM	이재명-윤석열 양자토론, 설 연휴 중 하루로 | 김진의 돌직구 쇼 915 회	'이재명-윤석열 TV토론' 30일-31일 중 개최 합의 '거대 양당'에 갇힌 TV토론 이·윤 TV토론, 30일 혹은 31일에…이젠 '토론 전략' 싸움 ...	275	12	3
hZKfyIUiwOU	장영하, 이재명 부인 웃음 담긴 통화녹음 공개 | 김진의 돌직구 쇼 915 회	장영하, 이재명 부인 웃음 담긴 통화녹음 공개 | 김진의 돌직구 쇼 915 회 장영하, 이재명 부인 웃음 담긴 통화녹음 추가 공개 李 녹취 ...	1344	77	18
ClZ8l3qlSAc	김건희 재산 의혹에 野 “이재명 아들 도박 자금부터” | 김진의 돌직구 쇼 915 회	김건희 재산 의혹에 野 “이재명 아들 도박 자금부터” | 김진의 돌직구 쇼 915 회 김건희 재산 의혹에 野 ＂李 아들 도박 자금부터＂ ...	451	15	4
01dfM8JYWog	페미 방송에서 털리고 온 이재명 총정리	인라이트 스쿨 구독계좌 : 하나은행 403-910045-18704 주식회사 인라이트스쿨.	1043	183	4
cr42RUS7AXY	Henry talks to Jim Rogers(짐 로저스) before HE talks to 이재명ㅣThis Morning w/ Henry ShinnㅣTBS eFM 101.3Mhz	Special Interview with Jim Rogers on TBS eFM's This Morning right before Jim talks to Democratic Party's Presidential Nominee ...	49	5	0
Td1BzQVkTgs	[생방송] 이재명 후보, &#39;문화콘텐츠 세계2강&#39; 문화예술 공약발표 및 문화예술인과의 만남	[생방송] 이재명 후보, '문화콘텐츠 세계2강' 문화예술 공약발표 및 문화예술인과의 만남 #이재명 #일자리 #문화예술 #대전환 #매타 ...	3401	1081	6
-lkNUrzKWEU	[에티터픽] #김건희 #홍준표 #이대녀 #불심...키워드로 보는 대선 정국 / YTN	김준일 뉴스톱 대표와 대선 정국 핵심 키워드를 살펴봤습니다. #김건희 #홍준표 #윤석열 #정청래 #이재명 #YTN실시간.	25934	385	0
YqU1-77CVME	[뉴스포커스] 이재명 '4년 중임제 개헌' vs 윤석열 '개헌, 뜬금없어' / 연합뉴스TV (YonhapnewsTV)	"[뉴스포커스] 이재명 ""4년 중임제 개헌"" vs 윤석열 ""개헌, 뜬금없어"" [출연 : 서용주 더불어민주당 상근부대변인·조청래 전 여의도연구원 ..."	229	4	0
l-9ceyBzR5c	“윤석열 찍으면 현근택 때문”...문파 음모론 뿌렸다 맹폭당한 이재명 대변인 / YTN	진행 : 김선영 앵커, 김대근 앵커 □ 출연 : 김준일 / 뉴스톱 대표 * 아래 텍스트는 실제 방송 내용과 차이가 있을 수 있으니 보다 정확한 ...	3210	48	16
4LuagPrsVXk	(뭉클- 성우version) 이재명후보 가족의 대국민 호소문- 왜 욕설을 할 수 밖에 없었는지! 효자네! /이재명 형수 /이재명 지지도 /이재명 지지율 /이재명 윤석열	(성우version) 다시 보는 이재명가족의 대국민 호소문 #이재명형수 #이재명가족 #이재명지지도 #이재명김혜경 #이재명윤석열 ...	1316	474	68
KWwXNw6NAlU	장영하 변호사, 이재명 추가 고발 예고! 아직 공소시효 남아있다! 이재명 기겁! 이러다가 청은 청인데 청송 가는거 아니냐?!	정의구현 멤버십 가입 : https://www.youtube.com/channel/UCUNwNXVrWAHQpc8gPp1c6kw/join 자발적 구독료 : KB국민은행 ...	6527	1627	62
ZRFz87LpQnU	잘한다! 국민의힘! 이재명 발칵! MBC뒤집어졌다! #국민의힘총공격 #이재명형수파일 #김혜경파일	자율적구독후원 : 하나은행 : 106-910488-13707 (박*옥) 해외페이팔 후원링크 : https://www.paypal.me/jungsungsantv 문의 ...	6239	2663	67
d670RKvSQAA	[김종배의 시선집중][FULL] &amp; [천기누설]│윤석열-홍준표 비공개 만찬│김건희 7시간vs이재명 욕설, 지지율에 미칠 영향은?│[박지훈·윤건영·이태규], MBC 220120 방송	청취율 조사기간 (01/11~24) 입니다. △ △ 02로 시작하는 전화가 오면 “김종배의 시선집중” 2022년 1월 20일 목요일 #시선집중 ...	139250	8337	203
MnW5rqA6Z_U	[풀영상 다시보기]이재명, 문화예술인과의 만남 및 공약 발표	이재명 #문화예술공약 더불어민주당 이재명 대선 후보는 20일 종로구 인사동에서 문화예술인들과 만나 현장의 고충을 청취하고 관련 ...	262	42	2
PZM1oMy5-QI	이재명 임플란트 해결사 건보적용 가즈아 #SHORTS	SHORTS #이재명 #더불어민주당 #임플란트 #건보적용 #가즈아 #공약 #좋다 #	119	25	0
iioa4nctTiY	이재명, 사과할수록 인성이 드러난다!		990	292	20
MLJpePk4oxk	신주호 '이재명, 윤석열 주위 공격... 참 한심한 작태'	신주호 국민의힘 중앙선대본 청년보좌역이 20일 국회에서 열린 선거대책본부-원내지도부 연석회의에서 이재명 후보가 윤석열 후보를 ...	710	57	9
dg-uO2P8Ehs	(긴급기자회견) 대장동 몸통 잡아라! 이재명 수사 촉구 기자회견! / 2022.01.20	이재명 #이재명 #변호사비대납 #이재명폭로 #녹취록 #대선 #선대위 #선대위원장 #대장동 #화천대유 #대장동게이트 #이재명게이트 ...	17044	3245	0
R2jUebJml48	이재명, 문화예술 공약발표 및 문화예술인과의 만남  [LIVE]	이재명 #문화예술정책 #이재명정책.	1066	509	1
KOI4AyOl9CA	[대선 야간열차] 이재명 욕설 판결문 입수, &#39;김건희&#39;와는 달랐다	"'굿바이 이재명' 저자인 장영하 변호사가 이재명 더불어민주당 대선 후보의 이른바 '형수 욕설 파일'을 공개했습니다. 장 변호사는 ""이 ..."	34781	4373	591
mwu0B_xlAUk	태희라이브ㅣ김혜경 이재명 후보 부인 &#39;맘스캠프&#39; 회원과의 만남	시청해주셔서 감사합니다. 홈페이지 : https://www.taehee.co.kr/ 페이스북 : https://www.facebook.com/Socialmediataehee 네이버 tv ...	0	0	0
v9Y1opKu9pA	이재명 녹취록 튼 장영하 '이게 쓰레기가 아니면 무엇이 쓰레기냐?'	장영하 #이재명 #녹취록 #국민의힘 #특위 장영하 굿바이 이재명 저자가 22년 1월 20일 열린 국민의힘 이재명 검증특위에 참석해 발언 ...	256	66	3
NE8QFsmp6oI	올인방송&#39;s 좌익(문재인·바이든·이재명·윤석열)의 정치구호는 반대로 읽어야 한다(2022/01/20)(후원: 농협 333053-51-072090 조영환)	올인방송's 좌익(문재인·바이든·이재명·윤석열)의 정치구호(평화선동)는 반대로 읽어야 한다(2022/01/20)(후원: 농협 ...	426	129	0
V01Un4WH-zU	Live-사우디로 날아간 국내기업들/이재명 정책/최순실보다 김건희//게임 패싱 윤석열/일본 코로나 4만	멤버쉽 링크 - https://www.youtube.com/channel/UCkI2g2FvX-haxXqqDMqc96A/join 송작가TV몰 링크 ...	3685	5089	0
qPmQYn-FtEc	*이재명 대통령 후보 ① 10:10 문화콘텐츠 세계 2강!’ 문화예술 공약발표 및 문화예술인과의 만남 / 인사동 코트(KOTE)	우리가언론이다 #후원계좌 국민은행 355-24-0029-673 *지인 #대통령선거 #대선 #본부장_비리 This stream is created with ...	436	186	0
CKsb85vFfjk	*이재명 대통령 후보 ① 10:10 문화콘텐츠 세계 2강!’ 문화예술 공약발표 및 문화예술인과의 만남 / 인사동 코트(KOTE)	우리가언론이다 #후원계좌 국민은행 355-24-0029-673 *지인 #대통령선거 #대선 #본부장_비리 This stream is created with ...	868	301	0
8ReEoevM2Ok	(생중계) 2022.1.20. 이재명 후보 - 세계 3대 투자가, 짐 로저스와의 대담	팩트TV 보도채널 추진 트레일러 방송 # 팩트TV플러스 제작비 후원 □후원신청(링크 클릭) : https://forms.gle/UwQ2Fggei8i1VSne7 ...	0	17	0
to29ul3yzhU	(속보) 법원, 굿바이 이재명 판매 계속 결정! / 김문수 TV	클릭해주셔서 감사합니다. 좋아요와 구독은 큰 힘이 됩니다 클립 챕터는 아래 '더보기' 클릭해주세요! TIMESTAMP 김문수 TV는 ...	661	210	6
a0rMkGYoHp0	김어준 “李 욕설, AI 작품” vs 김재원 “흉내 불가” | 김진의 돌직구 쇼 915 회	김어준 “李 욕설, AI 작품” vs 김재원 “흉내 불가” | 김진의 돌직구 쇼 915 회 김어준 ＂이재명 욕설 AI 작품일 수도＂ 김재원 ＂李 욕설 ...	284	16	4
UIGYHVwLUPk	[7333] 이재명, 코로나 방역은 국민희생 + 문재인 개차반	이 후보는 이날 자신의 페이스북에서 '코로나 2년 위기 극복 적임자가 필요하다'는 제목의 글을 통해 “우리나라는 방역에 잘 대처해 ...	58	12	6
rQuBDZqcPcU	[풀영상] 국민의힘 이재명 비리 국민검증특별위원회의 (22.01.20)	국민의힘 #김진태 #이재명 #국민검증 #특위 [풀영상] 국민의힘 이재명 비리 국민검증특별위원회의 (22.01.20) 시사포커스TV는 창간 ...	5002	1664	75
Tpie9_Fcad4	[빨대왕 라이브] 가면토론회 마라탕 &#39;이준석&#39; 과 이재명 쌍욕의 진실!	매주 목요일은 서민 교수의 빨대왕 라이브! #빨대왕서민 #이준석 #이재명.	0	1	0
2VlHg8oM5_s	김건희 2차 방송 막는 국민의힘 &#39;이준석 허세&#39; 탄로났다ㄷㄷ 법원 '김건희 제기한 가처분소송, 열린공감tv 사실상 승소' - 윤석열 어설픈 쇼.. 이대남 챙기는 이재명 공약 발표	국민의힘이준석김건희수호 #이재명병사복지공약이대남 #법원김건희열린공감tv ▣ 황희두 멤버십 후원 ...	29842	10889	384
nQgUhu_4L6w	변발헤-사우디 방문 韓기업 성과/이재명 정책/최순실보다 김건희/윤석열 게이머 무시	멤버쉽 링크 - https://www.youtube.com/channel/UCkI2g2FvX-haxXqqDMqc96A/join 송작가TV몰 링크 ...	4683	1979	34
jYCeu2pIR_k	[7334] 이재명 지지율 올리는 유일한 방법 = 문재인 정권과 대립 투쟁하는 길	1. 민주당 지지자 = 이미 굳어졌음 2. 국힘 지지자 = 변하지 않음 3. 중도층 = 이재명은 그럴싸하지만 민주당(문재인)이 죽어도 싫다.	1	0	0
NKORT6LQFIs	오늘의 뉴스체크✔ &#39;냄새 못 맡는&#39; 확진자 따로 있다…유전자 특징 살펴보니 (2022.1.20 / JTBC 아침&amp;)	오미크론 확산세 급증…본격 대응전략 '재택치료' 시작 0:00 · 영국 다시 마스크 벗는다…재택근무 권고도 사라져 2:18 · 코로나로 '냄새 ...	2079	24	10
hJBRxxXVqyY	민계식 전 현대중공업 회장 신년 대담 ① '대선, 이재명, 윤석열, 안철수, 부정선거'	"""이번 대선, 공산화되는 것만 막으면 돼"" ""대선, 이재명, 윤석열, 안철수, 부정선거"" 민계식 전 현대중공업 회장 신년 대담 ①."	26	4	0
vrhRrNFD4Ho	2022년 1월 20일 (목) [굿모닝MBN] 다시보기 - 1월 20일 굿모닝 MBN 주요뉴스	1월 20일 굿모닝 MBN 주요뉴스 [코로나 2년] 확진자 급증세…오미크론 확진자 재택치료 허용 유럽 확산세 속 영국 마스크 벗고 백신 ...	208	2	0
YVN9B35tBQs	이재명 말 바꾸기!	이재명 #혜경궁김씨 #김혜경 #화천대유 #대장동 #변호사비대납 #대선 #대통령선거 #찢재명 #찢지사.	9	5	0
tOPBDTXlBhs	광화문 앞 '이재명 구속, 아웃' 집회현장	2021.01.20 광화문 동화면세점 앞.	2	0	0
lXQRS-JR0Ig	[자막뉴스] &#39;무속 vs 욕설&#39; 난타전...비방전에 묻힌 정책들 / YTN	국민의힘 윤석열 후보 선대위 '무속 논란'의 중심, '건진법사'를 둘러싼 추가 의혹이 잇따르자 민주당의 공세는 한층 더 거세졌습니다.	1558	20	56
