ID	title	description	viewcount	likecount	commentcount
yvOw5AbDT-w	지지율 2주일 연속 급등-이재명 안철수 압도*후보단일화 주도권 2022.1.22 오전8시	윤석열후보가 당내갈등 해결 김건희리스크 해소 청년층 지지율 상승으로 2주일째 지지율 급등하며 대선정국 자신감 주도권 회복, ...	5987	3491	172
4Dl3sJ64pzg	무편집 / 윤석열, 안철수 후보 단일화?!	다겸보살   010-6327-2148 본 영상은 1월 4일 미리 촬영된 영상입니다!! 복채로 구독, 좋아요 부탁드립니다^^ 악성댓글은 싫어요   ...	148	8	0
iwzm62omIeM	(대예언) 안철수 대통령 된다 '안철수신제가치국평천하'	"(대예언) 안철수 대통령 된다 ""안철수신제가치국평천하"" #안철수 #국민의당 #대예언 #예언."	25	13	0
8VFMtCPqUXk	안철수 2박3일 PK행…심상정 보건의료 공약 발표 / 연합뉴스TV (YonhapnewsTV)	안철수 2박3일 PK행…심상정 보건의료 공약 발표 국민의당 안철수 대선 후보는 오늘(22일)부터 2박 3일간 부산·울산·경남을 순회하며 ...	91	1	0
-ujCKnmhBuo	삼성서울병원 박근혜,그해 겨울 권성동 강일원 공모한 짓 알고있다#조원진=안철수=조철수 단일화#文,이집트에서 긴급보고 두 건 받고 충격#홍준표 시원하게 말아 먹었다#진중권 도망갔다	윤창중칼럼세상은 보수우파의 집권이 목표입니다. 실현 가능한 해법과 방향을 분명히 제시합니다. 윤칼세를 도와주십시오. 윤칼세TV ...	9440	1758	33
JvSodHEhzwM	심상정, 안철수의 시대는 가고 허경영이 분다~~~	허경영 #틱톡 #1950hky #롸잇나우 #shorts #대통령 #후보 #정책 #국가혁명당 #정치인 #공약 허경영 틱톡 시작했어요~ 롸잇나우 ...	0	0	0
dVHpDlpzby8	24시 클럽 | 이 종목 팔까? #삼성전자 #SK하이닉스 #엘앤에프 #종목분석	삼성전자 #SK하이닉스 #엘앤에프 ☆ 온라인 무료특강 ☆ [특강 참여방법] - 참여하기 (클릭) ☞ https://bit.ly/3gja5Gz ▷ 삼성전자 찾은 ...	111	8	0
5zjGai9gWDc	대선, 이 영상으로 끝! 대선 후보 끝판 정리/김종인급 전략 제안 (이재명, 윤석열, 안철수, 심상정, 김동연, 허경영 순)	이재명 #윤석열 #안철수 #심상정 #김동연 #허경영 #문재인 #홍준표 #이낙연 #김종인 #박근혜 #유승민 #강용석 #김부선 #이재용 ...	14	2	0
DPynBcJzqIE	[MBN 프레스룸] &#39;프레스룸이 간다&#39; 김재원 국민의힘 최고위원	"[진행] 김은미 앵커 [출연자] 김재원 국민의힘 최고위원 김재원 ""김종인, 선대본부 직 없이도 어떤 형태로든 도와줄 것"" ""윤석열 서울 ..."	57	13	5
Wx6OuYulaDM	[문틀란 TV]  윤석열, 이재명에 9% 격차 우위!!	안철수 고민 깊어간다! 포기하자니 계속 고 하자니..	7330	2093	69
zRzHoPVCOO8	[✍🏻사팔랩 브리핑]  1.22(토)  낮 12시 본방송 예고편   K 논문  &#39;대머리 남자는 주걱턱 여자&#39;    그리고 한동훈, 판도라의 상자 서울의소리	정치인물분석 #사팔랩 #박대표 #정치인의운명 #더불어민주당 #김건희7시간통화방송 #이재명후보 #국민의힘 #윤석열 #인물심리 ...	0	56	0
dMXaYlfazvA	33공약과 5% 지지율의 힘		192	89	17
4xtUUriHHsU	[주식강의] SK하이닉스.오픈베이스.초록뱀미디어.카카오뱅크.제넨바이오.엠투엠.HDC현대산업개발	채널에 가입하여 혜택을 누려보세요. https://www.youtube.com/channel/UCswZvtKxLZ0lK6X7i0VpQEw/join 옆집형 ...	28	5	0
YE1u888ueVM	(긴급)열받은 홍준표,지금 막 엄청난 충격입장문!가세연,유트브제재로 중단 뒷얘기!선관위 3천여 전직권,대반란!!조해주, 사퇴관련 숨은 충격적 스토리!	윤석열TV: https://www.youtube.com/channel/UCcl16CxYqlbKQJVCfdhSJVw 윤석열 공식 유튜브 주소입니다. 나라를 살리는 모든 ...	4247	845	0
YUq8ysBSV80	안철수가 답인 궁극적인 이유(1)	안철수가답이다뉴스(안답뉴)는 시청자분들의 소중한 댓글로 제작되는 안철수 후보 순수 지지자운영채널입니다. 진정성있고 자유 ...	5	3	0
7lkEz34dK_c	뭐… 자강론? 피눈물 교훈 잊은 윤핵관 [2022년 1월 22일(토) 정군기의 텐텐뉴스]	0:00:00 오프닝 0:04:00 선관위 직원들 반발 0:09:58 스님 5000명 조계사 집결 0:16:35 문재인 대통령 마지막 순방 0:29:47 대선 후보 ...	5439	1301	46
Wf4W2n-Moc0	긴급특보)윤석열 대전 중앙시장 구름인파 윤석열 연호 김건희 정권교체 유정복 이학재	윤석열 국민의힘 대선 후보가 대전 중앙시장을 방문했다. 시장 상인들은 '정권을 한 번 바꿔야 하지 않겠느냐'며 달라진 대전의 분위기 ...	7	3	0
MW5J2PTERUw	전옥현 출마의 변!(현)윤석열 선대위 국가안보지원단장!(전) 서초갑당협위원장!!(전) 국정원 1차장!!	윤석열TV: https://www.youtube.com/channel/UCcl16CxYqlbKQJVCfdhSJVw 윤석열 공식 유튜브 주소입니다. 나라를 살리는 모든 ...	13366	1948	148
E1kd_pD7viM	윤석열 40% 회복·안철수 다시 한자릿수…&#39;안철수 일화&#39; 주장에 국힘, &#39;안찍명&#39; 반격	윤석열 40% 회복·안철수 다시 한자릿수…'안철수 일화' 주장에 국힘, '안찍명' 반격.	0	0	0
1PIbPh_BEC8	안철수 - Sink Cost 투자이론 (10억 투자해서 잘 안 됐다면..)		0	0	0
Yt5j3q1OQ6A	안철수가 답인 진짜 이유(1) #shorts		20	7	0
Kce-rRbQvz0	2030이 이번 대선에서 여야를 뽑지 않을 가장 큰 이유	윤석열 #이재명 #허경영 #안철수 #2030 #불공정 #선관위 #김장수박사 #고성국 난세에 영웅을 뽑을 것인가? 다 같이 나락으로 갈 ...	12	5	1
