ID	title	description	viewcount	likecount	commentcount
FUweKaVE_eE	이재명, 수도권·청년 집중 공략...윤석열, 충청 구애 2일차 행보 / YTN	[앵커] 대선을 이제 불과 40여 일 앞두고 표심을 얻으려는 여야 후보들의 행보가 분주합니다. 먼저 민주당 이재명 후보는 어제에 이어 ...	1702	29	28
DgaYgstBHVw	윤석열 대통령 후보 필승 김진태 춘천(갑)위원장 당협 결의 대회	윤석열 #김진태 #김진호.	61	1	1
WU_x5-0U6Sw	망신당한 윤석열 &#39;지지층 분열&#39; 발언 떴다ㄷㄷ '지역인재 의무채용 50%로 높일 수 있을 것' - 김건희 박사 논문&amp;비선실세 논란.. 금융권 임원 100인 이재명 후보 지지선언	무식한윤석열망언 #윤석열지역할당제청년들반응 #김건희윤석열비선논란 #이재명금융권임원100인지지 ▣ 황희두 멤버십 후원 ...	30438	14142	448
Nt4YrNZFQso	윤석열 비자금 저수지?!  수상한 거래 그리고 이상한 복지재단	윤석열 #건진법사 #혜우스님 제보 : wprd8794@naver.com 후원계좌 : 국민은행 933502-00-026889 한진희 문자후원 ...	1409	798	64
188BZ_GGG0A	[Live] 1월 22일 세종시 선거대책위원회 필승결의대회		4624	5229	47
3Mz9kcPzxG4	윤석열, 중원 공략 2일차…'세종을 스마트시티로' / 연합뉴스TV (YonhapnewsTV)	"윤석열, 중원 공략 2일차…""세종을 스마트시티로"" 국민의힘 윤석열 후보는 오늘(22일) 세종에서 이틀차 중원 표심 공략 일정을 이어 ..."	60	3	0
QxMKiUXIV6Q	윤석열 후보, 국민의힘 충남도당 선대위 필승결의대회서 ‘지지호소, 승리약속’		33	3	0
fIWNg8aOCQg	윤석열후보!! 세종 선대위 필승결의대회 참석	This stream is created with #PRISMLiveStudio.	1947	571	0
d3ZjFbYrp3M	윤석열후보!! 세종 도시통합정보센터 방문	This stream is created with #PRISMLiveStudio.	2219	794	13
2GpHX2Hh0qI	긴급! 윤석열 방금 세종시 스마트시티 도착!!	정의구현 멤버십 가입 : https://www.youtube.com/channel/UCUNwNXVrWAHQpc8gPp1c6kw/join 자발적 구독료 : KB국민은행 ...	13561	3758	95
CQoY0eU-8qw	[풀영상] 국민의힘 윤석열 세종특별자치시 선거대책위원회 필승결의대회 (22.01.22)	국민의힘 #세종시 #윤석열 #선대위 #필승결의대회 [풀영상] 국민의힘 윤석열 세종특별자치시 선거대책위원회 필승결의대회 ...	4402	1434	0
3pEDpn0E94A	'좋아 빠르게 가' 청년들의 구원투수 윤석열 #shorts	윤석열#국민의힘#이재명#이준석.	5	0	0
U5An0BIXlx0	김건희 녹취록에 대한 윤석열 생각	재미로 봐주세요ㅋ 제작: 시사제작소 맥 #윤석열 #대선 #김건희 #김건희녹취 #내가집권하면 #보복 #중범죄.	11	2	0
RO8rrsVMVJA	윤석열후보 ‘세종시 스마트시티’ 도착		36	7	0
Wx6OuYulaDM	[문틀란 TV]  윤석열, 이재명에 9% 격차 우위!!	안철수 고민 깊어간다! 포기하자니 계속 고 하자니..	7326	2092	69
qmca7T0eSr4	이재명과 윤석열 대본을 달라 #이재명 #윤석열 #후보교체 #후보사퇴 #shorts	윤석열로 못이기는 이유.	3	1	1
bQvy8BYTwm8	곡성... 김건희 윤석열 피처링 법사들	김건희#법사들#윤석열#혼이비정상#대체왜대통령이되고싶은건지#정권교체?#그게목적은분명아닌듯#국민의힘#정권탈취 ...	7	0	0
StgDpL8sWrY	(특종보도) 난리났다 오늘도 윤석열에게 18원을 선물로 보냈다. 큰일났다. 수수료가 400원이다. 합해서 418이다. ㅎㅎ #윤석열#김건희#국민의힘#7시간통화#서울의소리#이명수	(특종보도) 난리났다 오늘도 윤석열에게 18원을 선물로 보냈다. 큰일났다. 수수료가 400원이다. 합해서 418이다. ㅎㅎ #윤석열# ...	55	21	7
j71eL52FK00	윤석열 대통령후보 '세종 도시통합정보센터 방문 (스마트시티)'	This stream is created with #PRISMLiveStudio.	1912	1027	10
64I4O1c8gpU	[김광일쇼] 홍준표 '윤핵관 앞세워 날 구태로 몰아… 캠프 참여 파기'	조선닷컴 공식 홈페이지 http://www.chosun.com 조선일보 무료 구독 체험 http://bit.ly/2WnNAF7 ◈ 사실에 대한 믿음, 할 말을 하는 ...	29486	5225	581
q1adsAbA-RY	[현장영상] 국민의힘 윤석열 '세종시 명실상부한 행정수도 완성할 것'	국민의힘 #세종시 #윤석열 #선대위 #필승결의대회 #행정수도 국민의힘 윤석열 대선후보가 22년 1월 22일 열린 세종특별자치시 선거 ...	41	22	1
4Dl3sJ64pzg	무편집 / 윤석열, 안철수 후보 단일화?!	다겸보살   010-6327-2148 본 영상은 1월 4일 미리 촬영된 영상입니다!! 복채로 구독, 좋아요 부탁드립니다^^ 악성댓글은 싫어요   ...	148	8	0
xNyPyGCw5UE	밤 9시터 한국대학생진보연합 등 아크로비스타  앞  윤석열 후보 아내 김건희 규탄 문화 공연 집회	"""상습공무방해-상습직무유기-상습집회방해로 고발할 수도, 사회기강은 물론 공직기강과 국가기강은 물론 인간기강까지 모두 무너져 ..."	130	6	0
CLQ-dPjm26M	신뢰도 제로 윤석열 윤핵관 #홍준표 #윤석열 #후보교체 #후보사퇴 # shorts		3	0	0
PRmJsJ0WWYs	세종 도시통합정보센터방문  세종선대위 필승결의대회 1월22일	윤석열# This stream is created with #PRISMLiveStudio.	5732	1852	0
qnuNXNBq6YU	[중앙선관위 해부] '선관위 2.900명 다 들고 일어났다.'  2022/1/21(금) 자가스튜디오	유튜브 검색창에 태극 FM 생방송, 참 좋은 연설 모음 입력 후 클릭 후원 [농협 217068/56/117091 김 용선]	142	27	0
aJjtkPJ1YxU	윤석열 대통령후보 '세종 선대위 필승결의대회 참석'	This stream is created with #PRISMLiveStudio.	144	68	3
TfSnBtQAMFM	[충격]'내가 집권하면...'김건희는 최순실이다	대통령선거 #김건희 #윤석열 #7시간 #국정농단 #최순실 #MBC #스트레이트 #국민의힘 #녹취록 김건희 녹취록을 통해 공개된 ...	45	30	4
HRKQd5ZRSIc	[토윤응] 윤석열과 김건희, 선무당이 나라 망친다	[토윤응] 윤석열과 김건희, 선무당이 나라 망친다 #윤석열 #김건희 #무당 #무속 #미신 #건진법사 #천공스승 #내가더쎄 #최은순 ✓일시 ...	0	204	0
xnPhelstpkU	[7358] 김건희 집권 성공, 개표 프로그램 제작자 매수에 성공했나?	"""지금 이제 뭐 대통령 선거가 1년이 남았어? 뭐 얼마가 남았어? (대통령) 다 됐는데 이제."" 지난 12월 9일 오후 8시 40분께, 김건희( ..."	68	10	3
DPynBcJzqIE	[MBN 프레스룸] &#39;프레스룸이 간다&#39; 김재원 국민의힘 최고위원	"[진행] 김은미 앵커 [출연자] 김재원 국민의힘 최고위원 김재원 ""김종인, 선대본부 직 없이도 어떤 형태로든 도와줄 것"" ""윤석열 서울 ..."	57	13	5
ewM88dBEoEY	현장취재)세종시,필승으로 화답!	윤석열후보#세종시결의대회#필승.	1877	547	0
3x8UmZGsEqA	탄핵무효, 자유민주주의 수호, 이재명 윤석열 아웃!, 우리공화당 총력투쟁	with CameraFi Live.	0	21	0
EsJo_whXY4c	최순실vs김건희 ?정권교체??? 그게 목적이 아닌 것 같소만;;;	김건희#윤석열#국민의힘 #김건희#법사들#윤석열#혼이비정상#대체왜대통령이되고싶은건지#정권교체?#그게목적은분명아닌듯.	1	0	0
Wf4W2n-Moc0	긴급특보)윤석열 대전 중앙시장 구름인파 윤석열 연호 김건희 정권교체 유정복 이학재	윤석열 국민의힘 대선 후보가 대전 중앙시장을 방문했다. 시장 상인들은 '정권을 한 번 바꿔야 하지 않겠느냐'며 달라진 대전의 분위기 ...	7	3	0
HFBjcqQxgNw	홍준표 대구시장 받고 다음 대선 간다. 귀인이 돕는다	홍준표 #주역점 #타로점 #박근혜 #윤석열 #이재명 #대선 #국민의힘 #시사 #정치 ⭐️필립법사 소개⭐️ 불교학과 졸업 불교학 ...	83	4	3
-V5JfREvvjM	[생중계] 김건희를 수사하라! 서초동 차량행진	김건희 #윤석열 #아크로비스타 [생중계] 김건희를 수사하라! 서초동 차량행진 일시 : 2022년 1월 22일 오후 1시 30분 후원안내 ※ 일시 ...	0	14	0
MW5J2PTERUw	전옥현 출마의 변!(현)윤석열 선대위 국가안보지원단장!(전) 서초갑당협위원장!!(전) 국정원 1차장!!	윤석열TV: https://www.youtube.com/channel/UCcl16CxYqlbKQJVCfdhSJVw 윤석열 공식 유튜브 주소입니다. 나라를 살리는 모든 ...	13366	1948	148
dZ8MNW4Hxx0	김건희 학위 yuji 가능? #shorts	제작: 시사제작소 맥 #shorts #김건희 #윤석열 #거짓말 #사기죄 #위조 #이력서 #7시간 #뉴욕대.	7	2	0
BZxhwAHJueA	대전 전격 방문 날리다!!!	속도 붙는다 정권 교체 윤석열이 해낸다 압도적으로 정권 교체!!!	57	3	0
5zjGai9gWDc	대선, 이 영상으로 끝! 대선 후보 끝판 정리/김종인급 전략 제안 (이재명, 윤석열, 안철수, 심상정, 김동연, 허경영 순)	이재명 #윤석열 #안철수 #심상정 #김동연 #허경영 #문재인 #홍준표 #이낙연 #김종인 #박근혜 #유승민 #강용석 #김부선 #이재용 ...	14	2	0
rQtvE7KUyAc	김건희의 7시간 그리고 굿힘당 [시사금광]	김건희 #굿힘당 #김건희7시간 #홍준표 - 똥파리와 딥페이크 탄로 - 김건희 7시간, 왜 모두 공적인가? 김건희 7시간 통화 녹취록 공개 ...	1430	360	4
jgpSykDVj5E	김건희 와 윤석열 이  허위이력 사과한 이유 #shorts		16	5	0
EHuUsAv1vkA	홍준표, 최재형을 종로 공천 요청한 이유! 권영세 방자하다! #shorts	홍준표 최재형 권영세 이준석 윤석열 이진훈 회동.	422	119	14
eNO025G7gtQ	💥이재명 후보 .. 경제가 성장하는 나라 내가 만들겠다.. #shorts	청년의소리 정말 리얼한 청년들의 목소리 여러분의 구독과 좋아요가 큰 힘이됩니다 ...	0	0	0
Cx_fytI9Tpo	야권분열책에 휘말리는 윤석열 자강론/어디 선관위 뿐이겠나? *자발적구독료 국민은행 820 210 326871	선거의 가장 큰 원인은 불안정한 통계치를 믿고 분열구도에서 선거를 치르는 일이다. 지금 야권의 가장 큰 적은 분열이고, 국민의 힘 ...	34	12	0
kVm94oCXEJU	망가지는 후보들…시원하게 비튼 정치풍자가 돌아왔다 / 연합뉴스TV (YonhapnewsTV)	망가지는 후보들…시원하게 비튼 정치풍자가 돌아왔다 [앵커] 대선이 다가오지만 정치뉴스를 보면서 이맛살이 찌푸리는 사람들이 ...	267	3	1
jITEmPSb2B4	이재명, 윤석열 후보의 이상한 사과법 -허경영-	허경영 #틱톡 #1950hky #롸잇나우 #shorts #대통령 #후보 #정책 #국가혁명당 #정치인 #공약 허경영 틱톡 시작했어요~ 롸잇나우 ...	3	0	0
ffS8DQ-dhnA	홍준표 대구시장 출마설의 진위는?공천가능성 있나요?	홍준표#윤석열#최재형#보궐선거 상담후원계좌 농협 913 02 373338 윤동경 사주작명상담 010 8483 2330 가람법사 좋은 이름작명 ...	294	49	2
d_HjPYxwHK8	동시에 자취 감춘 &#39;건진법사&#39;와 주변들..스승도 잠적·홈페이지 줄폐쇄	"유튜브 이송원TV 1월 22일(토) 오전 9시에 文, 독도그림 설 선물 ""日대사, 반송 후 항의"" 이재명 '35조 추경 논의'대선 후보 회동 제안 ..."	8249	4038	11
