ID	title	description	viewcount	likecount	commentcount
fc3NHYurU6s	이재명, 경기 매타버스 2일차…경기도 공약 발표 - [끝까지 LIVE] MBC 중계방송 2022년 01월 24일	이재명 더불어민주당 대선후보는 오늘(24일) '매타버스(매주타는 민생 버스)'를 타고 경기도 용인, 이천, 여주, 양평, 성남, 광주시로 향 ...	3352	546	16
vwPiAydqjnk	더불어민주당 이재명, [매타버스] 이천, 민심 속으로! - [끝까지 LIVE] MBC 중계방송 2022년 01월 24일	이재명 더불어민주당 대선후보는 오늘(24일) '매타버스(매주타는 민생 버스)'를 타고 경기도 용인, 이천, 여주, 양평, 성남, 광주시로 향 ...	3367	606	16
jx75HGD-MAA	이재명, &#39;정치적 고향&#39; 경기도 순회…'GTX 2개 노선 신설' / SBS	민주당 이재명 대선 후보는 오늘(24일) 성남시를 비롯해 자신의 정치적 고향인 경기도 시군 6곳을 순회합니다. 경기도 지역 공약도 ...	1344	15	34
xV_2L4jJI1k	이재명, 'GTX 플러스·1기 신도시 지원' / SBS	더불어민주당 이재명 대선 후보는 오늘로 이틀째 '매타버스'를 타고 경기 용인, 이천, 여주, 양평, 성남, 광주시를 훑습니다. 이 후보는 ...	2850	50	22
TemYtMb5rMM	[현장영상+] '내로남불 질책 틀린 말 아냐' 사과한 이재명, 경기도 공약 발표 / YTN	[앵커] 더불어민주당 이재명 대선 후보가 자신의 정치적 고향인 경기도를 찾아 표심 공략을 이어가고 있습니다. 오늘은 경기도 공약을 ...	2707	143	140
ok08Sk07w8Y	[현장영상] 이재명 'GTX 신규노선 추가·1기 신도시 재건축 규제 완화' / JTBC News	민주당 이재명 대선 후보가 정부의 부동산 정책 실패를 거듭 사과하며 주택 311만 호를 공급하겠다는 부동산 공약을 내놨습니다.	269	10	7
M3WwDuFBoaw	이재명, 또 사과·큰절…'완전히 다른 정치로 보답'  / 연합뉴스 (Yonhapnews)	(서울=연합뉴스) 더불어민주당 이재명 대선후보가 24일 국민들을 향한 사과와 새로운 정치의 각오를 담겠다며 또 다시 '큰 절'을 ...	802	11	19
YSA89vU8EsY	[이재명, 경기 공약 발표] 1월 24일 (월) 풀영상 / 디지털 only	민주당 이재명 대선 후보가 정부의 부동산 정책 실패를 거듭 사과하며 주택 311만 호를 공급하겠다는 부동산 공약을 내놨습니다.	2005	94	20
e4XXZxZfcAI	이재명 '선거 지면 감옥 갈 듯'...발언 배경은? / YTN	진행 : 김선영·김대근 앵커 □ 출연 : 추은호 / 해설위원 * 아래 텍스트는 실제 방송 내용과 차이가 있을 수 있으니 보다 정확한 내용은 ...	3550	79	125
jjIu-iN0Rlc	이재명 '성남, 경기 최고 도시로 만들었다. 미래 열어드리겠다' / SBS	이재명 더불어민주당 대선후보가 경기 이천 문화의 거리에서 시민을 만나고 있습니다. 실시간으로 전해 드립니다. #SBS뉴스 #8뉴스 ...	2819	90	21
1P-LMqKb2Ho	[풀영상] 더불어민주당 이재명 후보, 경기도 공약 발표/1월 24일	더불어민주당 이재명 대선 후보는 오늘(24일) 경기도 공약을 발표했습니다. 이 후보는 오늘 오전 용인에서 경기도 공약을 발표한 뒤 ...	2863	125	28
o2KI16qRH8c	[풀영상] 더불어민주당 이재명 후보, 이천 중앙로 문화의거리 방문/1월 24일	더불어민주당 이재명 대선 후보는 오늘(24일) 경기도 매타버스 일정을 이어갔습니다. 오늘 오전 용인에서 경기도 공약을 발표한 이 ...	1051	84	0
kVhGHzV4l-s	새로운물결 광주시당 창당대회…김동연, 이재명·윤석열에 토론 제안 / JTBC 아침&amp;	1. 베이징올림픽에 유은혜 참석 가능성 다음 달 4일 중국에서 열리는 베이징 동계올림픽에 유은혜 사회부총리가 한국 정부를 대표해 ...	636	8	4
xKhSBGlmv9w	[뉴스라이브] 이재명, 연일 &#39;윤석열 때리기&#39;...이번엔 &#39;감옥&#39; 언급 / YTN	진행 : 김선영·김대근 앵커 □ 출연 : 추은호 / 해설위원 * 아래 텍스트는 실제 방송 내용과 차이가 있을 수 있으니 보다 정확한 내용은 ...	1870	39	63
_K-oX6qz89c	[속보] 이재명 측 7인회 '이재명 당선돼도 임명직 안 맡겠다' 선언 / YTN	"이재명 측 7인회 ""이재명 당선돼도 임명직 안 맡겠다"" ▷ 자세한 뉴스 곧 이어집니다. YTN 이만수 (e-mansoo@ytn.co.kr) ※ '당신의 ..."	31333	859	520
ecvvNXyaBxI	신문브리핑 1 '이재명 '내가 대선서 지면, 없는 죄로 감옥 갈 듯'' 외 주요기사 [아침&amp;매일경제]	"(매경)신문브리핑 1 ""이재명 ""내가 대선서 지면, 없는 죄로 감옥 갈 듯"""" 외 주요기사(0124) #아침앤매일경제 #신문브리핑 #이상훈앵커 ..."	609	23	22
tLcBz5Tvg4E	대선 D-44, 이재명 “310만호 주택 공급”…윤석열 “육아재택근무 보장”	대선을 44일 앞둔 시점에 주요 후보들의 공약은 역시 부동산 정책에 집중되고 있습니다. 주말 새 나온 후보 공약 관련해 우형준 기자와 ...	13	0	0
P3eF0P7yPd4	[생중계] 이재명 후보, 매타버스 시즌2 민심 속으로! 이천편 / [긴급분석] 김건희 '나는 후보' 녹취록 파장, 최순실 시즌2? - 안진걸 (2022.01.23 오전)	"[생중계] 이재명 후보, 매타버스 시즌2 민심 속으로! 이천편 / [긴급분석] 김건희 ""나는 후보"" 녹취록 파장, 최순실 시즌2? - 안진걸 ..."	26153	0	4
y1FHZK5voyc	'사과 아닌 사죄드린다' 큰절한 이재명	이재명 더불어민주당 대선후보는 24일 오전 경기도 용인시 포은아트홀에서 열린 경기 공약 발표 전국민들께 큰절을 올렸다. * '매월 1 ...	47978	0	988
kbODhPPI4Co	[LIVE] &#39;홈커밍31&#39; 이천, 민심 속으로!	이재명 #이천.	6989	3700	52
1Gg23ovurSg	용한 무속인에게 이재명의 현재 심리와 운기를 물어봤습니다	이재명 #심리 #운기 ☆천광궁 함께 해결하는 진실 상담 : 010-5378-5886 카카오톡 : trb49 ☆덕분TV 촬영문의 010-7700-2318 ...	1071	119	8
bKyAQIP3Gbo	[부동산 공약] 이재명, 각종 철도망 신설 및 지하철 노선 연장	[이재명 신규 공약] 이재명, 각종 철도망 신설 및 지하철 노선 연장 비즈엠 홈페이지▷https://vo.la/lPiQL 비즈엠 페이스 ...	3	0	0
p_HZ0BfkuJs	[생중계] 이재명 후보, 경기 공약 발표 (2022.01.24 오전)	[생중계] 이재명 후보, 경기 공약 발표 (2022.01.24 오전) #이재명 #매타버스 #경기공약 #2022대선 #오마이TV * '매월 1만원' 자발적 ...	12136	0	50
4WJd4XDGHvY	1/24(월) - [인터뷰] 화산 통가 현지/ 이재명 지지율 전략(강훈식)/ [뉴스닥] “김건희 무속 수렁 윤석열”(↓) “제발저린 이재명”(↓)/ 시사 기상도 [김현정의 뉴스쇼]	1월24일(월) 김현정의 뉴스쇼 ▣ 라이브 방송 안내 뉴스쇼 라이브 방송 | 매주 월~금 오전 7시20분~9시 댓꿀쇼 라이브 방송 | 화·금 주 2 ...	119771	2497	106
o7Q7CxmaWZU	뉴스A 라이브 / 이재명 “대선 지면 감옥 갈 듯”, 또 터진 ‘재판거래 의혹’	[뉴스A 라이브] 채널A 뉴스A 라이브 (12:00~13:20) [채널A 뉴스·시사 프로그램 방송시간] 〈평일〉 08시 50분 김진의 돌직구 쇼 12시 00 ...	20	6	0
mWA71AfS-d8	[현장연결] 이재명 'GTX 신규노선 추가·1기 신도시 재건축 규제완화' / 연합뉴스TV (YonhapnewsTV)	"[현장연결] 이재명 ""GTX 신규노선 추가·1기 신도시 재건축 규제완화"" 이틀째 경기 지역을 순회하고 있는 더불어민주당 이재명 대선 ..."	224	7	2
USQbL9_fuyo	[풀영상] 이재명 대선 후보, 경기도 공약 발표 / 연합뉴스TV (YonhapnewsTV)	더불어민주당 이재명 대선 후보가 경기 지역 정책 공약을 발표합니다. - 장소 : 경기 용인 포은아트홀 - 화자 : 이재명 더불어민주당 대선 ...	1287	87	3
ZAYiuwsT33k	1월 24일 (월) 이재명 '대선 지면 감옥 갈 듯'... 왜?/윤석열 자강론, 안철수·홍준표 없이 될까?/개인자산 줄줄이 하락.. 배경은?/토론은 두근두근 - 현근택 vs 이두아	2022년 1월 24일 월요일 SBS 김태현의 정치쇼 생방송 [1부] 뉴스 온더 블럭 ﻿(뉴스브리핑) - 최형창 세계일보 기자 [2-3부] 뉴스 싹쓰리 ...	444	18	0
ij2h0pLb4oI	[최경영의 최강시사] 비슷한 공약 발표하는 이재명-윤석열 - 민동기 기자 + 김민하 시사평론가｜KBS 220124 방송	[뉴스 언박싱] '오늘 아침, 가장 뜨거운 뉴스' ㆍ빠르게 확산되는 오미크론 변이 ㆍ김건희 녹취록 추가 공개, 내용은? ㆍ이재명, 대규모 ...	1510	87	10
cufPL5MQed4	李 '수도권 30분대 생활권'...尹 외교·안보 &#39;강한 지도자상&#39; / YTN	[앵커] 어제부터 정치적 고향인 경기도를 훑고 있는 더불어민주당 이재명 후보는 '수도권 30분대 생활권'을 목표로 GTX 추가 신설 등 ...	960	36	33
rIzTjmzqK2U	[생방송] 이재명 후보, &#39;걸어서 민심 속으로&#39; 여주 방문 &#39;우리동네 특급맛집&#39; 경기도 배달특급	[생방송] 이재명 후보, '걸어서 민심 속으로' 여주 방문 '우리동네 특급맛집' 경기도 배달특급 #이재명 #경기도 #걸어서민심속으로 ...	4093	1530	0
6yc9VIgl_6g	현근택 '윤석열 무속 수렁 빠져' vs 김근식 '이재명 감옥行? 제발 저려'	〈민주당 선대위 현근택 대변인〉 윤석열, 자기한테 맞서면 끝까지 털어 주변에 檢출신 많아, 검찰공화국 우려 무속 논란, 김건희 아닌 ...	5588	205	92
QRfVU00w8eM	(생중계) 2022.1.23. 이재명 후보 - [매타버스] 이천, 민심 속으로!	팩트TV 보도채널 추진 트레일러 방송 # 팩트TV플러스 제작비 후원 □후원신청(링크 클릭) : https://forms.gle/UwQ2Fggei8i1VSne7 ...	1141	438	0
cD0XoD4OUyE	#shorts #내가_이재명을_지지하는_이유 #4050 #우리가_이재명이다	"부산시민들이 직접 전하는 ""내가 이재명을 지지하는 이유"""	48	4	0
l01zOIavSXA	[생방송] 이재명 후보, 경기 공약 발표	[생방송] 이재명 후보, 경기 공약 발표 #이재명 #경기도 #매타버스 #나를위해 #합니다 #공약발표 ✓일시후원: 국민은행 ...	4646	1218	14
Q3ZDV-CmXXc	FBC 단독 보도 이재명 설날에 큰 사건 터집니다.	채널에 가입하여 혜택을 누려보세요. https://www.youtube.com/channel/UCULYn1zisR91e3tZZ4tFi1A/join #이재명 #윤석열 ...	1059	303	13
xtNSItiYsv4	김만배의 이재명 은수미의 재판거래 의혹, 패턴이 비슷한 사법 농단	김만배를 통해 재판결과를 뒤집는다면, 누가 대한민국 재판을 신뢰할 것인가.	22077	6293	291
VNJdHSj2IfY	이재명,  &#39;홈커밍31&#39; 이천, 민심 속으로!  [LIVE]	이재명 #이재명공약 #이재명대선.	1213	597	4
qYv1Zt3Lprs	[LIVE] 이재명 후보 - [매타버스] 이천, 민심 속으로 생중계		2821	1322	5
bwVqDN7rgA4	(생중계) 2022.1.24. 이재명 후보 - [매타버스] 경기 공약 발표	팩트TV 보도채널 추진 트레일러 방송 # 팩트TV플러스 제작비 후원 □후원신청(링크 클릭) : https://forms.gle/UwQ2Fggei8i1VSne7 ...	546	186	4
Yt7dmsmM3iQ	이제명 또 터졌다 새책 민주주의의 적 이재명! #이재명X파일 #깨시연 #이재명전과4범	자율적구독후원 : 하나은행 : 106-910488-13707 (박*옥) 해외페이팔 후원링크 : https://www.paypal.me/jungsungsantv 문의 ...	4583	1597	56
l2F1bwF-96o	[1분정리]더불어민주당 이재명 대선 후보, GTX  공약 정리	더불어민주당 이재명 대선 후보가 24일 오전 경기도 용인시 용인포은아트홀에서 경기도 정책 공약 발표를 했습니다. 첫번째로 GTX ...	7	0	0
vJnaT-lLMhc	김건희 녹음 방송이후 윤석열 상승세 굳힌듯, 이재명에 두자리수 앞서는 결과도. 이재명 오늘도 큰절 사과	김건희 녹취 공개에도 불구하고 상승세, 이재명은 형 형수 파일로 타격.	6728	1759	107
jyuk4-LSUyo	이재명 후보의 핵잠수함 공약, 현실적으로 가능할까? - 「이재명의 안보본진」 ‘안보’도 이재명이다  2022 대선 특집	시사타파TV×주블리 김병주 '안보'도 이재명이다! 김병주 의원이 매주 더불어민주당 이재명 대통령 후보의 안보·통일·외교 분야 공약을 ...	84	47	3
tw1_U_T9das	새로운 시도, OO공약 발표! ※탈모공약아님주의※	shorts #재명이네마을 #이재명_지방공약.	428	203	25
qSpeU1bPZ8M	이재명, 경기도 공약발표  [LIVE]	이재명 #이재명공약 #이재명대선.	1575	495	5
FFcII5b8RGg	'민주당이 부족했다'...이재명, 경기도의원 30여명과 &#39;큰절&#39; 사과	이재명 더불어민주당 대선후보가 24일 오전 경기도 용인시 포은아트홀에서 경기지역 공약 발표에 앞서 경기도에 지역구를 둔 민주당 ...	30	1	1
2G2Zeftbm2c	이재명 감옥은 운명 #shorts	shorts.	2111	497	22
QmHiOvbelTo	[쇼츠] 눈물 없이는 볼 수 없는 이재명 유세 현장	시사뉴스 우동균 멤버십으로 함께해주세요! https://www.youtube.com/channel/UClayC1t68fV2ke1StodmGLA/join #이재명 #윤석열 ...	1425	290	10
6YDJ4UhWP2E	장예찬 '이재명 최소한 자격 인정 받으려면, 형수·조카 찾아가 사과해라'	장예찬 중앙선대본부 청년본부장이 24일 국회에서 열린 선거대책본부 회의에서 이재명 후보에게 여당 후보로써 최소한의 자격 인정 ...	535	63	7
