ID	title	description	viewcount	likecount	commentcount
IQl1aDjjpgw	[최고의 5분] 안보 포퓰리즘 외친 이재명 후보의 속마음은? MBN 220124 방송	판도라 258회 최고의 5분 [이재명 후보의 속마음] #판도라 #이재명 #윤석열 #탁석산 #포퓰리즘 #MBN ☞ MBN Entertainment 구독 ...	768	36	6
CJcTh86VXSc	더불어민주당 이재명, 농업 공약 발표 - [끝까지 LIVE] MBC 중계방송 2022년 01월 25일	이재명 더불어민주당 대선후보는 오늘(25일)` 매타버스(매주 타는 민생 버스)`를 타고 경기 북동부를 훑습니다. 이 후보는 오전 9시 30 ...	10593	1065	70
7qcbZsg-7S4	더불어민주당 이재명, 가평, 민심 속으로! - [끝까지 LIVE] MBC 중계방송 2022년 01월 25일	이재명 더불어민주당 대선후보는 오늘(25일) ` 매타버스(매주 타는 민생 버스)`를 타고 경기 북동부를 훑습니다. 이 후보는 오전 9시 30 ...	3121	462	23
jhVEsM93O9U	[에디터픽] &#39;큰절에 눈물까지&#39;…이재명, YTN 출연서 밝힌 속내는? / YTN	더불어민주당 이재명 대선 후보가 YTN에 출연했습니다. 자신과 가까운 7인회 '백의종군 선언'을 잘한 일이라고 평가하며 인적 쇄신은 ...	39500	2215	0
SqDVewqUrZk	이재명 '100만원 이내 농어촌 기본소득…에너지판매로 햇빛연금' / SBS	"더불어민주당 이재명 대선후보가 포천시 농업기술센터에서 농업 공약을 발표했습니다. 이 후보는 ""농어촌에 거주하는 주민들에게 1 ..."	2540	45	23
0CcHXAccrk8	[이재명, 농업 공약 발표] 1월 25일 (화) 풀영상 / 디지털 only	더불어민주당 이재명 대선 후보는 25일 '매타버스(매주 타는 민생 버스)'를 타고 경기 북동부를 훑는다. 이 후보는 이날 포천에서 농업 ...	3699	190	19
r-3aFjdW67I	설 앞둔 민심은…이재명 &#39;정체&#39; 윤석열 &#39;상승&#39; 안철수 &#39;주춤&#39; / JTBC 아침&amp;	설 연휴를 앞두고 JTBC가 실시한 여론조사 결과, 이재명 후보와 윤석열 후보가 여전히 오차범위 안에서 선두 다툼을 하고 있었습니다.	1366	19	60
6btLZDINdV8	[풀영상] 더불어민주당 이재명 후보, 농업 공약 발표/1월 25일	더불어민주당 이재명 대선 후보는 오늘(25일) 농업 공약을 발표했습니다. 이 후보는 오늘 오전 포천시농업기술센터를 방문해 농촌 ...	1928	150	13
HkZsGKOp6kI	&#39;야권 단일화&#39; 윤석열·안철수 중 누가 되든 이재명과 접전 / JTBC 아침&amp;	야권 단일화에 대한 의견도 물었습니다. 성사가 된다면 윤석열, 안철수 둘 중 어느 후보가 나서든 이재명 후보와 오차범위 내 접전 ...	4120	88	73
28qOF2gR6dE	불안한 지지자들에게 희망 주는 이재명 연설 '1초만 생각해봐. 우리 국민은 위대하다'	포천을 찾은 이재명 후보는 경기도지사 당시 포천 지역을 위해 했던 북부 지역 개발이 가능했던 것은 남부 지역 주민들의 이해가 ...	3052	687	61
_6uVAJkAhCg	절박한 이재명…오전엔 큰절, 오후엔 눈물 | 김진의 돌직구 쇼 918 회	절박한 이재명…오전엔 큰절, 오후엔 눈물 | 김진의 돌직구 쇼 918 회 한국 오전엔 큰절, 오후엔 눈물…李의 '절박한 읍소' 통할까 서울 ...	668	28	34
09XqPn1JXQE	한국장애인건설노동조합, 이재명 후보 지지 선언 | 전주MBC 220125 방송	한국장애인건설노동조합 전북지역 조합원들이 이재명 대선후보 지지를 선언했습니다. 조합 시군지부장들은 오늘(24) 도의회 광장 ...	6	3	0
lyzOjybMc70	[LIVE] 농업공약발표	이재명 #농업_앞으로_제대로.	11288	4275	118
yWmbjcYVES8	이재명 최측근 7인회 “李 당선돼도 임명직 안 맡을 것” | 김진의 돌직구 쇼 918 회	이재명 최측근 7인회 “李 당선돼도 임명직 안 맡을 것” | 김진의 돌직구 쇼 918 회 서울 與, 86 용퇴론 이어 '이재명 7인회' 백의종군 선언 ...	257	5	7
B5b9q3hB-J0	[현장영상] 이재명 '농어촌 주민 1인당 100만원 기본소득…은퇴 농업인엔 연금·텃밭 지급' / JTBC News	JTBC유튜브 구독하기 (https://bit.ly/2hYgWZg) ☞JTBC유튜브 커뮤니티 (https://bit.ly/2LZIwke) #JTBC뉴스 공식 페이지 (홈페이지) ...	307	10	12
GvBAaTa4SW4	이재명의 눈물	감동주의 #눈물주의 #이재명 #이재명연설 #이재명레전드 #이재명레전드연설 #이재명눈물 #이재명이흘린눈물은우리의마음을 ...	108	17	3
AJdbskDbZWc	[생중계] 이재명 후보, 매타버스 시즌2 민심 속으로! 가평편 (2022.01.25 오전)	[생중계] 이재명 후보, 매타버스 시즌2 민심 속으로! 가평편 (2022.01.25 오전) #이재명 #매타버스 #가평 #2022대선 #민심속으로 ...	9026	0	29
frbD4YYifgg	이재명 vs 윤석열, 간접 비교 60초 토론...1. 부동산 편	이재명 vs 윤석열, 간접 비교 60초 토론...1. 부동산 편 #출처:우희종소리TV #유권자가만드는60초대선토론.	1640	709	50
o67lKTIkMEU	[천기누설] 121화 - JB의 열변! “민주당이 죽어야 이재명이 산다” (김종배 &amp; 박지훈)	2022년 01월 25일 [천기누설] 멋털도사 김종배와 얼쑤무당 박지훈이 풀어놓는 놀라운 이슈분석! 매주 화, 목요일 오전 8시 30분에 ...	20248	2119	249
FBIo_iyKBAc	울고불고 무릎꿇고 좌충우돌 이재명, 이제 막가자는 것인가! / [박찬종TV]		959	314	21
zL2MZTL1Iok	송영길 '총선 불출마·종로 무공천'...李·尹, 나란히 농업공약 / YTN	[앵커] 더불어민주당 송영길 대표가 긴급 기자회견을 열고 당 쇄신을 위해다음 총선에 불출마하고, 3월 재보선에 종로와 안성, 청주 ...	2410	42	44
HUI6IHJPN5c	[생중계] 이재명 후보, 농업 공약 발표 (2022.01.25 오전)	[생중계] 이재명 후보, 농업 공약 발표 (2022.01.25 오전) #이재명 #매타버스 #농업공약 #2022대선 #오마이TV * '매월 1만원' 자발적 ...	11180	0	67
fLt-4_lGeTk	더불어민주당 대선후보 이재명 가평읍 방문 #shorts		4	0	0
qrsp-nJUHbk	[뉴스라이브] '상처 그만 헤집어 달라'...유세 중 눈물 흘린 이재명 / YTN	진행 : 김선영 앵커, 김대근 앵커 □ 출연 : 김수민 / 시사평론가 * 아래 텍스트는 실제 방송 내용과 차이가 있을 수 있으니 보다 정확한 ...	2275	104	165
WtnmVnxOssk	추가로 공개된 김건희 녹취록 파문과 지지율 정체에 속 타는 이재명[예언해줌]	추가로 공개된 김건희 녹취록 파문과 지지율 정체에 속 타는 이재명 ▷한겨레TV 온라인 쇼핑몰 마켓하니 http://www.markethani.com ...	4045	363	0
0kbPyXPDTqQ	[생방송] 이재명 후보, &#39;걸어서 민심 속으로&#39; 가평철길공원	[생방송] 이재명 후보, '걸어서 민심 속으로' 가평철길공원 #이재명 #가평 #경기도 #거리걷기 #매타버스 #나를위해 #합니다 #공약발표 ...	8344	2248	59
Z9z3hkdarpo	이재명 성남시장 눈물의 큰 절 VS 윤석열 '쇼는 안합니다' [황보선의 출발 새아침] / YTN라디오	YTN라디오(FM 94.5) [황보선의 출발 새아침] 우리의 이슈가 뉴스를 바꿉니다. 세상을 깨우는 황보선의 출발 새아침 중심잡힌 시선으로 ...	220	8	6
3XQJ1U55ukE	[강원 대전환 선대위 출범식] 국회의원 허영 출범사  #이재명 #강원 #선대위	이재명 #강원 #선대위 이재명 대통령 후보 강원 대전환 선대위 출범식 [2022년 1월 23일 일요일 오후 3시 30분] - 강원도의 운명을 ...	29	10	1
ZqCD3E0ysTY	변발헤-문 대통령 중동 방문이 여행?/이재명 ‘세대 포용론’/윤석열 ‘전쟁’ 공약/건진법사는 코바나콘텐츠 고문	멤버쉽 링크 - https://www.youtube.com/channel/UCkI2g2FvX-haxXqqDMqc96A/join 송작가TV몰 링크 ...	4342	1664	33
QldUoOYkpKw	[풀영상] 이재명 대선 후보, 농업 공약 발표 / 연합뉴스TV (YonhapnewsTV)	이재명 대선 후보가 포천 농업기술센터를 찾아 농민을 위한 농업 공약을 발표합니다. #이재명 #대선 #농업공약 ▣ 연합뉴스TV 유튜브 ...	942	49	2
mYkoRuu8zcs	성남 찾아 울먹인 이재명…'공정하게 시정 수행하려던 노력'민ㅣ김어준의 뉴스공장_류밀희의 이알뉴(20220125)	"1월 25일(화) 김어준의 뉴스공장 [이 정도는 알아야 할 아침 뉴스] - 류밀희 기자 (TBS) 07:24 코로나19 주요 뉴스 06:46 이재명 ""GTX ..."	29	5	1
ooQxlYAAzRI	이재명 지지선언 feat. 한반도 평화통일 인사 1171명  LIVE	일시후원: 국민은행 794001-04-154041 서울의소리(강경자) ✓전화후원: 1877-1590 ✓정기후원: ...	6522	1741	108
L6CPepPLcuk	눈물 질질 인간적(敵)인 이재명	인라이트 스쿨 구독계좌 : 하나은행 403-910045-18704 주식회사 인라이트스쿨.	1008	188	6
N1z-OAHx_as	이재명의 눈물	"유튜브 이송원TV 1월 25일(화) 오전 9시에 대통령님 마지막 순방 소식 이재명의 눈물 미 전문지 ""아마추어 윤석열 '모 아니면 도'."	8073	3036	10
YHNE0KCeH0E	송영길 멸공발언에 민주당, 이재명캠프 발칵 뒤집어졌다! #송영길멸공 #송영길625 #이재명전과4범	자율적구독후원 : 하나은행 : 106-910488-13707 (박*옥) 해외페이팔 후원링크 : https://www.paypal.me/jungsungsantv 문의 ...	4069	1148	61
pUTGIEqfuZo	1/25(화) &#39;이재명·윤석열&#39; 설 토론회 최종 승자는?_노영희의 뉴스인사이다[청정시대]	1월 25일 (화) 노영희의 뉴스인사이다 ▷ 청정시대 이경 더불어민주당 선대위 대변인 양준우 국민의힘 대변인 - 검찰, 尹 '신천지 압수 ...	1050	162	14
HuYASwKcJ50	[대한민국 텅와대] 이재명 160분 녹취파일! 최초 공개합니다?!	총 34개의 파일, 160분 분량의 이재명 육성 녹음 파일! 장영하 변호사가 공개하기 전에 먼저 공개하겠습니다! 과연 어떤 내용이 담겨 ...	2803	1546	58
zeZ8hokDSB4	이재명 후보, 농업 공약발표 in 포천	NGN뉴스 공식 채널입니다. 경기도,가평,포천,연천,남양주,의정부 뉴스 #이재명후보#더불어민주당#포천 http://www.ngnnews.net ...	5	0	1
EM9bhT6PYsg	연설 도중 눈물 흘린 이재명…무슨 일?	이재명 더불어민주당 대선후보가 24일 오후 경기 성남시 중원구 상대원시장에서 열린 '매타버스' 성남, 민심속으로! 행사에서 즉석 ...	7	1	0
7MFAIQspveY	[KBS 사사건건] 최형두 '이재명믿지마 vs 윤석열묻지마 대선구도, 이재명신뢰위기 vs 정권교체가열 , 586 기득권. 2030 불평등의세대 만들었다	"2022년 1월 24일 KBS 사사건건 최형두 #윤석열 #이재명 - ""믿지 마"" 이재명 후보, 정책말바꾸기‧책임회피‧과거왜곡‧비리의혹‧전과‧ ..."	8	2	0
8UJPIIku8yc	박근혜대통령 대국민 기자회견...與野 대선후보 이재명 윤석열의 최후! 2월달을 못넘긴다...	박근혜사면 #이재명 #윤석열 공포의 2월... #기자회견 #대선후보 #탄핵세력.	5168	1246	60
TNnemyIoqoo	[풀영상] '저부터 내려놓겠습니다' 이재명 지지율 답보 상태 타개 위한 송영길의 고강도 쇄신 조치	송영길 더불어민주당 대표가 10일 차기 총선 불출마를 선언했다. 서울 종로 등 3월 9일 대선과 함께 치러지는 보궐선거 지역구 3곳에 ...	65	5	2
gX-mGZM940g	이재명, 가평이 디비진다. 가평철길공원 방문 현장입니다.	이재명 #매타버스#경안시장 깨어있는 민주시민 정치타파 유튜버 억강부약ㆍ대동세상 나아가는 길 여러분과 함께합니다. 자발적 ...	1015	416	11
-P8dRD3THoo	신문브리핑 2 '오전엔 큰절, 오후엔 눈물…李의 &#39;절박한 읍소&#39; 통할까' 외 주요기사 [아침&amp;매일경제]	"(매경)신문브리핑 2 ""오전엔 큰절, 오후엔 눈물…李의 '절박한 읍소' 통할까"" 외 주요기사(0125) #아침앤매일경제 #신문브리핑 ..."	461	20	7
b28XLgjaGr0	다자대결 윤석열 41% 이재명38.3% …'MBC, 李 욕설 녹취 보도해야' 59.9%'	윤석열의 이재명에대한 우위 지속. 단일화 할 경우 압도적으로 윤석열이 이재명에 앞서는 것으로 조사.	16562	3391	219
H-NneC03BdE	권력은 잔인하게 행사하자는 이재명 (누구한테 좋은 쪽인지는 말 안했다)	내부자들 #아수라 #범죄와의전쟁 #반대하는사람 #의문사 #정적 #제거 #좋아 #아주좋아 #shorts.	3330	783	50
FkpQNnfp71U	(생중계) 2022.1.25. 이재명 더불어민주당 후보 - [매타버스] 가평, 민심 속으로!	팩트TV 보도채널 추진 트레일러 방송 # 팩트TV플러스 제작비 후원 □후원신청(링크 클릭) : https://forms.gle/UwQ2Fggei8i1VSne7 ...	1235	453	7
VuI4N_at7s4	이것이 이재명 수사의 충격현실! #이재명전과4범 #이재명수사안한다	자율적구독후원 : 하나은행 : 106-910488-13707 (박*옥) 해외페이팔 후원링크 : https://www.paypal.me/jungsungsantv 문의 ...	987	232	12
wEcOJffgMF4	[LIVE] 이재명 후보 - [매타버스] 가평, 민심 속으로 생중계		1693	801	6
cyAQ472oKIE	(일일뉴스) 민주당 재보궐 공천 포기! 이재명 위기! / 2022.01.25	이재명 #이재명 #변호사비대납 #이재명폭로 #녹취록 #대선 #선대위 #선대위원장 #대장동 #화천대유 #대장동게이트 #이재명게이트 ...	16332	3251	42
