ID	title	description	viewcount	likecount	commentcount
0YNWpDRSaQw	[최고의 5분] 윤석열, 원팀 무산? 윤석열 측 &#39;구태&#39; vs 홍준표 &#39;방자&#39; MBN 220125 방송	판도라 258회 [홍준표 의원과 윤석열 국민의힘 대선후보가 만났지만 홍준표 의원이 재보궐 선거에 특정인 공천을 요구했다며 윤석열 ...	225	14	2
0dnTxd241zI	국민의힘 윤석열, '공기는 맑게, 쓰레기는 적게, 농촌은 잘살게' 환경/농업 공약 발표 - [끝까지 LIVE] MBC 중계방송 2022년 01월 25일	윤석열 국민의힘 대선후보는 오늘(25일) 여의도 당사에서 환경·농업 관련 공약을 소개합니다. 윤 후보는 오전 11시 여의도 당사 브리핑 ...	3207	72	32
HkZsGKOp6kI	&#39;야권 단일화&#39; 윤석열·안철수 중 누가 되든 이재명과 접전 / JTBC 아침&amp;	야권 단일화에 대한 의견도 물었습니다. 성사가 된다면 윤석열, 안철수 둘 중 어느 후보가 나서든 이재명 후보와 오차범위 내 접전 ...	4120	88	73
KmAXLGu5nJE	[윤석열, 환경·농업·스포츠 공약 발표] 1월 25일 (화) 풀영상 / 디지털 only	"윤석열 국민의힘 대선 후보는 25일 화석연료 비중 감축 관련 환경 공약과 농업 관련 공약을 발표한다. 윤 후보의 선거대책본부는 ""우리 ..."	727	15	9
L5vAbG55KGY	[현장영상] 윤석열 '탈원전 백지화·탈석탄 가속화…임기 내 미세먼지 30% 이상 감축' / JTBC News	"윤석열 국민의힘 대선 후보는 25일 화석연료 비중 감축 관련 환경 공약과 농업 관련 공약을 발표한다. 윤 후보의 선거대책본부는 ""우리 ..."	376	4	19
r-3aFjdW67I	설 앞둔 민심은…이재명 &#39;정체&#39; 윤석열 &#39;상승&#39; 안철수 &#39;주춤&#39; / JTBC 아침&amp;	설 연휴를 앞두고 JTBC가 실시한 여론조사 결과, 이재명 후보와 윤석열 후보가 여전히 오차범위 안에서 선두 다툼을 하고 있었습니다.	1366	19	60
b9VTh_yxxls	[풀영상] 국민의힘 윤석열 후보, 환경·농업 공약 발표/1월 25일	국민의힘 윤석열 대선 후보는 오늘(25일) 환경·농업 관련 공약을 발표했습니다. 윤 후보는 오늘 오전 여의도 당사에서 화석연료 비중 ...	2008	57	2
SCTDjA7nEWg	윤석열 '탈원전 백지화, 농업 직불금 상향 ' / SBS	국민의힘 윤석열 대선 후보가 오늘(25일) 오전 11시 여의도 당사에서 환경·농업 관련 공약을 내놓습니다. #SBS뉴스 #8뉴스 #윤석열 ...	7582	433	27
8JTrzOsQ_f8	&#39;요양급여 부정수급 혐의&#39; 윤석열 장모 항소심 선고 / JTBC 아침&amp;	1. 문재인 정부 마지막 검찰 인사 오늘(25일) 문재인 정부의 마지막 검찰 인사가 단행되는데, 검사장급을 제외한 중간 간부와 평검사에 ...	2821	61	19
bLleI815lSc	[이슈] 윤석열 후보 부부 무속 논란 개신교계 우려 목소리 커져 | 파울로의 이슈 | (Feat. 김장환 목사, 김삼환 목사, 장종현 목사, 이영훈, 오정현 목사, 오정호 목사)	국민의힘 윤석열 대선후보와 부인 김건희 씨가 무속에 심취해 있다는 의혹이 연일 언론 보도로 불거지고 있는 가운데 개신교계에서도 ...	651	39	18
GPXI9fWUrF0	뻔뻔한 윤석열 &#39;김건희 거짓말&#39; 또 탄로났다ㄷㄷ '우리 만난 건 비밀로.. 조국 딸이 뭘 잘못한 거야' - 분열 조장하던 이준석 망신.. 민주당 원팀 이낙연 '이재명 지지 부탁'	김건희건진법사거짓말 #윤석열김건희조국수사 #분열조장하던이준석망신 #이낙연이재명민주당원팀 ▣ 황희두 멤버십 후원 ...	29798	10279	393
b28XLgjaGr0	다자대결 윤석열 41% 이재명38.3% …'MBC, 李 욕설 녹취 보도해야' 59.9%'	윤석열의 이재명에대한 우위 지속. 단일화 할 경우 압도적으로 윤석열이 이재명에 앞서는 것으로 조사.	16562	3386	219
IQl1aDjjpgw	[최고의 5분] 안보 포퓰리즘 외친 이재명 후보의 속마음은? MBN 220124 방송	판도라 258회 최고의 5분 [이재명 후보의 속마음] #판도라 #이재명 #윤석열 #탁석산 #포퓰리즘 #MBN ☞ MBN Entertainment 구독 ...	768	36	6
MC4OqSpZJg0	&#39;뭐든 한다&#39; 민주당, &#39;쇼 안한다&#39; 윤석열	라이브 방송 안내 뉴스쇼 라이브 방송 | 매주 월~금 오전 7시20분~9시 댓꿀쇼 라이브 방송 | 뉴스쇼 본방송 끝나자마자 이어서 오전 9시 ...	1842	73	13
BoA0scmBzFc	우주청 대신 방사청? 윤석열 대전 공약 짚어보기	윤석열 국민이힘 대선 후보가 21일 대전을 방문한 자리에서 최근 논란이 된 우주청 설립 이전에 대한 입장을 밝혔습니다. 윤 후보는 ...	11	0	1
a7W380oSV-c	윤석열 '힘을 통한 평화 구축…대북 쇼 안 한다' / 연합뉴스TV (YonhapnewsTV)	"윤석열 ""힘을 통한 평화 구축…대북 쇼 안 한다"" [앵커] 국민의힘 윤석열 대선 후보는 문재인 정부의 대북 정책을 '굴종'이라고 규정하며 ..."	375	10	23
OfXMch5soSk	윤석열 방금 여의도 당사에 도착! 尹 정부는 반중친미! 중국발 미세먼지 가만 안둔다! 이재명 보고있냐? 이게 바로 민심이다!!	정의구현 멤버십 가입 : https://www.youtube.com/channel/UCUNwNXVrWAHQpc8gPp1c6kw/join 자발적 구독료 : KB국민은행 ...	6761	1448	22
hY4qHV0XIwQ	[브이라이브]윤석열, 환경ㆍ농업 공약 발표	윤석열 #농업공약 #환경공약 윤석열 국민의힘 대선 후보는 25일 오전 서울 여의도 당사에서 화석연료 비중 감축을 담은 환경 공약과, ...	219	8	2
AajGkPaI9Uw	윤석열- 안철수 야권 단일화 27일 시동! 이준석은 '당 의사와 관계없는 개인첨여 평가절하!	"후원계좌 신한은행 304 04 253850"" 평가 This stream is created with #PRISMLiveStudioㄴ."	7264	1549	38
Z9z3hkdarpo	이재명 성남시장 눈물의 큰 절 VS 윤석열 '쇼는 안합니다' [황보선의 출발 새아침] / YTN라디오	YTN라디오(FM 94.5) [황보선의 출발 새아침] 우리의 이슈가 뉴스를 바꿉니다. 세상을 깨우는 황보선의 출발 새아침 중심잡힌 시선으로 ...	220	8	5
frbD4YYifgg	이재명 vs 윤석열, 간접 비교 60초 토론...1. 부동산 편	이재명 vs 윤석열, 간접 비교 60초 토론...1. 부동산 편 #출처:우희종소리TV #유권자가만드는60초대선토론.	1640	708	50
aAVxJoB-al8	[풀영상] 윤석열 대선 후보 환경·농업·스포츠 공약 발표 / 연합뉴스TV (YonhapnewsTV)	국민의힘 윤석열 대선 후보가 오늘은 환경·농업·스포츠 공약을 발표합니다. - 발표 : 국민의힘 윤석열 대선 후보 - 장소 : 여의도 국민의 ...	421	18	0
IGhupycJByA	송영길 '총선 불출마·종로 무공천'...李·尹, 나란히 농업공약 / YTN	[앵커] 더불어민주당 송영길 대표가 긴급 기자회견을 열고 당 쇄신을 위해 다음 총선에 불출마하고, 3월 재보선에 종로와 안성, 청주 ...	2639	69	63
pUTGIEqfuZo	1/25(화) &#39;이재명·윤석열&#39; 설 토론회 최종 승자는?_노영희의 뉴스인사이다[청정시대]	1월 25일 (화) 노영희의 뉴스인사이다 ▷ 청정시대 이경 더불어민주당 선대위 대변인 양준우 국민의힘 대변인 - 검찰, 尹 '신천지 압수 ...	1050	162	14
zL2MZTL1Iok	송영길 '총선 불출마·종로 무공천'...李·尹, 나란히 농업공약 / YTN	[앵커] 더불어민주당 송영길 대표가 긴급 기자회견을 열고 당 쇄신을 위해다음 총선에 불출마하고, 3월 재보선에 종로와 안성, 청주 ...	2410	42	44
TxXuLpGl4AQ	뉴스A 라이브 / “야권 단일화 시, 李 필패” · 윤석열 ‘굿 발언’ 사과	[뉴스A 라이브] 채널A 뉴스A 라이브 (12:00~13:20) [채널A 뉴스·시사 프로그램 방송시간] 〈평일〉 08시 50분 김진의 돌직구 쇼 12시 00 ...	332	15	0
8UJPIIku8yc	박근혜대통령 대국민 기자회견...與野 대선후보 이재명 윤석열의 최후! 2월달을 못넘긴다...	박근혜사면 #이재명 #윤석열 공포의 2월... #기자회견 #대선후보 #탄핵세력.	5168	1245	60
7MFAIQspveY	[KBS 사사건건] 최형두 '이재명믿지마 vs 윤석열묻지마 대선구도, 이재명신뢰위기 vs 정권교체가열 , 586 기득권. 2030 불평등의세대 만들었다	"2022년 1월 24일 KBS 사사건건 최형두 #윤석열 #이재명 - ""믿지 마"" 이재명 후보, 정책말바꾸기‧책임회피‧과거왜곡‧비리의혹‧전과‧ ..."	8	2	0
O36UzGoYf5k	윤석열 “북한 비핵화·한미동맹 재건” | 김진의 돌직구 쇼 918 회	윤석열 “북한 비핵화·한미동맹 재건” | 김진의 돌직구 쇼 918 회 北 매체, ＂구태 색깔론·전쟁광·사퇴하라＂ 윤석열 ＂北 명백한 선거 ...	866	170	25
ATrX7yy5Jvc	윤석열, '남북 정상회담? 저는 쇼는 안합니다'	회원가입→ https://www.youtube.com/channel/UCq2Ld6DYPkq_61vKvL7EFiw/join.	882	151	9
N4Qn2uI-hWE	💥윤석열 후보.. 부인 김건희씨.. 일잘하면 1억도 줄수있지... 와우~#shorts	청년의소리 정말 리얼한 청년들의 목소리 여러분의 구독과 좋아요가 큰 힘이됩니다 ...	20	3	0
u3WcMrtUfTU	윤석열후보!! '공기는 맑게, 쓰레기는 적게, 농촌은 잘살게' 환경/농업 공약 발표!	This stream is created with #PRISMLiveStudio.	1545	609	0
Zw5C4wXEW0c	소방관 아저씨는 나의 슈퍼히어로~! 👨‍🚒👏		3493	1407	101
E10MDo3AiF4	즙재명,무엇을 해도  김건희,친노는 우리편  윤석열,자신만만,압승구도?	이재명 #이준석 #안철수 #김건희 #윤석열 ♥ 후원안내 ♥ ※국내 후원 국민은행, 365202-01-189195 김*원 ※해외 후원 PayPal ...	337	37	3
bU9jv-loWPE	김건희 본격 등판?...네이버 프로필 등록에 &#39;본인 참여&#39; 남편 윤석열과 학력 등은 빠졌다. 김건희의 일거수 일투족이 모두 뉴스.	사람들은 김건희의 등장을 학수고개하고있다. 이미 대중적 스타로 변신한듯, 언론의 관심이 집중.	10791	2039	74
rBAiIGfdI0w	[7381] 김건희 + 조국사태, 문재인 구하려다가 윤석열 죽을 뻔했다	"KBS가 25일 공개한 녹취에 따르면 김씨는 작년 8월 30일 서초동 코바나컨텐츠 사무실에서 ""객관적으로 조국 장관이 참 말을 잘 못 ..."	62	15	0
AW2q2URWyI8	[윤석열과강신업] D-43 김건희 그녀가 온다 건희사랑(희사모)/대한민국 최고의 고품격 정통 정치시사 방송!	건희사랑 #김건희 #김건희프로필.	690	200	20
j4-NAw8qDws	윤석열, 전사·순직자 추서제 개선 공약 “1계급 진급한 계급에 맞추겠다” 김영환 경기의힘TV	윤석열 #국민의힘 #전사자순직자연금 #추서제개선공약 #고윤영하소령 #석열씨의심쿵약속 #윤석열대선후보 #정권교체 #국힘 #공정 ...	5	3	0
re4eN27leJg	이준석 '윤석열 후보, 전라북도 문제에 관심 많다'	이준석 국민의힘 당대표가 25일 전주시 완산구 전북도의회 앞에서 열린 윤이버스 출범식에서 첫 번째 행선지로 선택한 이유에 대해 ...	268	27	5
JJ_J104L2WM	윤석열 대통령 후보 환경/농업 공약발표	This stream is created with #PRISMLiveStudio.	1085	525	3
5EQXlBMg0oc	홍준표, &#39;안철수 선대위원장&#39; 최진석과 비공개 회동 / JTBC 아침&amp;	1. 시진핑, 문 대통령에 생일 축하서한 시진핑 중국 국가주석이 어제(24일) 문재인 대통령의 70세 생일을 맞아 축하서한을 보냈습니다.	4195	89	40
WtnmVnxOssk	추가로 공개된 김건희 녹취록 파문과 지지율 정체에 속 타는 이재명[예언해줌]	추가로 공개된 김건희 녹취록 파문과 지지율 정체에 속 타는 이재명 ▷한겨레TV 온라인 쇼핑몰 마켓하니 http://www.markethani.com ...	4045	363	0
h-mkhAGLObI	윤석열 대선후보		2	0	0
LC9J_Ecv1us	[황보선의 출발 새아침] FULL 다시보기 | 안철수 국민의당 대선후보 인터뷰, 이재명표 주택공급 VS  윤석열표 안보공약, 7인회의 결단 | 220125	"YTN FM 94.5MHz 우리의 이슈가 뉴스를 바꿉니다. 세상을 깨우는 ""황보선의 출발 새아침"" 중심잡힌 시선으로 가장 뜨거운 이슈를 ..."	3487	130	4
qBPGZxUWv9g	안철수, 박근혜 산맥 넘어갈수 있을까#홍준표 안철수 수상한 움직임 포착#이재명 돌연 눈물-큰절,왜?#호사카 교수의 최순실 마케팅#윤석열 입에올린 평화협정#김건희 이명수 어떻게 결별	(공지)자유국민전선 토크콘서트/2월6일 일요일 오후 2시 서울 지하철 1호선 종각역 4번출구 바로 오른쪽 보신각 끼고 두 번째 골목 ...	6611	1296	60
ZqCD3E0ysTY	변발헤-문 대통령 중동 방문이 여행?/이재명 ‘세대 포용론’/윤석열 ‘전쟁’ 공약/건진법사는 코바나콘텐츠 고문	멤버쉽 링크 - https://www.youtube.com/channel/UCkI2g2FvX-haxXqqDMqc96A/join 송작가TV몰 링크 ...	4342	1664	33
vdh1Rf3Xz_g	🔥바꿔야 하지 않겠습니까?🔥 국민이 불러낸 대통령 후보 윤석열 (국민의힘 해운대구을 당협 선대위 발대식 오프닝 영상)│김미애TV	국민의힘 해운대구을 당원협의회 선거대책위원회 발대식 오프닝 영상(220124)	11	1	0
N1z-OAHx_as	이재명의 눈물	"유튜브 이송원TV 1월 25일(화) 오전 9시에 대통령님 마지막 순방 소식 이재명의 눈물 미 전문지 ""아마추어 윤석열 '모 아니면 도'."	8068	3036	10
2FcNzKsmUmE	1/25(화) - 오미크론 비상(손영래)/ 윤석열 무속 리스크(김경진)/ [탐정 손수호] “공포의 부동산 분양합숙소”/ 포노 사피엔스(최재붕) [김현정의 뉴스쇼]	1월25일(화) 김현정의 뉴스쇼 ▣ 라이브 방송 안내 뉴스쇼 라이브 방송 | 매주 월~금 오전 7시20분~9시 댓꿀쇼 라이브 방송 | 화·금 주 2 ...	97658	1690	60
m1AxWysMfWU	긴급! 홍준표, 방금 안철수 밀사 만났다! 결국 안철수당으로?윤석열 경악! 이준석 방금 충격발언!  홍준표 안철수와 연대? 홍의 좌충우돌 행보.	긴급! 홍준표, 방금 안철수 밀사 만났다! 결국 안철수당으로?윤석열 경악! 이준석 방금 충격발언! 홍준표 안철수와 연대? 홍의 좌충우돌 ...	68	32	2
