ID	title	description	viewcount	likecount	commentcount
HkZsGKOp6kI	&#39;야권 단일화&#39; 윤석열·안철수 중 누가 되든 이재명과 접전 / JTBC 아침&amp;	야권 단일화에 대한 의견도 물었습니다. 성사가 된다면 윤석열, 안철수 둘 중 어느 후보가 나서든 이재명 후보와 오차범위 내 접전 ...	4120	88	73
r-3aFjdW67I	설 앞둔 민심은…이재명 &#39;정체&#39; 윤석열 &#39;상승&#39; 안철수 &#39;주춤&#39; / JTBC 아침&amp;	설 연휴를 앞두고 JTBC가 실시한 여론조사 결과, 이재명 후보와 윤석열 후보가 여전히 오차범위 안에서 선두 다툼을 하고 있었습니다.	1366	19	60
5EQXlBMg0oc	홍준표, &#39;안철수 선대위원장&#39; 최진석과 비공개 회동 / JTBC 아침&amp;	1. 시진핑, 문 대통령에 생일 축하서한 시진핑 중국 국가주석이 어제(24일) 문재인 대통령의 70세 생일을 맞아 축하서한을 보냈습니다.	4195	89	40
gv5srJDrzaU	안철수 &#39;국정운영 비전 공개&#39; - 신년 기자회견 / SBS	국민의당 안철수 대선 후보가 오늘 오전 11시부터 국회 본관에서 신년 기자회견을 엽니다. 안 후보는 자신이 집권했을 때 국정 운영 ...	7229	354	0
VIB4-5AtWCQ	[안철수, 신년 기자회견] 1월 25일 (화) 풀영상 / 디지털 only	안철수 국민의당 대선 후보는 25일 신년 기자회견을 연다. 안 후보는 이날 오전 11시 서울 여의도 국회 본청에서 열리는 신년 기자회견 ...	1906	172	7
EfdPP644QGg	[풀영상] 국민의당 안철수 후보, 신년 기자회견/1월 25일	국민의당 안철수 대선 후보는 오늘(25일) 신년 기자회견을 엽니다. 자세한 내용, 영상으로 확인하시죠. #안철수 #국민의당 #기자회견 ...	2417	119	12
Qe5kFYUuaTI	국민의당 안철수, 신년 기자회견 - [끝까지 LIVE] MBC 중계방송 2022년 01월 25일	안철수 국민의당 대선후보는 오늘(25일) 오전 국회 본관에서 신년 기자회견을 엽니다. 안 후보는 이 자리에서 자신이 집권했을 때 국정 ...	1382	67	0
pqT13GGBlZQ	[현장영상] 안철수 '국민통합내각 구성…청와대 나와 광화문대통령 시대 열겠다' / JTBC News	안철수 국민의당 대선 후보는 25일 신년 기자회견을 연다. 안 후보는 이날 오전 11시 서울 여의도 국회 본청에서 열리는 신년 기자회견 ...	80	12	1
oLrZzJ7rLfc	[LIVE] '제2의 한강의 기적 만들겠다' 안철수 후보 신년 기자회견 / YTN	기자회견 핵심 내용 1. 제왕적 대통령 탈피 : 정부 명칭 '행정부'로 변경, 3권 분립 2. 책임 총리, 책임장관제 : 내각 책임성 강화 3.	3932	207	8
wUpJNla9nv0	안철수 제외 TV 양자토론, 내일 결론 | 김진의 돌직구 쇼 918 회	안철수 제외 TV 양자토론, 내일 결론 | 김진의 돌직구 쇼 918 회 '양자 TV토론' 방송 가처분…내일 결론 국민의당 측 ＂양자 구도 형성 ...	249	9	2
LC9J_Ecv1us	[황보선의 출발 새아침] FULL 다시보기 | 안철수 국민의당 대선후보 인터뷰, 이재명표 주택공급 VS  윤석열표 안보공약, 7인회의 결단 | 220125	"YTN FM 94.5MHz 우리의 이슈가 뉴스를 바꿉니다. 세상을 깨우는 ""황보선의 출발 새아침"" 중심잡힌 시선으로 가장 뜨거운 이슈를 ..."	3487	130	4
JX--d-LtAqI	[현장영상+] 안철수 '제 2의 한강의 기적 만들 것' / YTN	[앵커] 국민의당 안철수 대선 후보가 조금 전 국정운영 비전을 밝히는 신년 기자회견을 열었습니다. 우리나라를 과학기술 중심 국가로 ...	362	8	14
Nu069SV-cMg	[현장연결] 안철수 '새로운 체제의 대한민국 비전은 부민강국' / 연합뉴스TV (YonhapnewsTV)	"[현장연결] 안철수 ""새로운 체제의 대한민국 비전은 부민강국"" 국민의당 안철수 대선 후보는 설 연휴를 앞두고 국회에서 신년기자회견 ..."	133	1	4
E5GDqo5pd4g	안철수에 &#39;단일화&#39; 가능성 물었더니 '0%, 안일화는 가능' [황보선의 출발 새아침] / YTN라디오	YTN라디오(FM 94.5) [황보선의 출발 새아침] 우리의 이슈가 뉴스를 바꿉니다. 세상을 깨우는 황보선의 출발 새아침 중심잡힌 시선으로 ...	84	8	2
AajGkPaI9Uw	윤석열- 안철수 야권 단일화 27일 시동! 이준석은 '당 의사와 관계없는 개인첨여 평가절하!	"후원계좌 신한은행 304 04 253850"" 평가 This stream is created with #PRISMLiveStudioㄴ."	7264	1551	38
qBPGZxUWv9g	안철수, 박근혜 산맥 넘어갈수 있을까#홍준표 안철수 수상한 움직임 포착#이재명 돌연 눈물-큰절,왜?#호사카 교수의 최순실 마케팅#윤석열 입에올린 평화협정#김건희 이명수 어떻게 결별	(공지)자유국민전선 토크콘서트/2월6일 일요일 오후 2시 서울 지하철 1호선 종각역 4번출구 바로 오른쪽 보신각 끼고 두 번째 골목 ...	6611	1296	60
eOzaNGquLwQ	심상정, 이주민 단체와 간담회…안철수, 신년 기자회견 / KBS  2022.01.25.	제3지대 후보들도 현장 행보에 공 들이고 있습니다. 정의당 심상정 후보는 어제 청년 주거 대책을 발표한데 이어 오늘은 이주민 아동의 ...	101	0	1
swwI03_EqkA	안철수 신년 기자회견	안철수 #국민의당 안철수 국민의당 후보가 25일 오전 11시 신년 기자회견을 진행한다. 지지율 상승세가 한풀 꺾인 가운데 진행되는 ...	211	23	0
WeP53SrB3E0	[풀영상] 국민의당 안철수, 신년 기자회견 (22.01.25)	국민의당 #안철수 #기자회견 #신년 #Live [풀영상] 국민의당 안철수, 신년 기자회견 (22.01.25) 시사포커스TV는 창간 35년 정통언론, ...	693	140	0
REqKD65NcwA	보수 개 돼지들을 먹지 않는 안철수.'	변희재의 진실투쟁.	13	5	1
wixroSP02z8	허경영 비호감도 8.3%. 심상정 4.1%, 안철수 2.7%. 누가 비호감도 높여놨나?	대통령대학원 1234 – 허경영 비호감도 8.3%. 심상정 4.1%, 안철수 2.7%. 누가 비호감도 높여놨나? 정인태 전 국립한국복지대학교 ...	240	48	10
3wnWD1H-OfE	[문틀란 TV]   안철수 멘붕!!  윤 63.2%  안 19.8%	비호감도 부문에서 이재명이 1위로!	5976	2466	86
E10MDo3AiF4	즙재명,무엇을 해도  김건희,친노는 우리편  윤석열,자신만만,압승구도?	이재명 #이준석 #안철수 #김건희 #윤석열 ♥ 후원안내 ♥ ※국내 후원 국민은행, 365202-01-189195 김*원 ※해외 후원 PayPal ...	337	37	3
6Czqc-CNbiw	신문브리핑 4 '잠잠해진 &#39;安風&#39;…모든 지역서 지지율 하락' 외 주요기사 [아침&amp;매일경제]	"(매경)신문브리핑 4 ""잠잠해진 '安風'…모든 지역서 지지율 하락"" 외 주요기사(0125) #아침앤매일경제 #신문브리핑 #이상훈앵커 ..."	381	14	5
EGpPgAq4oV0	[LIVE] 0125 안철수 국민의당 대통령 후보 - 신년 기자회견	[LIVE] 0125 안철수 국민의당 대통령 후보 - 신년 기자회견 2022.01.25 일요서울 TV 정대웅, 이은철 기자.	204	31	1
gI5-d1U4KFY	[백운기의 시사1번지] [실시간 채팅 중] 이재명 &#39;정체&#39; 윤석열 &#39;상승&#39; 안철수 &#39;주춤&#39; / 安 선대위원장, 홍준표 만났다 (현근택, 김경진, 최수영, 장성철) | 220125	백운기시사1번지 [현근택 민주당 선대위 대변인, 김경진 국민의힘 선대본 상임공보특보단장, 최수영 메시지컨설턴트, 장성철 대구 ...	2344	116	0
m1AxWysMfWU	긴급! 홍준표, 방금 안철수 밀사 만났다! 결국 안철수당으로?윤석열 경악! 이준석 방금 충격발언!  홍준표 안철수와 연대? 홍의 좌충우돌 행보.	긴급! 홍준표, 방금 안철수 밀사 만났다! 결국 안철수당으로?윤석열 경악! 이준석 방금 충격발언! 홍준표 안철수와 연대? 홍의 좌충우돌 ...	68	32	2
FDs99Y6FZls	🔴박정희대통령 부국강병 대통령후보 간담회-허경영 후보님 참석 예정2	33정책 #허경영 #토론회 #국가혁명당 #대선토론 #대통령후보 #대선토론 #안철수 #심삼정 ◇섭외문의 : 010-9349-3320 (섭외& ...	1522	360	0
rKGAlQbs1r8	[긴급분석] 우상호가 짚어주는 대선 판세, 설 민심 변수는? (2022.1.25 오전)	[긴급분석] 우상호가 짚어주는 대선 판세, 설 민심 변수는? (2022.1.25 오전) #우상호 #이재명 #윤석열 #안철수 #대선판세 #박정호 ...	53136	0	259
yjc3u_qur7s	세대 포위론 이란 !	안철수 #윤석열 안철수 뽑아서 우리나라 바꿔 봅시다. 과학기술 중심 국가 미래먹거리 만들 적임자 초격차 안철수 This stream is ...	33	9	0
lw_sd7SeCVE	황보선의 출발 새아침 안철수 전화통화 2부(2022-01-25) 오전8시	황보선의 출발 새아침 안철수 전화통화 2부.	47	16	9
Nru9WeVv42U	보수정당으로서 최고득표율을 목표로 호남주민을 위한 공약과 정치활동 하겠습니다	광주MBC라디오 시사인터뷰오늘 22.01.25 #이준석 #준스톤 #윤석열 #비단주머니 #호남손편지 #호남지역대선공약 #대선후보토론 ...	1082	223	40
wdGD9VJKv2k	Live-문대통령 순방 뒷 이야기/이재명 ‘세대 포용론’/윤석열, 전쟁 공약/김건희-건진법사/홍준표, 안철수 후보 선대위원장 만나/러시아, 우크라이나 침공 임박	멤버쉽 링크 - https://www.youtube.com/channel/UCkI2g2FvX-haxXqqDMqc96A/join 송작가TV몰 링크 ...	3642	5477	0
7-vgfDSsPCU	[TV CHOSUN LIVE] 1월 25일 (화) 뉴스퍼레이드 - 26일부터 오미크론 방역체계 전환	[TV CHOSUN LIVE] 1월 25일 (화) '뉴스퍼레이드' 주요뉴스 ○ 어제 역대 최다 신규확진 ○ 내일부터 오미크론 방역체계 전환 ...	5616	384	65
lCR8t1z9zLs	좋은 아침입니다. (홍모닝 홍다방 MUSIC CAFE) - 좋은 하루 되십시요 ~ #홍준표#안철수#윤석열#김건희#국민의힘#이준석#국민의당#이재명#문재인#박근혜#음악방송#신청곡	좋은 아침입니다. (홍모닝 홍다방 MUSIC CAFE) - 좋은 하루 되십시요 ~ #홍준표#안철수#윤석열#김건희#국민의힘#이준석#국민의 ...	155	23	0
daMQ2EI1PXs	7인회 백의종군 이어 송영길 대표 폭탄 선언 '총선 불출마! 3선 금지!' [황보선의 출발 새아침] / YTN라디오	YTN라디오(FM 94.5) [황보선의 출발 새아침] 우리의 이슈가 뉴스를 바꿉니다. 세상을 깨우는 황보선의 출발 새아침 중심잡힌 시선으로 ...	115	20	3
-mzylNc_F7w	윤석열 이재명 안철수 사주 궁합 대통령 누구일까요	전화 010 7572 3200 김현삼.	1	1	0
qxmQ2MwGfBQ	(속보)김건희,건강급속악화!조국,엄청 충격적 '가짜 녹취록' 폭로!송영길,충격적인 &#39;쇼 폭탄선언&#39;!진중권,與 586용퇴론 작심성토!윤석열 측·안철수 측, 野단일화 첫 토론회!	윤석열TV: https://www.youtube.com/channel/UCcl16CxYqlbKQJVCfdhSJVw 윤석열 공식 유튜브 주소입니다. 나라를 살리는 모든 ...	0	26	0
kckyXeVarvA	[11시 김동원의 하이파이브] 울지마 이재명!!! / 대장동 재판서 &#39;총 맞았다&#39; 충격증언 / 허경영 여론조사 왜 빼? 선관위로 차량 돌진 _220125	[11시 김동원의 하이파이브] 울지마 이재명!!! / 대장동 재판서 '총 맞았다' 충격증언 / 허경영 여론조사 왜 빼? 선관위로 차량 돌진 ...	1145	357	0
WtnmVnxOssk	추가로 공개된 김건희 녹취록 파문과 지지율 정체에 속 타는 이재명[예언해줌]	추가로 공개된 김건희 녹취록 파문과 지지율 정체에 속 타는 이재명 ▷한겨레TV 온라인 쇼핑몰 마켓하니 http://www.markethani.com ...	4045	363	0
FLtJ92SH1D0	[2022년 1월 25일 화요일 오전 방송]	2022년 1월 25일 화요일 오전 방송] 정론일침 [특별대담] 인명진위원장 * 자율구독료: 490701-01-183911 국민(고성국) * 정기구독 ...	60271	12268	103
mj7hKWqPt18	황보선의 출발 새아침 안철수 전화통화 1부(2022-01-25)오전7시35분		14	9	2
n5c11LLzjO0	01/25/화-아침에 꼭 봐야하는 상승테마!관심종목 공유!-동시호가도 점검하세요	깡샘TV채널은 함께 공부하며 성장하는 채널입니다!!! 후원 링크 : https://toon.at/donate/637482948909251538 라이브 방송[정규장] ...	858	156	0
nBAx6zb9OgQ	[송국건의 혼술] 김건희의 직설 “조민이 뭔 죄야” “진영논리 때문에 나라가 망가져”	KBS 제2의 김건희 녹음파일 폭로, 내용은 맹탕 2월 등판설 김건희 네이버에 프로필 올린 이유는? 이재명, 오전엔 큰절 오후엔 눈물.	11889	4995	275
x_XdMWn_wh8	(속보)이준석 ​청와대에 선언...안철수의 숨겨진 비밀 증거 폭로!이준석는윤석열 배신했다!홍준표오세훈 경악!		136	15	1
iOOx9OUxZM0	성남에서 국민들에게 호소도중에 갑자기 울어버린 이재명후보 ...너무 억울하다 그만해라...	성남에서 국민들에게 호소도중에 갑자기 울어버린 이재명후보 ...너무 억울하다 그만해라... 구독과 좋아요 부탁드립니다 구독은 무료 ...	1	2	0
bk1aOG6Y7jo	하이로닉 리프팅기기, 탈모관련주, 더블로골드리프팅, 모발이식 관련주	안녕하세요 여러분 수익실현 전문가 고지혜입니다. 오늘도 여러분들에게 확실한 계좌수익 안겨드리겠습니다. 세종메디칼 상한가 적중 ...	2	0	0
M8oOfSeGsck	(이광필TV)이재명은 법률무식 변호사!! 시각장애인단체 고발과봉기한다!!	이재명법률무지#이재명시각장애인봉기#이재명헌법법률파괴 구독과 좋아요는 대한민국을 지키는 미사일입니다!! 네이버:이광필 ...	172	9	2
xpOA50CclOc	[뉴스포커스] 이재명 '욕설 논란 사과'…윤석열 '녹취록 논란 죄송' / 연합뉴스TV (YonhapnewsTV)	"[뉴스포커스] 이재명 ""욕설 논란 사과""…윤석열 ""녹취록 논란 죄송"" [출연 : 최민희 더불어민주당 선대위 미디어특보단장·이수희 국민의 ..."	124	3	2
VBDeE5Jvf38	후보단일화의 첫걸음은 토론회	뉴스데일리베스트는 구독자 여러분의 자발적 후원으로 제작•운영합니다. ◇신한은행 110-479-077-775 민들레 ◇페이팔 후원 ...	8373	2478	137
