ID	title	description	viewcount	likecount	commentcount
9earh9jLMsA	이재명 '일체 네거티브 중단, 정치를 혁신하겠다'  / SBS	더불어민주당 이재명 대선후보가 오늘 오전 9시 기자회견을 열고 쇄신 의지를 재차 밝혔습니다. 오전 상황을 녹화해 전해 드립니다.	9175	225	192
5MSfnMycu6Y	[현장영상] 이재명, 긴급 기자회견…'향후 네거티브 일체 중단' / YTN	"기자회견 요약============================ ""향후 네거티브 일체 중단…야당도 동참해 달라"" ""집권 시 3040 장관 적극 기용"" ..."	13078	577	308
XBzP3T6gWO0	이재명, 긴급 기자회견…&#39;정치 혁신&#39; 관련 입장 발표 (1월 26일) / YTN	[이재명 / 더불어민주당 대선 후보] 이재명의 정치교체, 여의도 정치를 확 바꾸겠습니다. 존경하는 국민여러분, 더불어민주당 대선후보 ...	2688	200	149
tI-uHV1QNeU	이재명 '비호감 대선, 국민께 사과'…'네거티브 중단, 3040 장관 적극 등용할 것' (현장영상) / SBS	"오늘(26일) 오전, 이재명 더불어민주당 대선 후보가 긴급 기자회견을 열어 정치혁신 구상을 발표했습니다. 이 후보는 ""이재명 정부는 ..."	1548	18	62
TfVVoc3NqCo	[현장영상] 이재명 '여의도 정치 확 바꾸겠다'… 정치 개혁안 발표 / JTBC News	"""여의도 정치를 확 바꾸겠습니다. "" 이재명 민주당 대선 후보가 오늘 오전 기자회견을 열고 '정치교체'를 선언했습니다. 이 후보는 ""지금 ..."	553	30	21
bnKT90jkRFY	이재명 '네거티브 중단한다'…윤석열, 필승 결의대회 / SBS	이재명 민주당 대선 후보가 긴급 기자회견을 열고 일체 네거티브를 중단하고 정치를 혁신하겠다고 선언했습니다. 윤석열 국민의힘 ...	1485	33	57
NSFBIBu7ubc	[현장영상+] 이재명 '진짜 위기는 대선 이후...나는 준비된 대통령' / YTN	[앵커] 더불어민주당 이재명 대선 후보가 당사에서 예정에 없던 긴급 기자회견을 열고 정치 혁신과 관련한 입장을 밝힐 예정입니다.	2628	109	172
bQhBz-kx3_k	[이재명 더불어민주당 대선후보, 정치혁신 관련 기자회견] 1월 26일 (수) 풀영상 / 디지털Only	이재명 더불어민주당 대선후보가 오늘(26일) 오전 기자회견을 열고 쇄신 의지를 재차 밝힐 것으로 보입니다. 민주당에 따르면 이 후보 ...	1812	60	27
ht9o2RxGjB8	[풀영상] 더불어민주당 이재명 후보, 고양 지역 방문/경기도 매타버스/1월 26일	더불어민주당 이재명 대선 후보는 오늘(26일) 나흘째 경기도 순회 일정을 이어갑니다. 이 후보는 오늘 오전 고양시를 방문해 시민들을 ...	1970	119	4
XsYmd1H6UrA	[풀영상] 더불어민주당 이재명 후보, 긴급 기자회견…&#39;정치 혁신&#39; 구상 발표/1월 26일	더불어민주당 이재명 대선 후보는 오늘(26일) 긴급 기자회견을 엽니다. 이 후보는 오늘 기자회견을 통해 정치 혁신에 대한 의지를 ...	3402	131	103
S2AfqS9NHE0	이재명, 예정 없던 긴급 기자회견…내용은?	최근 지지율 정체로 고심 중인 이재명 더불어민주당 대선 후보가 선거 40여일을 앞두고 '네거티브 중단'을 선언했다. 이 후보는 26일 ...	69	11	1
en0SpsGhViM	[생중계] 이재명 후보, 긴급 기자회견 (2022.01.26 오전)	[생중계] 이재명 후보, 긴급 기자회견 (2022.01.26 오전) #이재명 #긴급 #기자회견 #민주당 #2022대선 #대선 #후보 #오마이TV ...	100056	0	1244
xdKaYO93vNY	[생중계] 이재명 후보, &#39;매타버스 시즌2&#39; 민심 속으로! 고양 (2022.01.26 오전)	[생중계] 이재명 후보, '매타버스 시즌2' 민심 속으로! 고양 (2022.01.26 오전) #이재명 #매타버스 #고양 #2022대선 #민심속으로 ...	8278	0	61
R53yCw3vEdc	[LIVE] 이재명, 광명 민심 속으로 / SBS	SBS뉴스 #이재명 #후보 #경기지역 #순회 #광명 #실시간 으로 만나 보세요 라이브 뉴스 채널 SBS 모바일24 ▷SBS 뉴스로 제보 ...	1313	39	0
vMvSpM2luxA	[LIVE] &#39;홈커밍31&#39; 고양, 민심 속으로!	이재명 #고양.	5718	2303	67
dMAZWowHSFk	[LIVE] 이재명 더불어민주당 대통령 후보 기자회견	이재명 #기자회견.	24084	7881	388
6Nbuj7zd0sw	더불어민주당 이재명, 정치개혁 긴급 기자회견 - [끝까지 LIVE] MBC 중계방송 2022년 01월 26일	이재명 더불어민주당 대선후보는 오늘(26일) 당사 3층에서 정치개혁 긴급 기자회견을 엽니다. 더불어민주당에선 '586 용퇴론'까지 ...	15759	1561	232
vZGdA6WP5RE	이재명 '분열보단 통합'	채널에 가입하여 혜택을 누려보세요. https://www.youtube.com/channel/UC1mySWSKdHfheY5rM9zu-Vg/join 최배근TV 후원계좌: ...	434	229	20
32lg4frT6Bc	🔴[LIVE] 이재명 매타버스, 고양·광명 지역 방문 / 디지털 only	이재명 더불어민주당 대선 후보가 26일 경기 지역 '매타버스'(매주 타는 민생버스) 나흘째를 맞아 경기 고양·광명·부천·파주·양주시를 ...	2707	194	0
oHItMK55Zvc	🔴LIVE - 이재명·윤석열 후보 관련 의혹 등 현안질의, 박범계 법무부장관 출석/국회 법제사법위원회 전체회의/1월 26일	국회 법제사법위원회는 오늘(26일) 전체회의를 열고 박범계 법무부장관을 상대로 현안질의를 진행합니다. 더불어민주당 이재명 대선 ...	12680	312	0
AQwX8wp20q0	[춘천 MBC] 이재명 후보 강원도 공약.. '평화시대 선도'	ＡＮＣ▷ 대통령 선거일이 40여 일 앞으로 다가왔습니다. 도민들의 선택을 돕기 위해 대통령 후보들의 강원도 공약을 비교 분석하는 ...	8	1	0
0lDGFTf0-Dw	[풀영상] 이재명 대선 후보, &#39;정치 혁신&#39; 구상 발표 / 연합뉴스TV (YonhapnewsTV)	더불어민주당 이재명 대선 후보가 기자회견을 열고 정치 혁신 관련 비전을 발표합니다. - 브리퍼 : 이재명 더불어민주당 대선 후보 ...	1874	96	23
6FdY4XA8y6Y	이재명 '네거티브 중단할 것…여의도 기득권정치, 위기극복 못해'	"중앙일보 구독하기 https://www.youtube.com/c/JoongAngIlbo?sub_confirmation=1 이재명 더불어민주당 대선후보는 ""대선 과정에서 ..."	234	6	11
hVYrs3nImdc	이재명의 핵심 / 진짜인줄 알더라 [공병호TV]	공병호TV는 신규영상에 대해 '전면 노란딱지'를 받고 있습니다. 그리고 전체 노출의 약 80%를 차지하는 추천영상이 2020년 9월부터 ...	3077	943	46
Jz7wJk4MNgU	[신지호의 쿨-톡] 몸부림치는 이재명의 노림수		4966	1452	72
yOnpcIg0hTQ	굿모닝 앵블 생방송) 이재명 아직도 모르니 끝났다는 걸｜뭉가리 니가 이겼다 (22.01.26)	미래경영연구소 회원모집 - 성함,휴대폰번호,주소를 문자로 발송 : 010 - 5028 - 8253 회원 계좌 : 예금주(미래경영연구소) 우리은행 ...	5112	2384	8
B8Q7qae_aH4	'이재명 수사 막았다' 폭로 [2022년 1월 26일(수) 정규재의 텐텐뉴스]	영상이 마음에 드신다면, 영상 아래 메뉴의 'Thanks' 버튼으로 후원해주세요! '구독' https://bit.ly/35jqAwR 과 '좋아요'를 눌러 ...	5429	2654	24
boBwObC9FIg	이재명 마음의 형 김원웅의 횡령 안마	인라이트 스쿨 구독계좌 : 하나은행 403-910045-18704 주식회사 인라이트스쿨.	937	232	0
Z2zJC8LC1Is	아침부터 이재명 지지자 인파 몰린 고양 화정역 문화광장	이재명 #고양시 #고양 #경기 #문화광장 #대선 ✓일시후원: 국민은행 794001-04-154041 서울의소리(강경자) ✓전화후원: 1877-1590 ...	2996	660	91
MpItIY_BBVA	[생방송] 이재명 후보, '민심 속으로' 고양 화정역 문화광장 현장	"[생방송] 이재명 후보, ""민심 속으로"" 고양 화정역 문화광장 현장 #이재명 #나를위해 #경기도 #고양 #화정역 #합니다 #대선공약 #경제 ..."	12609	3022	27
hAskzdQK7Vs	10% 가까히 벌어진 지지율 격차...이재명 폭탄 발언 “네거티브 중단하자”…그 속내는?	뉴스데일리베스트는 구독자 여러분의 자발적 후원으로 제작•운영합니다. ◇신한은행 110-479-077-775 민들레 ◇페이팔 후원 ...	3545	1199	117
6Gnol3gt9rA	이제,  고양 화정이다. 이재명의매타버스,  결집하라!	수고하고 무거운 짐 진자들 반드시 이겨야하는 비로서 우리가 자유를 얻는 시간 #이재명 #매타버스 #더불어민주당 This stream is ...	2868	1194	9
BlH2Z8vC9SQ	민주당은 죽고 이재명은 산다... 송영길•586 기득권 내려놓기 통할까 [황보선의 출발 새아침] / YTN라디오	YTN라디오(FM 94.5) [황보선의 출발 새아침] 우리의 이슈가 뉴스를 바꿉니다. 세상을 깨우는 황보선의 출발 새아침 중심잡힌 시선으로 ...	148	42	4
t2ILU9FFzJo	이재명침몰 1등공신들 김어준, 황교익등장! #이재명전과4범 #황교익불겨폄훼 #김어준딴지일보	자율적구독후원 : 하나은행 : 106-910488-13707 (박*옥) 해외페이팔 후원링크 : https://www.paypal.me/jungsungsantv 문의 ...	3437	843	36
4F-ATlW85Y0	이재명 통큰 결단 '네거티브 일체 중단'  #shorts	이재명 더불어민주당 대선 후보가 26일 서울 여의도 민주당사에서 기자회견을 열고 “저 이재명은 앞으로 일체의 네거티브(공세)를 ...	100	3	4
VTMKaB6AGDY	'네거티브 중단' 이재명 긴급 기자회견	이재명 더불어민주당 대선 후보 긴급 기자회견.	451	16	0
zwNl0_Zt8zY	[7399] 이재명, 민주당 개혁하고 문재인 정권을 깨부숴야	(하헌기 새로운소통연구소 소장) 그렇다면 심각한 결함을 알면서도 사람들, 특히 청년층(20, 30대 윤 후보 지지율이 높습니다)은 왜 윤 ...	44	14	1
tQPSPWtj9Ts	美 전문지 &#39;더 힐&#39; 이재명에 베팅 #shorts	이재명 #더불어민주당 #대통령후보 #2030 #어대명 #정책 #공약 #윤석열 #국민의힘 #이준석 #홍준표 #김건희 #김종인.	404	53	1
SCkmpYzfzWI	강원도 청년들과 함께한 #내가_미래의_이재명이다 #shorts	1월 18일 진행된 강원 #내가_미래의_이재명이다 행사를 영상으로 담았습니다. 더불어민주당 강원도당 회의실에서 비롯해 청년출마 ...	9	2	0
90QvmtnuniE	또 말 바꾼 이재명 “감옥 발언, 내 얘기 아니다” | 김진의 돌직구 쇼 919 회	또 말 바꾼 이재명 “감옥 발언, 내 얘기 아니다” | 김진의 돌직구 쇼 919 회 조선 李 ＂선거에 지면 감옥 내 얘기한 것 아니다＂ 조선 사설 ...	1492	113	35
bXxFXYqBbp4	[LIVE] 이재명·윤석열 관련 의혹 공방 예고 - 법사위 전체회의 / SBS	국회 법제사법위원회는 오늘(26일) 오전 전체회의를 열어 박범계 법무부 장관을 상대로 현안질의를 진행합니다. 더불어민주당 이재명 ...	29258	698	0
2KkZqjdcpNQ	[7401] 이재명 유능해도, 민주당 정권재창출은 용납이 안된다	1. 문재인 정권 심판 = 시대적 과제 2. 대통령 후보의 자질문제 = 부차적 문제 3. 이재명 당선되려면? = 문재인 정권 심판 + 정권교체 ...	32	9	1
NzIyGJlYMDo	[생중계] 이재명 후보, &#39;매타버스 시즌2&#39; 민심 속으로! 광명 (2022.01.26 오전)	[생중계] 이재명 후보, '매타버스 시즌2' 민심 속으로! 광명 (2022.01.26 오전) #이재명 #매타버스 #광명 #2022대선 #민심속으로 ...	4675	0	0
7cAidzo64W8	이재명 '농·어민에 1인당 최대 100만원 &#39;기본소득&#39; 지급'	이재명 더불어민주당 대선후보가 25일 오전 경기도 포천시 농업기술센터에서 농업 공약을 발표하고 있다.	13	1	0
GQX6ur0S6Oc	[정기명tv] 앞으로, 제대로, 나를 위해 이재명... #이재명은합니다 #정기명과함께합니다 #이제는_정기명		22	10	2
qvD-VS8SV5Q	이재명은 효자 '다 듣고 평가해달라'  백변왈 ' 녹음파일, 문자, 시간순으로 분류해서 방송하죠?'	백성문 #김태현 정치 계의 두 절친 법조인 김태현 백성문 변호사의 정치 토크쇼 [정치왓수다] 후원 계좌 우리은행 1005-903-567338 ...	2848	426	26
t8Q5NoYtpMM	[팬쇼츠] 이재명을 북한으로 수출하자고? #shorts	풀영상을 보고 싶으시다면? https://youtu.be/ojMh44yO1js.	416	124	5
cDKWySbmI04	이재명 후보는 왜 갑자기 태세전환? (억울하다 호소, 성남가서 눈물)	BBS불교방송라디오 박경수의아침저널 22.01.26 #이준석 #준스톤 #윤석열 #김건희 #무속논란 #이재명눈물 #송영길용퇴 #종로공천 ...	1586	353	33
9BJ7n-oczVs	이재명 '없는 사실 만들어 공격, 상대는 있는 사실도 묻혀'	이재명 더불어민주당 대통령 후보가 26일 경기 고양시 화정역 문화광장에서 시민들에게 언론의 중요성을 말하며, 언론이 되어 진실을 ...	109	5	11
Q2Nhk5_n22g	[송국건의 혼술] 벼랑끝 선 이재명 발 정치혁신의 함정은?	영부인 적임도 여론조사 결과 사실상 1위는? 최강욱의 국민폄하 발언 이재명, “정치혁신” 맹탕 기자회견 박은정 지청장 성남FC 수사 ...	11435	4615	296
