ID	title	description	viewcount	likecount	commentcount
sBcaXEXqalw	윤석열, 당 선대본부 주최 &#39;글로벌 국가&#39;  토론회 참석 / SBS	윤석열 대선후보가 오늘(26일) 오전 10시 국민의힘 중앙선대본부 글로벌비전위원회 주최 정책토론회에서 축사를 할 예정입니다.	4520	257	35
bnKT90jkRFY	이재명 '네거티브 중단한다'…윤석열, 필승 결의대회 / SBS	이재명 민주당 대선 후보가 긴급 기자회견을 열고 일체 네거티브를 중단하고 정치를 혁신하겠다고 선언했습니다. 윤석열 국민의힘 ...	1485	33	57
4iQjju_aGvU	국민의힘 윤석열, 중앙선대본부 글로벌비전위원회 주최 정책토론회 - [끝까지 LIVE] MBC 중계방송 2022년 01월 26일	윤석열 국민의힘 대선후보는 오늘(26일) 오전 10시 국회 의원회관에서 '자유·평화·번영에 기여하는 글로벌 중추국가'를 주제로 한 정책 ...	2686	43	38
Mt-vuil0ERg	&#39;패밀리가 뜬다&#39;…등판 초읽기 안철수 딸·윤석열 부인 / 연합뉴스 (Yonhapnews)	'패밀리가 뜬다'…등판 초읽기 안철수 딸·윤석열 부인 (서울=연합뉴스) 국민의힘 윤석열 대선후보, 국민의당 안철수 대선후보의 가족 ...	769	11	6
iHDvuNub4l4	[풀영상] 국민의힘 윤석열 후보, 중앙선대본부 글로벌비전위원회 토론회/1월 26일	국민의힘 윤석열 대선 후보는 오늘(26일) 중앙선대본부 글로벌비전위원회가 주최하는 정책토론회에 참석했습니다. 윤 후보는 토론회 ...	2396	58	21
dlR3_gWZmaA	신문브리핑 3 '요양병원 불법 운영 혐의 윤석열 장모 2심 무죄' 외 주요기사 [아침&amp;매일경제]	"(매경)신문브리핑 3 ""요양병원 불법 운영 혐의 윤석열 장모 2심 무죄"" 외 주요기사(0126) #아침앤매일경제 #신문브리핑 #이상훈앵커 ..."	643	13	15
QKLabxlrafo	윤석열 당선무효각! 드디어 잡혔다!	미리 미리 사퇴하는 게 신상에 좋지 ㅋㅋㅋㅋ.	632	204	19
aCxkS4Wpsgk	이준석 '윤석열 호남 지지율 20%까지 올리겠다'	국민의힘 윤석열 후보를 지지하기 위해 1박2일 일정으로 호남을 방문중이 이준석 대표를 모셨습니다. 1.붕괴사고 현장에서 피해자 ...	80	3	8
oHItMK55Zvc	🔴LIVE - 이재명·윤석열 후보 관련 의혹 등 현안질의, 박범계 법무부장관 출석/국회 법제사법위원회 전체회의/1월 26일	국회 법제사법위원회는 오늘(26일) 전체회의를 열고 박범계 법무부장관을 상대로 현안질의를 진행합니다. 더불어민주당 이재명 대선 ...	12680	312	0
CsCTWWk442k	난리난 윤석열 &#39;역술인 증언&#39; 단독 떴다ㄷㄷ 유명 역술인 '윤석열 총장, 조국이 대통령 되냐고 물어' - &#39;세대포용론&#39; 이재명의 정치 교체.. 김건희 수호에 앞장선 이준석 근황	윤석열김건희유명역술인증언 #윤석열조국수사네티즌반응 #이재명의정치교체 #이준석김건희수호 ▣ 황희두 멤버십 후원 ...	6730	2718	166
sgoeT_b0KkQ	윤석열 또 거짓말, 동아일보조차 비판 나섰다ㄷㄷ '김건희 허위 이력 확인.. 윤석열 부인 장모 의혹 묻고갈 수 없다' - &#39;여의도 정치 교체&#39; 약속한 이재명 후보 기자회견	윤석열김건희거짓말 #김건희허위이력도이치모터스 #윤석열본부장리스크 #이재명정치교체약속 ▣ 황희두 멤버십 후원 ...	21539	8074	418
mSb9I3Lni1U	'당신은 자랑스러운 우리의 별, 대한민국 국가대표입니다' 윤석열 대통령 후보, 베이징 동계 올림픽 선수단 결단식		3315	1516	106
9DyjAjffgiI	이준석 대표 “윤석열 호남 20% 득표 목표” / KBS 220126	설 연휴를 앞두고 1박 2일 일정으로 광주와 전·남북을 찾은 이준석 국민의힘 대표. 이 대표는 윤석열 국민의힘 대선후보가 호남에서도 ...	24	0	0
0-bfuvxu_8A	홍준표·유승민도 굿? 김건희 녹취록속 논란 | 윤석열 “사회복지사, 코딩 배워야”   [퀴즈탐험! 시사의 세계 17화]	퀴즈도 풀고! 치킨도 먹고~~~ 시사이슈들이 한가득! 오늘은 특별 진행자가 나온다고 하네요! 막강 시사 바보들이 펼치는 씐나는 시사 ...	50938	4922	110
Zq4g8oHqRCA	[이슈인사이드] &#39;요양급여 부정수급&#39; 윤석열 장모 2심 무죄 / YTN	진행 : 강진원 앵커, 박상연 앵커 □ 출연 : 김성훈 / 변호사 * 아래 텍스트는 실제 방송 내용과 차이가 있을 수 있으니 보다 정확한 내용은 ...	219	8	7
gKRFigo53zY	[조간브리핑] 농촌 표심 잡기 나선 이재명…환경 공약 앞세운 윤석열	경제와이드 모닝벨 '조간 브리핑' - 장연재 조간브리핑입니다. ◇ MSCI 선진지수 편입 위해 외환 거래시간 대폭 늘린다 ◇모닝벨 (월~ ...	31	0	0
tvdzyOqrDr4	이재명 '농어촌 100만원 기본소득' vs 윤석열 '농업직불금 500만원'ㅣ김어준의 뉴스공장_류밀희의 이알뉴(20220126)	1월 26일(수) 김어준의 뉴스공장 [이 정도는 알아야 할 아침 뉴스] - 류밀희 기자 (TBS) 00:55 코로나19 주요 뉴스 04:11 이재명, 농어민 ...	4	2	0
Q3NyKCViwW0	‘1심 유죄, 2심 무죄’ 윤석열 장모 ‘요양급여 불법 수급’ 항소심서 판결 뒤집힌 이유(양지열)[김어준의 뉴스공장]	1월 26일(수) [김어준의 뉴스공장] ◎ 4부 [인터뷰 제4공장] 최은순 '요양급여 불법 수급' 항소심 1심 3년형에서 무죄로 달라진 이유는?	42589	5596	526
ZnWaggoVGyo	'스포츠 강국을 넘어 새로운 체육 선진국으로' 윤석열 대통령 후보, 대한민국 체육인대회 참석		1530	902	89
aMuJb8yTAXo	홍준표 등에 X 꽂은 윤석열, 대통령되면 국가 영수회담 후에 딴소리 할 수도 있다 #shorts	이재명 #더불어민주당 #대통령후보 #2030 #어대명 #정책 #공약 #윤석열 #국민의힘 #이준석 #홍준표 #김건희 #김종인.	209	22	2
RQRk5m0E3M4	[사법논담] ‘윤석열 장모 2심 무죄’에 박지훈 제대로 열받다! 그 판사는 대체 왜 그랬을까? (김종배 &amp; 박지훈 &amp; 천하람)	2022년 01월 26일 [사법논담] | 출연 : 김종배 & 박지훈 & 천하람 매주 수요일 오전 8시 30분에 실시간 방송으로 만나요~ #사법논담 ...	31854	2523	916
AMPsdVOLSaQ	JTBC 특종!! 무당 비료 떴다!! 역술인 '윤석열 총장, 조국이 대통령 되냐고 물어'... 또 샤머니즘?	언론알아야바꾼다 공식 후원(유튜브 멤버십) https://www.youtube.com/channel/UC-VnP-VdGUaIbssXoOhz5OQ/join ◎ 언론알아야 ...	23417	6570	234
gBAZgGBJ5NU	김건희, 설 연휴 전 &#39;7시간 통화 녹취록 관련 사과&#39; / JTBC 아침&amp;	윤석열 국민의힘 후보의 부인 김건희 씨는 7시간 통화 녹취록과 관련해 사과문을 내기로 했습니다. 설 연휴 전 이번 주에는 입장을 낼 ...	1844	41	72
OIQeWLdbaZE	3월9일 박근혜의 선택은?윤석열 안철수 조원진 누굴?#민주당,이재명 교체후보 찾고 있다?#진중권 꼴 좋다#김건희는 지금 점괘 보는 중?#안철수가 돋보인다#홍준표,홧김에 탈당?	(공지)자유국민전선 토크콘서트/2월6일 일요일 오후 2시 서울 지하철 1호선 종각역 4번출구 바로 오른쪽 보신각 끼고 두 번째 골목 ...	6662	1406	30
b7jSDnfsFjE	대안뉴스 #65 - 윤석열 장모 무죄, 김건희 허위이력으로  국민대 임용	양지열 #거의없다 #민동기 ① 남성기능 강화엔 코코메디 상담전화 '080-255-0000' ...	7121	4391	5
80NeeKx-3EY	유은혜, &#39;오미크론 대비&#39; 새 학기 학교 방역지침 논의 / JTBC 아침&amp;	1. 유은혜, 새학기 학교 방역지침 논의 유은혜 부총리가 오늘(26일) 정은경 질병관리청장과 함께 새 학기에 대비한 학교 방역지침에 ...	564	9	9
mKcA2bU5Q6I	&#39;전문가그룹 자원봉사단&#39; 윤석열 지지선언! '공정·정의·평등 구현할 후보는 윤석열!'	윤석열 #대선후보 #지지선언 국민의힘 이용호 의원, 윤석열 후보를 지지하는 '전문가그룹 자원봉사단' 일동이 22년 1월 26일 국회 ...	4246	816	69
K94luv_ceJU	조국...2019년 8월 제가 장관 후보 지명된 후 윤석열 총장의 이 질문을 어떻게 이해해야 할까요?..[단독] 유명 역술인 '윤석열 총장, 조국이 대통령 되냐고 물어'	"2019년 8월 제가 장관 후보 지명된 후 윤석열 총장의 이 질문을 어떻게 이해해야 할까요? 조국 [단독] 유명 역술인 ""#윤석열 총장, ..."	86	31	5
8khcInX9Mco	김건희-윤석열 국민고발인단 고발장 접수	"양희삼TV 후원사 § □ 마이보험체크 무료 상담 1800-7917 ""양희삼TV""보고 문의하신다고 해 주세요."	176	120	0
HO4yWn6UC58	李, 긴급 회견 '네거티브 중단하자'...尹, 필승 결의대회 / YTN	"이재명, 긴급 기자회견…""정치 혁신 공약 발표"" ""비호감 대선 사과…네거티브 중단하자 제안"" 국민의힘 ""이재명 정치혁신 회견은 국면 ..."	1380	18	38
P5Z4BvMI-6M	윤석열 '선제타격, 한반도 평화·안보 중요 애티튜드'	"윤석열 국민의힘 대통령 후보가 26일 국회 의원회관에서 열린 중앙선대본부 글로벌비전위원회 주최 정책 토론회에서 ""침략적 도발 ..."	140	28	7
9G4bhi8cYaU	[현장영상] 윤석열 '평화와 안보는 동전의 양면…안보 없는 평화 없고 평화는 안보의 목적'	국민의힘 #윤석열 #평화 #안보 #인권 윤석열 국민의힘 대선 후보가 22년 1월 26일 국회 의원회관에서 국민의힘 선대본 글로벌비전 ...	3161	842	62
I6KihX9yJy8	[시사브로] 윤석열을 뽑으면... 김건희가 됩니다!!!	카카오뱅크 3333-03-7063963 김상균 소중한 후원 감사하게 사용하겠습니다. 진영논리에 매몰되지 않고 '품격'을 지킨다는 위선을 ...	401	191	18
6NUqPgawqLE	윤석열의 장애인 정책 공약, 깡통도 아닌 ‘무더기’ 공약	전장연 #윤석열 #장애인.	8	0	0
Wj-yveim8y0	젊은층의 폭발적인 지지와 호남 제주를 제외한 전 지역에서 고른 오름세. 윤석열 대세론 키워간다	이준석과 재결합이후 선거 전략 주효. 김건희 효과 등이 겹치면서 원래 지지율 회복하고있다.	26553	7889	405
zMpvAf4K600	[단독 인터뷰] 김종인이 말하는 김건희 녹취록, 윤석열과 이재명의 운명 (2022.1.26 오후)	[단독 인터뷰] 김종인이 말하는 김건희 녹취록, 윤석열과 이재명의 운명 (2022.1.26 오후) #김종인 #오연호 #윤석열 #김건희 #이재명 ...	0	0	0
bXxFXYqBbp4	[LIVE] 이재명·윤석열 관련 의혹 공방 예고 - 법사위 전체회의 / SBS	국회 법제사법위원회는 오늘(26일) 오전 전체회의를 열어 박범계 법무부 장관을 상대로 현안질의를 진행합니다. 더불어민주당 이재명 ...	29222	698	0
HHQALUPy5ps	[춘천 MBC] '강원도로 권한 이전해 규제의 빗장 풀겠다'	ＡＮＣ▷ 대통령 선거를 앞두고 유권자의 선택을 돕기 위한 선거 기획보도, 오늘은 윤석열 국민의힘 대선 후보의 강원도 공약을 살펴 ...	28	0	0
1INW_C08NDY	2030세대 난리났다! 석열형 또해냈다! 북괴와 원팀 민주당 뒤집었다! #윤석열필승 #윤석열킬체인 #이재명전과4범	자율적구독후원 : 하나은행 : 106-910488-13707 (박*옥) 해외페이팔 후원링크 : https://www.paypal.me/jungsungsantv 문의 ...	6874	2153	67
xtHiQgBsak0	[문틀란 TV]  방금 여론! 윤석열 더 오르고 이재명 또 하락!! 안철수, 하락!	국민들, 네거티브 캠페인에 철퇴! 정치 쇼에 속지 않았다!!	10077	2588	112
QPoiOjAYjks	#국민의 힘 20대통령렬후보윤석열#  국회의원 #국민의 힘 20대통렬후보유넉열#  국회의원 회관제공  윤석열후보 자유, 평화 번영옥탑방 tv	국민의 힘 20대통령렬후보윤석열# 국회의원 #국민의 힘 20대통렬후보유넉열# 국회의원 회관제공 윤석열후보 자유, 평화 번영옥탑방 ...	1	0	0
6znaalT5_h0	1/26 (수) 풀영상｜[김용남] 윤석열 지지율 반등 요인은?  [강은미] 중대재해처벌법 시행 D-1.. 산업안전사고 줄어들까?｜KBS 220126 방송	(1부) [뉴스 언박싱] '오늘 아침 가장 뜨거운 뉴스' - 민동기 기자 + 김민하 시사평론가 [박대기의 눈] 러, 우크라이나 침공시 세계경제 ...	1216	58	7
F-Va0NsbgqQ	[전체영상] 윤석열 배우자 김건희 규탄  대학생 노래 집회...'후진 1단 입법경찰과 전진 1단 입법경찰이 참여합니다' 국제감시단-국제언론인회	2022년 1월 25일 오후 7시부터 9시까지 아크로비스타 앞 윤석열 배우자 김건희 규탄 한국대학생진보연합 등 집회.	143	3	0
mcGD1sMSWgQ	최강욱, 尹(윤석열)여론조사에 “노년층 맹목적, 청년층 화풀이 지지”	최재욱TV #최재욱튜브 최재욱TV구독하기(컴퓨터에서만 가능한 ...	179	14	1
LKpRSLk3rVU	💥윤석열 후보 .. 건강보험  의사분들 의견 적극 추진하겠다..#shorts	청년의소리 정말 리얼한 청년들의 목소리 여러분의 구독과 좋아요가 큰 힘이됩니다 ...	2	0	0
LEPl5ielb8Y	윤석열 '헷갈리는 한국 나이 세는 법, &#39;만 나이&#39;로 통일하겠다'	"윤석열 ""헷갈리는 한국 나이 세는 법, '만 나이'로 통일하겠다"""	0	0	0
x17tlFqY70k	김건희가 진짜 '윤석열이가' 안 표현을 쓰는군요.	변희재의 진실투쟁.	20	6	0
5q4vyerxVvI	윤석열 삼부토건으로 부터 명절선물 16번 받았다.		1	0	0
wejj_ATusTI	뒤집힌 판결…윤석열 장모 2심서 ‘무죄’ | 김진의 돌직구 쇼 919 회	뒤집힌 판결…윤석열 장모 2심서 '무죄' | 김진의 돌직구 쇼 919 회 경향 요양급여 부정 수급 혐의 윤석열 장모 2심선 '무죄' 동아 '무속 ...	586	28	7
Qv2LR8Ly2KA	🔴 [LIVE] 국회 법사위 전체회의…김건희·대장동 의혹 공방 / 디지털 only	여야가 오늘(26일) 국회 법제사법위원회에서 김건희 씨 관련 의혹과 대장동 개발 의혹 수사 등을 놓고 격돌할 것으로 보입니다. 국회는 ...	9499	205	0
