ID	title	description	viewcount	likecount	commentcount
Mt-vuil0ERg	&#39;패밀리가 뜬다&#39;…등판 초읽기 안철수 딸·윤석열 부인 / 연합뉴스 (Yonhapnews)	'패밀리가 뜬다'…등판 초읽기 안철수 딸·윤석열 부인 (서울=연합뉴스) 국민의힘 윤석열 대선후보, 국민의당 안철수 대선후보의 가족 ...	769	11	6
uUR_E-j9aOE	[LIVE] 안철수, 대선필승 전국 결의대회 / SBS	국민의당 안철수 대선 후보가 오늘(26일) 오전 11시, 서울 마포구 서울가든호텔에서 열리는 '국민의당 대선 필승 전국결의대회'에 참석 ...	7307	383	0
dSKoP29Ioh4	국민의당 안철수, 지역선대위원장과 대선필승 결의대회 - [끝까지 LIVE] MBC 중계방송 2022년 01월 26일	안철수 국민의당 대선후보는 오늘(26일) 오전 서울 마포구 서울가든호텔에서 열리는 `국민의당 대선 필승 전국결의대회`에 참석 ...	1264	107	0
nTI82-GcP6k	🔴LIVE - 국민의당 안철수 후보, 대선필승 전국결의대회/1월 26일	국민의당 안철수 대선 후보는 오늘(26일) '국민의당 대선필승 전국결의대회'에 참석합니다. 안 후보는 오늘 결의대회를 통해 당 내부의 ...	3020	183	0
uTck54FNLgM	대선 D-42...李 35.6% vs 尹 44.7% 벌어진 격차 / YTN	진행 : 김선영 앵커 □ 출연 : 최진봉 / 성공회대 교수, 이두아 / 국민의힘 법률지원단 부단장 * 아래 텍스트는 실제 방송 내용과 차이가 ...	6979	133	413
OIQeWLdbaZE	3월9일 박근혜의 선택은?윤석열 안철수 조원진 누굴?#민주당,이재명 교체후보 찾고 있다?#진중권 꼴 좋다#김건희는 지금 점괘 보는 중?#안철수가 돋보인다#홍준표,홧김에 탈당?	(공지)자유국민전선 토크콘서트/2월6일 일요일 오후 2시 서울 지하철 1호선 종각역 4번출구 바로 오른쪽 보신각 끼고 두 번째 골목 ...	6662	1406	30
xtHiQgBsak0	[문틀란 TV]  방금 여론! 윤석열 더 오르고 이재명 또 하락!! 안철수, 하락!	국민들, 네거티브 캠페인에 철퇴! 정치 쇼에 속지 않았다!!	10077	2588	112
80NeeKx-3EY	유은혜, &#39;오미크론 대비&#39; 새 학기 학교 방역지침 논의 / JTBC 아침&amp;	1. 유은혜, 새학기 학교 방역지침 논의 유은혜 부총리가 오늘(26일) 정은경 질병관리청장과 함께 새 학기에 대비한 학교 방역지침에 ...	564	9	9
02UyKDxAXuQ	안철수 기부 동그라미재단, 부인 김미경씨가 재작년 이사장 맡아!	안철수.	0	0	0
bnKT90jkRFY	이재명 '네거티브 중단한다'…윤석열, 필승 결의대회 / SBS	이재명 민주당 대선 후보가 긴급 기자회견을 열고 일체 네거티브를 중단하고 정치를 혁신하겠다고 선언했습니다. 윤석열 국민의힘 ...	1485	33	57
ApfnibeN2SE	[긴급편성] 김진애가 분석하는 김건희의 실체 (2022.1.26 오전)	[긴급편성] 김진애가 분석하는 김건희의 실체 (2022.1.26 오전) #김진애 #김건희 #윤석열 #안철수 #이재명 #대선판세 #박정호 ...	58928	0	83
tvdzyOqrDr4	이재명 '농어촌 100만원 기본소득' vs 윤석열 '농업직불금 500만원'ㅣ김어준의 뉴스공장_류밀희의 이알뉴(20220126)	1월 26일(수) 김어준의 뉴스공장 [이 정도는 알아야 할 아침 뉴스] - 류밀희 기자 (TBS) 00:55 코로나19 주요 뉴스 04:11 이재명, 농어민 ...	4	2	0
MDvuc0zRTfA	[시사논평] 장희빈, 민비, 김건희에 이르기까지 | 샤머니스트 퍼스트레이디란 있을 수 없다 |	유순호 '정치,역사,문화칼럼' TV 자발적 구독료(후원)｜국민은행：765201-04-239649 (예금주 유순호) 더 좋은 방송으로 보답 ...	60	21	5
lb55rr0nCsg	국민통합 / 국민분열 !	안철수 #윤석열 안철수 뽑아서 우리나라 바꿔 봅시다. 과학기술 중심 국가 미래먹거리 만들 적임자 초격차 안철수 This stream is ...	18	8	0
rWXUrx4O6MM	국민통합 / 국민분열 !	안철수 #윤석열 안철수 뽑아서 우리나라 바꿔 봅시다. 과학기술 중심 국가 미래먹거리 만들 적임자 초격차 안철수 This stream is ...	28	13	0
9ltQ-cLsSMo	설연휴 뒤 담판과 협상에 의한 후보단일화 방안 구체화 2022.1.26 오전9시	윤석열 당선안정권,안철수 10%이내의 지지율이 설연휴 뒤까지 이어지면 지분협상과 후보끼리의 담판에 의한 단일화방안 유력 ...	5370	2320	142
9DyjAjffgiI	이준석 대표 “윤석열 호남 20% 득표 목표” / KBS 220126	설 연휴를 앞두고 1박 2일 일정으로 광주와 전·남북을 찾은 이준석 국민의힘 대표. 이 대표는 윤석열 국민의힘 대선후보가 호남에서도 ...	24	0	0
cDKWySbmI04	이재명 후보는 왜 갑자기 태세전환? (억울하다 호소, 성남가서 눈물)	BBS불교방송라디오 박경수의아침저널 22.01.26 #이준석 #준스톤 #윤석열 #김건희 #무속논란 #이재명눈물 #송영길용퇴 #종로공천 ...	1586	353	33
lvz9yUlkGhg	스케일 · 액수 ‘역대 최고’.. 중소기업 수출 신기록 [김어준의 뉴스공장 풀영상 1/26(수)]	[TBS 유튜브(수) 생방송] ▷7시 6분 : 김어준의 뉴스공장 ▷9시 : 퀴즈탐험! 시사의 세계 ▷10시 50분 : TBS 특보! 코로나19 ▷14시 ...	291043	29821	267
aCxkS4Wpsgk	이준석 '윤석열 호남 지지율 20%까지 올리겠다'	국민의힘 윤석열 후보를 지지하기 위해 1박2일 일정으로 호남을 방문중이 이준석 대표를 모셨습니다. 1.붕괴사고 현장에서 피해자 ...	80	3	8
24hO6ZBwT3U	공산당 이 싫어요.	안철수 #윤석열 #이재명 공산당이 싫어요.	2	2	0
VYe1QXcpV88	1/10 (월) 이기상의 뉴스공감  l 정철 l &#39;나를 위해 이재명&#39;…슬로건의 비밀은 l 가짜뉴스vs진짜뉴스 l 탈모 치료제, 건강보험 적용할 수 없다 진실은 l	"00:43 ◇ 오프닝 - 이기상 앵커 04:00 ◇ 5시 브리핑 - 맹현균 기자, 오창익 인권연대 사무국장 1. ""우린 깐부잖아""…오징어게임 오영수 ..."	0	0	0
RQRk5m0E3M4	[사법논담] ‘윤석열 장모 2심 무죄’에 박지훈 제대로 열받다! 그 판사는 대체 왜 그랬을까? (김종배 &amp; 박지훈 &amp; 천하람)	2022년 01월 26일 [사법논담] | 출연 : 김종배 & 박지훈 & 천하람 매주 수요일 오전 8시 30분에 실시간 방송으로 만나요~ #사법논담 ...	31939	2527	916
IY_h00-L28k	[LIVE] 0126 안철수 국민의당 대통령 후보 - 대선필승 전국 결의대회	[LIVE] 0126 안철수 국민의당 대통령 후보 - 대선필승 전국 결의대회 2022.01.26 일요서울 TV 정대웅, 김동현 기자.	324	31	0
0gv6wi3p-Fs	[11시 김동원의 하이파이브] “이러다 정말 진다” / 최강욱 '노년층 맹목적, 청년층 화풀이 지지' / ‘단일화 토론회’ 놀란 윤석열·안철수, 왜? _220126	"[11시 김동원의 하이파이브] “이러다 정말 진다” / 최강욱 ""노년층 맹목적, 청년층 화풀이 지지"" / '단일화 토론회' 놀란 윤석열·안철수, 왜 ..."	748	206	0
qyzoIXJu7T8	김원웅, 광복회 까페 자금 수천만원 횡령...국민들 멘붕	김원웅, 광복회 까페 자금 수천만원 횡령...국민들 멘붕 [뉴스패널] 구독과 좋아요 부탁드립니다 구독은 무료입니다 #이재명 눈물 ...	10	3	0
yg2vXdA5VvE	李, 긴급 회견 '네거티브 중단하자'...尹, 필승 결의대회 / YTN	[앵커] 더불어민주당 이재명 후보는 긴급 기자회견을 열어 비호감 대선을 사과하고 일체의 네거티브를 중단하자고 제안했습니다.	4421	93	169
PsPN48JHRdU	[Live]  국민의당 안철수 '대선필승 전국결의대회' (22.01.26)	"국민의당 #안철수 #전국결의대회 #대선 #필승 [Live] 국민의당 안철수 ""대선필승 전국결의대회"" (22.01.26) 시사포커스TV는 창간 35 ..."	585	77	0
3KTJeBRn7xc	2022년 1월 26일 (수) [굿모닝MBN] 다시보기 - 1월 26일 굿모닝MBN 주요뉴스	1월 26일 굿모닝MBN 주요뉴스 신규 확진 연일 '역대 최다'…오늘 사상 첫 1만 명대 예상 광주 붕괴사고 아파트서 실종자 추정 흔적 ...	718	20	0
rgd3U6_rAw0	여야 대선후보…20대 남성·여성 지지율 | 김진의 돌직구 쇼 919 회	여야 대선후보…20대 남성·여성 지지율 | 김진의 돌직구 쇼 919 회 '이대남 지지율' 이재명 21.3% 윤석열 55.6% [리얼미터] '이대남 ...	1318	78	16
i3nW-SmHIqY	대선후보 TV토론 미리보기 “자질검증 - 대장동•무속” [황보선의 출발 새아침] / YTN라디오	YTN라디오(FM 94.5) [황보선의 출발 새아침] 우리의 이슈가 뉴스를 바꿉니다. 세상을 깨우는 황보선의 출발 새아침 중심잡힌 시선으로 ...	27	0	1
x1EhbVxYsXM	#충청도사투리#예산군#추억이 있는 시골장구경 5일 10일 없는거빼고 다있는 본장#볼거리#먹거리#시골인심#백종원 국밥거리#3차부스터샷#	뿌린만큼 거두리라 칼로베인 상처는 쉽게 아물지만 말로베인 상처는 치유되지 않는다 서로 따뜻한말로 상처주지말아요 인생살이 ...	50	16	19
6znaalT5_h0	1/26 (수) 풀영상｜[김용남] 윤석열 지지율 반등 요인은?  [강은미] 중대재해처벌법 시행 D-1.. 산업안전사고 줄어들까?｜KBS 220126 방송	(1부) [뉴스 언박싱] '오늘 아침 가장 뜨거운 뉴스' - 민동기 기자 + 김민하 시사평론가 [박대기의 눈] 러, 우크라이나 침공시 세계경제 ...	1216	58	7
v6eF7YtFlJ4	[성공예감 김방희입니다] 1부 풀영상 | 경제뉴스 브리핑 - 국토부 공시지가 발표, 2년 연속 상승 | 핫이슈인터뷰 | 트렌드 팔로우 | KBS 220126 방송	2022년 1월 26일 [성공예감 김방희입니다] KBS 1 Radio1 FM 97.3MHz 월~금 09:05-10:53. 1부 * 경제 뉴스 브리핑 - 한국거래소, ...	295	4	0
X08yPBUHOnY	무능한 정은경이 그린 거리의 풍경화 - 자영업자들의 눈물의 절규 삭발식, 민생을 외치던 야바위 정치인들 나 몰라라, 내 등 따시고 내 배 부르면 그만, 방송국 놈들도 마찬가지	정은경#보건복지부#자영업자#삭발#시위# 국민의 권익을 최우선으로 할 국회의원이란 작자들 자기들 등 따시고 배부르니까 무능한 ...	4	4	0
3nmwGzCQNQo	이재명 후보 형 이재선씨 생전 이재명 후보 비서와의 전화 통화	안녕하세요 오늘은 이재명 후보 형 이재선씨 생전 이재명 후보 비서와의 전화 통화 를 가지고 왔습니다 즐감하시고 좋아요 와 구독 ...	0	0	0
Y1GF37wJzCw	1/26 장중 실방 새해 복 많이 받으세요 ^^ 2/3일 뵐게요	종목 추천, 상담 안되요. 판단은 개인의 몫 입니다 ^^ 2022 새해 복 많이 받으세요 *^0^* !! 단타는 지수 대비 강한 종목 !! 체결창 강한 ...	30	0	0
