ID	title	description	viewcount	likecount	commentcount
rXP6BmWJ9nk	윤석열 '대통령 되면 광화문 정부청사에 집무실 '  / SBS	윤석열 국민의힘 대선 후보가 오늘(27일) 오전 11시 여의도 당사에서 기자회견을 열고, 정치 분야 공약을 발표합니다. #SBS뉴스 #8 ...	14941	728	70
y4Idh80mSKo	국민의힘 윤석열, 정치분야 공약 발표…쇄신안 발표 주목 - [끝까지 LIVE] MBC 중계방송 2022년 01월 27일	윤석열 국민의힘 대선후보는 오늘(27일) 오전 여의도 당사에서 기자회견을 열고 정치 분야 공약을 발표합니다. 경쟁자인 더불어민주당 ...	4066	87	37
RO0zk48XD34	[LIVE] 윤석열 후보, 정치 분야 공약 발표 / YTN	[LIVE] 윤석열 후보, 정치 분야 공약 발표 / YTN 국민의힘 윤석열 대선 후보가 서울 여의도 당사에서 정치 분야 공약을 발표합니다.	2812	93	27
-Q_whJJiOl8	윤석열, 정치 공약 발표…대통령 업무 쇄신 포함 / YTN	[앵커] 국민의힘 윤석열 대선 후보가 오늘 정치 분야 공약을 발표합니다. 현장으로 가보겠습니다. [윤석열 / 국민의힘 대선후보] 국민의 ...	771	12	53
pt5iXeJsXbo	이재명, 텃밭 호남 민심 다잡기...윤석열 '대통령실 정부서울청사로' / YTN	[앵커] 민주당 이재명 후보는 오늘 광주를 찾아 지역 공약을 발표하는 등 텃밭 민심 다잡기에 나섰습니다. 국민의힘 윤석열 대선 후보는 ...	833	19	22
ticI0DFyAfA	이재명-윤석열 양자토론 무산…4명 토론 이르면 31일 / JTBC 아침&amp;	이재명-윤석열, 두 후보의 '양자 TV 토론'이 무산됐습니다. 이를 막아달라는 안철수, 심상정 후보의 손을 법원이 들어줬습니다. 네 후보 ...	758	14	27
6eu8pkdbiUo	[풀영상] 국민의힘 윤석열 후보, 정치 공약 발표/1월 27일	국민의힘 윤석열 대선 후보는 오늘(27일) 정치 분야 공약을 발표했씁니다. 윤 후보는 오늘 오전 여의도 당사에서 기자회견을 열고 민정 ...	1400	57	7
ej8_FWOImqI	검찰권력 상상 그 이상이다 | 내가 보고 들은 윤석열 | 윤석열 실언의 9가지 패턴 [짤짤이쇼 라이브 65화]	공지* 생방송 중 유튜브 서버 오류로 버퍼현상이 있어 시청에 불편을 드렸던 점 양해부탁드립니다. 다시보기 영상은 원활히 업로드 될 ...	123388	21215	488
kAPNfawgcos	이재명·윤석열, 양자 TV토론 못 한다 | 김진의 돌직구 쇼 920 회	중앙 법원, 이재명·윤석열 양자 TV토론 제동…설 전후 4자 토론 서울 李·尹 양자 TV토론 못한다…설 연휴 '다자토론' 성사될까 ...	208	4	4
6GTPjIMTeFo	[현장영상+] '기존의 청와대 사라질 것...새로운 개념의 대통령실 생겨' / YTN	[앵커] 국민의힘 윤석열 대선 후보가 오늘 정치 분야 공약을 발표합니다. 현장으로 가보겠습니다. [윤석열 / 국민의힘 대선후보] 국민의 ...	8015	129	447
3x5h-5H5Zhc	[생중계] 윤석열 후보, 정치 분야 공약 발표 (2022.01.27 오전)	[생중계] 윤석열 후보, 정치 분야 공약 발표 (2022.01.27 오전) #윤석열 #정치 #공약 #2022대선 #발표 #국민의힘 #대선 #후보 ...	2944	0	72
4e-ygZMcsFg	[Live] 1월 27일 윤석열 대통령 후보, 정치 분야 공약 발표		5076	2313	60
0khLr6MA-ds	[천기누설] 122화 - 윤석열, 무속인에 “조국이 대통령 돼?” 왜 물어봤을까｜안철수도 끼게 된 ‘TV토론’ 尹에 독?! (김종배 &amp; 박지훈)	2022년 01월 27일 [천기누설] 멋털도사 김종배와 얼쑤무당 박지훈이 풀어놓는 놀라운 이슈분석! 매주 화, 목요일 오전 8시 30분에 ...	30521	2800	185
9SH9vCYL9vg	[풀영상] 윤석열 대선 후보, 정치 공약 발표 / 연합뉴스TV (YonhapnewsTV)	국민의힘 윤석열 대선 후보가 여의도 당사에서 정치분야 공약을 발표합니다. ㅇ발표 : 윤석열/국민의힘 대선 후보 ㅇ장소 : 여의도 국민 ...	1305	54	16
Gmvm_wZ7g3c	윤석열 또? &#39;조국이 대통령이 되는지 물어봐&#39; / 여론조사가 국민을 우롱하는 방법 (왜곡) / 시청자 참여 코너	김건희7시간녹취 #윤석열무속논란 #대선여론조사 #서울의소리 #열린공감TV #빨간아재 #고발뉴스 1부 : 뉴스 정치 이슈 2부: 시청자 ...	80649	5877	15
AK-cZs-HPWE	이재명, 텃밭 호남 민심 다잡기...윤석열, 정치 쇄신안 발표 / YTN	[앵커] 민주당 이재명 후보는 오늘 광주를 찾아 지역 공약을 발표하는 등 텃밭 민심 다잡기에 나섰습니다. 국민의힘 윤석열 대선 후보는 ...	2763	50	67
E_jo65uEmec	&#39;측근&#39;사무실엔 2m짜리 부적…무속·역술에 둘러싸인 윤석열	유튜브 이송원TV 1월 27일(목) 오전 9시 45에 '이재명은 대통령이 되면, 청와대에 없을 것이다' 천주교 정의구현전국사제단 발표 정경 ...	6320	2329	17
jAqxsOiDzLc	윤석열 장모 논란, 김건희 &#39;국제 망신&#39; 당했다! 이재명 '주 4.5일 근무제 추진.. 전국민 고용, 산재보험 도입' - 정경심 대법 선고 &#39;동양대 PC&#39; 증거능력 주목	윤석열김건희녹취록후폭풍 #이재명노동공약발표 #정경심대법선고동양대PC증거능력 ▣ 황희두 멤버십 후원 ...	34523	9670	342
xgTANwiFEdU	[브이라이브]윤석열, &#39;정치 분야&#39; 공약 발표	이재명 #광주공약 윤석열 국민의힘 대선 후보는 27일 오전 여의도 당사에서 정치 분야 공약을 발표할 예정입니다. 일시 : 1월 27일 11 ...	335	25	3
SyiJkVc0nyI	1/27(목) 윤석열, 역술인에게 '조국 대통령 되나' 물은 진짜 이유 / 김건희 출입국기록 &#39;엉터리 회신&#39;…누가 숨겼나_노영희의 뉴스인사이다[이슈삼합]	1월 27일 (목) 노영희의 뉴스인사이다 ▷ 이슈삼합 김필성 변호사 신장식 변호사 - 윤석열, 역술인에게 “조국이 대통령 되나” 물은 이유 ...	304	98	4
I8roLKTMM6c	[현장연결] 윤석열 '청와대 부지 국민께 돌려드릴 것…대통령실 광화문청사에' / 연합뉴스TV (YonhapnewsTV)	"[현장연결] 윤석열 ""청와대 부지 국민께 돌려드릴 것…대통령실 광화문청사에"" 국민의힘 윤석열 대선 후보가 여의도 당사에서 정치 ..."	92	3	1
njKx4y88KRA	[백운기의 시사1번지] 국민의힘, 양자토론 하자 &#39;역제안&#39; / 윤석열 '청와대 없애겠다' / 이재명 &#39;7인회&#39; 문진석 의원 출연 (정기남, 장성철) | 220127	백운기시사1번지 [정기남 민주당 선대위 대변인, 장성철 대구 가톨릭대 특임교수] - 윤석열 후보 왜 양자토론 원하나? - '이재명 ...	4416	192	0
rpXuToYY4Js	李, 이낙연과 호남행‥尹, 정치 분야 공약 발표 (2022.01.27/930MBC뉴스)	더불어민주당 이재명 대선후보가 오늘 이낙연 전 민주당 대표와 함께 광주를 찾습니다. 이 후보는 오늘 오전 광주 아이파크 붕괴 현장 ...	472	39	17
_11Ox7hC3kM	엄마의 장바구니는 너무 작아!☹🛒		4154	1429	113
tE7oOSuSPYw	109화: 윤석열 당선은 곧 전쟁 위험천만한 ‘대북 선제타격론’ [정치동화 백성공주]	윤석열이 선제타격론을 꺼냈습니다. 선제 타격을 하면 바로 전쟁인데 도대체 무슨 생각으로 이런 소리를 하는 것일까요? 분단 된 나라 ...	59	32	0
3UD7bGJ4QbQ	윤석열후보!! 정치 분야 공약 발표!!!	This stream is created with #PRISMLiveStudio.	1251	503	2
zjeo-4gvQPA	여야 대선후보 농어촌 지원공약 발표	설 명절을 앞두고 여야 대선후보들이 농심을 잡기 위한 맞춤 공약을 발표했는데요. 이재명 더불어민주당 후보는 농어촌 거주민들에게 ...	41	2	0
GCAK71XV124	윤석열, 청와대 사라질 것...새로운 개념의 대통령실 광화문 청사에 만든다.	획기적인 국정운영방안 마련, 민관 위원회가 국정 운영 중심.	8298	1493	113
jVQCMAwE-Hc	윤석열 지지율 상승세, 변수는? 하이라이트 #shorts	[시사끝짱] □ 진행: 배종찬 인사이트케이 연구소장 □ 대담: 진중권 전 동양대 교수 □ 제작: 최인철 PD, 박성의 기자, 양선영 디자이너 ...	590	76	4
bo55irvOaqI	&#39;측근&#39;사무실엔 2m짜리 부적…무속·역술에 둘러싸인 윤석열	유튜브 이송원TV 1월 27일(목) 오전 9시에 '이재명은 대통령이 되면, 청와대에 없을 것이다' 천주교 정의구현전국사제단 발표 정경심 ...	7005	1564	41
0JOBoMOXVc8	유시민이 말하는 윤석열과 국힘의 유치함! #Shorts		593	96	2
DwALLwGeZ-A	[현장영상] 파격적인 윤석열 '서울정부청사서, 민간 인재들과 뒤섞여 일할 것'	국민의힘 #윤석열 #정치 #공약 #공약발표 국민의힘 윤석열 대선후보가 22년 1월 27일 정치 분야 공약발표를 하고 있다.	3389	589	57
wS8gUG7-4Cs	한 눈에 바라보는 활동 포토제닉 굿모닝 윤석열	한 눈에 바라보는 활동 포토제닉 굿모닝 윤석열 #윤석열 대통령 #국민의힘으로 정권교체 #살리는 선대위 #직능총괄본부 #shorts 희망 ...	8	1	0
S-1ZYx-r6dk	윤석열의 공약 &#39;주식양도세 폐지&#39; 설명한 원희룡 '주식 투자자들의 절망 외면 못해'	원희룡 #윤석열 #공약 #주식양도세 #투자자 원희룡 국민의힘 정책본부장이 22년 1월 27일 국회에서 열린 국민의힘 선거대책본부- ...	542	94	9
fzdEkWNfBRw	윤석열 '주식양도세 폐지' SNS 한줄공약 경기의힘TV 김영환	윤석열 #국민의힘 #주식양도세폐지 #윤석열대선후보 #정권교체 #윤석열SNS한줄메시지공약 #여성가족부폐지 #성범죄처벌강화 ...	17	4	1
ubvC2NPtyhM	*보람이*신세대품바- 2022, 홍성 어사항 새조개축제 _202.1.23	공연- *오직하나분인그대 *광대(꽹과리) *사주팔자(꽹과리) *북.장구난타(아파트) *천년지기 *보약같은친구 *군산항아 *남자라는 ...	116	7	1
GAK6KmRWFRE	긴급특보)윤석열 후보 주식 양도세 폐지 공약 이제명 권영세 이재명 김건희	윤석열 국민의힘 대선후보가 2023년부터 주식양도소득세를 도입하는 동시에 증권거래세를 완전히 폐지하겠다고 약속했다. 윤석열 ...	24	5	0
UzQGjBpC-Fk	피하고 금시초문 숨고 그런 윤석열 뽑는다고?에라이	이재명 숨지않아 대화해 소명해 #윤석열 가짜보수 대화소통단절.	1	0	0
T_V4RQMLHg0	윤석열 ‘정치분야 공약’ 발표! 청와대도 확~ 바꾼다		56	22	0
ZnTGgqj4mtM	윤석열 대통령후보 정치분야 공약발표	This stream is created with #PRISMLiveStudio.	1422	611	0
mrQm-EjOq4k	임명장 배달사고!! 윤석열 선대위 민주당 의원이 자문위원으로??	지난 밤 김병주 의원이 받은 한 통의 문자 김병주 의원이 국민의 힘 윤석열 후보 선거대책본부 조직본부 국민승리특위 국방위 자문위원 ...	7	14	1
ncGDPrzQMoY	오늘의 뉴스체크✔ 이틀째 1만명대 확진…새 검사 체계 전국 확대 (2022.1.27 / JTBC 아침&amp;)	신속검사 양성 나와야 PCR 검사 0:00 · 미, 러 '안보 보장' 요구에 답변 전달 2:28 · 중대재해처벌법 오늘부터 시행 4:31 · 이재명·윤석열· ...	1511	11	19
fvuzPGst3q0	(오전뉴스) 윤석열이 옳았다! 정경심 4년 확정! 문재인의 이상한 행동! 추미애, 조선 시대에 사나? &#39;윤석열은 역모를 꿈꿨다&#39; 김원웅, 딱 걸렸다! 북한 미사일 또 쐈다!	공유 https://youtu.be/fvuzPGst3q0 회원가입 https://www.youtube.com/channel/UCtmvuCbpw6_TFbeO4ToTAIw/join.	19830	4306	86
KG3DdyKvI4Y	부산지역 여성 전문인 '윤석열 국민의힘 대선 후보 지지'	부산지역 여성 전문인들이 윤석열 국민의힘 대통령 후보 지지를 선언하고 나섰습니다. 법률인과 기업인, 문화예술인 등 전문 인력으로 ...	5	2	0
7Hza2kH7dow	국민의힘 윤석열 대선후보 환경 분야 공약 발표 안상수TV	윤석열 #안상수 #국민의힘 #대선공약 #안상수TV #정권교체 #환경분야 #환경정책 #대선후보 #안상수전인천시장 #국민건강 #재생 ...	0	1	0
-n0GVONrakE	여당 의원에게 임명장 보낸 윤석열..김병주 '보이스피싱 아닌 진짜였다..아주 불쾌하고 황당하다'	2022년 1월 27일 국회에서 더불어민주당 정책조정회의가 진행되었다. #팩트TV 보도채널 추진 트레일러 방송 #팩트TV플러스 제작비 ...	302	130	18
OxrZcHb8L80	김건희 7시간 인터뷰 허위이력 #Shorts #김건희 #윤석열 #허위이력		3	1	0
jO5pEEiDNhs	우리가 윤석열이다! 필승 결의대회 국민의힘 안상수TV	우리가윤석열이다 #필승결의대회 #윤석열 #국민의힘 #윤석열대선후보 #정권교체 #주식양도세폐지 #양자토론무산 #안상수TV ...	8	3	0
lPqcw9q58T8	육사.해사.공사 윤석열 후보 압도적 당선 지지 선언식ㆍ대단합니다		33	8	0
XFGZpf4VKxo	윤석열 '헷갈리는 한국 나이 세는 법, &#39;만 나이&#39;로 통일하겠다'	"윤석열 ""헷갈리는 한국 나이 세는 법, '만 나이'로 통일하겠다"""	0	0	0
