ID	title	description	viewcount	likecount	commentcount
5aKNHfMyZPU	신문브리핑 1 '이재명-안철수 양자토론 무산' 외 주요기사 [아침&amp;매일경제]	"(매경)신문브리핑 1 ""이재명-안철수 양자토론 무산"" 외 주요기사(0127) #아침앤매일경제 #신문브리핑 #이상훈앵커 #이재명 #윤석열 ..."	491	13	1
bjKyg76i6ZE	[안철수] 제14차 중앙선거대책위원회 | LIVE		2744	0	159
ydwX3Cp2fA4	이준석 '사퇴하라' VS 최진석 '내 사퇴는 안철수만 결정'	이재명-윤석열 양자토론 금지는 사필귀정 * 욕설·무속 대선판, 맹목적 유권자도 문제 * 양당 잘못해서 비판하는게 왜 양비론인가 ...	9034	352	138
DavpMulDgwM	1/27(목) - 용퇴와 쇄신(이상민)/ 안철수의 길(최진석)/ [친절한 대기자] “무속 대선”/ 확진자 20만명 영국 방역법 [김현정의 뉴스쇼]	1월27일(목) 김현정의 뉴스쇼 ▣ 라이브 방송 안내 뉴스쇼 라이브 방송 | 매주 월~금 오전 7시20분~9시 댓꿀쇼 라이브 방송 | 화·금 주 2 ...	103249	1742	66
dbfqovgQmls	[안철수] 진해신항 현장 방문  | 더 좋은 정권교체 | 새롭게 준비된 안철수 |		750	0	60
SE0cpaS714g	안철수 국민의당 대선후보 초청 과학기술 정책토론회	안철수 국민의당 대선후보 초청 과학기술 정책토론회 [일시] 2022. 1. 27(목), 14:00~15:30 [장소] 한국과학기술회관 국제회의장(지하 ...	0	2	0
_0yqBehTY0w	2022년 1월 27일 (목) [아침&amp;매일경제] 다시보기 - 신문브리핑 1 '이재명-안철수 양자토론 무산' 외 주요기사	"신문브리핑 1 ""이재명-안철수 양자토론 무산"" 외 주요기사 신문브리핑 2 """"네거티브 않겠다"" 선언하며 ""정치교체""로 전환한 이재명"" 외 ..."	1142	24	6
St04R0i4oI0	박근혜,삼성서울병원 담장 밖 빅 픽쳐 그리고 있다#안철수 김동길 최진석,박근혜 향해 승부수 던지나#반기문 김종인 홍준표,안철수 지지로?#이재명은 불사조?#김건희 체코 출입국 기록	(공지)자유국민전선 토크콘서트/2월6일 일요일 오후 2시 서울 지하철 1호선 종각역 4번출구 바로 오른쪽 보신각 끼고 두 번째 골목 ...	7013	1362	26
RO0zk48XD34	[LIVE] 윤석열 후보, 정치 분야 공약 발표 / YTN	[LIVE] 윤석열 후보, 정치 분야 공약 발표 / YTN 국민의힘 윤석열 대선 후보가 서울 여의도 당사에서 정치 분야 공약을 발표합니다.	2814	93	27
rnKaeas2Sb0	이용구 '안철수, 국가 발전과 번영을 이룰 준비된 대통령'	국민의당 #안철수 #지지선언 중앙대학교 이용구 전 총장, 국민노조 김준용 사무총장, 임삼진 전 대통령 시민사회비서관이 22년 1월 27 ...	626	27	9
Grwc0CXRn7s	안철수 '정치개혁? 여당 급하긴 급했나봐...근데 송영길 하나로 되겠어?'	안철수 #국민의당 #송영길 #불출마 #586 #운동권 국민의당 안철수 대선후보가 22년 1월 27일 열린 중앙선대위 회의에서 발언하고 ...	1302	167	27
hsv58WvkNqU	국힘 공중파+안철수 토론 거부, 김건희 등판의 요설,민주주의 파괴하는 퇴행국힘,윤석열 35.9%, 이재명 33.5%, 안철수 12.0%	후원안내 ♥ ※국내 후원 국민은행, 365202-01-189195 김*원 ※해외 후원 PayPal account: djtex474@gmail.com ...	89	16	0
ticI0DFyAfA	이재명-윤석열 양자토론 무산…4명 토론 이르면 31일 / JTBC 아침&amp;	이재명-윤석열, 두 후보의 '양자 TV 토론'이 무산됐습니다. 이를 막아달라는 안철수, 심상정 후보의 손을 법원이 들어줬습니다. 네 후보 ...	759	14	27
0khLr6MA-ds	[천기누설] 122화 - 윤석열, 무속인에 “조국이 대통령 돼?” 왜 물어봤을까｜안철수도 끼게 된 ‘TV토론’ 尹에 독?! (김종배 &amp; 박지훈)	2022년 01월 27일 [천기누설] 멋털도사 김종배와 얼쑤무당 박지훈이 풀어놓는 놀라운 이슈분석! 매주 화, 목요일 오전 8시 30분에 ...	30600	2810	185
LHFA2C60L0Y	군필자 안철수 국민통합 부민강국 !	안철수 안철수 뽑으면 안철수 대통령 됩니다.	0	0	0
ncGDPrzQMoY	오늘의 뉴스체크✔ 이틀째 1만명대 확진…새 검사 체계 전국 확대 (2022.1.27 / JTBC 아침&amp;)	신속검사 양성 나와야 PCR 검사 0:00 · 미, 러 '안보 보장' 요구에 답변 전달 2:28 · 중대재해처벌법 오늘부터 시행 4:31 · 이재명·윤석열· ...	1514	11	19
pt5iXeJsXbo	이재명, 텃밭 호남 민심 다잡기...윤석열 '대통령실 정부서울청사로' / YTN	[앵커] 민주당 이재명 후보는 오늘 광주를 찾아 지역 공약을 발표하는 등 텃밭 민심 다잡기에 나섰습니다. 국민의힘 윤석열 대선 후보는 ...	847	19	22
pliqyxn5r4k	안철수 국민의당 이태규 질의응답		0	0	0
cY5zgQHK5zk	안철수 국민의당 이태규 현안 과련 기자회견		0	0	0
YPSFr1xfpyU	후보교체만 외쳐주세요! #홍준표 #윤석열 #안철수 #후보교체 #후보사퇴 #shorts		7	3	0
ecwRoMnuV1w	[다시보기] 1월 26일 (수) 오후 사이언스 투데이 / YTN 사이언스	"정부 ""오미크론 전환기 방역 목표는 유행 안정적 관리"" □ 오는 29일부터 전국 선별진료소에서 신속항원·PCR 검사 선택 가능 □ 재택 ..."	9	0	0
3LhLoEELRoc	[춘천 MBC] 정의당·국민의당, 강원도 표심 잡기 전략은?	ＡＮＣ▷ 대통령 선거를 앞두고 후보들의 강원도 공약을 알아보는 기획보도, 오늘은 정의당과 국민의당의 강원도 표심 잡기 전략과 현재 ...	12	0	0
drJRUneyHn8	[LIVE] 0127 안철수 국민의당 대통령 후보 - 과학기술 정책 토론회	[LIVE] 0127 안철수 국민의당 대통령 후보 - 과학기술 정책 토론회 2022.01.27 일요서울 TV 정대웅, 이은철 기자.	0	0	0
Q49dUm_yvgo	국민통합 부민강국 !	안철수 #윤석열 안철수 뽑아서 우리나라 바꿔 봅시다. 과학기술 중심 국가 미래먹거리 만들 적임자 초격차 안철수 This stream is ...	29	16	0
-eoZpIs8njw	국민통합 부민강국 !	안철수 #윤석열 안철수 뽑아서 우리나라 바꿔 봅시다. 과학기술 중심 국가 미래먹거리 만들 적임자 초격차 안철수 This stream is ...	42	14	0
AK-cZs-HPWE	이재명, 텃밭 호남 민심 다잡기...윤석열, 정치 쇄신안 발표 / YTN	[앵커] 민주당 이재명 후보는 오늘 광주를 찾아 지역 공약을 발표하는 등 텃밭 민심 다잡기에 나섰습니다. 국민의힘 윤석열 대선 후보는 ...	2770	50	67
6X2b9To1Ifs	[김종배의 시선집중][FULL] &amp; [천기누설]│'尹장모 무죄 판사-변호인 5년 근무·고려대 동문'│법원 '양자 TV토론 안돼'│[박지훈·윤건영·전현희], MBC 220127 방송	"2022년 1월 27일 목요일 #시선집중 #천기누설 #MBC라디오 1부 [JB TIMES] #4자토론 #윤석열장모 #안철수 #윤석열 · 법원 ""양자 TV ..."	103553	6084	127
1_LcUGIXEzo	이재명이 그리는 노동의 새아침 [아침옳소] 0127	1월 27일 방송 정오 김성수TV '쌍김시대' 오후 4시 KBS '사사건건' 오후 6시 25분 CBS '한판승부' 밤 9시 한겨레TV '공덕포차' 밤 11시 ...	2034	747	10
o8CdLa92MeI	D-42 설 전 민심! 기동성과 수용성 보인 이재명 후보! 앞으로 관전 포인트는? [YTN 뉴스엔이슈 1.26 출연 영상]	이재명 #윤석열 #안철수 #심상정 #민주당 #국민의힘 #대선후보지지율 #TV토론 #네가티브선거 #포지티브선거 ☻이은영TV를 후원 ...	362	110	4
9MeIUgSCZkk	4자토론 가능에…복잡해진 각 당 셈법 [아침에 이슈]	민주당 이재명 후보가 앞으로 대선 과정에서 일체의 네거티브를 하지 않겠다면서 야당의 동참을 요구하고 나섰습니다. 하지만 이후보 ...	4140	201	54
dd0ZYmA2POU	단일화, 尹-安 “물 건너가는 중” 李-安 “물 건너오는 중” [황보선의 출발 새아침] / YTN라디오	YTN라디오(FM 94.5) [황보선의 출발 새아침] 우리의 이슈가 뉴스를 바꿉니다. 세상을 깨우는 황보선의 출발 새아침 중심잡힌 시선으로 ...	468	20	6
uZeTMNwz2Jk	최진석 “안철수 하락세, 참 신비스러운 일…맹목적 유권자 문제”	최진석 “ #안철수 하락세, 참 신비스러운 일…맹목적 유권자 문제”	0	0	0
6hAYWaB_OcU	[황보선의 출발 새아침] FULL 다시보기 | 김은혜 국민의힘 공보단장 인터뷰, 오미크론 비상,  양자 TV토론 불발, 설 전 여론조사 종합분석 | 220127	"YTN FM 94.5MHz 우리의 이슈가 뉴스를 바꿉니다. 세상을 깨우는 ""황보선의 출발 새아침"" 중심잡힌 시선으로 가장 뜨거운 이슈를 ..."	3757	118	3
Kz3OjdTwo-w	심동보 제독 주옥순 엄마부대 대표#박근혜가 잊지 못할 탄핵 부역자-주동자들#평화협정 입에 올린 윤석열을 해부한다#이재명 이대로 주저앉을까 다시 일어설까#안철수, 완주할 저력있나?	(공지)자유국민전선 토크콘서트/2월6일 일요일 오후 2시 서울 지하철 1호선 종각역 4번출구 바로 오른쪽 보신각 끼고 두 번째 골목 ...	0	3	0
jJQMH1HRhK0	[풀영상] 국민의당 &#39;중앙선대위 회의 및 백브리핑&#39; (22.01.27)	국민의당 #안철수 #중앙선대위 #백브리핑 [풀영상] 국민의당 '중앙선대위 회의 및 백브리핑' (22.01.27) 시사포커스TV는 창간 35년 ...	156	16	3
njKx4y88KRA	[백운기의 시사1번지] 국민의힘, 양자토론 하자 &#39;역제안&#39; / 윤석열 '청와대 없애겠다' / 이재명 &#39;7인회&#39; 문진석 의원 출연 (정기남, 장성철) | 220127	백운기시사1번지 [정기남 민주당 선대위 대변인, 장성철 대구 가톨릭대 특임교수] - 윤석열 후보 왜 양자토론 원하나? - '이재명 ...	4433	193	0
77Ffjp7bbm8	(충격) 송영길 광주 방문하였지만 광주시민들의 반응이 냉랭........무슨일?	(충격) 송영길 광주 방문하였지만 광주시민들의 반응이 냉랭........무슨일? [뉴스패널] 구독과 좋아요 부탁드립니다 구독은 무료입니다 ...	1	1	0
e_GInwaD6A0	제14 차 중앙선거대책위원회의 -최진석 상임선대위원장 모두발언	(2022.01.27./09:00) 국회본청 225호 출처 : https://peopleparty.kr/press/1843 ▣ 최진석 상임선대위원장 안녕하십니까. 최진석입니다 ...	81	0	31
6HWMDmhwNgk	허경영 TV토론 나오나…지지율 5% 돌파 | 김진의 돌직구 쇼 920 회	허경영 TV토론 나오나…지지율 5% 돌파 | 김진의 돌직구 쇼 920 회 이재명 35.6% 윤석열 42.4% [코리아정보리서치] 심상정 3.1% ...	557	27	14
Qw82ZPO5K7g	1/27 (목) 풀영상｜[윤후덕, 원희룡] 제20대 대선 특별기획 토론 &#39;제 1편 부동산 공약&#39;｜[김기식] 국민연금 주주대표소송 논쟁｜KBS 220127 방송	(1부) [뉴스 언박싱] '오늘 아침, 가장 뜨거운 뉴스' - 민동기 기자 + 김민하 시사평론가 [전민기의 눈] 하락장 맞은 개미들 여론 빅데이터 ...	1214	52	8
aaicRoLX9Aw	김은혜 “李 네거티브 중단? 인격살인해놓고 히트앤런, 하던대로 하시라” [황보선의 출발 새아침] / YTN라디오	YTN라디오(FM 94.5) [황보선의 출발 새아침] 우리의 이슈가 뉴스를 바꿉니다. 세상을 깨우는 황보선의 출발 새아침 중심잡힌 시선으로 ...	142	7	10
5nR_BGHrVFY	[성공예감 김방희입니다] 2부 풀영상 |  &#39;매의 발톱&#39; 세운 파월, 올해 첫 FOMC심층 분석 | 성공예감 A/S	2022년 1월 27일 [성공예감 김방희입니다] KBS 1 Radio1 FM 97.3MHz 월~금 09:05-10:53. 2부 * 심층 인터뷰 - '매의 발톱' 세운 파월, ...	267	6	0
uZ42uDLyZ9M	&#39;경박과 궤변&#39; 이런 후보를 봤나? [2022년 1월 27일(목) 정군기의 텐텐뉴스]	00:00 경박과 궤변, 그리고 횡령 25:31 안갯속 단일화…말 실수 43:16 정경심 징역 4년 확정…선진국 코로나 대응 영상이 마음에 ...	5674	1485	24
yzsP4503sHk	[11시 김동원의 하이파이브] “리더가 술만 먹고…” / 尹 뒤엔 &#39;여론조사 도사&#39; 있다 / 광복회장 김원웅의 의혹 _220127	[11시 김동원의 하이파이브] “리더가 술만 먹고…” / 尹 뒤엔 '여론조사 도사' 있다 / 광복회장 김원웅의 의혹 정도언론 인간존중 인류 ...	567	157	0
KTec8msi_s8	01/27/목-아침에 꼭 봐야하는 상승테마!관심종목 공유!-동시호가도 점검하세요	깡샘TV채널은 함께 공부하며 성장하는 채널입니다!!! 후원 링크 : https://toon.at/donate/637482948909251538 라이브 방송[정규장] ...	1021	135	0
bsITrNCX-KM	[성공예감 김방희입니다] 1부 풀영상 | 경제 뉴스 브리핑 - LG엔솔 오늘 상장, 과열 우려도 | 핫이슈 인터뷰 | 성공학개론 | KBS 220127 방송	2022년 1월 27일 [성공예감 김방희입니다] KBS 1 Radio1 FM 97.3MHz 월~금 09:05-10:53. 1부 * 경제 뉴스 브리핑 - LG에너지솔루션 ...	384	9	0
BO9it_dW1BM	2022 01 27 정경심 입시비리 대법 징역4년 확정. 조국집구석 풍비박산. 조만대장경도 이제 끝나나....	"정경심#조민#조국#입시비리#대법# ""대법원, '입시 비리' 혐의 정경심 징역 4년형 확정"" 조국 집안 풍비박산 한겨울에 거리로 내몰릴 ..."	8	4	0
_oUiLTLwjgg	대한민국 대통령선거 지도자 '같은' '지도자'를 뽑아보자!	지도자란?	16	9	1
lhqATmAvTp8	허경영의 공중부양 원츄,심상정이 어디 TV에 면상을 확, 신안염전노예  해결 못해 다 한통속이라 안하고 있는 건 아닌지.순항미사일을 불상의 발사체라고 발표하는 무능한 국방부와 문통	이재명#광주방문#안철수#반기문#허경영#신안염전노예#북한#미사일# 전남 광주시로 나들이 가는 전과4범 확 이재명 뭔 소릴 들으 ...	8	4	0
