ID	title	description	viewcount	likecount	commentcount
n_9zpGoNcks	이재명·윤석열, TV토론 준비 매진...양자 토론 협상 / YTN	[앵커] 설 연휴 첫날을 맞아 이재명, 윤석열 두 후보는 별다른 공식일정 없이 TV 토론 준비에 전념합니다. 모레 있을 양자 토론에 대한 ...	8026	189	251
CMSi8j_MDbo	VAPC0222윤석열 후보 &amp; 이재명 후보!! tv 양자토론 누가 우세할까?	윤석열 후보& 이재명 후보! tv양자토론 누가 우세할까? 에 대한 영상.	252	80	13
q6xjWcpq7lg	고대생들 분노 충격 (윤석열 후보 대학 동기의 글ㄷㄷ)	영상설명 : 고대생 및 윤후보 동기 글 등 전해드리겠습니다 감사합니다.	39519	8513	511
jE6oCJa2qyU	이재명·윤석열, 공식일정 없이 &#39;토론 준비&#39; 매진 / 연합뉴스TV (YonhapnewsTV)	이재명·윤석열, 공식일정 없이 '토론 준비' 매진 [앵커] 더불어민주당 이재명 대선후보와 윤석열 국민의힘 대선후보가 설 연휴 첫날인 ...	903	13	13
qhYfG-yWt-M	김만배 녹취 윤석열 뉴있저 변상욱 무슨일이, 윤석열 화들짝, 대학동기 작심비판 (클리앙이 찾았다, mbc 여론조사 딱걸렸다, 알고보니 이재명 2% 앞섰다)	채널에 가입하여 혜택을 누려보세요. https://www.youtube.com/channel/UCXizVvs2c7LtFZAu25sK5Fg/join [이재명 후원회 홈페이지] ...	70800	18956	1976
hYuZr-iV1C0	홍준표, 선대본부 상임고문직 수락...'자문 적극 응할 것' / YTN	국민의힘 홍준표 의원이 선거대책본부 상임고문직을 수락하며 윤석열 대선 후보와의 '원팀'을 선언했습니다. 홍 의원은 오늘(29일) ...	6742	139	221
gFJskLKwFxU	이재명·윤석열, 일정 비우고 양자토론 준비 집중 / 연합뉴스TV (YonhapnewsTV)	이재명·윤석열, 일정 비우고 양자토론 준비 집중 더불어민주당 이재명 후보와 국민의힘 윤석열 후보는 오늘(29일) 공개 일정을 줄이고, ...	365	14	4
4B9qQl2eLZQ	윤석열이 대통령 되면 조국처럼 전가족이 당한다 ? 검찰공화국 탄생	이승훈 변호사 2022. 1. 28. TV조선 이것이 정치다 출연 #유시민 #한동훈 #조국 #정경심 #김학의 #유죄 #공정한_수사 #허위진술 ...	4	0	0
U4EDNiKEam4	누가 뭐래도 윤석열은 김건희 잘만나서 성공한다	물이 있어야 성공하는 사주을 타고난 윤석열은 김건희을 만나 신자진 삼합국을 만들어 윤석열후보한테 엄청난 에너지을 공급해서 ...	168	20	2
oQChmcjtg9o	[1월 4주 환경뉴스] 윤석열 후보. 음식물쓰레기 분쇄기 설치 공약??	지난 한 주 동안 발표된 뉴스들 중에서 주요한 환경 뉴스를 전달해 드립니다. #전기차 #보조금 #2021년 #커피 #기후변화 #윤석열 ...	12	4	0
vgiQhR4KaOA	이재명과의 맞짱토론 앞두고 &#39;윤석열 원팀&#39; 선언 2022.1.29 오전10시	홍준표의원이 원희룡 최재형에 이어 선대본부 참여,유승민도 합류 예상되면서 설연휴 윤석열원팀 선언의 의미 분석 #안철수#이재명# ...	3612	1124	69
nIwBlEFBn3E	[충격] 윤석열 후보 TV토론회 거부 '박근혜 떠올라' [매일 뉴스]	"[충격] 윤석열 후보 TV토론회 거부 ""박근혜 떠올라"" [매일 뉴스]"	4	0	0
KUGQg15PUXs	[Live예정] 윤석열 vs 이재명 토론 생중계 (with. 서민)	1월 31일 저녁 7시! 윤석열, 이재명 후보의 토론을 생중계 합니다. 본방보다 재미있을 걸요?	0	51	0
4ckiyHeheKc	31일 양자토론 기대각(윤석열화이팅) ~^^ 새해복많이 받으세요~#shorts #음식 #요리 #대선 #31일양자토론#윤석열		1	0	0
19phgq8KJkg	(긴급) 페이스북을 통해 선대위 합류 전격 발표. 늦었지만 시너지 효과로 윤석열 지지율 상승에 기여할 듯.	홍준표 자신의 정치를 위해서라도 합류외에는 다른 길 없다는 것 깨달아. 상처뿐인 '홀로 투쟁'	27058	14425	1596
KDBziKw1Wkk	홍준표(facebook),윤석열후보와 회동할때 참여 하기로 약속한 중앙선대위 상임 고문직을 수락 합니다.	최재욱TV #최재욱튜브 최재욱TV구독하기(컴퓨터에서만 가능한 ...	92	14	1
s7--_cZyqQM	윤석열 ‘오직! 국민과 함께’ 하겠습니다.		16	7	2
ZP--ZQ6TKrI	우리는 결코 지지않는다!	변상욱 #윤석열 #이재명 #이해찬.	25326	6905	496
Ltx3q6m1pl0	뭔가 수상하다! 박범계장관에 항명했던 김오수검찰총장? 이재명수사 강조? 쇼일까? 뭔가수상하다! #김오수 #이재명전과4범 #윤석열필승	자율적구독후원 : 하나은행 : 106-910488-13707 (박*옥) 해외페이팔 후원링크 : https://www.paypal.me/jungsungsantv 문의 ...	7198	2191	69
iPVvyTU3dYg	윤석열 김진태 국감장에서 설전 공방 진실은 #shorts	윤석열 김진태 국감장에서 설전 공방 진실은 #shorts.	188	13	0
vMr9JIUKEq4	(오전뉴스) 홍준표, 윤석열 선대본 상임고문으로 합류! 원팀 완성! 김종인은 어디로? 김건희가 만난 사람은?	공유 https://youtu.be/vMr9JIUKEq4 회원가입 https://www.youtube.com/channel/UCtmvuCbpw6_TFbeO4ToTAIw/join.	18423	4724	101
eW8oTlNTxIE	김진태 윤석열 거짓 답변 #shorts	김진태 윤석열 거짓 답변 #shorts.	216	19	0
nm_5T4XQ8y0	#이재명 #윤석열 #비트코인  에라이 🤯🚫	이재명 #윤석열 #비트코인 에라이 #국민의힘.	5	0	0
l0GMREHW-vk	💥윤석열 후보.. 토론대회 전략..?  🔸난 그런거 모른다 .. 나는 그런거 없다..#shorts	청년의소리 정말 리얼한 청년들의 목소리 여러분의 구독과 좋아요가 큰 힘이됩니다 ...	7	0	0
geFsOEfVxq8	윤석열총장의 진실	윤석열총장의 진실.	12	6	5
yTuyoa0w3gE	홍준표 '정권교체 대의 위해 선대본 상임고문 수락' / 연합뉴스TV (YonhapnewsTV)	"홍준표 ""정권교체 대의 위해 선대본 상임고문 수락"" 국민의힘 대선 경선에 참여했던 홍준표 의원이 ""정권교체의 대의를 위해 윤석열 ..."	1695	46	43
xeIJ2MYcOl4	두툼한 대선 공약집? 이제는 &#39;클릭, 클릭&#39; / 연합뉴스TV (YonhapnewsTV)	두툼한 대선 공약집? 이제는 '클릭, 클릭' [앵커] 이제 39일 남은 대선전에, 점차 불이 붙고 있습니다. 특히 이번 대선은 코로나19 탓에 ...	167	4	3
4bvqhMO8N1Q	윤석열 유튜브를 구독해주세요. 정권교체를 위해서! 다음을 찍고 들어가 구독 버튼을. 꼭 눌려주세요	윤석열 유튜브를 구독해주세요. 정권교체를 위해서! 다음을 찍고 들어가 구독 버튼을. 꼭 눌려주세요 ...	8	0	0
5FVk9dXxfvM	베일 벗겨진 &#39;나의 촛불&#39;, 윤석열 등장	원본 영상링크 https://youtu.be/PfgA9d6QDbw.	1542	409	25
m4EIe4eOnqE	尹흔들기 &#39;역풍&#39; 맞나..윤석열 장모, 1심 뒤집고 2심 &#39;무죄&#39;	Listen Music in video here: https://www.youtube.com/channel/UCx_pFntMnemzQOmLMksW7AQ?sub_confirmation=1 의료인이 ...	0	0	0
9NAh4l2wn94	박근혜 중병설 중대 진실 취재했다#윤석열의 좌경화,안철수의 우경화#김건희 뺨치는 김혜경#김재원,박근혜 두렵지않나#홍준표 김종인 어디로 붙을까#안방대통령 김건희에 줄서는 수박보수들	(공지)자유국민전선 토크콘서트/2월6일 일요일 오후 2시 서울 지하철 1호선 종각역 4번출구 바로 오른쪽 보신각 끼고 두 번째 골목 ...	7889	1657	45
FkptIbkNoDA	또 다시 FBC 취재 중 발견한 이재명의 지령 충격 실체 또 밝혀졌다. 드디어 끝났다	채널에 가입하여 혜택을 누려보세요. https://www.youtube.com/channel/UCULYn1zisR91e3tZZ4tFi1A/join #이재명 #윤석열.	1138	376	13
tKiC3ERZE1I	[똥팔육백과사전] 고민정 의원님은 두러운 게 없으시면 사생활 공개 하실 수 있나요? EP.57 고민정 #shorts	고민정 #이재명 #윤석열 #대선 #대선후보.	482	98	3
n56mC_7O-zA	(긴급)홍준표,방금 극단적 최종조치!김건희, 尹권유로 기독교 원로 김장환 목사 두차례 면담!갤럽,윤석열과 이재명 35% 동률!홍준표,선대본 합류 충격입장문!	윤석열TV: https://www.youtube.com/channel/UCcl16CxYqlbKQJVCfdhSJVw 윤석열 공식 유튜브 주소입니다. 나라를 살리는 모든 ...	2231	380	4
cMCgntg-Dro	왜 윤석열이어야 하는가?		12	11	3
h56PBvcnLdY	이낙연 단호박 레전드ㅋㅋㅋㅋ #shorts	이재명 #토론 #대선토론 #토론회 #방송토론 #이재명윤석열토론 #코로나#shorts #홍준표 #윤핵관 #국민의힘 #싸움 #안철수 #안철수 ...	4	3	0
H3r2sFRiYJs	200만 무속인들 민주당 비판	유튜브 이송원TV 1월 29일(토) 오전 9시에 이재명, 해병대를 강화 육·해·공·해병 4군체제로 개편 국힘 변상욱대기자 고발 최민희 전 ...	7675	3464	8
zFLziON7pZ4	이삿갓 이리가면 파출소요 저리가면 경찰서요 돌아가면 교도소네💦 I have to go to jail	이삿갓파출소에 #이삿갓경찰서로 #이삿갓교도소로 #이재명대통령되면 #윤석열대통령되면.	723	49	6
Gj8oHNUvU9w	대선후보 연설은 이정도는 해야지..;; #shorts	이재명 #토론 #대선토론 #토론회 #방송토론 #이재명윤석열토론 #코로나#shorts #홍준표 #윤핵관 #국민의힘 #싸움 #안철수 #안철수 ...	3	4	0
_Kf7ywU067o	김건희 여사님 승리 합니다	고 노무현 대통령 에 대하여 내용입니다 꼭 영부인이 되시어 ----- 김건희 여사님 꼭 보시어 대한민국에 떠도는 영혼들을 위로 해주세요 ...	8	0	0
inZ7LEGcp_U	긴급! 김기현 방금 이재명에 충격 발언! 성남시 50억 수임료 난리났다! 김혜경 언급한 이유?	긴급! 김기현 방금 이재명에 충격 발언! 성남시 50억 수임료 난리났다! 김혜경 언급한 이유? **제 방송은 무료로 제공되고 있습니다.	80	29	2
SX3CQkKJNJ0	국민의 힘 필승결의대회 인트루 영상	국민의힘# 필승결의대회 #인트루영상 #윤석열필승 #정권교체.	12	5	0
B08D5SeIZ4Y	[2022년 1월 29일 토요일 오전 방송]	2022년 1월 29일 토요일 오전 방송] 정론일침 [법보다주먹] 서정욱변호사 * 자율구독료: 490701-01-183911 국민(고성국) * 정기구독 ...	66818	13894	64
52W2Na1MeLo	대선후보 부부가 쌍쌍으로~  '상문낙마살' 껴있으면 또~❓	"대선후보 부부가 쌍쌍으로~ ""상문낙마살"" 껴있으면 또~❓ ............................................................................................................. 눈,코,입 생긴 ..."	799	0	0
uZVJapY2tEg	故노무현 대통령과의 인연	김건희 여사님 꼭 보시어 대한민국에 떠도는 영혼들을 위로 해주세요 #김건휘 #윤석열 # #윤석열 #김건희 #이재명#김혜경 #집안 ...	4	0	0
qBihEISnuFQ	김재원의원 양심선언 윤석열 끝났다 #후보사퇴 #후보교체 #shorts		13	5	0
IbHKDwgXlZk	마삼중 &#39;이준석 내로남불&#39; 저격 당했다! '태영호 대북정책, 이수정 젠더이슈.. -3선 중진 당선 전략은?' - 더힐, 윤석열 아마추어.. 미국 국익에 더 적합한 후보 이재명	마삼중이준석내로남불 #국민의힘윤석열이준석 #더힐미국국익이재명 ▣ 황희두 멤버십 후원 ...	15349	5199	387
iYZhaid5ZeY	윤석열, 하늘이 돕는구나! 이재명 대형악재 또 터졌다! &#39;몸종 공무원&#39;  등장에 민주 지금 쑥대밭! 김혜경 이런 인간이었어? 도대체 무슨 일이길래...?!	정의구현 멤버십 가입 : https://www.youtube.com/channel/UCUNwNXVrWAHQpc8gPp1c6kw/join 자발적 구독료 : KB국민은행 ...	0	12	0
s5GDrVF_zls	2022 설날 새해 복 많이 받으십시요~ 홍준표 대표님 존경합니다. #홍준표#윤석열#김건희#이준석#국민의힘#정권교체#원팀#이재명#민주당#안철수#국민의당#문재인#박근혜	2022 설날 새해 복 많이 받으십시요~ 홍준표 대표님 존경합니다. #홍준표#윤석열#김건희#이준석#국민의힘#정권교체#원팀# ...	139	24	0
-2e8H42K7NU	유럽에 감도는 2개의 그림자(2022년 1월 21일~28일)	[오늘의 역사를 기록하다] 한 주간의 국내외 정세를 역사학 관점에서 정리하는 동영상입니다. 한국의 오미크론 확산, 이재명·윤석열 ...	4	0	0
