ID	title	description	viewcount	likecount	commentcount
n_9zpGoNcks	이재명·윤석열, TV토론 준비 매진...양자 토론 협상 / YTN	[앵커] 설 연휴 첫날을 맞아 이재명, 윤석열 두 후보는 별다른 공식일정 없이 TV 토론 준비에 전념합니다. 모레 있을 양자 토론에 대한 ...	8026	189	251
CMSi8j_MDbo	VAPC0222윤석열 후보 &amp; 이재명 후보!! tv 양자토론 누가 우세할까?	윤석열 후보& 이재명 후보! tv양자토론 누가 우세할까? 에 대한 영상.	252	80	13
jE6oCJa2qyU	이재명·윤석열, 공식일정 없이 &#39;토론 준비&#39; 매진 / 연합뉴스TV (YonhapnewsTV)	이재명·윤석열, 공식일정 없이 '토론 준비' 매진 [앵커] 더불어민주당 이재명 대선후보와 윤석열 국민의힘 대선후보가 설 연휴 첫날인 ...	903	13	13
0K-fsIpjMfk	경력은 계속되어야 한다! 쭈우우욱~	알랴줌 #경단녀 #나를위해_이재명.	1099	425	20
gFJskLKwFxU	이재명·윤석열, 일정 비우고 양자토론 준비 집중 / 연합뉴스TV (YonhapnewsTV)	이재명·윤석열, 일정 비우고 양자토론 준비 집중 더불어민주당 이재명 후보와 국민의힘 윤석열 후보는 오늘(29일) 공개 일정을 줄이고, ...	365	14	4
jFIAaQhdq4U	김오수 총장님 이재명 후보 가족은 성역인거죠?		643	205	11
FkptIbkNoDA	또 다시 FBC 취재 중 발견한 이재명의 지령 충격 실체 또 밝혀졌다. 드디어 끝났다	채널에 가입하여 혜택을 누려보세요. https://www.youtube.com/channel/UCULYn1zisR91e3tZZ4tFi1A/join #이재명 #윤석열.	1138	376	13
Ltx3q6m1pl0	뭔가 수상하다! 박범계장관에 항명했던 김오수검찰총장? 이재명수사 강조? 쇼일까? 뭔가수상하다! #김오수 #이재명전과4범 #윤석열필승	자율적구독후원 : 하나은행 : 106-910488-13707 (박*옥) 해외페이팔 후원링크 : https://www.paypal.me/jungsungsantv 문의 ...	7198	2192	69
W8zXvw8Q_p4	형수욕설 논란, 이재명 후보가 참아야만 도덕적인가 ?                어머니 폭행 폭언	이승훈 변호사 2022. 1. 28. TV조선 이것이 정치다 출연 #이재명 #대선후보 #명예훼손 #존속상해 #욕설_논란 #장영하_변호사 #형수 ...	6	3	0
h7C5SfND3ow	이해찬이 말하는 이재명은?	이해찬 #이재명 #이재명플러스 ✓일시후원: 국민은행 794001-04-154041 서울의소리(강경자) ✓전화후원: 1877-1590 ✓정기후원: ...	4247	1527	111
vgiQhR4KaOA	이재명과의 맞짱토론 앞두고 &#39;윤석열 원팀&#39; 선언 2022.1.29 오전10시	홍준표의원이 원희룡 최재형에 이어 선대본부 참여,유승민도 합류 예상되면서 설연휴 윤석열원팀 선언의 의미 분석 #안철수#이재명# ...	3626	1125	69
ay6ilblWj30	역대 정부 국민소득 성장률 비교, 이재명 욕설 녹취 알고보니 이재명 형수가 국민의힘과 손잡고?	[시사바리스타] 뉴스백브리핑 2부 -이재명 욕설 녹취 알고보니 이재명 형수가 국민의힘과 손잡고? -역대 정부 국민소득 성장률 비교 ...	521	252	14
-5Lb0CnPDiU	이재명40프로 돌파 설민심을 잡아라	윤석열 #김건희 #쥴리 21C조선의열단TV 수구적폐세력 응징방송 21세기조선의열단(독립유공자 지원단체) 친일적폐청산과 독립 ...	1630	792	0
A66mQzOqsjw	(시사점치)이재명. 이번 대선이 어려운 6가지 이유	주역점 #타로점 #이재명 #대선 #국민의힘 #시사 #정치 ⭐️필립법사 소개⭐️ 불교학과 졸업 불교학 석사 중국불교유학 한국 ...	4	1	0
kKEOuCDBPlI	성남FC 수사 무마 의혹 확산…검찰총장 통화 논란도 / 연합뉴스TV (YonhapnewsTV)	성남FC 수사 무마 의혹 확산…검찰총장 통화 논란도 [앵커] 이재명 더불어민주당 대선후보의 '성남FC 후원금 의혹'과 관련해 검찰 ...	334	15	4
KUGQg15PUXs	[Live예정] 윤석열 vs 이재명 토론 생중계 (with. 서민)	1월 31일 저녁 7시! 윤석열, 이재명 후보의 토론을 생중계 합니다. 본방보다 재미있을 걸요?	0	51	0
qhYfG-yWt-M	김만배 녹취 윤석열 뉴있저 변상욱 무슨일이, 윤석열 화들짝, 대학동기 작심비판 (클리앙이 찾았다, mbc 여론조사 딱걸렸다, 알고보니 이재명 2% 앞섰다)	채널에 가입하여 혜택을 누려보세요. https://www.youtube.com/channel/UCXizVvs2c7LtFZAu25sK5Fg/join [이재명 후원회 홈페이지] ...	70800	18960	1976
Cvk4SXOyKJQ	하도영TV,이재명 50조.긴급재정명령발동.구독.좋아요	하도영TV,이재명 50조.긴급재정명령발동 This stream is created with #PRISMLiveStudio.	78	14	0
fY2QWkNvW7M	이재명 아들 리스크 국군수도병원 특혜입원 의혹까지 with 김수민	백성문 #김태현 정치 계의 두 절친 법조인 김태현 백성문 변호사의 정치 토크쇼 [정치왓수다] 후원 계좌 우리은행 1005-903-567338 ...	3392	488	33
ZP--ZQ6TKrI	우리는 결코 지지않는다!	변상욱 #윤석열 #이재명 #이해찬.	25326	6906	496
XxE0y2DR4fg	공무원이 김혜경 심부름?…민주 '당사자, 허위사실' / 연합뉴스TV (YonhapnewsTV)	"공무원이 김혜경 심부름?…민주 ""당사자, 허위사실"" 더불어민주당 이재명 대선 후보가 경기도지사로 일할 당시 경기도 소속 공무원 ..."	372	11	3
hYuZr-iV1C0	홍준표, 선대본부 상임고문직 수락...'자문 적극 응할 것' / YTN	국민의힘 홍준표 의원이 선거대책본부 상임고문직을 수락하며 윤석열 대선 후보와의 '원팀'을 선언했습니다. 홍 의원은 오늘(29일) ...	6742	139	221
uMqfWH4dCbY	#이재명이다. #우리가 이재명이다. #국민의 이음으로 이재명이다!	제20대 대통령은 이재명으로!!	1	0	0
nm_5T4XQ8y0	#이재명 #윤석열 #비트코인  에라이 🤯🚫	이재명 #윤석열 #비트코인 에라이 #국민의힘.	5	0	0
UiXTskj1b2o	이재명 녹음파일 17번 이재명－이재선(친형) 통화	17/34 친형에게 욕설로 대화, 북한공작금 1만달러 언급 이재명이 친형 이재선, 형수 박인복 등과 통화하며 온갖 협잡과 욕설이 담긴 ...	55	15	1
fnQKZ5DOPAw	이재명 후보 베스트 오브 베스트	This stream is created with #PRISMLiveStudio.	911	475	0
xeIJ2MYcOl4	두툼한 대선 공약집? 이제는 &#39;클릭, 클릭&#39; / 연합뉴스TV (YonhapnewsTV)	두툼한 대선 공약집? 이제는 '클릭, 클릭' [앵커] 이제 39일 남은 대선전에, 점차 불이 붙고 있습니다. 특히 이번 대선은 코로나19 탓에 ...	167	4	3
cXs4v3Keqe8	이 36.0%, 윤 29.1%...제주 여론을 보면 전국이 보인다	이 36.0%, 윤 29.1%...제주 여론을 보면 전국이 보인다 #제주언론4사.	985	353	30
HPELIYfF9TA	이재명 필승 기원!  화순설 대목장		4	0	0
inZ7LEGcp_U	긴급! 김기현 방금 이재명에 충격 발언! 성남시 50억 수임료 난리났다! 김혜경 언급한 이유?	긴급! 김기현 방금 이재명에 충격 발언! 성남시 50억 수임료 난리났다! 김혜경 언급한 이유? **제 방송은 무료로 제공되고 있습니다.	80	29	2
4STayfx0nak	이재명을 서포트한 위대한 인물 1번 실실 쪼개지마라	이재명 사이다.	106	9	3
G2Mcz0X3_Rg	이재명이 허경영과의 토론을 피하는 이유 (10초)	허경영 1억 지급 가능한가? ↓↓↓ [1억.com] 접속 https://hkygame.com 허경영 대통령후보 후원회 후원하기: ...	3910	303	37
hxnvZ3Irm14	[7449] 친노 vs 친문, 문재인, 이재명, 이해찬, 조국, 김경수	1. 노무현 사망사건 = 문재인 + 김경수 2. 노회찬 사망사건 = 문재인 + 조국 3. 드루킹 사건 = 문재인 + 김경수 ...	41	7	0
StHHoVhWFmU	이재명 양자토론말고 다자토론하자!!	"시청해주셔서 감사합니다. ""채널중심""은 여러분의 관심으로 진실을 보도합니다 구독과 좋아요 꾹~ 부탁드립니다 후원: 신한 ..."	3	0	0
aPSSRS58x_A	[고민정이 간다 EP.9] 경주 대학생 청년들을 만났습니다!	더 많이 만나겠습니다. 더 많이 듣겠습니다. 이재명 후보를, 민주당을 한번만 더 돌아봐주십시오. #이재명 #소통 #2030청년.	283	149	0
AxaAnOZCdac	이재명 양자토론말고 다자토론하자!!  #shorts	"시청해주셔서 감사합니다. ""채널중심""은 여러분의 관심으로 진실을 보도합니다 구독과 좋아요 꾹~ 부탁드립니다 후원: 신한 ..."	4	0	0
dX3Xi_fL4EE	민병덕 양이원영 국회의원,  추경 대폭 증액 촉구 국회 본관 농성 시작	이재명 #100조추경100조대출 #소상공인손실보상 2022.1.28. 20:00 전상훈TV #땡전뉴스 #102 [오미크론 대폭발에 따른 긴급호소문] ...	1897	347	4
nrELB4Dif_4	이재명, 아들에 이어 부인 김혜경도 터졌다! &#39;몸종 공무원&#39; 등장에 민주 발칵! 윤석열 격앙! 이런 인간들이었어?!	정의구현 멤버십 가입 : https://www.youtube.com/channel/UCUNwNXVrWAHQpc8gPp1c6kw/join 자발적 구독료 : KB국민은행 ...	14262	4050	174
tUxdznYRlug	20대 대선 임박! 후회 없는 선택 도울 6가지 포인트! (이재명, 윤석열, 안철수, 심상정, 김동연, 허경영)	이재명 #윤석열 #안철수 #심상정 #김동연 #허경영 #대선공약 #대선정책 #대선후보 #문재인 #홍준표 #이낙연 #나경원 #오세훈 ...	12	1	0
o_Elc9j3JXY	공무원인데  이재명  사모님 김혜경 약 대리수령 등 사적 심부름	공무원인데 #이재명 사모님 #김혜경 약 대리수령 등 사적 심부름.	3	0	0
tKiC3ERZE1I	[똥팔육백과사전] 고민정 의원님은 두러운 게 없으시면 사생활 공개 하실 수 있나요? EP.57 고민정 #shorts	고민정 #이재명 #윤석열 #대선 #대선후보.	482	98	3
TRu7b1hT9m0	1월 29일 최고위원회의 생중계	이재명 #대선 #앞으로 #제대로 2022년 1월 29일 토요일 오전 9시 생중계.	1400	264	20
QrGamAZ20ss	[박대표의 운명돌파]  1.29(토)    일 잘하는 경제대통령, 고장난 시계는 한번은 맞는다  전광훈 욕설,	정치인물분석 #사팔랩 #박대표 #정치인의운명 #더불어민주당 #이재명후보 #국민의힘 #윤석열 #인물심리분석 @이재명 @나를위해 ...	0	18	0
h56PBvcnLdY	이낙연 단호박 레전드ㅋㅋㅋㅋ #shorts	이재명 #토론 #대선토론 #토론회 #방송토론 #이재명윤석열토론 #코로나#shorts #홍준표 #윤핵관 #국민의힘 #싸움 #안철수 #안철수 ...	4	3	0
Of_9ApwqmAg	후보대신 박영선이 갑니다 #2 대선캠프와의 과학정책대화 @KAIST	이재명 후보의 기술과학 정책에 대해 교수님들과 학생들, 벤처기업인들은 어떤 의견과 궁금증을 갖고 계신지, 후보대신 박영선이 ...	263	156	14
zFLziON7pZ4	이삿갓 이리가면 파출소요 저리가면 경찰서요 돌아가면 교도소네💦 I have to go to jail	이삿갓파출소에 #이삿갓경찰서로 #이삿갓교도소로 #이재명대통령되면 #윤석열대통령되면.	723	49	6
u1XvOKpoxh4	[Daily] 더불어민주당 선대위 국민참여플랫폼 뉴미디어특위 출범식(2022.01.25)	더불어민주당 #송영길 #진선미 #선대위뉴미디어특위출범식 2022년01월25일 오후14시40분 00:00 영상시작 00:10 [대독]이재명 ...	55	27	5
iNOshCJawZY	[국민을 살리는 정책을 펼 수 있는 정치인으로서 이재명 후보를 지지하고 응원합니다]	코로나 팬데믹, 왜 성남시 의료원인가? - 성남시의료원은 다 가지고 있었기 때문 - 미리 준비해야 한다는 것이 이런 것 - 공공의료의 ...	72	43	6
n56mC_7O-zA	(긴급)홍준표,방금 극단적 최종조치!김건희, 尹권유로 기독교 원로 김장환 목사 두차례 면담!갤럽,윤석열과 이재명 35% 동률!홍준표,선대본 합류 충격입장문!	윤석열TV: https://www.youtube.com/channel/UCcl16CxYqlbKQJVCfdhSJVw 윤석열 공식 유튜브 주소입니다. 나라를 살리는 모든 ...	2557	385	5
Gj8oHNUvU9w	대선후보 연설은 이정도는 해야지..;; #shorts	이재명 #토론 #대선토론 #토론회 #방송토론 #이재명윤석열토론 #코로나#shorts #홍준표 #윤핵관 #국민의힘 #싸움 #안철수 #안철수 ...	3	4	0
