ID	title	description	viewcount	likecount	commentcount
KIF4e7bb4Y4	이재명-윤석열 양자토론 실무협상 또 결렬…진행방식 이견 / 연합뉴스TV (YonhapnewsTV)	이재명-윤석열 양자토론 실무협상 또 결렬…진행방식 이견 [앵커] 민주당 이재명, 국민의힘 윤석열 대선후보의 31일 양자토론이 협상 ...	2870	71	95
JUlBD0ae66Y	이런데도 정신 못 차리고 이재명, 윤석열 뽑겠습니까?	허경영 1억 지급 가능한가? ↓↓↓ [1억.com] 접속 https://hkygame.com 허경영 대통령후보 후원회 후원하기: ...	1289	225	48
O18k_guv0Ng	정피디 열공...화천대유 김만배씨가 윤석열이를 한방에 죽일 수 있는 카드를 가지고 있다는 섬칫한 발언을 했다.  대장동게이트 공범으로 재판을 받고 있는 정영학 회계사가 재판부에	화천대유 김만배씨가 윤석열이를 한방에 죽일 수 있는 카드를 가지고 있다는 섬칫한 발언을 했다. 대장동게이트 공범으로 재판을 받고 ...	2393	746	48
LGb93K1Spqs	[7470] 김의겸, 김만배 손아귀 윤석열 + 문재인이 지켜준다	김 의원은 30일 오전 이같은 내용의 글을 페이스북에 올렸다. 김 의원은 “윤석열이는 형(통화에서 자신을 지칭)이 가지고 있는 카드면 ...	95	19	3
jfWLqfW0wEo	[대장동] 김만배 윤석열 언급,, YTN 녹취록 공개해줘요,,;; #shorts	shorts #김만배 #대장동 #화천대유 #윤석열 #카드면죽어 #오함마갖고와.	2213	432	20
r64CzNv5W_0	김의겸...[김만배 손아귀에 든 윤석열]	[김만배 손아귀에 든 윤석열] “윤석열이는 형이 가지고 있는 카드면 죽어” 열린공감TV가 보도한 김만배의 녹취록 내용입니다. 두 가지 ...	6206	2607	163
Mu7bFu08d28	[7472] 화천대유 누구 껍니까?? 김만배 카드 = 윤석열이 그분?	해당 녹취는 김씨가 또다른 사업 핵심인물인 회계사 정영학씨와 대화를 나눈 내용으로, 김씨는 사업과 관련해 불안감을 표출하는 정씨 ...	1	0	0
DzbVP39DjzU	李·尹, 사흘째 토론 협상...개최 안갯속 토론 준비 &#39;올인&#39; / YTN	[앵커] 더불어민주당 이재명 대선 후보와 국민의힘 윤석열 후보 측은 오늘도 사흘째 '양자 토론' 협상을 이어갑니다. 양강 후보의 양자 ...	3508	89	124
4BxRB3P-LMw	이재명 윤석열 / 욕사과 개사과 비교 / 조선일보 횡포	제이피팡 바로가기 http://biz79.com/ 쇼핑도 후원도 즐겁게.... 즐기자구요 ~	223	63	5
oPvVorND-c4	황교익...김만배 윤석열...문재인 대통령이 검찰청을 완벽하게 통제하고 있다는 사실을 국민에게 보여주기 바랍니다. 문재인 대통령의 결단을 요구합니다.	YTN이 보도를 예고했다가 방송하지 않은 '윤석열 언급 김만배 녹취록'이 열린공감TV를 통해 공개되었습니다. 그러나 모든 언론이 ...	931	347	29
HD1bnQheLAk	윤석열을 죽일 수 있는 김만배의 카드는? 윤석열, 박영수, 김만배의 관계	후원계좌 : 신한은행, 김두일 : 110 248272 422 ◼︎ 페이팔 : https://www.paypal.com/paypalme/KIMDOOIL ◼︎ 채널가입: ...	0	153	0
H8_fn9YA8qg	[정치人싸] “윤석열 자필 편지? 또 무슨 사고 쳤길래?”｜대구 무공천에 ‘김재원 탈당 후 출마’ 곤혹스러워진 이준석? - 이준석, 현근택, 천하람, 김준우 &amp; 허일후 아나운서	인싸를 꿈꾸는 네 남자의 유쾌·상쾌·통쾌 정치 토크쇼! | 시즌 3 PPL을 원하시는 분은 댓글 혹은, mbcradiofocus@gmail.com 으로 메일 ...	27851	2146	425
NVYba7TvTqM	윤석열,  설 연휴 첫날 강남역 &#39;깜짝&#39; 새해인사…'줄을 서시오'	윤석열 #윤석열설날 #윤석열강남역 #강남역 아이뉴스24 기사 바로가기 ...	38	2	0
MAvKSKh18Tc	[박대표의 운명돌파]  1.30(일) 이재명-윤석열 양자토론 실무협상 또 결렬..진행방식 이견, 중고차 허위매물 뿌리 뽑겠다	정치인물분석 #사팔랩 #박대표 #정치인의운명 #더불어민주당 #이재명후보 #국민의힘 #윤석열 #인물심리분석 #이재명후보공약 ...	0	28	0
0vQ5DAWvGgg	선대위 합류한 홍준표 왜 윤석열 손잡았을까요? 홍준표의 야망	홍준표#윤석열#대구시장공천 1월 7일 방송 다시 보기 https://studio.youtube.com/video/WccTnevx2XQ/edit 상담후원계좌 농협 913 ...	124	29	1
uu_pMojkBfs	사실인가? 윤석열 받았나?	안철수 #윤석열 #이재명 안철수 뽑으면 안철수 대통령 됩니다.	0	1	0
-UMfHIHxafs	화천대유 김만배 윤석열 한방에 보낼카드 있다!		1580	408	0
mm7SlEeqjcQ	이경주 하트 윤석열	이경주 하트 윤석열 스마트키워드 사랑하는 마음을 선물합니다. 1000개의 사랑을 전하는 행복 이모티콘! 사랑 단어들이 멋진 하트로 ...	1	2	0
9bsY1A09RDw	원희룡 황교안 자살프레임도 대장동도 #윤석열 😱	윤석열 #수사과정의자살 #원희룡 #황교안 니들이 두려워하던 진실이 결국 또 윤석열이네 야! 니들 그 삿대질의 나머지 손가락들은 ...	4	0	0
59xp1oErXg0	윤석열은 쫓겨나고 문재인은 잡혀간다. 볼 보듯 뻔한 미래 - 허경영	허경영 1억 지급 가능한가? ↓↓↓ [1억.com] 접속 https://hkygame.com 허경영 대통령후보 후원회 후원하기: ...	1221	212	35
T5fybUpJIbI	해외 10개국 25개 교민단체, 자유민주주의 지킬 윤석열 후보 지지 선언 .22.01.29	정권교체 #윤석열지지선언 #10개국25교민단체.	282	29	8
B-ZpH6pPurs	윤석열 '살아있는 권력을 수사하는 것이 검찰개혁'이다.		57	20	2
IFZGtrT0C1Y	대선승리 이후에 맞딱드릴 적폐들과 윤석열시대의 고난들.	채널에 가입하는 방법 https://www.youtube.com/channel/UC242xa78h95GOvuM8UhRS1w/join ✔️ 영상 시청하시기 전에 구독과 ...	6752	1808	19
oB73ExmyNuc	이재명 후보 '윤석열, 국가의 운명을 우연적 요소에 의해 결정하지 않을까 하는 국민의 우려... 명확한 해명 필요'	"""대선 D-44 이재명 후보에게 듣는다"" YTN 인터뷰 이재명 후보님의 인터뷰를 쇼츠로 간략하게 소개합니다. 'YTN news' 인터뷰 전체 ..."	4	4	0
p8CREKYavl8	류근일, 피를 토하며 윤석열ㆍ안철수에게 고한다!		301	58	0
hIBHBZmNrB0	화천대유 김만배 '윤석열이는 형이 가지고 있는 카드면 죽어'	"유튜브 이송원TV 1월 30일(일) 오전 9시에 보배드림 이재명 “중고차 시장 허위매물 근절할 것” ""당신들 용퇴하면 대선승리 합니다"" ..."	9785	4511	16
TBpPzf4QWDs	대선후보들, 현정부 대북정책 &#39;때리기&#39;·&#39;차별화&#39; / 연합뉴스TV (YonhapnewsTV)	대선후보들, 현정부 대북정책 '때리기'·'차별화' [앵커] 여야 대선후보들의 대북정책 공약은 대중의 주요 관심사 중 하나입니다.	292	10	10
VHbCXdoehto	이재명 후보 '윤석열, 특정인을 확정적 범죄자로 단정하는 건 황당'	"""대선 D-44 이재명 후보에게 듣는다"" YTN 인터뷰 이재명 후보님의 인터뷰를 쇼츠로 간략하게 소개합니다. 'YTN news' 인터뷰 전체 ..."	7	6	1
x0yjlur3XBw	패널들의 반응 #윤석열 #후보교체 #후보사퇴 #shorts		7	5	2
ydEUktEiDUo	최민희 전우용...만일 녹취록에서 김만배가 '이재명을 확실히 죽일 수 있는 카드를 가지고 있다'했다면 검찰과 언론은 어떻게 했을까요?	"만일 녹취록에서 김만배가 ""이재명을 확실히 죽일 수 있는 카드를 가지고 있다""했다면 검찰과 언론은 어떻게 했을까요? 최민희 ㅡㅡㅡ ..."	648	239	19
8PxT1DPss70	[대선풍향계] 오미크론발 &#39;5차 대유행&#39; 시작…대선 영향은? / 연합뉴스TV (YonhapnewsTV)	[대선풍향계] 오미크론발 '5차 대유행' 시작…대선 영향은? [앵커] 오미크론 변이가 무서운 기세로 확산하고 있습니다. 파고가 정점에 ...	493	9	6
G6BdOoPjy3w	1.28. YTN 변상욱기자  뉴잇져, 김만배 녹취 방송 불방 예고편-  &#39;윤&#39;언급 보도 '내가 가진 카드면 윤 끝장나'	"[특별 원격 생방송] 김만배,정영학 녹취록 단독 공개! - “윤석열이는 형이 가지고 있는 카드면 죽어!"" - 화천대유 김만배 - 열린공감TV ..."	41	6	0
pk4Wo2BMn9Y	속보! 박근혜가 갑자기 충격적인 특별 사면을 받았다! 윤석열은 문재인이 박근혜로부터 북한에 판매 한 모든 비밀 원자력 프로젝트 문서를 받았다! 긴급 체포 영장이 발부되었습니다!	속보! 박근혜가 갑자기 충격적인 특별 사면을 받았다! 윤석열은 문재인이 박근혜로부터 북한에 판매 한 모든 비밀 원자력 프로젝트 ...	7	1	0
RnDs-SZ3ceY	[7471] 이명박이 노무현 죽였다던 놈들아, 니들 논리라면 검찰이 죽인 게냐?	1. 대장동 수사 = 이재명 죽이기 + 윤석열 보호 2. 검찰과 문재인의 분리인식 3. 검찰과 이명박의 분리인식 = 이명박은 관계 없고 검찰이 ...	39	5	0
85UmGbv3bRM	도리는아니다 #윤석열 #국민의힘		28	13	0
wejwQjf051o	긴급! 선관위, 코로나 투표대책 '확진자 우편투표, 자가격리자 오후 6시 이후 투표' 방침. 무효표, 부정선거 우려 비상	"긴급! 선관위, 코로나 투표대책 ""확진자 우편투표, 자가격리자 오후 6시 이후 투표"" 방침. 무효표, 부정선거 우려 비상 **제 방송은 무료 ..."	49	15	0
l6j0ZzAgb_U	부동산 유튜버가 왜 누구를 찍으라마라야?	부동산 투자자문(유료) : moboohouse@gmail.com​ ​ ※ 모두의부동산 카페 : https://cafe.naver.com/moboohouse ​ ​※ 모두의 ...	10292	772	164
nekyGcWlzv4	국민이 안철수를 불러냈다 이전과 다르다 중도포기는 없다	2022대선 #안철수 #윤석열 #이재명 #이준석 ♥ 후원안내 ♥ ※국내 후원 국민은행, 365202-01-189195 김*원 ※해외 후원 PayPal ...	306	69	9
sZCLbpYP_GE	임인년 새해 복 많이 받으세요	임인년 새해에는 귀 가정에 기쁨과 평안이 가득하기를 기원합니다. 대전유성갑 선대위원장 장동혁 올림. #임인년 #새해복많이 ...	25	11	1
itoU_ajtoak	[무서운 녹취록] 김만배 왈'윤석열은 내가 갖고 있는 카드면 죽어!'	세담TV 후원계좌 농협 [725019-51-139349] 김 * 나 컨텐츠의 개선점이나 충고나 비판은 모두 저에게 힘이 된다고 생각합니다 언제나 ...	3237	848	7
gscWwWoZdcU	[✍🏻사팔랩 브리핑]  1.30(일) 자유토론하자? 이로다 토론 무산, 김만배, 한 방에 죽일 수 있는 카드!!  김종인 나는 허수아비였다	정치인물분석 #사팔랩 #박대표 #정치인의운명 #더불어민주당 #이재명후보 #국민의힘 #윤석열 #인물심리분석 #김건희 #4자토론 ...	811	380	7
TRfowL3mEzo	안철수 의 외신기자클럽 기자간담회 보시면 준비된 대통령 후보를 알게 됩니다.	안철수 #윤석열 #이재명 안철수 뽑으면 안철수 대통령 됩니다.	16	2	0
CKlrIxkVWeM	김종인 '나는 허수아비였다'	김종인 #이재명 #윤석열 채널에 가입하여 촛불동지로서 대선승리를 위해 함께 해요 ...	806	207	6
TebH_qSqcnI	안, 이-윤 양자토론 강행시 &#39;야외 철야농성&#39; 나설듯 / 연합뉴스TV (YonhapnewsTV)	안, 이-윤 양자토론 강행시 '야외 철야농성' 나설듯 국민의당 안철수 대선 후보가 더불어민주당 이재명, 국민의힘 윤석열 후보의 양자 ...	487	16	16
Qr2Gfzwri08	#안철수 발성변화 과정.. (발성학원 어디냐ㅡㅡ) #shorts	국민의힘 #민주당 #뉴스 #지지율 #토론 #대선 박근혜 # 이명박 #심상정 #홍준표 #안철수 #토론 #대선토론 #레전드토론 #MB아바타 ...	22	5	4
k5230-3GvqE	이재명 후보 '없는 죄 만드는 게 특수부 검사들이 해왔던 일... 윤석열, 국가권력을 사적 이익 위해 남용할 가능성 많아'	"""대선 D-44 이재명 후보에게 듣는다"" YTN 인터뷰 이재명 후보님의 인터뷰를 쇼츠로 간략하게 소개합니다. 'YTN news' 인터뷰 전체 ..."	11	6	0
VXuOqYSaFHo	[특별 원격 생방송] 정영학 녹취록 단독 공개! - “윤석열이는 형이 가지고 있는 카드면 죽어!' - 화천대유 김만배 - 열린공감TV 취재 후!-[시사통통]	"영상중계:열린공감TV/[특별 원격 생방송] 정영학 녹취록 단독 공개! - “윤석열이는 형이 가지고 있는 카드면 죽어!"" - 화천대유 김만배 ..."	145	40	0
DrIdauo6G28	대통령후보 이재명, 윤석열후보님께 건의합니다/세로영상	이재명 #윤석열 #대통령선거 #내가바라는정책 #행복한병영생활 #부동산 여러분 설명절 새해복 많이 받으세요~ 다가오는 3월 대통령 ...	23	7	7
nP290S6etzc	안철수 '양당 모두 적폐 세력이다!'	"시청해주셔서 감사합니다. ""채널중심""은 여러분의 관심으로 진실을 보도합니다 구독과 좋아요 꾹~ 부탁드립니다 후원: 신한 ..."	2	1	0
cd-S-dyxwpU	💥이준석 당대표.. 🔸문재인 정권.. 경제정책 야당 무시하다가.. '독박' 썼다..#shorts	청년의소리 정말 리얼한 청년들의 목소리 여러분의 구독과 좋아요가 큰 힘이됩니다 ...	4	0	0
