ID	title	description	viewcount	likecount	commentcount
dLWOu9GVdo4	[대선 특집] 안철수 후보에게 대한민국의 미래를 묻다 (주식, 부동산, 청년 정책)	[대선 특집] 안철수 후보에게 대한민국의 미래를 묻다 (주식, 부동산, 청년 정책) - 국민의당 대선 후보 안철수 김작가 신간 『럭키』 ...	5282	582	206
XpWvSdNrV2U	이재명·윤석열 양자 토론 협상 표류...자료 반입 두고 &#39;팽팽&#39; / YTN	[앵커] 오늘 저녁으로 예고됐던 대선 후보 양자 토론 개최가 불투명해지고 있습니다. 토론회에 '대장동 자료' 반입을 두고 더불어민주당 ...	8051	240	333
bHIyMB9q2-g	'패션은 내가 최고!'…대선 후보들의 런웨이 / SBS	더불어민주당 이재명, 국민의힘 윤석열, 정의당 심상정, 국민의당 안철수 등 4명의 유력 대선 후보가 펼치는 민심잡기 경쟁을 옷 입기 ...	1961	27	47
WdiuF9vdXAI	달라진 선거 운동...&#39;쇼츠&#39;에 &#39;밈&#39;까지, 짧고 강하게! / YTN	[앵커] 여야 대선 후보들의 선거 운동, 대규모 인력과 조직을 동원하던 과거와는 달라진 모습을 보이고 있습니다. 짤막한 영상이나 ...	9064	149	122
hqwKI-xWF7Q	[안철수] 양당 담합토론 규탄 철야농성 - 2일차 | 2022년 1월 31일 | LIVE	안철수 #20대대통령 #국민의당 #담합토론 #규탄 #철야농성.	5909	0	0
N8Vab56CqbA	홍진경에게 수학 가르치러 온 대선 후보 3명(이재명,윤석열,안철수) [공부왕찐천재]	찐천재에 특별한 선생님들이 찾아오셨네요 어떤 선생님을 먼저 공개할지 고민하다가 주사위를 던져보았습니다 앞으로 공개될 수업들 ...	22158	1004	198
Cc7OM4H4wlU	안철수에서 강철수로 가면 일어나는 일		253	63	20
egV5IWxP4Oc	안철수 채널 안철수 라이브 방송 중 입니다.	안철수 안철수 뽑으면 안철수 대통령 됩니다.	4	3	0
F7g0Gt5xffM	안철수란 사람 이런 리더	대통령선거#안철수#안철수업적#이제명#윤석렬.	2	0	0
Zs7Jq2XcVk0	'양자토론, 기득권의 야합'…안철수·심상정 철야 농성 / 연합뉴스TV (YonhapnewsTV)	"""양자토론, 기득권의 야합""…안철수·심상정 철야 농성 [앵커] 국민의당 안철수 후보와 정의당 심상정 후보는 철야농성에 돌입했습니다."	465	12	12
JnjrbiXZuz4	윤석열 왜 이러나? 안철수를 뺀 양자토론에 집착!	회원가입→ https://www.youtube.com/channel/UCq2Ld6DYPkq_61vKvL7EFiw/join.	1734	402	23
L1mJU7Nl1WU	[Live] 국민의당 안철수, 철야 농성 2일차 '양당 담합토론 규탄' (22.01.31)	"국민의당 #안철수 #철야농성 #담합토론 #규탄 [Live] 국민의힘 안철수, 철야농성 2일차 ""양당 담합토론 규탄"" (22.01.31) 시사 ..."	4317	406	0
8QKJUpd783M	안철수 국민의당 대통령 후보 천막 철야농성...'보통 사람은 아닙니다' 국제언론인회-국제감시단	2022년 1월 30일 오후 국회 본청 계단 앞.	69	6	1
3oVqpfcgWrc	💥 안철수 후보.. 🔸윤석열 후보님 나랑 토론 하는게 그렇게 무섭습니까? 발언에 시끌 시끌~#shorts	청년의소리 정말 리얼한 청년들의 목소리 여러분의 구독과 좋아요가 큰 힘이됩니다 ...	6	2	0
5GTq4lEiPtc	[정권교체] 야권단일화 왜 해야 하는가 ? #안철수 #윤석열	안철수 , 윤석열 ,허경영 등을 지지하는 모두의 공통목표는 무엇인가? '정권교체' 이다.	4	0	0
f8bnri9uYv4	[2022] 설날 특집 B tv 인천뉴스	인천뉴스 #btv뉴스 #SK브로드밴드 설날 특집 B tv 인천뉴스 -[설특집-대선 주택 공약] ① 이재명, 양도세 중과 한시적 유예…4종 주거 ...	56	5	0
op-sMrrOoa0	안철수 대통령 후보 양당담합토론 중단 촉구 천막 철야농성	with CameraFi Live.	83	11	0
JKqch-Hmiu4	이영작 박사의 이준석 안철수에 대한 경고  이준석 안철수는 역사와 시대의 명령에 순응하라	이영작 박사의 이준석 안철수에 대한 경고 이준석 안철수는 역사와 시대의 명령에 순응하라.	119	6	1
9DXjtTR3KSs	안철수에게 따지겠다 [박찬종]	[이봉규TV 멤버십 가입] https://www.youtube.com/channel/UCxuf... 이봉규 TV 후원계좌 신한은행 110-494-556972 [이봉규TV ...	116	51	4
RC39TzY4ilk	[오연호가 묻다] 오마이뉴스-리얼미터 여론조사 결과 생방송 발표, 최후의 승자는 누구? (2022.01.31 오전)	[오연호가 묻다] 오마이뉴스-리얼미터 여론조사 결과 생방송 발표, 최후의 승자는 누구? (2022.01.31 오전) #대선여론조사 #리얼미터 ...	131175	0	26
LkIbfH30Zf0	윤석열 이재명 오차범위안에서 선두 다툼인데, 사드추가배치공약 윤석열에게 독일까?약일까 ?안철수이재명 어떻게 받아치는가가 대선판도 바꿀수있다.	사주,운명,정치,사회, 철학,과학를 이야기하고 논하는 채널 구독과좋아요는 방송의 힘이됩니다. limcloud@daum.net.	0	0	0
dO8gQ20qTwo	그들의 속마음은 “토론은 싫어” [2022년 1월 31일(월) 정규재의 텐텐뉴스]	0:00:00 오프닝 0:01:07 윤석열·이재명, 양자토론 무산? 0:06:24 안철수 철야 농성 0:12:37 서울 아파트 거래 급감 0:18:47 북한 미사일 ...	5652	1915	31
BtSQmr_wq0s	완전제압,윤45%VS이39%!이준석,김종인 회동추진!김민전교수,이준석에 일격!미국,군사적대응강화!	윤석열TV: https://www.youtube.com/channel/UCcl16CxYqlbKQJVCfdhSJVw 윤석열 공식 유튜브 주소입니다. 나라를 살리는 모든 ...	32355	4788	224
dWuxbxGUpPQ	종교와 정치	역대 대통령들의 종교관과 정치적 관계.	90	8	0
MQ-aPkAzsmk	[2022년 1월 31일 월요일 오전 방송]	2022년 1월 31일 월요일 오전 방송] 정론일침 [특별대담] 임호영대장 * 자율구독료: 490701-01-183911 국민(고성국) * 정기구독 계좌 ...	66515	12799	44
DKuAqSOP8Fg	문대통령이나 김정숙여사님께 전달해 주세요.1백만원 드리겠습니다.	농어촌민박은 농가소득 증대 차원에서 시행하고 있는 것으로 알고 있습니다.농어촌민박은 농가소득 증대 차원에서 시행하고 있는 ...	19	0	0
ubBrW8gGudM	#무인도털이#응원해주신분들 올한해 고생하셨습니다 2022 새해 복많이 받으세요 아프지마시고 항상 웃는일만 기득하시길요  사랑합니다 까치까지 설날은 어제  우리 설날은#잡초#설날노래	뿌린만큼 거두리라 칼로베인 상처는 쉽게 아물지만 말로베인 상처는 치유되지 않는다 서로 따뜻한말로 상처주지말아요 인생살이 ...	50	18	15
A-CDZ3VAiNE	[칸트TV] 김만배 녹취록 논란 윤석열 형 카드면 죽어?! / 북한 한달에 7번 미사일 도발 김정은 집권 후 월간 최다	아름다운 세상을 꿈꾸는 유튜브 채널* 투네이션 후원 : https://toon.at/donate/kant 후원 : 농협 302-1329-8793-61 (예금주 배*훈) ...	474	114	0
FZ2-4JGOoX8	천하람 vs 김성회 '민주당 쇄신? 이준석 같은 존재 없어서 힘들다'	천하람#김성회#이준석#이재명#윤석열#안철수 OBS막전막후(22.01.30)	989	100	17
C7lP3tm-x1Y	안철수  양자토론 반대 국회철야 농성  마스크 쓰고있다가 혼자 있다고 마스크벗는 안철수 ㅋㅋㅋㅋ		0	0	0
