ID	title	description	viewcount	likecount	commentcount
vSV-vuj6z7k	윤석열·안철수 단일화 결단 임박! 이번 설 민심이 분수령으로 작용! 이재명·민주 지금 난리났다!!	정의구현 멤버십 가입 : https://www.youtube.com/channel/UCUNwNXVrWAHQpc8gPp1c6kw/join 자발적 구독료 : KB국민은행 ...	4944	1374	85
19Rgy5gmkaE	킹메이커--안철수를 알아야 대선이 보인다		275	65	14
3X3cSjY6zdU	국민통합 안철수 대한민국 의 살길 !	안철수 #윤석열 #이재명 안철수 뽑으면 안철수 대통령 됩니다.	15	8	0
4KMKoef2XfA	안철수 쌩쇼 2월1일 저녁8시45분 유튜브 안철수 채널에서 방송합니다.	안철수 안철수 뽑으면 안철수 대통령 됩니다.	8	6	0
k5dpLVLNuxo	누군가의 희망이 되는 정치를 꿈꾸어 봅니다. #안철수		20	15	0
NxqH--8CNxs	(오전뉴스) 윤석열 압도적 결과 나왔다! 정권교체 찬성자 절대 다수, 단일후보는 윤석열! 이재명, 안철수 끝났다!	공유 https://youtu.be/NxqH--8CNxs 회원가입 https://www.youtube.com/channel/UCtmvuCbpw6_TFbeO4ToTAIw/join.	27373	7355	143
s96yNgKJkik	'더 나은 삶 약속'…여야 대선주자들 대표 공약은 / 연합뉴스TV (YonhapnewsTV)	"""더 나은 삶 약속""…여야 대선주자들 대표 공약은 [앵커] 여야 대선 주자들이 유권자들의 표심을 잡기 위한 치열한 공약 경쟁을 ..."	502	10	10
eW4LwGBxbvY	안, 4자 토론 준비…심, 코로나 의료진 격려 / 연합뉴스TV (YonhapnewsTV)	"안, 4자 토론 준비…심, 코로나 의료진 격려 국민의당 안철수 후보는 오늘(1일) 공개 일정 없이 설을 보냅니다. 국민의당 관계자는 ""안 ..."	168	1	0
AhoS78hXQrI	윤석열 선두유지.이재명 정체속 정권교체 54.4% 정권연장 38.2% 격차 더 벌어졌다. 공정여론조사	윤석열 43.5%·이재명 38.1%…안철수 7.8% 정권교체 54.4% vs 정권연장 38.2%	34241	8714	587
6MNsEq3IpyE	윤석열 안철수 단일화해야 이긴다는데…'安 싫다' 이준석 극복해도 남는 변수	"윤석열 #안철수 단일화해야 이긴다는데…""安 싫다"" #이준석 극복해도 남는 변수."	4	0	0
chN_Ey4lK7o	안철수의 쌩쇼-1부 안철수의 생각	안철수의 쌩쇼-1부 안철수의 생각.	9	7	0
NrP2iDaOkfs	이재명, 고향 안동으로…윤석열, 강화도 최북단 방문 / 연합뉴스TV (YonhapnewsTV)	이재명, 고향 안동으로…윤석열, 강화도 최북단 방문 [앵커] 설날 대선레이스 상황 알아보겠습니다. 더불어민주당 이재명 후보는 명절 ...	2015	65	33
6x0M_hGXZUY	김건희 실제로 본 진중권! 국힘 당내 면접 끝나고 윤석열과 같이 셋이서 처음봤는데	김건희 실제로 본 진중권! 국힘 당내 면접 끝나고 윤석열과 같이 셋이서 처음봤는데 [뉴스패널] 구독과 좋아요 부탁드립니다 구독은 ...	14	3	0
VarbKslY5bs	세상읽기 136  일본발 &#39;스텔스 오미크론&#39; 감염자 폭증, 검출율 80%?	오미크론 확진자 증가, 학교 PCR.항원검사 저울질, 전주한옥마을 구름인파, 중국 대만독립 반대, 북한 중거리(IRBM) 미사일 발사, 대선 ...	11	0	0
Uxaf2itZBgA	대통령 선거! 대통령은 누가?	대통령 선거일이 점점 다가오네요~ 정말 후보자를 잘 선택하여 국익, 공정, 정의, 상식이 통하는 나라가 되고, 다시 한 번 대한민국이 ...	10	3	0
ehT0gVdOzp0	안철수 무소속 18대 대선 출마 공식 선언 - 서울 충청로 구세군아트홀	안철수 #안철수_출마 #안철수_대선.	4	0	0
bphz9F5_J44	이준석똥고집에 쪽박유력! 22.02,01. [시사파이터]	필승전략#수상한지지율#무조건단일화.	2392	770	19
-KtFX5qXP2E	설날아침 날아든 낭보.야권단일후보 윤석열73.7% 거짓말제일 잘할 후보 이재명52.8% 격차 더 벌어졌다.	채널에 가입하는 방법 https://www.youtube.com/channel/UC242xa78h95GOvuM8UhRS1w/join ✔️ 영상 시청하시기 전에 구독과 ...	9284	4288	243
4qn4S37Be00	韓国.... A4用紙を愛した文大統領。	좌빨들 피해서 미국으로 이민 가야 될 것 같아요..... 左派共産党を避けてアメリカに移住する必要があります。 이준석을 빨리 쳐내라.	1	1	0
