ID	title	description	viewcount	likecount	commentcount
9uI2aV8M3Yo	이재명-윤석열, 토론 무산 뒤로하고 설 민심 공략 / YTN	[앵커] 더불어민주당 이재명 후보와 국민의힘 윤석열 후보가 양자 토론 무산을 뒤로하고, 오늘은 설 민심 공략에 나섰습니다. 이 후보는 ...	8436	208	260
o3zdq0EeGNs	이재명, 안동 찾아 성묘…&#39;대구경북 후보&#39; 강조 / 연합뉴스TV (YonhapnewsTV)	이재명, 안동 찾아 성묘…'대구경북 후보' 강조 더불어민주당 이재명 대선 후보는 오늘(1일) 설을 맞아, 고향인 경북 안동을 찾아 부모님 ...	4037	829	166
EkQP3XiunWs	양심없는 이재명 지지자 VS 윤석열 지지자 개망신	이재명지지자 #윤석열지지자 #문재인지지자 #박근혜대통령님 #여러분새해복 #이삿갓티비 #이삿갓신문고 #이삿갓뉴스 #돌아온 ...	2154	484	82
vg1Is7wcT2w	성남시 의료원, 너 없었으면 어쩔뻔?	성남시의료원 흉부외과 박준석 과장님의 응원을 마음에 새기며, 국민을 살리는 정책을 펴는 이재명 정부를 만들겠습니다- 경기도 공공 ...	5901	3295	323
NrP2iDaOkfs	이재명, 고향 안동으로…윤석열, 강화도 최북단 방문 / 연합뉴스TV (YonhapnewsTV)	이재명, 고향 안동으로…윤석열, 강화도 최북단 방문 [앵커] 설날 대선레이스 상황 알아보겠습니다. 더불어민주당 이재명 후보는 명절 ...	1970	65	33
YDdJCFWEARU	이재명을 포퓰리즘으로 만드는 허경영의 논리	허경영 1억 지급 가능한가? ↓↓↓ [1억.com] 접속 https://hkygame.com 허경영 대통령후보 후원회 후원하기: ...	2611	255	46
pzn9_Edu1i4	[신지호의 쿨-톡] 이재명의 행동대까지 등장했다	김혜경, 국고손실죄로 처벌되나.	19239	5969	382
IbXVc9YWfa8	이재명 후보 부부 봉화 부모님 산소 성묘와 안동 경주이씨 종친회 어르신 인사	이재명 #김혜경 #봉화 #부모님산소 #성묘 #안동 #경주이씨 #종친회 #어르신 #새해인사 ✓일시후원: 국민은행 794001-04-154041 ...	6554	1253	44
AhoS78hXQrI	윤석열 선두유지.이재명 정체속 정권교체 54.4% 정권연장 38.2% 격차 더 벌어졌다. 공정여론조사	윤석열 43.5%·이재명 38.1%…안철수 7.8% 정권교체 54.4% vs 정권연장 38.2%	34241	8714	587
QWFZkqEo9iY	이재명 후보 용산역 귀향객 인사	이재명 후보 #김혜경 여사 #용산역 #귀향객 #인사 ✓일시후원: 국민은행 794001-04-154041 서울의소리(강경자) ✓전화후원: ...	4462	1033	72
oDcc5TTp3mw	[ FNL NEWS ] 송영길, 김종인과 이재명 후보와의 관계 밝혀 - 22.02.01	자유일보가 일간지로 새롭게 개편되었습니다. 구독자 여러분들의 많은 구독 부탁드립니다. http://jayupay.com/ TV 자유일보는 구독자 ...	337	55	10
s7UCv5mWK5k	이재명 후보측 어느 두뇌가 36계를 이리 현란하게! 윤석열 하나라도 낚인다면 《새해맞이 36계 전문》	"후원계좌 신한은행 304 04 253850"" 평가 This stream is created with #PRISMLiveStudioㄴ."	7087	2286	40
ONFPoQEN1z0	이재명 후보 형 이재선씨 &#39;정신과입원 확인서&#39;와 &#39;존속협박 폭행&#39; 등 법원 판결문	"양희삼TV 후원사 § □ 마이보험체크 무료 상담 1800-7917 ""양희삼TV""보고 문의하신다고 해 주세요."	128	45	4
TnwBSYGaCV8	이재명 후보 일정 중 안동가고 있어요 눈이 오네요~^^	우리가언론이다 #후원계좌 국민은행 355-24-0029-673 *지인 #대통령선거 #대선 #본부장_비리 This stream is created with ...	15209	2277	0
bBYXqayR29A	1번 평화 2번 전쟁 등 이재명 vs 윤석열 한방에 정리(안진걸 소장)	이재명 #윤석열 #대선 #안진걸 #대선후보 #민주당 #국민의힘 #더불어민주당 ✓일시후원: 국민은행 794001-04-154041 서울의소리( ...	3426	837	44
OZ547l_hfZE	더불어민주당 대통령 후보 이재명/부모님 산소 성묘 현장/경주이씨 종친회 어르신 인사	세계타임즈TV.	57	8	0
iuN59cPuwHY	&#39;굿바이, 이재명&#39; 시리즈 #3 : 형의 죽음마저 쇼로 이용한 이재명	장영하 변호사님 측 영상을 함께 공유합니다! 시사뉴스 우동균 멤버십으로 함께해주세요!	1416	439	15
ysgaq5v8UBM	속보! 이재명-김혜경의 충격적인 녹음이 유출됐다! 서울경찰청, 이준석 5000억 뇌물에…속전속결 사형 집행.문재인 이재명 큰일났다! 윤석열에 충격 입장문!	속보! 이재명-김혜경의 충격적인 녹음이 유출됐다! 서울경찰청, 이준석 5000억 뇌물에…속전속결 사형 집행.문재인 이재명 큰일났다!	1093	72	1
DQvG86davqc	ep3. 이재명 아들 이동호의 황제입원이 팩트인가요?!	이재명 #이동호 #황제입원 ep3. 이재명 아들 이동호의 황제입원이 팩트인가요?!	2972	1110	92
gin7C86P8Ck	런던 김인수 라이브 /22년1월31일 / 이재명의 공약 - 나의 아저씨법 과 영국의 유산상속법률 / 한국시간 저녁 9시 (영국시간 정오)	1. 안녕하세요? 제 페이스북이 일시 중단되었습니다. 이에 재심을 요청해 두었습니다. 페이스북에 게시 할 수 없어서 유투브에서 방송 ...	1647	771	47
0EKH_7kX97s	다급해진 &#39;이준석 어그로&#39; 망신 당했다! 이소영 '어설프게 반중코인 탑승 시도.. 번지수 잘못 찾아' - 윤석열 사드 배치 주장에 맞선 이재명 '통합과 평화'	이준석이재명페이스북댓글 #민주당이소영이준석비판 #윤석열사드배치이재명통합과평화 ▣ 황희두 멤버십 후원 ...	24813	8814	441
lZHTaxrTMgY	💥이재명 후보.. 국민여러분 계속 속으실 겁니까..?#shorts	청년의소리 정말 리얼한 청년들의 목소리 여러분의 구독과 좋아요가 큰 힘이됩니다 ...	5	1	0
s96yNgKJkik	'더 나은 삶 약속'…여야 대선주자들 대표 공약은 / 연합뉴스TV (YonhapnewsTV)	"""더 나은 삶 약속""…여야 대선주자들 대표 공약은 [앵커] 여야 대선 주자들이 유권자들의 표심을 잡기 위한 치열한 공약 경쟁을 ..."	502	10	10
Wv8s0WgASSg	이재명 생가터 방문4, 220131 월		0	0	0
BB_UChcaVrg	이재명 생가터 방문5, 220131 월		0	0	0
ZIdubkmfl44	이재명 생가터 방문3, 220131 월		0	0	0
p7eBrF8ZfmY	이재명 생가터 방문1, 220131 월		0	0	0
7nQbDD-TDY8	김혜경 여사님 이재명 후보님 안동김씨종회소	This stream is created with #PRISMLiveStudio.	738	318	2
BD5Fip7Xc8U	💥이준석 대표.. 이재명 후보.. 비리가 자꾸 파헤처 지니까.. 🔸내거티브 중단선언..! 웃긴다#shorts	청년의소리 정말 리얼한 청년들의 목소리 여러분의 구독과 좋아요가 큰 힘이됩니다 ...	15	1	0
vSV-vuj6z7k	윤석열·안철수 단일화 결단 임박! 이번 설 민심이 분수령으로 작용! 이재명·민주 지금 난리났다!!	정의구현 멤버십 가입 : https://www.youtube.com/channel/UCUNwNXVrWAHQpc8gPp1c6kw/join 자발적 구독료 : KB국민은행 ...	4944	1374	85
4dASMYu6wOA	이재명 후보  부모님 성묘하러 올가시는 모습		80	31	0
4DzNm3oCL-U	제 6화  &#39;공장 창고에서 벌인 권투경기&#39;	인간 이재명 1천인 릴레이 오디오 북은 2021년 8월 발간된 인간 이재명을 읽은 1135명의 시민들이 직접 낭독과 녹음, 편집해 만들어진 ...	56	19	2
2lOtRdZQBJ0	라임튜브 이재명 어린이 표심 잡기 나선다		8	1	0
4mTRT3VmYX4	#이재명#용산귀성길#새해 복많이 받으세요#이재명_나를_위해		12	3	0
NxqH--8CNxs	(오전뉴스) 윤석열 압도적 결과 나왔다! 정권교체 찬성자 절대 다수, 단일후보는 윤석열! 이재명, 안철수 끝났다!	공유 https://youtu.be/NxqH--8CNxs 회원가입 https://www.youtube.com/channel/UCtmvuCbpw6_TFbeO4ToTAIw/join.	27373	7355	143
nDP4Ydb649I	대장동 김태훈 유임 이재명 후보 변호사비 대납 김종현 유임 도이치모터스 조주연 유임 박범계 법무부장관 문재인 정부 마지막 대규모 검찰 중간간부 인사 단행 2022 1 25	법무부(장관 박범계/연대 법대)는 지난 1.25 문재인 정부 마지막 검찰인사를 단행하였다 김태훈 서울 중앙지검 4차장 검사는 유임 ...	26	1	0
u0hjsoqILGk	이재명 청와대 부디 심어주세요		32	21	1
aiwnsO7AlKk	이재명 화이팅		6	0	2
iNpEI0hrCjE	이재명 욕설파일 &amp; 국힘당의 모략	충격적인 고 이재선씨 녹취록과 형수의 작태 그리고 그것을 이용한 국민의 힘당 판단은 유권자 여러분들의 몫입니다. 이재명 욕설파문 ...	73	22	2
O42n0jWXoPM	이재명 대통령후보 소확행공약 몰아보기2탄	이재명#소확행공약#몰아보기 @후원링크 @투네이션: https://toon.at/donate/637651943728289128 @페이팔: ...	5	2	0
DITZpABWWp8	국내최대 여성카페 난리났다! 윤석열의 진심에 감동의 눈물바다 터졌다! #윤석열필승 #윤석열파다미여리 #이재명전과4범	자율적구독후원 : 하나은행 : 106-910488-13707 (박*옥) 해외페이팔 후원링크 : https://www.paypal.me/jungsungsantv 문의 ...	3432	1279	43
9mClg4TbweI	[박대표의 운명돌파]  2.1(화)  보고 싶은 얼굴 vs 위험인물, 희대의 저질 후보	정치인물분석 #사팔랩 #박대표 #정치인의운명 #더불어민주당 #이재명후보 #국민의힘 #윤석열 #인물심리분석 #이재명후보공약 ...	0	26	0
T925fJ5KecQ	새해 복 많이 받으십시오!!^^	이재명은_합니다 #나를위해_이재명 #우리를위해_이재명 후원 : (국민) 453201-04-048641 한민우 후원금은 현장에서의 활동비로 ...	239	98	2
IvZusf9BWYE	이재명 '성남시는 수익 남기지 않아도 돼' 육성 확보	"이재명 ""성남시는 (수익) 남기지 않아도 돼"" 육성 확보."	4	1	0
6BvWDLa9VQI	설날 아침 마중물뉴스~새해 복많이 받으세요	이재명 사법고시 부활 공약 윤석열 文 정부 北에 굴종 귀경 정체 오후 4시~5시 .최대 중부 대설주의보 최대 10Cm 연휴에도 꺽이지 ...	7	0	0
GofgmEIBm8o	➊ℒℴѵℯ—̳͟͞͞💙 ❛반갑습니다,잘 하겠습니다. 새해에는 복🧧많이 만들겠습니다❜	이재명알리기【FACT CHECK】가짜뉴스요약    https://m.blog.naver.com/jaemyunglee?categoryNo=72 #이재명은했습니다【FACT ...	17	6	1
76C9ZpZkfL4	긴급! 양자토론 무산 후 윤석열 방금 문재인에 충격발언! 여의도 당사 난리났다! 윤석열 “사드 추가배치” 공약하자…이재명 “중국 보복 감수할 건가”	긴급! 양자토론 무산 후 윤석열 방금 문재인에 충격발언! 여의도 당사 난리났다! 윤석열 “사드 추가배치” 공약하자…이재명 “중국 보복 ...	20	14	0
3X3cSjY6zdU	국민통합 안철수 대한민국 의 살길 !	안철수 #윤석열 #이재명 안철수 뽑으면 안철수 대통령 됩니다.	15	8	0
xjVYu9WJduI	나는 왜 이재명과 맞서는가 (유재호 시의원 출연@유재호TV JayooTV )	시회의 의원으로 대선후보와 맞서는 사람이 있습니다. 그의 이야기를 들어봅니다.	0	31	0
n-248cFlYo0	[#굿]그것이 알고싶다 굿의 세계	Let's go : go! 채널 굿쟁이 구독하기! : 굿쟁이☞https://www.youtube.com/user/bestkang80/featured 굿쟁이 매거진 ...	238	6	7
