ID	title	description	viewcount	likecount	commentcount
QhxMDxb1wwU	[안철수] 철책상 종합편 - 미래를 생각하면 안철수!	"00:00 ""인트로"" 00:13 ""코로나19 감염병 해결 편"" 02:32 ""미·중 신냉전 편"" 05:04 ""4차 산업혁명 시대 정부의 역할 편"" 07:27 ""연금개혁 ..."	2064	0	215
bHBjRPjAHp4	이재명-김동연 오늘 양자토론...尹, 내일 4자 토론 준비 / YTN	[앵커] 설 연휴 마지막 날, 대선 후보들 소식 알아보겠습니다. 더불어민주당 이재명 후보는 오늘 저녁 새로운물결 김동연 후보와 양자 ...	8857	316	235
roi5umbNBOo	천하람 '안철수 후보는 정치혐오를 먹고 사는 화초 같다'	천하람#현근택#윤석열#이재명#안철수 KBS1라디오 열린토론(22.02.01)	1275	111	16
-k0XC8YFkyA	안철수로 국민통합 부민강국 !	안철수 #윤석열 #이재명 안철수 뽑으면 안철수 대통령 됩니다.	9	6	0
rdIE6v31X0w	안철수 동행	안철수노래#대선후보#안철수공약#안철수.	1	0	0
1iFeecEBGSg	'박근혜 떨어뜨리려'·'MB아바타'…대선판 흔든 TV토론 / 연합뉴스TV (YonhapnewsTV)	"""박근혜 떨어뜨리려""·""MB아바타""…대선판 흔든 TV토론 [앵커] 더불어민주당 이재명, 국민의힘 윤석열, 정의당 심상정, 국민의당 안철수 ..."	1153	22	5
XIpZHIWQGQo	#신년운세❓#2022년운세  #호랑이띠운세  #안철수환갑축하 #黑虎ㅡ검은호랑이띠해운세 #합이드는띠ㅡ말띠ㅡ개띠  #안맞는띠ㅡ닭띠ㅡ원숭이띠	새해복福福福많이받으세요 #Happy new year 언제나 건강하시고 뜻하시는 모든일이 원만성취하시기를 기도합니다 ...	33	10	2
g66kZ_Cfi5Q	대한민국의 별, #안철수 국민과 하나되어 파이팅!!!		286	167	25
riafXDXTd3M	여의도  간다  #윤석열 #안철수 #이재명	턴라이트 - 구독 턴라이트  자발적후원 계좌   중소기업은행 341-108033-04-010 ❤ 문자응원 #70794296 ✓✓해외용페이팔 ...	567	174	3
WfzjiNzGY9E	안철수의 공약_미중 신냉전편	안철수#안철수공얘#대선후보#대선후보공약#미래먹거리#코로나예방법.	0	0	0
ZAxi6ETYGM8	안철수의 예언_코로나극복 제안	안철수#안철수공약#코로나극복#코로나종식#감영병예방.	0	0	0
7MwazC8R5Ks	안철수 노래 동행	안절수노래#안철수대선후보#안철수공약.	1	0	0
9q6NRQ1Gjn0	소름돋는 예언! 천해암에게 안철수 사주를 넣었더니 생각지도 못한 반전이 일어난다?!..※소름돋는 신점 결과※ [안산만신] [천해암] ☎️010 7190 5278☎️	안산 천해암⭐ ▷상담문의 ☎️010 7190 5278☎️ ▷신당위치 : 경기도 안산 #안철수 #안철수사주 #안철수지지율 #안철수대선 ...	56	7	0
rrbm3mZ5cEc	이재명-김동연 오늘 양자 토론…윤석열, 내일 토론 준비 / SBS	이재명 민주당 대선 후보는 설 연휴 마지막 날인 오늘(2일) 저녁, 새로운물결 김동연 대선 후보와 양자 정책 토론을 펼칩니다. 이 후보와 ...	1863	21	34
kIPAQe-s7y8	박근혜 부활 이제부터다!#김건희 충격고백!윤석열 과거#윤석열 날릴 한방 이재명 깐다#김혜경도 안방 대통령#우리에겐 왜 싱글러브장군 없나#새가 된 홍준표 김재원#안철수,윤석열 꺾을까	윤창중칼럼세상은 보수우파의 집권이 목표입니다. 실현 가능한 해법과 방향을 분명히 제시합니다. 윤칼세를 도와주십시오. 윤칼세TV ...	8142	1465	41
l5DBtj4HNd4	윤석열과 안철수 후보단일화? (국민 단일화 필수!)	공인중개사시험 핵심 과외 특강!! 수업내용 만이라도 반드시 반복 숙달할 각오가 있는 분. 서울지역 스터디(독서실.카페,모임방)등 독립 ...	2	1	0
niOAPwQJgPs	이재명을 지지하는 사람들이 붕신인 이유	이재명#윤석열#안철수#대선.	3	1	0
WjOQuWaHLjI	2월 3일 / 인성정보 / 유바이오로직스 / LIG넥스원 / 한화에어로스페이스 / K9  / 진단키트 / 대선주 / 이재명 / 윤석열 / 안철수 / 작전주 / 삼표산업	실전투자대회 우승 경험으로 예뻐지는 차트를 찾아 소개하는 오공주차트룸! 오공주 멤버십을 시작합니다. 채널에 가입하여 혜택을 ...	20	2	0
VInj8dZFBII	윤석열 설날 민심 잡았다! 43.5% 급상승! 안철수 대폭락 7.8% 이재명 소폭하락! (진성호의 직설)		28307	4167	167
8pJig-4udm0	2월 3일 / 심텍 / SK하이닉스 / 아이에이 / 이수페타시스 / 프로이천 / 진단키트 / 대선주 / 이재명 / 윤석열 / 안철수 / 작전주 / 우크라이나 / 삼표산업	실전투자대회 우승 경험으로 예뻐지는 차트를 찾아 소개하는 오공주차트룸! 오공주 멤버십을 시작합니다. 채널에 가입하여 혜택을 ...	5	0	0
oKDif40Ous0	찢재명 이재명 찢노스 형보수지 박제 #찢노스 #이재명 #혜경궁김씨 #윤석열 #김건희 #형보수지#안철수	구독과 좋아요는 사랑입니다.	3	0	0
oD7NQr-ykbQ	미리 본 대선 후보 최초 4자토론: TV 토론(3일)에서 차기 대통령 결정된다! 4인 후보의 장ㆍ단점 집중 분석	미리 본 대선 후보 최초 4자토론: TV 토론(3일)에서 차기 대통령 결정된다! 4인 후보의 장ㆍ단점 집중 분석 #최성 #최성TV #최성대선 ...	0	3	0
ixDsOrnaXDs	윤석열 후보가 직접밝힌 양자토론이 무산된이유....충격! 대장동 몇분??	윤석열 후보가 직접밝힌 양자토론이 무산된이유....충격! 대장동 몇분?? [뉴스패널] 구독과 좋아요 부탁드립니다 구독은 사랑입니다 ...	7	3	1
cwUxSdVgs2w	난리난 대통령선거, 대통령 연봉 및 혜택은?	요즘 참 난리죠 대통령선거, 당선되면 혜택은?	169	11	0
14rvOAterXg	[최경영의 최강시사] &#39;설특집 뉴스 언박싱 확장판&#39; 이번 연휴 핫 이슈는? - 민동기 기자 + 김민하 시사평론가｜KBS 220202 방송	[설특집 뉴스 언박싱 확장판] '오늘 아침 가장 뜨거운 뉴스' - 민동기 기자 + 김민하 시사평론가 ----- ▷ #최강시사 홈페이지: ...	5768	975	80
WtW_qFABNlM	2/2 (수) 풀영상｜[현근택, 김병민] 설특집 &#39;설 밥상머리 민심 어땠나?｜[민동기, 김민하]설특집 뉴스 언박싱 확장판｜세계 각국 코로나 방역 상황 점검｜KBS 220202 방송	(1부) [설특집 뉴스 언박싱 확장판] '오늘 아침 가장 뜨거운 뉴스' - 민동기 기자 + 김민하 시사평론가 (2부) [설특집 '설 밥상머리 민심 ...	4305	314	47
kp1Ekd0FLac	윤석열, 입장 발표 나왔다! 이재명·김혜경 부부, 사이좋게 몰매 맞았다! 문재인이 사라진 이유는? 민주 지금 난리났다!!	정의구현 멤버십 가입 : https://www.youtube.com/channel/UCUNwNXVrWAHQpc8gPp1c6kw/join 자발적 구독료 : KB국민은행 ...	0	48	0
XJh5eSdHy4A	이재명 족발투혼 말더듬이, 말실수 (민주당 지지자들의 내로남불)	안철수 말실수 악의적으로 편집해서 안초딩 프레임 씌우던 민주당 지지자들. 이재명 말실수는 윤석열 족발을 패러디한 유머라고 찬양 ...	13	0	0
