ID	title	description	viewcount	likecount	commentcount
bHBjRPjAHp4	이재명-김동연 오늘 양자토론...尹, 내일 4자 토론 준비 / YTN	[앵커] 설 연휴 마지막 날, 대선 후보들 소식 알아보겠습니다. 더불어민주당 이재명 후보는 오늘 저녁 새로운물결 김동연 후보와 양자 ...	8857	316	235
rrbm3mZ5cEc	이재명-김동연 오늘 양자 토론…윤석열, 내일 토론 준비 / SBS	이재명 민주당 대선 후보는 설 연휴 마지막 날인 오늘(2일) 저녁, 새로운물결 김동연 대선 후보와 양자 정책 토론을 펼칩니다. 이 후보와 ...	1851	21	34
CHrzcHuCmoI	[대한민국 텅와대] 월백 이재명 선생, 새해 인사하다 쫓겨난 사연?	2022년 설 연휴에도 계속된 텅와대 녹화! 문통의 지각으로 등장한 깜짝 게스트 JM, 그가 다짜고짜 기본소득 주장하다가 쫓겨난 사연은 ...	5533	3473	120
Zj4qyxPr1Ik	[뉴스트라다무스] 전 성남 부시장 억울함 호소. 이재명 숟가락만 얹는다. #shorts	이재명성남 #성남fc #이재철부시장 #이재명.	790	201	5
HNA9UjWq8gw	'이재명 토론 제안은 다 허세'	인라이트 스쿨 구독계좌 : 하나은행 403-910045-18704 주식회사 인라이트스쿨.	1763	214	10
6GbyGdf6bxM	[뉴스트라다무스] 일 잘한다는 이재명, 성남시장 점수는 50점 Ep.13 #shorts	이재명 #이재철 #성남fc.	395	87	1
ma-kKqXPZCo	벼랑 끝에 몰린 이재명 충격 자백 실토	채널에 가입하여 혜택을 누려보세요. https://www.youtube.com/channel/UCULYn1zisR91e3tZZ4tFi1A/join #이재명 #문재인 ...	3949	914	38
a9ywP3IY0Jg	개들(동물)이 지지하는 이재명 후보 feat.고민정 #shorts		4759	1047	91
i0-8SXkZv5M	용산역에서 설인사 드렸습니다	용산역 #설인사 #shorts.	2578	1103	88
OV_q8wdDWyY	윤석열의 토론 도망에 설민심은 이미 이재명으로 | 김성수 이경의 나를위해 (경이로운선거 시즌2) LIVE	시사 문화 평론가 김성수입니다. 본 영상은 유료 광고를 포함하고 있습니다. 자발적 시청료 : 농협 352-8302-2124-43 김성수 페이팔 ...	5547	4150	0
WsHcw3F9DVQ	[지역민방공동기획] 지역이 대한민국입니다_이재명 후보에게 듣는다	방송일시 2022.02.02(수) 08:40 #이재명#민주당#더불어민주당#대선#대통령선거#선거#대담#민영방송#지역민방#지역민방공동 ...	28	5	1
iip5N4pOSMw	[#팩트체크]이재명 후보와 고 이재선씨 녹취록 공개! 박인복씨의 말은 과연 진실일까?	대구를 바꾸고 지역주의와 세대간의 벽을 허물며 세상을 보는 진실의 눈을 가질 수 있는 시민 한분 한분의 힘이 되어 드리기 위해 ...	1619	478	68
uznXkO6xf3Y	이재명 위기 극복과 일상 회복#shorts	이재명 위기 극복과 일상 회복#shorts.	29	9	0
niOAPwQJgPs	이재명을 지지하는 사람들이 붕신인 이유	이재명#윤석열#안철수#대선.	3	1	0
NUyZ9gBhPOk	런던 김인수 라이브 /22년 2월1일 /이재명 공약 - 사법고시 부활  -v- 영국의 변호사시험 도입	"1. 안녕하세요? 영국의 김인수 입니다. 2. 이재명 대통형 후보의 ""사법고시 부활"" 공약에 대하여, 3. 영국의 로스쿨 제도에 대해서, 영국 ..."	2056	880	22
TbJDg8wbPmU	&#39;굿바이, 이재명&#39; 시리즈 #4 : 혜경궁 김씨의 정체는?	장영하 변호사님 측 영상을 함께 공유합니다! 시사뉴스 우동균 멤버십으로 함께해주세요!	2469	886	52
6YfxL_WiHdU	진중권 '이재명 욕설, 김혜경 웃음소리 소름' #shorts	shorts.	497	196	15
Gmu5nLdaD2c	허세부린 윤석열 &#39;사드 논란&#39; 네티즌 뼈 때렸다! 마삼중 이준석 '한 대 맞으면 두 대 돌려주는 성격' - &#39;층간소음 제로사회&#39; 소확행 공개.. 이재명-김동연 정책토론회 예고	허세부린윤석열망신 #마삼중이준석어설픈비단주머니 #이재명소확행층간소음제로사회 #이재명김동연정책토론회 ▣ 황희두 멤버십 ...	26816	10135	422
PNwoDfp4Ubg	이재명 사람 목숨을 소중하게	사람 목숨을 소중히 여기는 이재명.	84	24	8
lP0FEd8bW2c	이재명 후보님의 웹자서전 (43번째 이야기)	이재명 #대선후보 #나를위해_이재명 #앞으로제대로 #이재명은합니다 #대한민국 #대전환시대.	0	1	0
EBa9Enxn0Ek	이재명 후보님의 새로운 소확행 공약	이재명 #대선후보 #나를위해_이재명 #앞으로제대로 #이재명은합니다 #대한민국 #대전환시대.	0	1	0
NV6G2GONo7c	이재명 ‘2018 MBC 인터뷰!’ 헐~	Shorts#이재명#인터뷰스타일.	27	4	1
xuUWg-gOsAs	이재명이 윤석열을 크게 앞섰다!		1980	480	26
1iFeecEBGSg	'박근혜 떨어뜨리려'·'MB아바타'…대선판 흔든 TV토론 / 연합뉴스TV (YonhapnewsTV)	"""박근혜 떨어뜨리려""·""MB아바타""…대선판 흔든 TV토론 [앵커] 더불어민주당 이재명, 국민의힘 윤석열, 정의당 심상정, 국민의당 안철수 ..."	1153	22	5
nAaxmjUFlew	@안병하평전 축하 메세지 @이재명 대선후보	안병하라는 공직자를 존경하는 이재명 대선 후보.	12	3	0
5cGCbFeqW4s	이재명이 태양광을 하려는 이유가 중국에 잘 보이기 위해서인 이유, 태양광 발전은 실효성이 없는 것으로 밝혀졌다! 이재명 끝났다!		3	0	0
W1WmAytYX9Q	이재명의 친중 사대주의 행보를 논리적인 뼈직구 팩트폭행으로 손쉽게 제압해버린 이준석 대표의 통쾌 사이다!		6	0	0
kIPAQe-s7y8	박근혜 부활 이제부터다!#김건희 충격고백!윤석열 과거#윤석열 날릴 한방 이재명 깐다#김혜경도 안방 대통령#우리에겐 왜 싱글러브장군 없나#새가 된 홍준표 김재원#안철수,윤석열 꺾을까	윤창중칼럼세상은 보수우파의 집권이 목표입니다. 실현 가능한 해법과 방향을 분명히 제시합니다. 윤칼세를 도와주십시오. 윤칼세TV ...	8142	1464	41
jv1pvvLqTPQ	박근혜, 대국민 메세지에 대선 판 요동친다! 윤석열, 입장발표 나왔다! 이재명 기겁! 민주 이제 큰일났다!!	정의구현 멤버십 가입 : https://www.youtube.com/channel/UCUNwNXVrWAHQpc8gPp1c6kw/join 자발적 구독료 : KB국민은행 ...	35107	13294	313
Zrw5gA5T_6k	김혜경뒤집어졌다! SBS취재과정과 이후 상황 공개! 제보자A씨 보호! #혜경궁 #이재명전과4범	자율적구독후원 : 하나은행 : 106-910488-13707 (박*옥) 해외페이팔 후원링크 : https://www.paypal.me/jungsungsantv 문의 ...	5584	2609	118
qqcKFS3ezrk	토론 중에 얼떨결에 대장동 비리를 인정해버린 이재명? &#39;과거로 돌아가도 또 대장동으로 해먹을 건데요? 앗...&#39;		4	0	0
oKDif40Ous0	찢재명 이재명 찢노스 형보수지 박제 #찢노스 #이재명 #혜경궁김씨 #윤석열 #김건희 #형보수지#안철수	구독과 좋아요는 사랑입니다.	3	0	0
riafXDXTd3M	여의도  간다  #윤석열 #안철수 #이재명	턴라이트 - 구독 턴라이트  자발적후원 계좌   중소기업은행 341-108033-04-010 ❤ 문자응원 #70794296 ✓✓해외용페이팔 ...	565	174	3
uehKAK9NWmU	[박대표의 운명돌파]  2.2(수)   '어대명' 함께 할때 우리는 강해진다 vs 5무 윤구라는 거니 꼭두각시	정치인물분석 #사팔랩 #박대표 #정치인의운명 #더불어민주당 #이재명후보 #국민의힘 #윤석열 #인물심리분석 #이재명후보공약 ...	0	25	0
8Hu_wI9NAHM	SBSnews📽'내가 죽여버릴꺼야'성일종의원,막말녹취 입수(가세로✂️ 태안군수에 대한 욕설 및 막말 논란)	이재명알리기【FACT CHECK】가짜뉴스요약    https://m.blog.naver.com/jaemyunglee?categoryNo=72 #이재명은했습니다【FACT ...	27	10	3
-k0XC8YFkyA	안철수로 국민통합 부민강국 !	안철수 #윤석열 #이재명 안철수 뽑으면 안철수 대통령 됩니다.	9	6	0
9mSoDW50EO8	이재명 녹음파일 24번 이재명－이재선(친형) 통화	24/34 백종선 협박 건, 형제간 설전 이재명이 친형 이재선, 형수 박인복 등과 통화하며 온갖 협잡과 욕설이 담긴 녹취록 원본 34개 중 ...	60	15	0
WjOQuWaHLjI	2월 3일 / 인성정보 / 유바이오로직스 / LIG넥스원 / 한화에어로스페이스 / K9  / 진단키트 / 대선주 / 이재명 / 윤석열 / 안철수 / 작전주 / 삼표산업	실전투자대회 우승 경험으로 예뻐지는 차트를 찾아 소개하는 오공주차트룸! 오공주 멤버십을 시작합니다. 채널에 가입하여 혜택을 ...	20	2	0
ct2WL17EVJM	생떼쓰는 이재명과 민주당쓰레기 집단을 일거에 청소해야만 나라의 미래가 있다.		2	1	1
o9UXFv0fIvc	2월 2일 (수) 양자토론 무산, 후보에겐 어떤 영향 있나/ 이재명-김동연 오늘 양자토론, 단일화 계기되나/ 내일 4자 토론, 후보들은 어떤 포지션을 잡을까 [김태현의 정치쇼]	2022년 2월 2일 수요일 SBS 김태현의 정치쇼 생방송 [1부] 뉴스온더 블럭 - 전민경 파이낸셜뉴스 정치부 기자 [2~3부] 여의도 타짜 ...	7532	413	8
roi5umbNBOo	천하람 '안철수 후보는 정치혐오를 먹고 사는 화초 같다'	천하람#현근택#윤석열#이재명#안철수 KBS1라디오 열린토론(22.02.01)	1275	111	16
HTzzGo24FIQ	이재명은 오직! 민생 오직! 국민	이재명은 #합니다 오직! 민생 입니다 오직! 국민 입니다 코로나19 위기극복에 최선을 다하겠습니다. 하루빨리 생업과 일상생활에 복귀 ...	9	6	0
zZiRR37Qu0k	정월달에 절대로 산소를 가지 말아야 할 사람이 있다?!💥 이런 분들은 산소 가지 마시고 마음으로만 보내세요!	산소 #산소가면안되는사람 #정월달 ☆천광궁 함께 해결하는 진실 상담 : 010-5378-5886 카카오톡 : trb49 ☆덕분TV 촬영문의 ...	428	42	2
g1zn1v0J0KU	4자 토론회에서 이재명밑천 바닥납니다.4명중 제일 모지랍니다.실력? ㅋㅋ 실력이 좋았으면 대장동 했겠습니까?		1	1	0
smhW7TPArcc	[11시 김광일 쇼] 김광일 격분! 속 시원한 사이다 발언 모음 2탄	조선닷컴 공식 홈페이지 http://www.chosun.com 조선일보 무료 구독 체험 http://bit.ly/2WnNAF7 ◈ 사실에 대한 믿음, 할 말을 하는 ...	32480	7574	247
nUoAhUeMmSg	하다하다 아버지 직업까지 문제 삼습니다	아버지_직업 #네거티브 #shorts.	1687	658	33
FQccdRWdaj0	노동정책 공약 발표 안전한 일터, 존중받는 노동! 일하는 사람 모두가 행복한 나라, 이재명은 합니다!	노동정책#공약발표#이재명 @후원링크 @투네이션: https://toon.at/donate/637651943728289128 @페이팔: ...	19	10	0
DcUUb0nUxdk	JTBC ‘인터뷰도 아사리판?’… 헐~	Shorts#이재명#인터뷰매너.	46	12	3
W613Xsjw8g0	농업·농촌 대전환 공약 발표 농어촌 기본소득, 앞으로! 농업․농촌 대전환, 제대로! 국민과 농업인을 위해, 이재명은 합니다!	농업#농촌#공약발표 @후원링크 @투네이션: https://toon.at/donate/637651943728289128 @페이팔: ...	8	4	0
lwD9GXIMoeg	부동산 공약 발표 311만호 공급으로 내 집 마련 꿈 실현, 이재명은 합니다!	부동산#공약발표 @후원링크 @투네이션: https://toon.at/donate/637651943728289128 @페이팔: https://paypal.me/asatree1080 ...	8	6	0
