ID	title	description	viewcount	likecount	commentcount
45nt83QUrmE	대선 후보 오늘 TV토론...김혜경 &#39;과잉 의전&#39; 논란에 李 사과 / YTN	[앵커] 오늘 저녁, 대선후보 4명이 TV 토론에서 여러 정책과 현안을 두고 격돌합니다. 이런 가운데 민주당 이재명 후보의 부인 김혜경 씨 ...	1384	17	45
muvfVNSriZQ	류근일선생 작심칼럼! 윤석열후보와 안철수후보에게 고함! #류근일칼럼 #윤석열필승	자율적구독후원 : 하나은행 : 106-910488-13707 (박*옥) 해외페이팔 후원링크 : https://www.paypal.me/jungsungsantv 문의 ...	1899	384	16
hFOEP2ln0es	오늘 첫 &#39;4자 TV토론&#39;‥ 120분간 생방송 (2022.02.03/930MBC뉴스)	이재명 윤석열 안철수 심상정 후보 간의 첫 TV토론이 우여곡절 끝에 오늘 저녁 열립니다. 대선판의 큰 변곡점이 될 수 있는 만큼, ...	3033	92	79
hOGWg_GiOqs	kbc토크 안철수의 남자 최진석 문명과 청춘	kbc#토크 #안철수의 남자 #최진석 문명과 청춘.	1	0	0
X_M4KU2eojo	다시 안철수/ 대선판이 춤을 춘다		168	51	2
e9yDXubkaxc	[뉴스라이브] 양자토론 불발...4자 토론, 공격의 화살은 어디로? / YTN	진행 : 김선영 앵커, 김대근 앵커 □ 출연 : 김준일 / 시사평론가 * 아래 텍스트는 실제 방송 내용과 차이가 있을 수 있으니 보다 정확한 ...	2103	40	30
eqywy_ZUZ0g	안철수의 귀한 외동딸.. 안설희 박사 광화문 등판 [온마이크]	국민의당 안철수 대선 후보의 부인 김미경 서울대 교수와 외동딸 안설희 박사가 3일 오전 서울 광화문 거리에서 출근길 시민들에게 ...	39	5	4
0OevuU_ORmA	[인천 부동산 전망대] 2022년 국내 및 인천 부동산 전망 (with. 부동산육남매 박경훈 소장) #GTX #인천부동산	인천부동산 #인천교통 #인천아파트 #부동산정책 #부동산공약 #대선후보 #부동산 #개발 #개발호재 #GTX #이재명 #윤석열 #안철수 ...	154	5	0
ZWW8Q8TIBh4	4자토론 미리보기 안철수편 레전드ㅋㅋㅋㅋㅋㅋㅋ #shorts	대통령선거 #이재명 #윤석열 #안철수 #심상정 #사자토론 #홍준표 #유승민 #국민의힘 #무슨당? #무당 #안껴줍니꽈 #안망언 #윤 ...	27	9	1
K-fKIv1btz8	[에디터픽] 오늘 저녁 8시, 대선 후보 4자 토론 격돌…막판 지지율 영향 &#39;주목&#39; / YTN	"1. 누가 웃고 누가 울까?...첫 'TV토론' 주요 쟁점은? (이만수 기자) 2.李 ""사드 추가 배치, 진영 결집""... 金 ""4선 연임 금지는 꼼수"" (엄윤주 ..."	1226	29	0
oz6_joCURpY	안철수 사드논란 끝! 결국 사드배치 대찬성!#shorts	본 영상은 수익을 창출하지 않습니다. 대선후보 정치인에 대한 새로운 뉴스평론으로 공정가치이용에 해당됩니다. #안철수사드배치 ...	53	19	0
T_o8DJeE0j4	도공 스님#국민에게 고함!윤석열 안철수 누가 진정한 정권교체의 적자인가#윤석열 안철수 단일화 누가 최종 승자 될까#이재명의 연합정권론 과연 정도인가	윤창중칼럼세상은 보수우파의 집권이 목표입니다. 실현 가능한 해법과 방향을 분명히 제시합니다. 윤칼세를 도와주십시오. 윤칼세TV ...	0	3	0
qL68mJD1d2o	'안철수 아냅니다 안철수 딸입니다'…김미경-안설희, 출근길 인사	2022년 2월 3일 오전 8시 광화문 사거리.	20	7	3
c-Qm4dfnQak	2022년 2월 3일 (목) JTBC 아침&amp; 다시보기 - 이틀째 2만명대…신속항원검사 도입	2월 3일 (목) 아침& 주요뉴스 □ 01:05 이틀째 2만명대…신속항원검사 도입 설 연휴 코로나19 확진자가 급증하면서 오늘(3일)도 2만 ...	2701	30	7
keL0AQnFPmI	[정문일침] #105 -윤석열로 정권교체 불안하다? 윤석열과 안철수, 단일화 못하면 만고의 역적된다	[정문일침] #105 -윤석열로 정권교체 불안하다? 윤석열과 안철수, 단일화 못하면 만고의 역적된다 2022.02.03 일요서울TV 오두환, ...	412	63	0
nCHdFjjGu6g	박근혜 묻어버린 3대 거짓의 산!김평우,누가 헌재 판결문 썼나#진짜 김혜경 리스크 터졌다#윤석열의 사드 팔이#안철수,난 보수다#주진우의 청담동 아파트#이준석,또 박근혜 모욕했다	윤창중칼럼세상은 보수우파의 집권이 목표입니다. 실현 가능한 해법과 방향을 분명히 제시합니다. 윤칼세를 도와주십시오. 윤칼세TV ...	5340	1195	37
0pbeDvC7tj8	[천심민심] 긴급편성! 설 연휴, 무슨 일이 있었나?	대통령 선거가 대략 한 달 가량 남은 시점에 무섭게 확산되는 오미크론으로 대선 정국은 새로운 국면에 당면했습니다. 특히 이번 설은 ...	39	6	1
YYlC-VyIhcc	[조간브리핑] 연휴 끝, 확진자는 얼마나?…“다음 주 4만명 넘을수도”	"경제와이드 모닝벨 '조간 브리핑' - 손석우 조간브리핑입니다. ◇ 이 ""호감도 높이며 정책 각인"" 윤 ""대장동 특혜 등 의혹 검증"" 첫 소식은 ..."	21	0	0
IYp1Ld_wyD0	'새해 복 많이 받으세요'...안철수 후보 아내 김미경 교수ㅡ외동딸 안설희 박사 출근길 인사	2022년 2월 3일 오전 8시 광화문 사거리.	7	4	1
RLjLQ8zfXvg	안철수대선후보 국회 본관앞 철야농성 성공후 국민들에게 성명 발표		5	1	0
BGYe4L3g1IM	[황보선의 출발 새아침] FULL 다시보기 | 김동연 새로운물결 대선후보 인터뷰, 설 연휴 여론조사 결과, 호남이 민주당 후보에 미지근하다.. 왜? | 220203	"YTN FM 94.5MHz 우리의 이슈가 뉴스를 바꿉니다. 세상을 깨우는 ""황보선의 출발 새아침"" 중심잡힌 시선으로 가장 뜨거운 이슈를 ..."	8928	487	7
MeA-VqeDZ6I	신문브리핑 2 '李·尹 TV토론 불발…국민 우롱한 샅바싸움' 외 주요기사 [아침&amp;매일경제]	"(매경)신문브리핑 2 ""李·尹 TV토론 불발…국민 우롱한 샅바싸움"" 외 주요기사(0203) #아침앤매일경제 #신문브리핑 #이상훈앵커 #TV ..."	974	26	20
RrWuWK68EJ8	대선 후보 오늘 TV토론...김혜경 &#39;과잉 의전&#39; 논란에 李 사과 / YTN	[앵커] 오늘 저녁, 대선후보 4명이 TV 토론에서 여러 정책과 현안을 두고 격돌합니다. 이런 가운데 부인 김혜경 씨의 과잉 의전 논란을 ...	1686	39	48
GnGkZxdvgVU	[뉴스포커스] 설 민심 '우리가 유리'…오늘 대선후보 &#39;4자 토론&#39; / 연합뉴스TV (YonhapnewsTV)	"[뉴스포커스] 설 민심 ""우리가 유리""…오늘 대선후보 '4자 토론' [출연 : 서용주 더불어민주당 상근부대변인·조청래 전 여의도연구원 ..."	94	1	3
YJKmZuPHrnU	[🔴긴급기자회견] 수능개편안 빠진 정시확대 공약은 철회되어야 합니다!ㅣ2022년 2월 3일	일 시 : 2월 3일(목) 오후 1시 30분 □ 장 소 : 여의도 민주당사 앞 □ 주 최 : 사교육걱정없는세상 #정시확대 #대입공약 #수능 #수시 ...	0	0	0
kMKCtQyNpl8	시민들에게 반갑게 인사하는 안철수 후보 아내 김미경교수와 외동딸 안설희 박사	2022년 2월 3일 오전 8시 광화문 사거리.	4	2	0
4ekKbyjCH00	하태경 '사모님 이름으로 배씨 약 대리처방? 해명 안돼'	尹 당선되면 이준석 팽? 송영길의 이간계 * 김혜경 갑질 논란, 본질은 권력의 사유화 * 김건희 공격한 與, 김혜경 논란 자업자득 * 4자 ...	6460	319	89
RuNyi210QIk	설 연휴 검색 전쟁 누가 이겼나…李-尹 양강 대결 구도 | 김진의 돌직구 쇼 922 회	설 연휴 검색 전쟁 누가 이겼나…李-尹 양강 대결 구도 | 김진의 돌직구 쇼 922 회 이재명 38.1%·윤석열 43.5% 심상정 2.8%·안철수 ...	584	42	9
xQfan3m_i6c	이재명은 &#39;공무원 원스트라이크 아웃&#39; 본인에게 적용해야	KBS라디오 최경영의최강시사 22.02.03 #이준석 #준스톤 #윤석열 #호남민심 #호남손편지 #대선후보토론 #양자토론 #4자토론 #사드 ...	1602	329	46
ZlGcFcKZDP4	[천기누설] 123화 - “윤석열이는 죽어” 김만배 녹취록 효과! 취조 한다더니 취조 당하겠네? (김종배 &amp; 박지훈)	2022년 02월 03일 [천기누설] 멋털도사 김종배와 얼쑤무당 박지훈이 풀어놓는 놀라운 이슈분석! 매주 화, 목요일 오전 8시 30분에 ...	40489	4613	263
cThCiTqZkMQ	[11시 김동원의 하이파이브] 김혜경 ‘시중 갑질’ 대선판 바꾸나 / 이재명 ‘잘난 척 자제’ 윤석열 ‘대장동 집중’ / 호남 20대 윤석열에, 영남 50대 이재명 _220203	[11시 김동원의 하이파이브] 김혜경 '시중 갑질' 대선판 바꾸나 / 이재명 '잘난 척 자제' 윤석열 '대장동 집중' / 호남 20대 윤석열에, 영남 ...	601	145	0
pQ1cAttPSq0	[김종배의 시선집중][FULL] &amp; [천기누설]│尹 &#39;외국인 건보 손질&#39; vs 李 '극우 포퓰리즘'│오늘 첫 &#39;4자토론&#39;│[박지훈·윤건영·권은희·정재훈], MBC 220203 방송	2022년 2월 3일 목요일 #시선집중 #천기누설 #MBC라디오 1부 [JB TIMES] #윤석열 #이재명 #홍준표 #광주붕괴사고 · 尹 '외국인 ...	98907	5757	113
66c4UIFQ0Xw	[풀영상] 국민의당 '중앙선거대책위원회의' (22.02.03)	"안철수 #국민의당 #선대위 #회의 #생방송 [풀영상] 국민의당 ""중앙선거대책위원회의"" (22.02.03) 시사포커스TV는 창간 35년 정통언론 ..."	1454	135	14
kBW4oTJV5WA	대선후보 TV토론 심층 평가!! 누가 TV토론에서 승리했고 대선 최종 승자가 될 것인가?	대선후보 TV토론 심층 평가 누가 TV토론에서 승리했고 대선 최종 승자가 될 것인가? #최성 #최성TV #최성대선전문TV #2022대선 ...	0	7	0
bmm71JYDQr8	허경영 4자토론 금지 가처분신청 (LIVE) 2022.02.03	허경영#이재명#심상정#윤석열#안철수 This stream is created with #PRISMLiveStudio.	3774	1225	128
nYNej4d5YTk	[백운기의 시사1번지] 오늘 &#39;120분&#39; 첫 4 자토론 / 김혜경 &#39;황제의전&#39; vs 김만배 녹취록 / 이재명-김동연 토론 평가 (정기남, 장성철) | 220203	백운기시사1번지 [정기남 민주당 선대위 대변인, 장성철 대구 가톨릭대 특임교수] - 이재명 윤석열 양자토론 무산.. 누구 때문?	3057	117	0
66L5xfbIpM4	대선후보 4인 오늘 첫 TV토론_윤석열 사드 추가배치_이재명'당선 땐 긴급 재정명령부터 발동 하겠다_소통하는는 뉴스!쏘뉴! LIVE	소통하는뉴스! 쏘뉴! 당신이 알고는 있었지만, 알고 있던걸 조금 더 쉽게 알려드립니다. 당신의 생각과 함께! 우리가 더 이해 할 수 있게!	9	4	0
qeRDckmta7k	[4자 토론] 이재명의 한방과 윤석열의 딜레마	김동연과의 토론 관전평과 금일 4자 토론 관전 포인트 This stream is created with #PRISMLiveStudio.	1273	539	0
8vSc7q-46F4	오늘밤 4자 TV토론 격돌…이재명 &#39;김혜경 논란&#39; 사과 / 연합뉴스TV (YonhapnewsTV)	오늘밤 4자 TV토론 격돌…이재명 '김혜경 논란' 사과 [앵커] 여야 대선후보들의 첫 4자 TV 토론이 오늘 저녁 8시에 열립니다. 후보들은 ...	335	7	2
C87AhwMBJQg	[최경영의 최강시사] 김만배 녹취록, 윤석열 관련성은? - 송영길 대표(더불어민주당)｜KBS 220203 방송	[특별기획 - 여야대표 설 민심 인터뷰] ㆍ설 민심 청취 어땠나 ㆍ오늘 4자 TV토론, 대선 변곡점 될까? ㆍ남은 한 달, 표심 공략 어떻게?	4353	406	41
1C9bMkiZBvU	[최경영의 최강시사] 이준석 '김혜경 법인카드 의혹, 사실이면 원 스트라이크 아웃'｜KBS 220203 방송	[특별기획 - 여야대표 설 민심 인터뷰] ㆍ설 민심 청취 어땠나 ㆍ오늘 4자 TV토론, 대선 변곡점 될까? ㆍ남은 한 달, 표심 공략 어떻게?	1650	62	68
hbmkFP6Xq-U	2/3 (목) 풀영상｜[송영길, 이준석] 여야대표 설 민심 인터뷰｜[김기식] 주식 공매도 증권거래세, 양도소득세 폐지 논란｜KBS 220203 방송	(1부) [뉴스 언박싱] '오늘 아침, 가장 뜨거운 뉴스' - 민동기 기자 + 김민하 시사평론가 [전민기의 눈] 빅데이터 분석, 직장인들 '내 월급' ...	2114	98	14
5pEpGC5GKXI	[최경영의 최강시사] 주식 공매도 증권거래세, 양도소득세 폐지 논란 - 김기식 소장(더미래연구소, 전 금감원장)｜KBS 220203 방송	[김기식의 식스센스] ㆍ주식 공매도 증권거래세, 양도소득세 폐지 논란 ㆍ빨라지는 글로벌 금리인상 시계 - 김기식 소장(더미래연구소, ...	581	26	3
NfR0ZRcIO8s	[성공예감 김방희입니다] 1부 풀영상 | 경제뉴스브리핑 - 메타버스 부동산 6000억 원어치 팔려 | 핫이슈 인터뷰 | 성공학개론 | KBS 220203 방송	2022년 2월 2일 [성공예감 김방희입니다] KBS 1 Radio1 FM 97.3MHz 월~금 09:05-10:53 1부 * 경제 뉴스 브리핑 - 메타버스 부동산 ...	232	5	0
tFX8PpJNM14	[최경영의 최강시사] 온라인 무법자들... &#39;사이버렉카&#39;를 아십니까? - 김언경 소장(뭉클미디어 인권연구소, 전 민주언론시민연합공동대표)｜KBS 220203 방송	[최강 인터뷰] 온라인 무법자들..'사이버렉카'를 아십니까? - 김언경 소장(뭉클미디어 인권연구소, 전 민주언론시민연합공동대표) ...	566	37	4
xvcYJPYCrk4	대선후보 4자 TV토론 관전포인트 &#39;배우자 리스크&#39; 결론! [황보선의 출발 새아침] / YTN라디오	YTN라디오(FM 94.5) [황보선의 출발 새아침] 우리의 이슈가 뉴스를 바꿉니다. 세상을 깨우는 황보선의 출발 새아침 중심잡힌 시선으로 ...	15	0	0
IgWw8PS00XY	[성공예감 김방희입니다] 2부 풀영상 | 미래에 자산이 되는 경험 재테크 | 성공예감 A/S | KBS 220203 방송	2022년 2월 3일 [성공예감 김방희입니다] KBS 1 Radio1 FM 97.3MHz 월~금 09:05-10:53 2부 * 심층 인터뷰 - 미래에 자산이 되는 ...	261	4	1
M-AFhWdLdb8	설연휴 여론조사 4종 결과 나왔다 '초박빙세'  [황보선의 출발 새아침] / YTN라디오	YTN라디오(FM 94.5) [황보선의 출발 새아침] 우리의 이슈가 뉴스를 바꿉니다. 세상을 깨우는 황보선의 출발 새아침 중심잡힌 시선으로 ...	26	1	0
CLrUOIpUqWk	아! 2022 대한민국, 메르켈과 김혜경·김정숙 [2022년 2월 3일(목) 정군기의 텐텐뉴스]	00:00 사모님들의 갑질 DNA 19:04 대선 전망 분기점 '토론' / 무역적자 40:54 정치인의 IQ / 책임 대통령? 영상이 마음에 드신다면, ...	5668	1268	23
J1_5CffScek	[사이다정치쇼] 대선토론 개막, 누구에게 유리한가	양자토론이 불발된 가운데, 4자 토론을 앞두고 대선 후보들은 어떤 생각을 갖고 있을까. 서로 토론을 하자는 윤석열 후보와 이재명 후보 ...	110	4	0
