ID	title	description	viewcount	likecount	commentcount
jhVBfsfbTkU	이재명 'RE100 대응은?'...윤석열 '그게 뭐죠?'  / YTN	"RE100·블루수소…갑자기 '장학퀴즈' 된 TV토론 윤석열, TV토론서 '에너지 정책' 질문에 진땀 尹 ""RE100이 뭐죠?""…李 ""재생에너지 ..."	9434	315	275
s8ZbR9imE6Y	대선후보 첫 4자 TV토론…이재명-윤석열 &#39;대장동&#39; 격돌 / JTBC 아침&amp;	20대 대선을 한 달여 앞두고 여야 후보들이 어제(3일) 첫 TV토론을 벌였습니다. 이재명, 윤석열 후보는 특히 대장동 의혹을 놓고 격돌 ...	3169	31	108
xdg7AQ_ONSI	이재명·윤석열, 4자 토론서 &#39;부인 리스크&#39; 거론 자제…왜? / JTBC 아침&amp;	앞서 전해드렸죠. 20대 대선에 출마하는 대선 후보들의 첫 4자 TV토론이 어젯밤(3일) 열렸습니다. 부동산 문제부터 외교안보 이슈까지 ...	5005	53	129
V_MghArHvSc	[신춘정치토크] 이재명 윤석열을 말하다 (강진구, 김성회, 박진영, 이동형)	신춘정치토크 '이재명 윤석열을 말하다' 이재명 윤석열, 이제는 인물경쟁이다! 누가 대통령에 합당한가? 출연 : 김용민 이사장 강진구 ...	3912	1139	34
2gBdA3EXNP8	Live-대선 후보 TV토론 후기/윤석열 일단 모르고 틀린 부분들 우기기/re100/한국노총, 윤석열 평가 꼴찌/한동훈 카톡	멤버쉽 링크 - https://www.youtube.com/channel/UCkI2g2FvX-haxXqqDMqc96A/join 송작가TV몰 링크 ...	3410	5002	0
i966hQCfIw8	2/4(금) - 심상정·이준석 인터뷰/ 이재명-윤석열-심상정-안철수 4자토론 집중분석/ 김혜경 횡령 아웃/ [말말말] 이소영vs김은혜 [김현정의 뉴스쇼]	2월4일(금) 김현정의 뉴스쇼 ▣ 라이브 방송 안내 뉴스쇼 라이브 방송 | 매주 월~금 오전 7시20분~9시 댓꿀쇼 라이브 방송 | 화·금 주 2 ...	147092	2688	328
Ovf-Wz7l4A0	[국민의힘 조명희 의원] '과학기술이 국민의 힘!' 윤석열 후보와 함께하는 우주·과학·ICT 여성전문가 1000인 모임 발족 및 정책 제안 대회	"[안내] □ 주제 : ""과학기술이 국민의 힘!"" 윤석열 후보와 함께하는 우주·과학·ICT 여성전문가 1000인 모임 발족 및 정책 제안 대회 ..."	49	4	0
dxBgLrXH2fE	윤석열 '이 후보가 대장동 설계'	"이재명 #윤석열 #안철수 #심상정 #TV토론 [윤석열 ""이 후보가 대장동 설계""]더불어민주당 이재명, 국민의힘 윤석열, 국민의당 안철수, ..."	216	6	8
W2E-nsZv9rk	윤석열 토론 &#39;엉뚱 답변&#39; 혼쭐났다! 이재명 'RE100, EU 택소노미 어떻게 대응?' 윤석열 '그게 뭔가'  - 세상은 키보드 밖에 있다던 이준석 근황 &#39;슬로건 교체 패싱&#39;	윤석열이재명토론 #이재명RE100EU택소노미 #이준석세상은키보드밖에있다 ▣ 황희두 멤버십 후원 ...	27329	11471	444
daLBdtAjKn0	윤석열이 토론 폭망한 이유	"유튜브 이송원TV 2월 4일(금) 오전 9시에 윤석열 '청약 만점' ""40점"", 안철수 ""청약 만점은 84점이다"" 충청 지역 與 의원들 ""'충청의 ..."	10830	4019	12
Jv7x7yIp3nE	첫 4자 토론 한 장면|이재명 대장동 난타전|윤석열 청약만점 RE100|심상정 '미투 사과하라'|안철수 연금개혁	김준일 민동기 민경남PD | 댓꿀쇼 668회 2월4일(금) 뉴스쇼 별책부록, 댓꿀쇼 좋아요와 구독, 알림까지 꼭.꼭. 눌러주세요! 댓꿀쇼를 ...	44263	1897	96
jKBHUITLeuk	윤석열 대통령 후보 임인년 설 인사말	국민의힘 윤석열 대통령 후보 임인년 설 인사말.	23	8	2
224AIfWNrSY	[국민의힘 조명희 의원] '과학기술이 국민의 힘!' 윤석열 후보와 함께하는 우주·과학·ICT 여성전문가 1000인 모임 발족 및 정책 제안 대회(2부)	"[안내] □ 주제 : ""과학기술이 국민의 힘!"" 윤석열 후보와 함께하는 우주·과학·ICT 여성전문가 1000인 모임 발족 및 정책 제안 대회 ..."	16	1	0
XOC6vp0xGvs	최종면접자 자율피드백 의무화합니다 #shorts #윤석열 #59초공약짤	shorts #윤석열 #59초공약짤.	1873	677	33
wg4-_ypk-wg	심상정 '안희정 편이냐' 윤석열 '사과하겠다'	"이재명 #윤석열 #안철수 #심상정 #TV토론 [심상정 ""안희정 편이냐"" 윤석열 ""사과하겠다""]더불어민주당 이재명, 국민의힘 윤석열, 국민 ..."	74	5	1
msH7fYdyFGM	배드 파더스! 양육비 정부가 선지급합니다 #shorts #윤석열 #59초공약짤	shorts #윤석열 #59초공약짤.	4452	1469	101
6YZUyAUtlQg	강원도 격노!! 윤석열의 사드 배치 암시에 민심 싸늘~	언론알아야바꾼다 공식 후원(유튜브 멤버십) https://www.youtube.com/channel/UC-VnP-VdGUaIbssXoOhz5OQ/join ◎ 언론알아야 ...	43253	14547	518
p95I9OgDrhk	심상정 '배우자 논란 빠진 토론? 이재명 윤석열 동병상련'	라이브 방송 안내 뉴스쇼 라이브 방송 | 매주 월~금 오전 7시20분~9시 댓꿀쇼 라이브 방송 | 뉴스쇼 본방송 끝나자마자 이어서 오전 9시 ...	1636	84	20
c21w2H3rfiI	[뉴스라이브] 대선후보들 120분 &#39;4자 토론&#39;...시작부터 '대장동' / YTN	진행 : 김선영 앵커, 김대근 앵커 □ 출연 : 추은호 / 해설위원 * 아래 텍스트는 실제 방송 내용과 차이가 있을 수 있으니 보다 정확한 내용 ...	1648	18	29
w3ofOH8JMiQ	윤석열 당황해서 .... #shorts	윤석열 당황해서 .... #shorts.	2108	191	18
b_mM6vQiYQ8	윤석열의 시치미	윤석열의 시치미 어제와 오늘의 말이 다른 윤석열.	58	10	0
pYXTi111X3Q	윤석열  의견을 제발 듣고 싶다 #shorts	윤석열 의견을 듣고 싶다 #shorts.	1969	167	9
ucImstvthEs	대선토론 윤석열 후보 LTV 90%상향 공약 자신도 까먹어. 논란!	대구를 바꾸고 지역주의와 세대간의 벽을 허물며 세상을 보는 진실의 눈을 가질 수 있는 시민 한분 한분의 힘이 되어 드리기 위해 ...	2177	244	27
9nFYAt6U7Yo	안철수 '청약 만점 몇점인지 아냐?'...윤석열 '40점..!'	일시후원: 국민은행 794001-04-154041 서울의소리(강경자) ✓전화후원: 1877-1590 ✓정기후원: ...	5109	968	77
2-KgldXqlR0	‘몰라몰라’ 윤석열의 첫 TV 토론회	윤석열#몰라요#오답 ['몰라몰라' 윤석열의 첫 TV 토론회] 3일 첫 생방송 TV토론에 참여했던 윤석열 국민의힘 대선후보가, 주택청약 ...	89	17	4
MsimXkkJZy0	이준석 '토론 1등 윤석열...안철수, 평가하고 싶지 않다'	라이브 방송 안내 뉴스쇼 라이브 방송 | 매주 월~금 오전 7시20분~9시 댓꿀쇼 라이브 방송 | 뉴스쇼 본방송 끝나자마자 이어서 오전 9시 ...	9149	228	149
pItVLYfWlPw	윤석열 ㅡ싸드를 또?중국무역포기?		128	20	3
6Geiz_5pMkY	토론에서 윤석열 보고 2NE1 떠오르네,,;; #SHORTS	SHORTS #윤석열 #투애니원 #에에에에에 #산다라박 #박봄 #공민지 #씨엘 #국민의힘.	1542	263	21
-5AKb0qAIXQ	[4자토론] 대장동 관련해서 윤석열이 이득봄?,,;; #SHORTS	SHORTS #이재명 #윤석열 #대장동 #김만배 #카드면죽어 #4자토론 #대선토론.	1330	274	20
rY0eyBT5jYc	AI 굿모닝 윤석열_2022년 2월 4일	"방송3사 합동초청 2022 대선후보 토론회 관련 - 한국농업경영인중앙연합회 주최 ""농업이 미래다"" 참석 예고 #AI 윤석열 #선대본부 ..."	50	3	0
WebwIwgMdzg	대놓고 촛불 탄핵이 키운 윤석열!박근혜 어떤 구상해야하나#이재명,이대로 무너질까#안철수,윤석열 단일화 매달릴 필요있나#KBS MBC,尹한테 줄섰나#송영길 히든카드#성접대의혹 이준석	윤창중칼럼세상은 보수우파의 집권이 목표입니다. 실현 가능한 해법과 방향을 분명히 제시합니다. 윤칼세를 도와주십시오. 윤칼세TV ...	6066	1164	28
bWitwIRA4t0	&#39;4자 토론&#39; 장외 신경전 계속...국회 추경안 논의 시작 / YTN	[앵커] 어젯밤 주요 대선 후보들의 첫 '4자 TV토론'이 열린 가운데 여야의 장외 신경전은 계속 이어지고 있습니다. 국회에서는 오늘부터 ...	786	12	24
Qbb7meXd08U	[에디터픽] '尹 초짜' vs '李 동문서답' 대선 첫 TV토론 후보 성적표는? / YTN	1. 첫 대선 후보 TV토론...대장동 의혹·부동산 격돌 (조성호 기자) 2. 사드 배치·선제타격론 등 난타전...에너지·추경도 설전 (김승환 기자) ...	80969	1913	0
4hUTHM0t6B8	외신이 본 윤석열, 부끄럽다...	외신이 본 윤석열, 부끄럽다...	651	392	19
5oIg48Vx35E	윤석열...[단독]노영민 “윤석열 후보측, 중국에 몰래 사과 &#39;이중플레이&#39;...앞에선 친중 비판”	[단독]노영민 “윤석열 후보측, 중국에 몰래 사과 '이중플레이'...앞에선 친중 비판” BBS NEWS 노영민 전 대통령 비서실장은 국민의힘 ...	294	130	6
yo25FBgsoJ8	'윤석열, 국민이 부른 후보'…토론 응원장 분위기는 &#39;극과 극&#39;	(서울=뉴스1) 조윤형 기자,박혜성 기자,문동주 기자 = 대권 주자들이 첫 TV토론을 마친 가운데, 윤석열 국민의힘 대선 후보 지지자들은 ...	507	45	3
eq4XQQWSA_4	윤석열 ㅡ싸드때문에 똥싸네		60	17	2
6ooi9qhPbi8	[LIVE] 다시 보는 라이브 - 대선후보 4인 첫 TV 토론 / SBS	SBS뉴스 #8뉴스 #실시간 #대선후보 #토론 #이재명 #윤석열 #심상정 #안철수 로 만나 보세요 라이브 뉴스 채널 SBS 모바일24 ...	3345	41	0
wFZf2Vdmfbw	윤석열 김건희 선거 응원가 안무 충격이네	김건희응원가#윤석열토론#건희사랑.	4360	429	57
bep4LFEaKXw	&#39;4자 토론&#39; 장외 신경전 계속...국회 추경안 논의 시작 / YTN	[앵커] 어젯밤 대선 후보들의 첫 '4자 TV' 토론이 열린 가운데 여야 장외 신경전은 여전히 이어졌습니다. 국회에서는 오늘부터 본격적인 ...	602	15	17
GCKDoHPkb7Y	우크라이나 사태질문 안철수 윤석열 비교영상	윤석열아몰랑#안철수외교.	737	124	18
ZHWfLHrTFrI	윤석열토론 또 청약점수 몰라당황, 안철수질문	윤석열토론#안철수토론#윤석열실수모음.	2695	299	49
YsV1Jhohg8Y	[비-됴 완판치] 윤석열 대통령 후보 TV토론 : 대장동 편	[국민의힘 중앙당 후원회 안내] * 후원계좌 : 국민은행 067501-04-088071 (예금주:국민의힘 중앙당후원회) [후원시 유의사항] ① 개인 ...	890	225	38
VcJ-SX8RQ6A	[비-됴 완판치] 윤석열 대통령 후보 TV토론 : 일자리·성장 편	[국민의힘 중앙당 후원회 안내] * 후원계좌 : 국민은행 067501-04-088071 (예금주:국민의힘 중앙당후원회) [후원시 유의사항] ① 개인 ...	962	219	20
Vd0xulIkYug	변발헤-피라미드 방문 트집/윤무식 TV토론/윤석열 노동 공약 꼴찌	멤버쉽 링크 - https://www.youtube.com/channel/UCkI2g2FvX-haxXqqDMqc96A/join 송작가TV몰 링크 ...	6081	2700	46
IAv-rDKnLLw	이재명  윤석열 부정부패 역공,대선토론#shorts	이재명 윤석열 부정부패 역공,대선토론#shorts.	460	35	2
ITKkDm47SUQ	이재명 vs 윤석열, 부산저축은행 대출 규제는 왜 봐준 것이며, 김만배는 윤석열이는 내가 가지고 있는 카드면 죽어라고 했을까?	이재명 vs 윤석열, 부산저축은행 대출 규제는 왜 봐준 것이며, 김만배는 윤석열이는 내가 가지고 있는 카드면 죽어라고 했을까?	5951	1363	72
OmKsOrcWZbE	[비-됴 완판치] 윤석열 대통령 후보 TV토론 : 부동산 편	[국민의힘 중앙당 후원회 안내] * 후원계좌 : 국민은행 067501-04-088071 (예금주:국민의힘 중앙당후원회) [후원시 유의사항] ① 개인 ...	424	98	9
IZOS8pAHd8E	[비-됴 완판치] 윤석열 대통령 후보 TV토론 : 외교·안보 편	[국민의힘 중앙당 후원회 안내] * 후원계좌 : 국민은행 067501-04-088071 (예금주:국민의힘 중앙당후원회) [후원시 유의사항] ① 개인 ...	834	191	25
ZDLttS67Ks0	되로 주고  말로 받은 윤석열 , 사이다 이재명 , 대장동 결론	채널에 가입하여 혜택을 누려보세요. https://www.youtube.com/channel/UCmy_IBOjMMNkTyWgN0h_ykg/join.	855	176	22
