ID	title	description	viewcount	likecount	commentcount
s8ZbR9imE6Y	대선후보 첫 4자 TV토론…이재명-윤석열 &#39;대장동&#39; 격돌 / JTBC 아침&amp;	20대 대선을 한 달여 앞두고 여야 후보들이 어제(3일) 첫 TV토론을 벌였습니다. 이재명, 윤석열 후보는 특히 대장동 의혹을 놓고 격돌 ...	3171	31	108
jhVBfsfbTkU	이재명 'RE100 대응은?'...윤석열 '그게 뭐죠?'  / YTN	"RE100·블루수소…갑자기 '장학퀴즈' 된 TV토론 윤석열, TV토론서 '에너지 정책' 질문에 진땀 尹 ""RE100이 뭐죠?""…李 ""재생에너지 ..."	9434	315	276
xdg7AQ_ONSI	이재명·윤석열, 4자 토론서 &#39;부인 리스크&#39; 거론 자제…왜? / JTBC 아침&amp;	앞서 전해드렸죠. 20대 대선에 출마하는 대선 후보들의 첫 4자 TV토론이 어젯밤(3일) 열렸습니다. 부동산 문제부터 외교안보 이슈까지 ...	5005	53	129
n7jzgpnk6as	이재명 '문제 드러나면 책임지겠다'…경기도, 감사 착수 / JTBC 아침&amp;	대선을 한 달여 앞두고 김혜경 씨를 둘러싼 의혹이 계속 제기되고 있습니다. 이틀 전 김씨에 이어서 어제(3일)는 이재명 후보가 입장문 ...	2195	51	77
2U8k4uyLn4s	신문브리핑 2 '공수 바뀐 배우자 리스크…이재명 '송구' 국민의힘 '고발' 외 주요기사 [아침&amp;매일경제]	"(매경)신문브리핑 2 ""공수 바뀐 배우자 리스크…이재명 ""송구"" 국민의힘 ""고발"" 외 주요기사(0204) #아침앤매일경제 #신문브리핑 ..."	628	22	6
jJkkITh0XgE	민주당 홍영표 의원, 이재명 후보 지지 호소 | 전주MBC 220204 방송	더불어민주당 홍영표 국가비전·국민통합위원회 수석부위원장은 오늘(3) 전북도의회에서 간담회를 열고, 이번 대선은 위기를 극복할 ...	7	1	0
KJXWPEq-TWQ	[토론 총정리] 이재명 '누군가 세상을 떠나려 하고 있습니다'	인라이트 스쿨 구독계좌 : 하나은행 403-910045-18704 주식회사 인라이트스쿨.	1777	210	3
wk26_N1QFLU	정치톡톡사이다 49회 - 더불어민주당 이재명후보 대선행보	진행: 이승원 시사평론가 출연: 김재원 국민의힘 최고위원, 김형주 前국회의원.	16	0	0
1vyuykxdZbw	[신춘 정치토크] '이재명, 윤석열을 말하다'	열린공감TV 탐사보도전문언론매체 공식채널 열린공감TV는 정의를 찾아 진실의 바다를 항해하는 탐사보도 전문 언론 매체입니다.	13254	3622	144
GtOC-6LdvRE	이재명 '당선되면 100조 지원, 옳지 않아'	"이재명 #윤석열 #안철수 #심상정 #TV토론 [이재명 ""당선되면 100조 지원, 옳지 않아""]더불어민주당 이재명, 국민의힘 윤석열, 국민의 ..."	96	10	3
7pCF-vvDUg8	이재명 대통령 후보 임인년 설 인사말	더불어민주당 이재명 대통령 후보 임인년 설 인사말.	16	2	0
zf8i0y26Qsc	민주당 홍영표 의원, 이재명 후보 지지 호소 | 전주MBC 220204 방송	더불어민주당 홍영표 국가비전·국민통합위원회 수석부위원장은 오늘(3) 전북도의회에서 간담회를 열고, 이번 대선은 위기를 극복할 ...	3	1	0
C6-g3SGgdcA	이재명부부의 혈세도둑질 키맨 배소현은 누구? 2022.2.4 오전9시	배소현이 10여년동안 성남시와 경기도 공무원이면서 이재명부부의 개인비서로 활동해온 사실 속속 드러나 충격 #윤석열#이재명# ...	5161	1818	87
DtkXkMYlXUk	[이재명후보] 화성지역 6대공약!	화성 #솔빛나루역 #동탄2대학병원유치 존경하는 화성시민 여러분 서울시의 1.3배에 달하는 광활한 면적과 100만에 육박하는 인구의 ...	8	3	0
p95I9OgDrhk	심상정 '배우자 논란 빠진 토론? 이재명 윤석열 동병상련'	라이브 방송 안내 뉴스쇼 라이브 방송 | 매주 월~금 오전 7시20분~9시 댓꿀쇼 라이브 방송 | 뉴스쇼 본방송 끝나자마자 이어서 오전 9시 ...	1636	84	20
Fqd5miBIrh4	황당 토론 vs 이재명 폭망 3가지 / 정규재와 함께하는 첫 대선토론 분석 [2022년 2월 4일(금) 정군기의 텐텐뉴스]	00:00 [대선토론 분석] 총평 08:07 [대선토론 분석] 윤석열 평가 18:44 [대선토론 분석] 외교·안보 23:28 [대선토론 분석] 이재명 평가 ...	5694	2274	33
Jv7x7yIp3nE	첫 4자 토론 한 장면|이재명 대장동 난타전|윤석열 청약만점 RE100|심상정 '미투 사과하라'|안철수 연금개혁	김준일 민동기 민경남PD | 댓꿀쇼 668회 2월4일(금) 뉴스쇼 별책부록, 댓꿀쇼 좋아요와 구독, 알림까지 꼭.꼭. 눌러주세요! 댓꿀쇼를 ...	44263	1897	96
W2E-nsZv9rk	윤석열 토론 &#39;엉뚱 답변&#39; 혼쭐났다! 이재명 'RE100, EU 택소노미 어떻게 대응?' 윤석열 '그게 뭔가'  - 세상은 키보드 밖에 있다던 이준석 근황 &#39;슬로건 교체 패싱&#39;	윤석열이재명토론 #이재명RE100EU택소노미 #이준석세상은키보드밖에있다 ▣ 황희두 멤버십 후원 ...	27329	11473	444
DNcQr-orPos	전 국민 상대로 대형 사고 쳤다. 사실상 이재명과 민주당의 대선 항복선언	채널에 가입하여 혜택을 누려보세요. https://www.youtube.com/channel/UCULYn1zisR91e3tZZ4tFi1A/join #이재명 #민주당 ...	2084	590	19
Qbb7meXd08U	[에디터픽] '尹 초짜' vs '李 동문서답' 대선 첫 TV토론 후보 성적표는? / YTN	1. 첫 대선 후보 TV토론...대장동 의혹·부동산 격돌 (조성호 기자) 2. 사드 배치·선제타격론 등 난타전...에너지·추경도 설전 (김승환 기자) ...	80969	1914	0
TW1OeroAdDQ	이재명 RE100 발언에 네티즌들 웅성 웅성..유시민 이재명 토론 태도 저격....ㅋㅋ	이메일 : newsdot724@naver.com(사연/칼럼/뉴스제보-url 첨부) 멤버십 ...	4900	1454	170
i966hQCfIw8	2/4(금) - 심상정·이준석 인터뷰/ 이재명-윤석열-심상정-안철수 4자토론 집중분석/ 김혜경 횡령 아웃/ [말말말] 이소영vs김은혜 [김현정의 뉴스쇼]	2월4일(금) 김현정의 뉴스쇼 ▣ 라이브 방송 안내 뉴스쇼 라이브 방송 | 매주 월~금 오전 7시20분~9시 댓꿀쇼 라이브 방송 | 화·금 주 2 ...	147092	2688	328
2Znt5zbjSYo	TV토론 탈탈 털린 이재명 뚜껑 열렸다! &#39;김혜경 리스크&#39;에 민주 쑥대밭! &#39;김혜경 카드깡&#39; 기소 가능성은?!	정의구현 멤버십 가입 : https://www.youtube.com/channel/UCUNwNXVrWAHQpc8gPp1c6kw/join 자발적 구독료 : KB국민은행 ...	8206	2130	128
V-cNxssSO0M	이재명 안철수 대선토론 공감합니다.#shorts	이재명 안철수 대선토론 공감합니다.#shorts.	574	27	2
Rb12_zOR7-U	이재명후보, 왜 약올랐나? 송영길확진판정! 22.02.04. [시사파이터]	4자토론#송영길확진#Re100.	2056	765	0
IAv-rDKnLLw	이재명  윤석열 부정부패 역공,대선토론#shorts	이재명 윤석열 부정부패 역공,대선토론#shorts.	460	35	2
ITKkDm47SUQ	이재명 vs 윤석열, 부산저축은행 대출 규제는 왜 봐준 것이며, 김만배는 윤석열이는 내가 가지고 있는 카드면 죽어라고 했을까?	이재명 vs 윤석열, 부산저축은행 대출 규제는 왜 봐준 것이며, 김만배는 윤석열이는 내가 가지고 있는 카드면 죽어라고 했을까?	5951	1365	72
4sWycdnTAT4	이준석 'TV토론 평가표. 이재명 3등. 윤석열과 안철수는?	이준석,과거 윤석열 TV토론 2번만 하면 낙마한다고 했는데 이번에 그의 채점표를 보니....	19665	8188	396
ZDLttS67Ks0	되로 주고  말로 받은 윤석열 , 사이다 이재명 , 대장동 결론	채널에 가입하여 혜택을 누려보세요. https://www.youtube.com/channel/UCmy_IBOjMMNkTyWgN0h_ykg/join.	855	176	22
U39-dL9y3eI	[공약은 재명씨] 광주·전남 앞으로! 경제 제대로! 이재명 후보 전남 광주 공약 발표		302	81	8
WebwIwgMdzg	대놓고 촛불 탄핵이 키운 윤석열!박근혜 어떤 구상해야하나#이재명,이대로 무너질까#안철수,윤석열 단일화 매달릴 필요있나#KBS MBC,尹한테 줄섰나#송영길 히든카드#성접대의혹 이준석	윤창중칼럼세상은 보수우파의 집권이 목표입니다. 실현 가능한 해법과 방향을 분명히 제시합니다. 윤칼세를 도와주십시오. 윤칼세TV ...	6067	1164	28
aP4zeF2JjLY	이재명, 마티아 이용훈 주교 예방 후~  지지자와  함께	이재명 대통령 후보 ① 10:00 마티아 이용훈 주교 예방 / 한국천주교중앙협의회 4층 사무총장 집무실(서울 광진구 면목로 74)	160	65	4
ZRfzpHMyI6o	이철규 '이재명, 부하직원 실수 엄격한 징계... 본인은 셀프 감사?'	이철규 국민의힘 의원이 4일 국회에서 열린 원내대책회의에서 이재명 더불어민주당 대통령 후보의 경기도 셀프 감사 중단을 촉구하고 ...	330	58	7
AZBD1ZYfW0g	이재명 향해 일갈한 김기현? '대통령은 현란한 말솜씨를 뽐내는 자리가 아냐'	김기현 #이재명 #윤석열 #토론 #자신감 김기현 국민의힘 원내대표가 22년 2월 4일 서울 여의도 국회에서 열린 국민의힘 원내대책 ...	4523	1528	114
N6beEywIrpw	이재명 후보님의 웹자서전 (44번째  이야기)	이재명 #대선후보 #나를위해_이재명 #앞으로제대로 #이재명은합니다 #대한민국 #대전환시대 #대구청년 #효재명 #성남 #도지사 ...	2	1	1
cMBgxPkvCV4	[신지호의 쿨-톡] 강력하게 잡아떼던 이재명이 왜?		12117	4378	99
EWYb3Gh9V38	이채익 '이재명 성남시장 시절, 부패 의혹 끊이지 않아'	이채익 국민의힘 의원이 4일 국회에서 열린 원내대책회의에서 이재명 성남시장 시절 부패 의혹에 대해 발언하고 있다. 2022.02.04 ...	310	41	4
aqvlZL3C4GY	김기현 '이재명, 경기도 감사쇼...셀프 아웃 선언해야'	김기현 국민의힘 원내대표가 4일 국회에서 열린 국민의힘 원내대책회의에서 이재명 더불어민주당 대통령 후보의 경기도 법인카드 ...	193	31	1
kCC_45zSAmI	이재명 사주 토론폭망	상담예약 010-7770-5201 This stream is created with #PRISMLiveStudio.	653	230	23
1b0n6vYBQC4	이재명 : 윤석열	이재명은약속을지킵니다 대장동 그분은 윤석열.	4	1	0
yVxjBerkOV8	[생중계] 2022 대선후보 농정비전 발표회｜이재명·윤석열·심상정·안철수	대선후보 #정의당 #심상정 [선택 2022! 제20대 대통령 선거 후보자 농정 비전 발표회] ○ 일 시 : 2022.02.04.(금) 14:00~16:00 ○ 장 소 ...	0	0	0
GddvASmOF5c	이재명은 육사마저 대장동식으로 약탈하려는가	육사이전 #육총 #이재명 육사총구국동지회 성명서 전문 의병방송=신백훈호학방송 두 번 계정 삭제(하모니십, 신백훈방송)후 재 개설, ...	28	5	0
Tj1kRiRsQ44	[생방송] 이재명 후보, 선택 2020! 대선후보 농정비전 발표회	[생방송] 이재명 후보, 선택 2020! 대선후보 농정비전 발표회 #이재명 #농정 #농촌공약 #매타버스 #나를위해 #합니다 #공약발표 ...	0	79	0
98nywl35n_M	대선토론 하이라이트... 그는 다 된줄 안다!	이재명 #윤석열 #대선토론.	24059	5508	278
3B73omFvuPw	예언적중했던 이재명 사주...그것 때문에 또 죽는다?! 죽음의 그림자가 보이는 사주..큰일입니다.. [부천점집] [천신도령] ☎️010 4682 1913☎️	부천 천신도령⭐ ▷상담문의 ☎️010 4682 1913☎️ ▷신당위치 : 부천 #이재명 #이재명사주 #화천대유 #대장동 #이재명후보 ...	112	17	2
eP2M4kbmjyo	김기현 '이재명·정진상 무혐의 처분 내린 검찰, 역시 &#39;정치검찰&#39; 짓을 해'	김기현 #검찰 #법적 #책임 #국민의힘 김기현 국민의힘 원내대표가 22년 2월 4일 서울 여의도 국회에서 열린 국민의힘 원내대책회의 ...	2207	356	16
LebqnySzMi0	신문브리핑 1 '李-尹, 서로 부인 공격 자제…&#39;김혜경 법카&#39; &#39;김건희 통화&#39; 언급 없어' 외 주요기사 [아침&amp;매일경제]	"(매경)신문브리핑 1 ""李-尹, 서로 부인 공격 자제…'김혜경 법카' '김건희 통화' 언급 없어"" 외 주요기사(0204) #아침앤매일경제 #신문 ..."	1524	31	5
PsRTIJfsEaA	[생방송] 이재명 후보, &#39;우리동네공약&#39; 언박싱데이	[생방송] 이재명 후보, '우리동네공약' 언박싱데이 #이재명 #마을공약 #나를위해 #합니다 ✓일시후원: 국민은행 794001-04-154041 ...	0	110	0
QottIdYf9XE	𝐃𝐎 𝐈𝐓 𝐍𝐎𝐖 ➊❛이재명의 약속 ❜ #대전환	이재명알리기【FACT CHECK】가짜뉴스요약    https://m.blog.naver.com/jaemyunglee?categoryNo=72 #이재명은했습니다【FACT ...	8	3	2
JSUFYGQU8v4	비교불가! 이재명의 국정운영 철학을 엿보다 '왜 이재명인가' (MBC 100분토론)	100분토론 #대선후보초청토론회 #왜이재명인가 영상출처 : 2022년 1월 6일에 방영된 MBC 100분토론 영상 ◼︎ 후원계좌 : 국민은행( ...	630	228	8
