ID	title	description	viewcount	likecount	commentcount
99Ey5n8JudI	12일 만에 부산찾은 이재명, '글로벌 해양도시' 약속 (2022.02.27/뉴스데스크/부산MBC)	"12일 만에 부산찾은 이재명, ""글로벌 해양도시"" 약속 (2022.02.27/뉴스데스크/부산MBC) ▷ 더불어민주당 이재명 후보가 27일 오후 ..."	1600	188	34
WJO3sw8BCMw	이재명, ’고향’ 대구·경북 유세...취약지역 공략 / YTN	이재명, '고향' TK 돌며 집중 유세…첫 유세지 포항 이재명, 포스코 박태준 초대 회장 언급하며 경제 메시지 취약지 '대구'…지난해 유세 ...	2162	88	46
WC-__wSTfcY	&#39;대선 D-9&#39;...이재명, &#39;고향&#39; TK·윤석열 &#39;외가&#39; 강원 / YTN	[앵커] 대선이 9일 앞으로 다가왔습니다. 더불어민주당 이재명 대선 후보는 상대적으로 가장 약한 지역이면서 자신의 고향이 있는 대구· ...	3574	51	92
4NgejA_giRo	더불어민주당 이재명 후보, 포항 유세 - [끝까지 LIVE] MBC 중계방송 2022년 02월 28일	더불어민주당 이재명 대선 후보가 오늘(28일) 대구·경북(TK) 지역을 순회하며 취약지 표심 공략에 나섭니다. 이 후보는 오전 포항시청 ...	11884	1043	29
Q_rhrdKdGdo	신문브리핑 3 '이재명 &#39;우크라 대통령 폄하&#39; 논란…기름 더 붓는 국민의힘' 외 주요기사 [아침&amp;매일경제]	"(매경)신문브리핑 3 ""이재명 '우크라 대통령 폄하' 논란…기름 더 붓는 국민의힘"" 외 주요기사(0228) #아침앤매일경제 #신문브리핑 ..."	1141	34	11
143rjjRToqc	[LIVE] 이재명 후보, 포항 유세		6862	6510	15
pPDv_3cMrUw	[생중계] 이재명 후보, ‘포항발전 제대로! 새로운 포항을 위해, 이재명’ 포항 유세 (2022.02.28 오전)	[생중계] 이재명 후보, '포항발전 제대로! 새로운 포항을 위해, 이재명' 포항 유세 (2022.02.28 오전) #이재명 #포항 #유세 #2022대선 ...	58767	0	0
ygfD1KvV1fo	윤석열의 아내 김건희vs이재명의 아내 김혜경의 사주를 비교 분석해봤습니다!  보기와 다르게 강단이 있는 여성?!	김건희 #김혜경 #사주비교 ☆천광궁 함께 해결하는 진실 상담 : 010-5378-5886 카카오톡 : trb49 ☆덕분TV 촬영문의 010-7700-2318 ...	712	105	7
JbHeYpUGj9Y	&#39;소년공&#39; 이재명 '이 구부러진 팔이 내가 정치하는 이유' (2022년 2월 27일, 울산 유세)	"이재명 더불어민주당 대선후보가 2월 27일 오후 울산광역시 남구 롯데백화점 광장 유세에서 왼팔을 들어 보였다. 그는 ""소년공 시절 ..."	6754	874	59
lkP_XTsk11M	윤여준 '차기 대통령, 이재명이든 윤석열이든 통합정부 안 꾸리면 지선 총선 줄줄이 진다'	李도 尹도 통합정부 안하면 총선 역풍 불어 * 단일화 협상 공개한 尹, 이제 안하겠다는 뜻 * '또 철수' 트라우마 安, 물러나기 어려울 것 ...	4835	252	48
ifeLftY2mJY	이재명 포항 유세  포항시청 광장 앞 현장취재!	이재명 #포항 #선거유세현장 with CameraFi Live.	13192	6846	0
WXkgGI2o6XY	[다시보기]더불어민주당 이재명 대선 후보, 경북 포항 유세｜2022. 02. 28.	이재명 #포항유세 28일 더불어민주당 대선 후보 경북 포항 유세 현장입니다. 00:00 사전행사 07:40 후보 연설 일시 및 장소: 2월 28일 ...	721	104	0
7igSkI1pKXE	정권교체 여론 재결집! 안철수의 오판과 이재명의 속임수 2022.2.28 오전8시	대선막판 대예측-정권교체 여론이 윤석열로 다시 모이고 안철수 지지율은 무너지면서 박빙의 승부지만 윤석열 승리 #윤석열#안철수# ...	13880	5908	538
NauPx3O0Ogo	[공유] 〈어머니의 따뜻한 품〉 - 소년공 이재명이 쏘아 올린 희망 공약 (1편)	공유영상 : 유튜브 '델리민주' https://youtu.be/34Kji5wgjeg 따뜻하고 감동적인 소년공 이재명의 삶과 그가 꿈꾼 세상. 진정성 있는 ...	646	410	10
GDbTYTL5QLA	이재명 43.8% 지지율 또 떡상! 윤석열 36.8% 또 폭락! 회복불능	채널에 가입하여 혜택을 누려보세요. https://www.youtube.com/channel/UCXizVvs2c7LtFZAu25sK5Fg/join [이재명 후원회 홈페이지] ...	53696	14273	666
kB8lJAQYN7s	공약) 이재명 '이재명이 대통령인 민주당, 확실한 정치교체 해낼 것!' 다당제 + 결선투표제 + 4년 중임제 [창원 연설][명블리] #shorts	명블리 #shorts.	271	98	3
jD9j2Y-7n8U	[공유] 이재명이 보내는 다섯번째 메시지 [경제대통령2] 편	공유영상 : 유튜브 '이재명' https://youtu.be/199TGjOL4x4 #이재명 #대선광고 #경제대통령.	255	137	7
ohy1YREGu2o	【맨인블랙의 닥치고 이재명 _058】 검찰만 개혁하면 언론개혁 저절로!	검찰 캐비닛이 가장 무섭습니다. 언론인도 정치인도 그 캐비닛 속에 들어가 있는 정보면 힘을 못씁니다. 누군가 획책하고 있는 검찰 ...	15	6	2
j3fN3yFJRx8	이재명 대통령 후보 포항 시청광장  집중유세 현장.	대구를 바꾸고 지역주의와 세대간의 벽을 허물며 세상을 보는 진실의 눈을 가질 수 있는 시민 한분 한분의 힘이 되어 드리기 위해 ...	2369	843	0
DKmcRLAQz3A	이재명후보를 지지하는 이유 #Shors		1156	420	16
88nWfoySPPE	2/28(월) - 실패한 단일화 협상“까발렸다”(권은희)/ 우크라이나 전쟁속보/ 단일화와 통합정부의 미래(윤여준)/ [뉴스닥] 윤핵관 살아있다↓ 망언 제조 이재명↓(현근택·김용남)	2월28일(월) 김현정의 뉴스쇼 ▣ 라이브 방송 안내 뉴스쇼 라이브 방송 | 매주 월~금 오전 7시20분~9시 댓꿀쇼 라이브 방송 | 화·금 주 2 ...	142495	3133	130
7LGZt6XkTvY	[7905] 이재명, 정치보복은 몰래 하는 것	이재명 더불어민주당 대선 후보가 27일 윤석열 국민의힘 대선 후보 관련 정치보복 논란에 대해 “하고 싶어도 꼭 숨겨놨다가 나중에 ...	32	3	0
VpO-s9mMx8E	안철수의 완주는 이재명 돕는것. 완주하는 것은 비밀거래? 차기보장, 중대재해법 등 설 난무	한자리수의 지지율로 안철수가 완주하겠다는 것은 이재명과 비밀거래 의심. 통합정부 명분으로 차기 보장에다 중대재해방지법 등에 ...	31240	11155	865
8-bS8WEinqc	해양수산인 1500명, 이재명  지지 기자회견 live	일시후원: 국민은행 794001-04-154041 서울의소리(강경자) ✓전화후원: 1877-1590 ✓정기후원: ...	1868	415	10
mLSODWODeFc	[풀영상] 더불어민주당 이재명 대선 후보 '포항 유세' (22.02.28)	"더불어민주당 #이재명 #포항 [풀영상] 더불어민주당 이재명 대선 후보 ""포항 유세"" (22.02.28) 시사포커스TV는 창간 35년 정통언론, ..."	2681	27	0
qA7JVIR52gM	이재명의 사회적 경제 공약 발표 '경제 부스터샷으로 &#39;사회적 경제&#39; 띄운다!'	이재명 #민주당 #공약 #발표 더불어민주당 민형배 대한민국 대전환 선대위 사회적경제위원장, 이미영 사회적경제위원회 상임위원장 ...	707	34	50
Yw6u_g4FiJI	강기정, 호남총괄특보단, 광주 무등산 증심사 아침인사, 이재명 대통령 후보 선거운동	강기정, 호남총괄특보단, 광주 무등산 증심사 아침인사, 이재명 대통령 후보 선거운동 검찰독재 저지! 검찰개혁 완수! 이재명이 합니다.	14	8	2
xFjI55CSSeU	이재명!심으면!비정규직 고용안정! 처우개선! 심어진다! #영어회화전문강사#묻지마해고#노동이 존중받는 세상#이재명은 합니다!		48	22	4
zK8veom5nrc	천주교 이재명  지지 기자회견 live	일시후원: 국민은행 794001-04-154041 서울의소리(강경자) ✓전화후원: 1877-1590 ✓정기후원: ...	2660	745	43
fe4a6rNc1MA	조경태 '이재명, 정치보복은 나중에 몰래하는 거다? 아주 뻔뻔하고 나쁜 발언'	조경태 #이재명 #정치보복 #청와대 #세력 조경태 국민의힘 의원이 22년 2월 28일 서울 여의도 국회에서 열린 국민의힘 선대본부 회의 ...	2589	463	34
FbWw0W8b6hU	권영세 '불리한 일에 죄다 모르는 척하는 이재명, 거짓말 삼척동자로 드러나'	권영세 #이재명 #거짓말 #삼척동자 #국민 권영세 국민의힘 선거대책본부장이 22년 2월 28일 서울 여의도 국회에서 열린 국민의힘 ...	6960	1378	128
z0Qv0djokyc	[대선여론ARS조사] 2월28일 KSOI, 윤석열이 이재명 1.8%앞서, 각 후보와 정당 및 문대통령 지지율	[대선여론ARS조사] 2월28일 KSOI, 윤석열이 이재명 1.8%앞서, 각 후보와 정당 및 문대통령 지지율 #이기방TV대선여론조사 ...	47	0	0
0kwI-3JVZko	장예찬 '우크라이나 국민들께, 이재명을 대신해 깊이 사과'	"장예찬 국민의힘 청년본부장이 28일 국회에서 열린 선거대책본부 전체회의에 참석해 ""우크라이나 사태에 대한 수준 이하의 인식을 ..."	279	33	4
KkJeBDFD3qE	역대급 이재명 드라이브인 유세 #SHORTS	SHORTS #이재명 #더불어민주당 #드라이브인유세 #드라이브인 #자동차극장 #파주.	40	16	0
QiQ_0LjBMOs	KSOI 여론조사 이재명43.8%  윤석열 36.1%	유튜브 이송원TV 2월 28일(월) 오전 9시에 KSOI 여론조사 이재명43.8% 윤석열 36.1% 월남전 참전 유공자 5000명 이재명 지지선언!	16781	5163	15
tAJkU1SmYCY	이준석 '이재명 후보, 바늘 도둑이 소 도둑 된다'	국민의힘 이준석 대표가 28일 대구 동대구역 광장에서 윤석열 국민의힘 대통령후보 지지유세를 펼쳤다. 이 대표는 지지연설에서 ...	367	49	18
RRucb2TJS7o	권영세 '이재명은 거짓말 삼척 동자... 국민께서 심판해야'	"권영세 국민의힘 선대본부장이 28일 국회에서 열린 선거대책본부장 전체회의에서 이재명 더불어민주당 대통령 후보가 ""긴축통화가 ..."	148	40	2
7gPnEwrbTcw	우크라이나 전쟁이 이재명을 잡나?		1702	383	17
hxSw4tu6Wxc	대한민국 중심에서 이재명을 외치다! #Shorts	대한민국 중심에서 '이재명'을 외치다! 더불어민주당 이재명 후보 당선을 위해 조금만 더 우리 주변 분들에게 '이재명 지지'를 호소 ...	20	0	4
tA2re7Ml03s	구복규 전남도의회 부의장 이재명 대통령후보 지지유세(화순고인돌시장)		84	19	2
LKmIpfJjgNU	더불어민주당 대통령 후보 이재명 / 포항 유세 포항시청 광장 앞 현장취재!	세계타임즈TV.	26	9	0
Pu-kQEgJ3bA	💥이재명 후보.. 🔸윤석열 후보.. 부인 김건희씨.. 🔺주가조작 '돈' 번거 사실이냐?#shorts	청년의소리 정말 리얼한 청년들의 목소리 여러분의 구독과 좋아요가 큰 힘이됩니다 ...	16	1	0
tlTQn6zcV08	이재명 43.8 윤석열 36.1...전화면접 조사시 43% 먼저 도달한 후보 승...이재명 승!!...박성민 컨설턴트		816	267	18
FOlUQqq7Ohw	미래시민광장 전통연희본부 이재명 후보 지지선언	미래시민광장위원회 전통연희본부에서 신명나게 이재명 후보를 지지선언 했습니다.	44	27	6
5mzLXVuUKEo	[대구MBC뉴스] 이재명·송영길 대구 유세…이준석은 경산 유세	[대구MBC뉴스] #대구MBC 진실을 향해 깊이있게 접근하는 대구MBC NEWS 공식 유튜브 채널입니다. ▽대구MBC 계정 메시지나 ...	33	4	2
Ehz9UaYqEsM	[천안TV 뉴스] 2000여 지지자 응원 속 자신감 얻은 이재명 “코로나 진화할수록 방역정책도 진화해야”	천안TV 주간종합뉴스 2000여 지지자 응원 속 자신감 얻은 이재명 “코로나 진화할수록 방역정책도 진화해야” -방송일 : 2022년 2월 28 ...	6	2	0
5bfq-OLKkMw	윤석열, “러시아 침공이 우크라이나 때문이라는 이재명”을 난타하다!	이 영상은 국민의힘 공식 유튜브 '오른소리'의 허락을 받아 실었습니다.	2736	508	22
JWTnl8uln-U	[풀영상] 더불어민주당 이재명 대선 후보, 경북 포항 유세 / 연합뉴스TV (YonhapnewsTV)	더불어민주당 이재명 대선 후보가 경북 포항에서 유세를 진행합니다. 현장 함께 보시겠습니다. #더불어민주당 #이재명 #경북 #포항 ...	4045	76	3
83OaFrK5ELs	D-9 이재명후보 포항지역 유세현장 스케치!!	우리를위해이재명 #미래를위해이재명 #이재명 후원 : (국민) 453201-04-048641 한민우 후원금은 현장에서의 활동비로 소중히 사용 ...	237	90	2
CtaurhLDV3A	[D-9] [LIVE] 이재명 후보 - &#39;포항발전 제대로! 새로운 포항을 위해, 이재명!&#39; 포항 유세 생중계		5128	2819	0
