ID	title	description	viewcount	likecount	commentcount
ZbUkfXVGE5Y	이재명-윤석열, 나란히 서울 집중 유세 &#39;대격돌&#39; / SBS	대선을 8일 앞둔 오늘(1일) 민주당 이재명 후보와 국민의힘 윤석열 후보가 나란히 서울에서 유세를 펼칩니다. 이 후보는 주한 외국상공 ...	1186	17	15
Rq8h1154Z9c	⧫ 윤석열 대선후보 현수막, 한예종 파주이전 추진!? 고양시민 화들짝 ⧫ 《고양신문 뉴스택배 ep.60》	윤석열 대선후보 현수막, 한예종 파주이전 추진!? 고양시민 화들짝 ⧫ 《고양신문 뉴스택배 ep.60》 고양신문 웹사이트: ...	236	15	9
aS_byClVMb0	“민주당 쫓아내는 게 정치 개혁” 윤석열 강원 ‘동해안 벨트’ 유세 / KBS  2022.03.01.	[앵커] 국민의힘 윤석열 후보는 어제 동해안 벨트를 따라 강원도 유세에 나섰습니다. 윤 후보는 정치개혁은 민주당을 쫓아내는 ...	243	1	16
3n5mLoMJPO0	기성미디어를 넘어서, 대안뉴스 #78 - 갈수록 터지는 윤석열 거짓말	양지열 #거의없다 #민동기 ① 대한민국 최초!! 오직 비절개 모발이식 모션의원 http://www.motionclinic.co.kr/ ② 제주 천혜향 3kg 5kg ...	7758	6085	2
5yTmQOm_yVQ	[공정] 여론조사, '대장동은 이재명이 몸통' 49.3% 동의,  '윤석열이 몸통'도 37.9%  '선동에 얼마나 잘 넘어가나 하는 것을 보여주는 대목'	윤석열 이재명 양 후보 동반 상승, 이재명이 더 많이 올랐다. 격차 축소.	19680	6164	499
JOP8fEs19zc	◆윤석열 유세장의 만행들 #shorts	윤석열 후보의 유세장에서 일어난 일들입니다.	12	1	0
YCnbGgDqmj4	윤석열후보를 조선시대 원균에 비유한 어느 스타역사강사.	역사를 가장 역사답게 가르쳐야 할 사람이... 보수재건 100원 후원 계좌 기업은행 222-029699-01-027 [예금주 최국] 카카오뱅크 ...	4755	1767	307
03WJm8WLb2k	나라구한 역사학자 황현필 쌤 '윤석열은 원균 같은자다' 이재명 지지선언! 청년들 이재명으로 몰려온다..	채널에 가입하여 혜택을 누려보세요. https://www.youtube.com/channel/UCXizVvs2c7LtFZAu25sK5Fg/join [이재명 후원회 홈페이지] ...	45372	15856	826
7SB6iLCwdy4	김영환 전 의원 '잘가라 안철수여!'/윤석열 이재명 안철수 최근 지지율[권순활TV]	[자율구독료] 신한은행 110 183 108360 권순활 #안철수 #김영환 #윤석열 #이재명.	968	419	29
pfjGLIqjJBI	윤석열의 눈물겨운 '사전투표 독려'!		2436	587	69
oBlETv7fPlM	윤석열 후보 대체  어느 나라 대선후보인가?	3.1절 #윤석열 #규탄.	17	8	0
ES_UH6Tfdmg	이재명·윤석열 누가 돼도 &#39;세금·대출 완화&#39;~~'절세용 급매물 노려라'	"안녕하세요 감사스마일 입니다. 한국경제 이유정 기자님 기사[이재명·윤석열 누가 돼도 '세금·대출 완화'…""절세용 급매물 노려라""]를 ..."	153	14	5
1WokkeY2_wU	뻔뻔한 국민의힘, 또 망신 당했다! 정의당 '윤석열 직접 사과해야.. 이준석, 여가부강화 자문위 임명' - &#39;통합의 경제&#39; 약속한 민주당 이재명 후보 '국민 통합의 길'	국민의힘또망신 #정의당윤석열사과요구 #이준석여가부강화자문위임명 #통합의경제약속한이재명 ▣ 황희두 멤버십 후원 ...	28553	13548	456
rhVJqcKml4o	포항 시장 가득 메운 윤석열과 비교되는 이재명 ㅋㅋㅋㅋㅋㅋ	종이TV 자율구독료 ○ 카카오뱅크 3333-03-8393457 박ㅈㅇ 국민 632302-04-024991 박ㅈㅇ ○ 종이의 멤버십 ...	8254	1615	209
tK9_HtF_SUc	이준석 “정권교체 민심 윤석열 후보에 결집'	"이준석 국민의힘 대표가 1일 국회에서 열린 확대선거대책본부회의에서 ""정권교체를 바라는 국민들의 마음이 실질적으로 유일한 야권 ..."	484	56	16
sPjm4-g12vY	[짤] 비열한 정치하고 있는 윤석열, 단일화에서도 드러났다! #장제원	새날마켓 바로가기 : https://www.saenalmarket.com 새날패밀리 구독하기 ...	14684	3063	95
7St30QOFIj4	줘도 못 먹는 안철수, 무능인가? 무지인가? 정치적 신념인가?	줘도 못 먹는 안철수, 무능인가? 무지인가? 정치적 신념인가? #대선후보지지율 #윤석열 #이재명 #안철수 #야권후보단일화 #윤석열 ...	200	56	4
K7mTJEZGVGE	윤석열 '나는 바보입니다' #shorts		3	1	0
5q08XcJFrT8	단일화 결렬 득실은?  김수민 ' 4자구도가 윤석열에 더 낫다.'	백성문 #김태현 #김수민 정치 계의 두 절친 법조인 김태현 백성문 변호사의 정치 토크쇼 [정치왓수다] 후원 계좌 우리은행 ...	3575	499	41
7lCvBSaBk-4	변발헤-선거와 오징어게임 3관왕/황현필, 이재명 지지/윤석열 친일?/독립유공자 후손, 이재명 지지	멤버쉽 링크 - https://www.youtube.com/channel/UCkI2g2FvX-haxXqqDMqc96A/join 송작가TV몰 링크 ...	5324	1990	45
St9ugLuxDKA	[D-8 돌쇠토론] 장성철 &amp; 박원석 “한 손엔 이재명, 다른 손 윤석열... 안철수 어느 떡 고를까'	라이브 방송 안내 뉴스쇼 라이브 방송 | 매주 월~금 오전 7시20분~9시 댓꿀쇼 라이브 방송 | 뉴스쇼 본방송 끝나자마자 이어서 오전 9시 ...	8981	365	112
dYRGRTng3ZE	“우크라 남자들 출국금지 보고 국민 불안”…이재명, 또 구설.  '윤석열 공격 위해 억지로 우크라 폄훼하다 강한 역풍'	우크라 국민들 자진 입대 13만명,화염병 투혼.	12809	3764	222
yLhuiEBNpmY	'아저씨 이렇게 하는거예요?'...윤석열과 어린이 귀염뽕짝 모습 #SHORTS	"윤석열 #어린이 #어퍼컷 #SHORTS ""아저씨 이렇게 하는거예요?""...윤석열과 어린 아이 귀염뽕짝 모습 #SHORTS 시사포커스TV는 ..."	1902	281	12
sIcSuVe5YPY	한달새 바뀐 표심···   #안철수 지지자 17%   #윤석열 으로, 8%는    #이재명   로 갈아탔다	한달새 바뀐 표심··· #안철수 지지자 17% #윤석열 으로, 8%는 #이재명 로 갈아탔다.	12	3	1
ERUncfXRhww	[생중계] 윤석열 후보, '의에 죽고 참에 살자!' 서울 동작 유세 (2022.3.1 오전)	"[생중계] 윤석열 후보, ""의에 죽고 참에 살자!"" 서울 동작 유세 (2022.3.1 오전) #윤석열 #동작 #유세 #2022대선 #오마이TV * 오마이TV ..."	7035	0	0
mbhSr6GiLzM	제20대 대통령선거/윤석열 대선후보/로거송/어느60대노부부의이야기/직캠	제20대대통령선거 #윤석열대선후보 #국민의힘로거송 #어느60대노부부의이야기 #최춘식국회의원 #포천시 #선거송 2022.03.01.	16	2	0
KjOb_lpb7aA	원희룡은 고속도로 하수구에서 찾았다는데, 뭐여 ?	이승훈 변호사 2022. 2. 28. 채널A 뉴스탑텐 출연 #이재명 #윤석열 #더불어민주당 #국민의힘 #대선후보 #대장동 #녹취록 #서울시장 ...	6	2	0
sllu-bo-Y2A	속보/ 문재인 대통령 '우크라이나에 대한 인도적 지원 신속히 강구'! 윤석열, 문재인 정권 겨냥해! 조원태 한진 회장, 김만배와 어떤 관계? 이번엔 ‘돈세탁’ 관여 의혹 휩싸여!	3사관학교 임관식 기념사…우크라 교훈 자주 국방 역설 국제질서 요동, 강대국 갈등 표출…세계 안보환경 급변 北 연이은 미사일발사 ...	354	7	0
8f_fRtuj_nw	우크라 “러, 핵무기급 ‘진공폭탄’ 사용했다  #이재명 #윤석열	우크라 “러, 핵무기급 '진공폭탄' 사용했다 #이재명 #윤석열.	71	3	0
RxbPPdVMZYE	임기말 되니 탈원전 한적 없다고 우기는 정권 #이재명 #문재인 #윤석열	임기말 되니 탈원전 한적 없다고 우기는 정권 #이재명 #문재인 #윤석열.	10	5	0
zJpV8YYgSHs	보복 나선 러시아, 36개국 항공사 운항 금지 맞대응  #이재명 #윤석열	보복 나선 러시아, 36개국 항공사 운항 금지 맞대응 #이재명 #윤석열.	6	2	0
De5csNGoFN0	윤석열  포항 인파 인산인해 ~!!! 간철수는 좌파다  ~~ 건투를 빈다  #Shorts	Shorts #안철수 #간철수 #안철수신영복 #위대한지식인신영복안철수 #스파이 #안철수이재명 #요덕수용소 #요덕정치범수용소 ...	342	52	2
KLlyr78wJTU	[아투현장]  “대한민국 만세” 윤석열 후보, 서울 집중유세_220301	[아투현장] “대한민국 만세” 윤석열 후보, 서울 집중유세_220301 정도언론 인간존중 인류평화 를 위해 나아가는 아시아 투데이!	0	11	0
vROAtbRtOVY	전체 예비역 장성 2200명 중에 절반이상이 尹 지지 선언. 유례 없던 일로 안보위기 심각한 체제 증명	문재인에 이어 이재명의 안보관이 심각하게 위험하다는 것을 파악한 군심이 대거 윤석열 지지로 나타나고있다.	34313	16573	763
bZK7hRrK6eg	[이재명/윤석열/심상정/안철수 후보] 제 20대 대선후보 &#39;투자&#39; 공약, 법제화 및 투자 활성화 VS 엄격 규제 및 투자자 보호 | 대선 후보별 투자 공약 1분 초간단 정리	2021-2022Y 조선·중앙·동아·한국브랜드진흥원 대상 수상 ✓ 조선일보 https://bit.ly/3fZM3iX ✓ 동아일보 https://bit.ly/3q3zBDq ...	3	0	0
wAZ74zFe2hY	긴급! 윤석열 47.8% 안철수 2.2% 당선가능성! 충격의 여론조사! 이재명 캠프 난리났다! 데일리안 대규모 여론조사 충격! (진성호의 직설)	인용한 여론조사는 조사의뢰자 데일리안 조사기관명 여론조사공정(주) 조사지역 전국 조사일시 2022-02-25 12 시 00 분 ~ 21 시 00 ...	64160	22798	1597
vodtYWEiVbo	윤석열이 들어간 국힘당사 앞 1인시위! 120시간 노동이 말이야~막걸리야!		2	0	0
pz_h1JBesS4	윤석열 김대중 대통령		0	0	0
A283Xg4o64E	[SBS 주영진의 뉴스브리핑] 단일화는 깨졌다. 국민의힘 니탓타령 멈춰!(feat.윤석열, 안철수)	여론조사 #우크라이나전쟁.	17	3	1
4iMT4GG09Xk	긴급) 윤석열 방금 국립 동작 현충원 도착! 김구·윤봉길 후손 尹 지지선언에 민주 발칵! 이재명 지금 난리났다!!	정의구현 멤버십 가입 : https://www.youtube.com/channel/UCUNwNXVrWAHQpc8gPp1c6kw/join 자발적 구독료 : KB국민은행 ...	10507	7355	0
jv3efs_YTbA	[생중계] 국민의힘 윤석열 대선 후보, 서울 동작 유세 / 연합뉴스TV (YonhapnewsTV)	국민의힘 윤석열 대선 후보가 서울 동작에서 유세를 시작합니다. 유세 현장 함께 보시겠습니다. #윤석열 #국민의힘 #거리유세 ▣ 연합 ...	2847	309	0
qyOQ1ZaGoB0	&#39;하숙생 윤석열&#39; 이런 사람이었어? 하숙집 노부부 주인이 털어놓은 놀라운 이야기에 민주 충격! 尹 넙죽 엎드려 절까지 했다는데...도대체 왜?!	정의구현 멤버십 가입 : https://www.youtube.com/channel/UCUNwNXVrWAHQpc8gPp1c6kw/join 자발적 구독료 : KB국민은행 ...	21222	10859	544
umLA86c167w	천황폐하만세??? ((인터뷰))윤석열 지지자에게 폭행당한 학생	윤석열 지지자들이 벌인 폭력도 끔찍하고 외친 구호들도 끔찍하군요. 전쟁만세 천황폐하만세 라니요~~ ...	790	298	31
CqlE-EGavI0	윤석열 대통령후보 ‘현충원’ 참배		0	13	0
Qc58XamGmfY	'이번 대선은 한일전' - 아래 열린 공감 TV 윤석열과 무속 편을 보시면 굿힘당 윤석열 뒤에 일본이 깊숙이 개입하고 있는 충격적인 내용이 나옵니다.		5	1	0
mKqIAaIoA74	윤석열 잘되는것		0	0	0
AxoMURckyvk	윤석열 '나는 공산당이 좋아요' #shorts		12	1	0
8rYobBP0ixs	(부끄럽고 창피하다) 3.1절에 조상님 뵙기에 부끄럽고 민망한 대통령후보! 친일파 토착왜구를 닮아가는 윤석열 /윤석열 자위대 /윤석열 일본 /윤석열 지지율 /윤석열 이재명	(출동, 한소리기자 ) 자위대가 한반도에 들어오는 것을 찬성한 윤석열의 친일 발언 모음 (영상 안의 자막은 제작진의 자의적 해석 ...	2802	773	61
ne1MAg5hGuE	공산당이 좋다는 윤석열 #shorts		9	2	0
6mxp9R2YrNQ	(속보)윤석열방금도착 서울동작유세  3월1일	윤석열# This stream is created with #PRISMLiveStudio.	4704	1745	0
