ID	title	description	viewcount	likecount	commentcount
ZbUkfXVGE5Y	이재명-윤석열, 나란히 서울 집중 유세 &#39;대격돌&#39; / SBS	대선을 8일 앞둔 오늘(1일) 민주당 이재명 후보와 국민의힘 윤석열 후보가 나란히 서울에서 유세를 펼칩니다. 이 후보는 주한 외국상공 ...	1203	17	15
wBIccq2RXno	이재명 당선 예측...빅데이터 지수는 이 후보 승리를 가리키고 있다	이재명 당선 예측...빅데이터 지수는 이 후보 승리를 가리키고 있다.	10776	5461	297
nLfq8Lb79VI	[풀영상] 더불어민주당 이재명 대선 후보 | 제20대 대통령선거 방송연설 (2022.03.01) | #개표방송은KBS	[제20대 대통령선거 KBS 방송연설] 3월 1일, 더불어민주당 이재명 대선 후보가 2차 방송 연설을 진행합니다. 이재명 후보는 국민 질문 ...	2177	770	36
wW623ICanvs	[LIVE] 이재명 후보, 외국인 투자기업인과 경제대화		8458	8717	74
n1g-Xa5VwaU	TK 간 이재명 “박정희 추진력으로 실용정책”…오늘 서울 유세 / KBS  2022.03.01.	[앵커] 어제까지 1박 2일 동안 민주당 취약지 영남을 순회한 이재명 후보는 통합 정부와 함께 남부 수도권 구상을 밝히며 지지를 호소 ...	120	3	15
JTJOlR4Nxx4	이재명 더불어민주당 대선후보 울산 유세 현장(풀영상)	20대 대선이 열흘 앞으로 다가온 27일 울산을 찾은 더불어민주당 이재명 대선후보는 “신재생에너지로 다른나라보다 더 빨리 전환하지 ...	13	3	0
sBCBvDt8Lik	세계가 주목하는 이재명	채널에 가입하여 혜택을 누려보세요. https://www.youtube.com/channel/UC1mySWSKdHfheY5rM9zu-Vg/join 최배근TV 후원계좌: ...	1441	641	39
_s1byERxtv0	[생중계] 이재명 후보, 경제대통령 '투자하기 좋은 나라' 외국인 투자기업인과 경제대화 (2022.03.1 오전)	"[생중계] 이재명 후보, 경제대통령 ""투자하기 좋은 나라"" 외국인 투자기업인과 경제대화 (2022.03.1 오전) #이재명 #경제대통령 ..."	43571	0	82
ES_UH6Tfdmg	이재명·윤석열 누가 돼도 &#39;세금·대출 완화&#39;~~'절세용 급매물 노려라'	"안녕하세요 감사스마일 입니다. 한국경제 이유정 기자님 기사[이재명·윤석열 누가 돼도 '세금·대출 완화'…""절세용 급매물 노려라""]를 ..."	153	14	5
Zn1Hn8ne9Wc	김종인 등, 막판 이재명 손 들어주나? [아침옳소] 0301	3월 1일 방송일정 오후 6시 25분 CBS '한판승부' 00:00 16만 돌파 감사합니다 기후변화, 코 앞에 닥쳐왔다 우크라이나 전쟁을 대하는 ...	14998	5034	16
8r_xDL9rQwU	[팩트TV 풀영상] (2.28) 더불어민주당 이재명 대선후보 &#39;안동의 아들 이재명, 대통령으로 키웁시다&#39; 안동 유세	2022년 2월 28일 안동 웅부공원에서 더불어민주당 이재명 대선후보 '안동의 아들 이재명, 대통령으로 키웁시다' 안동 유세가 진행 ...	326	53	3
5yTmQOm_yVQ	[공정] 여론조사, '대장동은 이재명이 몸통' 49.3% 동의,  '윤석열이 몸통'도 37.9%  '선동에 얼마나 잘 넘어가나 하는 것을 보여주는 대목'	윤석열 이재명 양 후보 동반 상승, 이재명이 더 많이 올랐다. 격차 축소.	19680	6165	499
Hx80VhnTwLU	대통령선거 후보 방송연설 더불어민주당 김쌍식 제빵사 찬조연설 - [끝까지 LIVE] MBC 중계방송 2022년 03월 01일	본 LIVE 방송은 연설이 끝날 때까지 이어집니다. #더불어민주당 #이재명 #방송연설.	22751	2755	214
NxET1t-3BzA	[팩트TV 풀영상] (2.28) 더불어민주당 이재명 대선후보 &#39;지방 기회의 도시 영주! 이재명은 영주를 위해 꼭! 합니다!&#39; 영주 유세	2022년 2월 28일 영주 태극당 맞은편에서 더불어민주당 이재명 대선후보 '지방 기회의 도시 영주! 이재명은 영주를 위해 꼭! 합니다!	418	58	5
7lCvBSaBk-4	변발헤-선거와 오징어게임 3관왕/황현필, 이재명 지지/윤석열 친일?/독립유공자 후손, 이재명 지지	멤버쉽 링크 - https://www.youtube.com/channel/UCkI2g2FvX-haxXqqDMqc96A/join 송작가TV몰 링크 ...	5324	1990	45
03WJm8WLb2k	나라구한 역사학자 황현필 쌤 '윤석열은 원균 같은자다' 이재명 지지선언! 청년들 이재명으로 몰려온다..	채널에 가입하여 혜택을 누려보세요. https://www.youtube.com/channel/UCXizVvs2c7LtFZAu25sK5Fg/join [이재명 후원회 홈페이지] ...	45372	15862	828
1iiPPZDCfAQ	김은혜 '&#39;이재명 그림&#39; 지목한 녹취록 속 4천억, 결국 실현됐다'	라이브 방송 안내 뉴스쇼 라이브 방송 | 매주 월~금 오전 7시20분~9시 댓꿀쇼 라이브 방송 | 뉴스쇼 본방송 끝나자마자 이어서 오전 9시 ...	12979	548	143
6K8BBBf4O1I	역사를 가장 역사답게 가르친다고 자부하는 황현필 선생님 이재명 지지선언	유튜브 이송원TV 3월 1일(화) 오전 9시에 역사를 가장 역사답게 가르친다고 자부하는 황현필 선생님 이재명 지지 82쿡 회원 여러분 ...	12003	4442	8
7SB6iLCwdy4	김영환 전 의원 '잘가라 안철수여!'/윤석열 이재명 안철수 최근 지지율[권순활TV]	[자율구독료] 신한은행 110 183 108360 권순활 #안철수 #김영환 #윤석열 #이재명.	968	419	29
St9ugLuxDKA	[D-8 돌쇠토론] 장성철 &amp; 박원석 “한 손엔 이재명, 다른 손 윤석열... 안철수 어느 떡 고를까'	라이브 방송 안내 뉴스쇼 라이브 방송 | 매주 월~금 오전 7시20분~9시 댓꿀쇼 라이브 방송 | 뉴스쇼 본방송 끝나자마자 이어서 오전 9시 ...	9034	365	112
GhoSbPNxLi0	이재명은 &#39;양복 입은 글래디에이터&#39; ㄷㄷ 누가, 미국 바이든 대통령을 상대할 수 있을까? 찐보수, 김현종 전 차장이 이재명을 지지하는 이유!	윤석열 #안철수 #지지선언 #외교정책.	3546	1126	74
88jMU4Yz2kA	이재명 천억원 보도 본 김기현 '이재명이 좋아하는 녹취록 나왔더라?'	국민의힘 #김기현 #이재명 #녹취록 국민의힘 김기현 원내대표가 22년 3월 1일 열린 확대선거대책본부 회의에서 발언하고 있다.	4764	1384	83
VwBm6zDpfrk	[LIVE] 이재명 후보, 외국인 투자기업인과 경제대화	이재명 #더불어민주당 #민주연구원.	754	157	0
rhVJqcKml4o	포항 시장 가득 메운 윤석열과 비교되는 이재명 ㅋㅋㅋㅋㅋㅋ	종이TV 자율구독료 ○ 카카오뱅크 3333-03-8393457 박ㅈㅇ 국민 632302-04-024991 박ㅈㅇ ○ 종이의 멤버십 ...	8254	1615	209
4ZX4mh90BXM	Live-오징어 게임&#39; SAG 3관왕/이재명은 이순신/쫄리는 윤석열, 음모론까지/권성동 아무말/FIFA·UEFA, 러시아 퇴출	멤버쉽 링크 - https://www.youtube.com/channel/UCkI2g2FvX-haxXqqDMqc96A/join 송작가TV몰 링크 ...	4406	5805	0
qvNyNSk5KMo	(이재명1천억)법조계 폭탄발표! 이재명의혹 매일터트리는 이유! #이재명전과4범	자율적구독후원 : 하나은행 : 106-910488-13707 (박*옥) 해외페이팔 후원링크 : https://www.paypal.me/jungsungsantv 문의 ...	6237	1744	51
jMe4ES7ZxB0	수도권  총집결 명동 집중유세 ,  21세기 독립운동 .이재명후보!!!	나를위해이재명 #살기위해이재명 #대선유세 후원 국민 634501-01-002926 최현@ 감사합니다. This stream is created with ...	705	427	0
eaneYwxm0Q8	권영세 '한 여론조사 기관 이재명 승리?...알고보니 대표는 민주당 청와대 행정관 출신?'	권영세 #국민의힘 #여론조사 #민주당 #이재명 국민의힘 권영세 선대본부장이 22년 3월 1일 열린 확대선거대책본부회의에서 발언 ...	3423	1067	118
lpgdJhOpdCc	[천기누설] 128화 - 尹-安 단일화 공방 속 숨은 ‘트릭’을 알면, 이재명이 표를 끌어올 방법이 보인다! (김종배 &amp; 박지훈)	2022년 03월 01일 [천기누설] 멋털도사 김종배와 얼쑤무당 박지훈이 풀어놓는 놀라운 이슈분석! 매주 화, 목요일 오전 8시 30분에 ...	29721	2832	199
nvjOye5FKyA	강기정, 호남총괄특보단, 광주 서구 농성역 아침인사, 이재명 대통령 후보 선거운동	강기정, 호남총괄특보단, 광주 서구 농성역 아침인사, 이재명 대통령 후보 선거운동 검찰독재 저지! 검찰개혁 완수! 이재명이 합니다.	26	15	0
3hJives4PU0	자신이 박정희 닮았다는 이재명 양심이 있나요?	유튜브로 수익 창출 승인이 안납니다 ㅠㅠ 쿠새뉴스 후원해주기 : https://toon.at/donate/637816954415005999 이메일 ...	98	37	12
dYRGRTng3ZE	“우크라 남자들 출국금지 보고 국민 불안”…이재명, 또 구설.  '윤석열 공격 위해 억지로 우크라 폄훼하다 강한 역풍'	우크라 국민들 자진 입대 13만명,화염병 투혼.	12809	3783	222
VMopK9xHEBU	[D-8] [LIVE] 이재명 후보 -경제대통령 '투자하기 좋은 나라' 외국인 투자기업인과 경제대화 생중계		5116	4225	18
dkOsJujqvZo	김기현 '文 정권, 노골적 관권선거, 이재명 선거 운동 자처'	"김기현 국민의힘 원내대표가 1일 국회에서 열린 확대선거대책본부 회의에서 ""대선 투표일이 얼마 남지 않은 가운데 문재인 정권은 ..."	838	83	13
CaBqZbK-MbA	#shorts 삼일절. 이재명. 대선은 한.일전이다!	이재명 #shorts #삼일절 (후원) 국민 6345-01-01-002926 예금주 최현@ 미디어벙커 입니다.	642	289	9
GlPSBmTjXkQ	[생중계] 이재명 후보, ‘3.1 정신으로 여는 대한민국 대전환!’ 서울 집중 유세 (2022.3.1 오후)	[생중계] 이재명 후보, '3.1 정신으로 여는 대한민국 대전환!' 서울 집중 유세 (2022.3.1 오후) #이재명 #서울 #유세 #2022대선 #민주당 ...	0	0	0
T99X0oiCTLg	유럽에서도 화제였던 이재명의 청년배당 정책 #Shorts	이재명 #청년기본소득.	414	39	2
l__WrVOPCzM	이재명은 합니다. 바로 합니다. #shorts	정치개혁 #정치교체 #당론채택 #더불어민주당 #경기도당 #꿀벌선대위 #이재명.	42	12	0
2JLEvdINRDo	“우크라 남자들 출국금지 보고 국민 불안”…이재명, 또 구설수...왜 이러나...	이메일 : newsdot724@naver.com(사연/칼럼/뉴스제보-url 첨부) 멤버십 ...	6932	2013	293
R14ckvOymvk	&#39;정치 보복하는 법&#39; 이재명 “하고 싶어도 숨겨놨다가 몰래”	이재명 더불어민주당 대통령후보가 지난 27일 울산 남구 롯데백화점 울산점 광장 유세현장에서 윤석열 국민의힘 대통령후보의 정치 ...	95	2	2
IH_Qd00RxRk	[남태우TV 대선특별생방송] 이재명 후보 유세 &amp; 대선직썰 &amp; 인터뷰	남태우TV 지금 시작합니다! 여러분의 구독! 좋아요! 알람설정은 큰 힘이 됩니다! 자발적 후원 신한은행 40102789409 남태우 비자발적 ...	128	35	0
NRwCSqdT3xU	[D-9] 유능한 대통령이 필요한 때! 그 답은 이재명!	shorts#유능한#대통령#후보#이재명.	188	22	0
DiSJq93_Dgk	황현필 한국사 이재명 평가 두번째. 이재명을 직접 만난 소감 #shorts	황현필 #한국사 #세종대왕 #정조 #김구 #이순신 #이재명 #명연설 #대동 #억강부약 #연설 #대통령 #개혁 #혁명 #shorts #쇼츠 황현필 ...	277	93	1
hRxKa_owxMo	속보)이재명 김혜경 도지사 시절 공무원 동원해 약 대리처방 의혹 김혜경 윤석열	이재명 후보가 경기도지사 시절, 공무원을 통해 약을 '대리 처방' 받았다는 의혹을 지금부터 보도합니다. 의사의 진료도 받지 않았고, ...	9	2	1
pm51uP6P-z8	[생방송] 이재명 후보, 서울 집중 유세 (명동 눈스퀘어 현장)	[생방송] 이재명 후보, 서울 집중 유세 (명동 눈스퀘어 현장) #이재명 #명동 #서울 #유세 #나를위해 #앞으로 #제대로 #합니다 #대선 ...	0	525	0
bsg-a0_LDcA	모두를 위한 대통령 아니겠습니까?	구미 #유세 #정치개혁.	1630	775	49
b4a2SeijBhk	2022년 3월1일,  이재명후보 , 외국인 투자 기업인과 경제대화		103	31	0
9Ubwm4mfXSs	이재명 넌 안되!! 어디 전과자가 말야!!		1366	203	10
bRCboLpUpK8	이재명 아내 김혜경 또 터졌다ㄷㄷ #shorts	이재명 #샤인튜브 #김혜경 [샤인튜브] 멤버십 가입 - https://www.youtube.com/channel/UCH_Bxedipg--u3iavdM57rg/join 자율구독료 ...	2816	563	25
3rq_VwSvbRI	신천지 입에서 이재명 언급되었다 대형사고	채널에 가입하여 혜택을 누려보세요. https://www.youtube.com/channel/UCULYn1zisR91e3tZZ4tFi1A/join.	1485	458	20
