ID	title	description	viewcount	likecount	commentcount
oUopLu40C5U	신문브리핑 3 '이재명·김동연, 통합정부 합의…윤석열·안철수 단일화는?' 외 주요기사 [아침&amp;매일경제]	"(매경)신문브리핑 3 ""이재명·김동연, 통합정부 합의…윤석열·안철수 단일화는?"" 외 주요기사(0302) #아침앤매일경제 #신문브리핑 ..."	857	16	22
1rDmZpLJRcE	[최경영의 최강시사] 윤석열과 단일화 없는 안철수 지지 철회한다 - 인명진 목사 (前 자유한국당 비대위원장)｜KBS 220302 방송	[최강 인터뷰 1] 윤석열과 단일화 없는 안철수 지지 철회한다 - 인명진 목사 (前 자유한국당 비대위원장) ----- ▷ #최강시사 홈페이지: ...	6384	272	306
nNcy7rsHtjA	김동길 인명진-안철수 사퇴뿐! 단일화 거부에 각종 의혹? 2022.3.2 오전8시	윤석열후보의 당선이 유력한 가운데 막판 안철수변수에 대해 후보사퇴를 요구하는 여론 폭발.	7809	5912	231
W5xPu73GAFw	3/2 (수) 풀영상｜[인명진] 윤석열과 단일화 없는 안철수 지지 철회한다｜[여영국] 정의당 대표에 尹 캠프 임명장 배달, 왜?｜KBS 220302 방송	(1부) [뉴스 언박싱] '오늘 아침 가장 뜨거운 뉴스' - 민동기 기자 + 김민하 시사평론가 [박대기의 눈] 한국, 러시아 제재 참여.. 타격 우려 ...	4181	214	33
m9YLPY2GyXg	문•재명을 끌어내리는 정권교체! 안철수의 야권분열 표를 윤석열로 모아 모아!! / [박찬종TV]		4853	1166	99
IfplfIu1too	안철수 정치적 기반 무너진다…여론조사 심각	뉴스데일리베스트는 구독자 여러분의 자발적 후원으로 제작•운영합니다. ◇신한은행 110-479-077-775 민들레 ◇페이팔 후원 ...	8492	5866	352
hqUDyIjXv8k	[김태현의 정치쇼] 야권 단일화 결렬! 중도층 표심/대통령과 총리 왜 TK향했나/오늘토론 안철수의 타깃은?/스포츠계 러시아OUT	[1부] 뉴스온더 블럭 #전민경 파이낸셜뉴스 기자 [2부 3부] 여의도 타짜 -D-7 대선 캠프에선 무슨 일이? -야권 단일화 결렬! 중도층 표심 ...	443	17	5
15PpWnCZoL0	&#39;사퇴 발표&#39; 김동연, 이재명과 단일화...오늘 마지막 TV토론 / YTN	"김동연, 후보직 사퇴…""李 위해 운동화 끈 묶겠다"" 야권 단일화 여전히 안갯속…내일이 사실상 데드라인 모레 사전투표 뒤엔 효과↓…"	3547	112	72
hgkP1GpEquw	안철수, 갑자기 입장 바꾼 이유가...? 우상호의 충격적인 연설...안철수 김종인 큰일났다! 윤석열 압승...!이재명 캠프 난리났다!	안철수, 갑자기 입장 바꾼 이유가...? 우상호의 충격적인 연설...안철수 김종인 큰일났다! 윤석열 압승...!이재명 캠프 난리났다!	2354	116	1
2snA_QHWAR4	대선 후보에게 듣는다. 가덕신공항&amp;2030엑스포 해법은? (2022.03.01/뉴스데스크/부산MBC)	대선 후보에게 듣는다. 가덕신공항&2030엑스포 해법은? (2022.03.01/뉴스데스크/부산MBC) ▷ 부산MBC가 주요 후보 4명에게 부산 ...	633	29	14
LT2EFxIBUtM	KBS 토론 응원전! 기적이 이루어 진다  #안철수 #대통령	턴라이트 - 구독 턴라이트  자발적후원 계좌   중소기업은행 341-108033-04-010 ❤ 문자응원 #70794296 ✓✓해외용페이팔 ...	357	144	0
VFcBG1xh0bc	오늘 마지막 법정 TV토론...&#39;D-7&#39; 초박빙 대선 전망은? / YTN	[앵커] 20대 대통령선거가 이제 일주일 앞으로 다가왔습니다. YTN은 국회에 마련한 특별스튜디오에서 선거 소식 시시각각 전해드리고 ...	2167	32	31
97UadZDlQTw	궁지에 몰린 안철수!(22.3.2.)	제보이메일 raceinvesti28@gmail.com.	11009	7786	317
uFUP7WfEFR8	단한번의꿈,개아파(feat.안철수)_버티go,공감잇기	단한번의꿈,개아파 (feat.안철수) _ 명인희,야자크 @ 버티go,공감잇기 https://vibe.naver.com/album/7004571 ...	9	1	1
e3dxPhhXTzc	이상돈 교수 윤석열이 안철수 단일화에 휘둘려서 지지율 깎였다 헛소리		15	0	0
kscR9ZpwUDI	[여론보다]흔들릴수록 ‘결집’…단일화하면 더 ‘박빙’  | 뉴스A	[여론보다]흔들릴수록 '결집'…단일화하면 더 '박빙' 대선일 디데이가 이제 한 자리수로 줄어들었습니다. 오늘부터 투표용지 인쇄에 ...	23789	912	191
M9Mf7MTuuos	안철수, 김동길의 일갈에 사면초가  '포기할 줄 아는 사람이 다음 세대 주인공!' 남욱의  승부수 '김만배가 &#39;이재명 선거법 사건 뒤집을 수 있도록 대법관에 부탁했다고&#39; 해!'	후원계좌 신한은행 304 04 253850 This stream is created with #PRISMLiveStudioㄴ.	6299	2241	40
9RLWrKw3U-Q	채널A 방금 안철수 충격 보도! 안철수부인 김미경문제 결국 터졌다! 윤석열 또 이겼다!	안철수#김미경#윤석열.	455	21	3
tqiV9_eCYo4	대선후보, 마지막 TV토론 격돌…이재명·김동연 단일화 선언 / 연합뉴스TV (YonhapnewsTV)	대선후보, 마지막 TV토론 격돌…이재명·김동연 단일화 선언 [앵커] 여야 대선후보 4명이 세번째 법정 TV토론이 오늘 밤 열립니다.	310	8	2
0LKVSVTcKg0	거대 양당이 안철수를 견제하는 이유 #shorts		199	99	17
t9PAbY4h7Os	다시보기 | 20대 대선 후보 법정 토론 2차 &#39;정치&#39; 풀영상 | KBS 2022. 02. 25. 금	20대 대통령 선거 후보자 선관위 법정 2차 대선토론 '정치' 다시보기 #대선 #대통령선거 #토론회 #직전직후 #더불어민주당 #이재명 ...	8	0	0
q5oA-eByHaI	# 안철수의  선언   # 드루킹  # 국민의 힘  #  더불어 민주당  # 국민의당 #  윤석열  # 이재명 # 대선토론		4	4	0
UbYZEnT6PiI	2022년 3월 2일 (수) [아침&amp;매일경제] 다시보기 - 신문브리핑 1 ''당일만으론 부족…4~5일 사전투표' 여도 야도 사활' 외 주요기사	"신문브리핑 1 """"당일만으론 부족…4~5일 사전투표"" 여도 야도 사활"" 외 주요기사 신문브리핑 2 ""문 대통령 ""DJ정부가 첫 민주 정부"" ..."	495	15	3
qxQXKRR14DU	신문브리핑 1 ''당일만으론 부족…4~5일 사전투표' 여도 야도 사활' 외 주요기사 [아침&amp;매일경제]	"(매경)신문브리핑 1 """"당일만으론 부족…4~5일 사전투표"" 여도 야도 사활"" 외 주요기사(0302) #아침앤매일경제 #신문브리핑 #이상훈 ..."	638	21	6
R3mdwo-fTRg	안철수 후보와의 단일화 무산으로 윤석열 후보 영주 일정 취소... 큰절로 호소 2022 02 27	안철수 후보와의 단일화 무산으로 윤석열 후보 영주 일정 취소... 큰절로 호소 2022 02 27 #윤석열후보 #영주연설 #국민의힘_박형수 ...	4	0	0
N0hl23eW-RA	이재명-김동연 “통합정부 구성”…사실상 단일화 | 김진의 돌직구 쇼 941 회	이재명-김동연 “통합정부 구성”…사실상 단일화 | 김진의 돌직구 쇼 941 회 이재명·김동연, 통합정부 합의…윤석열·안철수 단일화는?	678	15	23
GXMquBw-C3o	안철수 지지자 표가 분산되고 있다.		2	0	0
lzxx7-PL8qY	3/2 Thur. HeadlinesㅣThis Morning with Henry ShinnㅣTBS eFM 101.3Mhz	TBS eFM This Morning◁◁ Latest news from Korea and the world. Weekdays 7-9 AM TBS eFM 101.3 in Seoul. Hosted by ...	20	1	0
jFasnIp7SN4	속보! 안철수·권은희, 통일에 대한 중요한 발언! 권영세, 부정선거 충격 비밀 폭로! 안철수 끝..! 김은혜가 입을 열었다! 문재인 논란 발발!		2020	204	7
hmLRXtK99eE	이재명 안철수 윤석열 기절할 인파들!!!		26	4	0
WA_GCkZjPmU	탈핵단체, 대선 후보 탈핵 정책 질의 답변 공개 220228	탈핵울산시민공동행동은 오늘(28) 기자회견을 열고 여야 원내·진보정당 대선후보 7명에게 보낸 정책질의 회신내용을 발표했습니다.	6	0	0
pBFPFKod_oA	尹 우크라 응원 &#39;화난 귤&#39;…與 '엄중한 사태에 부적절' vs 野 '오렌지 혁명 상징 표현' [황보선의 출발 새아침] / YTN라디오	YTN라디오(FM 94.5) [황보선의 출발 새아침] 우리의 이슈가 뉴스를 바꿉니다. 세상을 깨우는 황보선의 출발 새아침 중심잡힌 시선으로 ...	161	15	11
LLdAlrFF64c	[황보선의 출발 새아침] FULL 다시보기 l 오늘부터 전국 학교 개학, 文 &#39;원전이 주력&#39; 외친 이유?, &#39;통합정부&#39;vs &#39;정권교체&#39;, 러시아와 싸우는 시민군 l 220302	"YTN FM 94.5MHz 우리의 이슈가 뉴스를 바꿉니다. 세상을 깨우는 ""황보선의 출발 새아침"" 중심잡힌 시선으로 가장 뜨거운 이슈를 ..."	3783	195	10
1jtxyA8XL6g	윤석열 당선 확정적-서울 TK 충청 급등!총 10개 여론조사-윤석열 전승!방금 폭탄선언한 우상호,김종인 이재명 원격지원중!김동연,방금 충격기자회견!이상돈,단일화불발관련 특이입장문!	김건희 팬카페(건사랑)--https://m.cafe.naver.com/ca-fe/gunsarang 윤석열TV: ...	25683	5451	333
TiLDbL586ig	대선후보 최종 TV토론 동시 라이브 중계. 초박빙 여론 속 마지막 진검승부	대선후보 최종 TV토론 동시 라이브 중계. 초박빙 여론 속 마지막 진검승부 #최성 #최성TV #최성대선전문TV #2022대선 #2022대통령 ...	0	5	0
F0v1vV8ub_k	[뉴스포커스] 김동연, 이재명 지지하며 사퇴…오늘 마지막 방송 토론회 / 연합뉴스TV (YonhapnewsTV)	[뉴스포커스] 김동연, 이재명 지지하며 사퇴…오늘 마지막 방송 토론회 [출연 : 김성완 시사평론가·최수영 시사평론가] 대선이 오늘로 ...	0	1	0
TYCVYLbnohI	대선후보 고전게임 VER	이재명 #윤석열 #안철수 #심상정 #허경영 #대선토론 □ BGM 정보 Track: Chime & MDK - Arcade Dwellers [NCS Release] Music ...	23	5	0
CbiSZ4ufuGo	윤석열 설 민심 장악! 이재명 눈시울 붉히다...! 중앙선관위, 안철수에 충격 입장문 냈다! 자유와 공정 기회를 강한 대한민국 으로 가자 가즈아	윤석열 설 민심 장악! 이재명 눈시울 붉히다...! 중앙선관위, 안철수에 충격 입장문 냈다! 자유와 공정 기회를 강한 대한민국 으로 가자 ...	1457	49	1
yvwVaZVdb0o	안철수는 왜 후보단일화를 거부하나(장기표 대표, 박찬종tv 출연)		284	89	9
oLJUrFQ50A0	신평 변호사 “안철수의 실체, 한 인간의 비열한 욕구…농락 당한 느낌” 이상돈 '겪어보면 알아'	신평 변호사와 이상돈 교수, 안철수를 겪어본 뒤의 그의 실체를 폭로하다.	11547	4692	228
-gGwpJCZtNY	'어떻게 이재명 같은 사람을 지지?' 공장장 상대는 역시 김재원	김재원#김어준#이재명#안철수#윤석열 TBS뉴스공장(22.03.02)	2846	361	82
6XT1C0jR_Ko	'혜경궁마마가 몸종 부리듯 공무원을..' 김종민 맥이는 김재원	[출처:석디터_220225] #김재원, #윤석열, #이재명, #안철수, #심상정, #허경영, #국민의힘, #더불어민주당, #기생충, #shorts, #대통령 ...	84	25	8
U5kqRQAdAaM	대통령 선거는 100% 민심 선거입니다.	대통령선거는 100% 민심 선거이다. 투표의 가치는 6000만원의 가치입니다. 거대 기득권 양당들이 정신좀 차릴수 있게 서로 융합하고 ...	47	30	0
ImLviMgeitA	[에디터픽] 김동연, 이재명과 단일화...오늘 마지막 TV 토론회 / YTN	1. [현장영상] 김동연 후보직 사퇴…이재명 후보 지지 선언 2. [뉴스라이브] 김동연 후보직 사퇴...이재명과 '통합정부 구성' 합의 (최진봉 ...	44929	1028	0
OYXrgCwiA7I	[2022년 3월 2일 수요일 오전 방송]	2022년 3월 2일 수요일 오전 방송] [정론일침] [특별대담] 석동현변호사 [특별대담] 이학재의원 **만만운동: 농협 317-0024-5198-61 ...	86606	17010	80
AHxudECcJhs	(일일뉴스) 김용민 “김건희, 尹 에 성상납” 막말 충격! 여론조사 윤석열 압승! / 2022.03.02	단일화 #안철수 #윤석열 #대선유세 #서울 #서초동 #윤석열현장 #윤석열유세 #국민의힘 #정권교체 #이재명 #민주당 #대장동 #화천 ...	22137	7183	187
N_ifysTN6CY	[사이다방송] 성죄준 영상 곰탕 우려먹는 정도가 아니라 반복테이프 수준	성제준 #이진호 #서사장 #최교수tv #열남tv #이재명 #윤석열 #안철수 ##대선토론 #최용덕교수 제대로 된 말은 하고사는세상, 누구나 ...	0	44	0
bQ3QfzfLF8A	(3월2일)류효상의 신문을 통해 알게 된 이야기	https://band.us/@hyosang = 3월 2일 류효상의 신문을 통해 알게 된 이야기들 = 1. 윤호중 원내대표는 “그동안 '윤핵관'을 꼭꼭 숨겨두 ...	14	6	0
_2uUcaBUmsM	긴급! 윤석열 큰일났다! '욕먹어가며 윤석열 반대! 윤석열, ‘성난 귤’ ​사진으로 우크라이나 응원했다 뭇매! 안철수 “尹, 만나자하면 만날 용의 있다…권교체가 국민 열망”	'대한민국 만세' 국민의힘 윤석열 대선후보, 서울 집중유세 윤석열, '성난 귤' ​사진으로 우크라이나 응원했다 뭇매 안철수 “尹, 만나자 ...	301	13	1
e9U4Zd9MtR0	대박이다~~알콜성 치매와 횡설수설의 상관관계 #shorts	영상 참고 - 서울의 소리.	9	4	1
