ID	title	description	viewcount	likecount	commentcount
uD4l_56JvHQ	[풀영상] 윤석열·안철수 전격 단일화 선언..합의문 발표 / SBS	국민의힘 윤석열, 국민의당 안철수 대선 후보가 오늘(3일) 후보 단일화를 전격 선언했습니다. 윤 후보가 지난달 27일 기자회견을 통해 ...	146575	5807	0
FcwWt7Nez6Y	[윤석열 국민의힘 후보, 충남 아산 유세]  3월 3일 (목) 풀영상 / 디지털Only	윤석열 국민의힘 후보는 오늘(3일) 충남을 시작으로 '무박 6일'의 전국 유세에 돌입합니다. 이날 오전 안철수 국민의당 후보와의 단일화 ...	4018	144	32
8jdElwtmAxU	윤석열·안철수 전격 단일화 선언..합의문 발표 / SBS	윤석열 국민의힘 대선후보와 안철수 국민의당 후보가 제 20대 대선 사전 투표를 하루 앞둔 3일 기자회견을 하고 야권 후보단일화를 ...	291482	6864	1391
BUwXxytpA9w	[현장영상] 윤석열·안철수 단일화 선언…'더 좋은 정권 교체할 것' / JTBC News	윤석열 국민의힘 대선 후보, 안철수 국민의당 후보가 오늘(3일) 후보 단일화를 전격 선언했습니다. 두 후보는 이날 아침 8시 국회 소통 ...	5580	56	424
I2zZdi6VvPc	`이재명, 윤석열` 민심 총력전.. 여야 사전투표 사활 (2022.03.02/뉴스데스크/광주MBC)	이재명, 윤석열` 민심 총력전.. 여야 사전투표 사활 (2022.03.02/뉴스데스크/광주MBC) #이재명#윤석열#민주당#국민의힘#MBC뉴스# ...	3094	143	76
S6vsj5Yxvjs	[D-6] &#39;단일화&#39; 윤석열 대선후보, 충남 천안 유세 / SBS	SBS뉴스 #8뉴스 #실시간 #윤석열 #국민의힘 #충남 #천안 #유세 #선거 #대통령 #후보 #단일화 #안철수 로 만나 보세요 라이브 뉴스 ...	11909	554	46
sKKW7D-mX3I	[🔴LIVE] 국민의힘 윤석열, 국민의당 안철수 단일화 공동 기자회견 - [끝까지LIVE] MBC뉴스 2022년 03월 03일	윤석열 국민의힘, 안철수 국민의당 대선 후보가 어제 심야에 회동하고 야권 단일화에 전격 합의했습니다. 윤 후보와 안 후보는 오늘 ...	148555	1801	663
jrMCXNyiHQI	[D-6] 단일화 선언 후 첫 공개 일정 - 윤석열, 충남 아산 유세 / SBS	SBS뉴스 #8뉴스 #실시간 #윤석열 #안철수 #단일화 #국민의힘 #충남 #아산 #대선 #후보 #대통령선거 로 만나 보세요 라이브 뉴스 ...	43136	3060	125
4BNa9Uf6h14	[이재명 더불어민주당 후보, 윤석열-안철수 단일화 입장표명] /3월 3일 (수) 풀영상/ 디지털Only	이재명 #윤설열안철수 #단일화 ☞JTBC유튜브 구독하기 (https://bit.ly/2hYgWZg) ☞JTBC유튜브 커뮤니티 (https://bit.ly/2LZIwke) ...	26847	804	481
AHiXMpyPSu8	[윤석열-안철수 단일화 공동기자회견] 3월 3일 (목) 뉴스특보 풀영상 / JTBC News	"윤석열-안철수 후보 정권교체 뜻 모으기로 · ""단일화 선언으로 완벽한 정권교체 실현 믿어"" · ""두 사람은 원팀…성공한 정권 만들 것"" ..."	3274	58	187
fiNL0Qck7go	국민의힘 윤석열, '필사즉생 필생즉사 必死卽生 必生卽死' 아산 유세 - [끝까지 LIVE] MBC 중계방송 2022년 03월 03일	윤석열 국민의힘 대선후보는 오늘(3일)부터 3·9 대선 전날인 8일까지 '국민 속으로! 마지막 7일간의 필승 연속 유세'에 나섭니다.	7517	123	47
CbYGpqphv94	'국민 통합정부 만들겠다' 윤석열-안철수, 전격 단일화 / SBS	국민의힘 윤석열, 국민의당 안철수 대선 후보가 전격적인 단일화에 합의하고 공동선언문을 발표했습니다. 두 후보는 대선 직후에 두 ...	2499	72	115
3Ro0-ogLcWU	윤석열-안철수 후보 공동기자회견…'&#39;더 좋은 정권교체&#39; 위해 뜻 모으기로'	공정과 상식, 통합과 미래로 가는 단일화 공동선언문] 사랑하는 국민 여러분, 저희 안철수, 윤석열 두 사람은 오늘 더 좋은 대한민국을 ...	17171	5031	1073
-x9ozsB4GTo	격해진 감정싸움에 얼굴 붉힌 이재명-윤석열 [이슈픽]	마지막 TV토론회였던만큼 여야 대선 후보들은 거센 공방을 벌였습니다. 특히 이재명 더불어민주당 대선 후보와 윤석열 국민의힘 대선 ...	1511	35	30
zFUO1LCRd24	[풀영상] 더불어민주당 이재명 후보, &#39;윤석열·안철수 단일화&#39; 관련 입장 발표/3월 3일(목)	더불어민주당 이재명 대선 후보는 오늘(3일) 오전 국민의힘 윤석열 후보와 국민의당 안철수 후보의 단일화 선언에 대한 입장을 밝혔 ...	32941	870	406
yVZQ9H75iU8	[D-6] 이재명 대선후보, 윤석열-안철수 단일화 관련 입장 발표 / SBS	SBS뉴스 #8뉴스 #실시간 #이재명 #더불어민주당 #윤석열 #안철수 #단일화 #대통령 #대선 #후보 #백브리핑 #대통령선거 #대선후보 ...	62319	1361	317
Z8GxDMTFGgY	윤석열-안철수 단일화에 대한 이재명 입장 '정치는 국민이 하는 것'	이재명 더불어민주당 대선 후보는 3일 전격 성사된 윤석열 국민의힘·안철수 국민의당 후보의 단일화에 대해 “역사와 국민을 믿는다” ...	13200	2421	347
VHt558AhDEM	윤석열·안철수, 후보 단일화 선언…“반드시 정권교체” / KBS  2022.03.03.	국민의힘 윤석열 후보와 국민의당 안철수 후보가 조금 전 함께 기자회견을 열고 야권 후보 단일화를 선언했습니다. 안 후보는 윤 후보 ...	829	13	63
61k3YWfG0G0	윤석열·안철수 단일화 타결...긴급 공동 기자회견	"윤석열 국민의힘 대선 후보와 안철수 국민의당 대선 후보가 대선을 3일 오전 국회 소통관에서 공동 기자회견을 열고 ""저희 안철수, ..."	161	9	4
IINYOyIBioQ	정치보복은 숨겨놨다 나중에 하는거다? 부끄러워 하실 줄 알아야지! #윤석열 #shorts #TV토론회	윤석열 #shorts #TV토론회.	4489	1315	119
9QyHE7QEiVU	윤석열과 단일화 한 안철수, &#39;이준석의 모욕적인 발언&#39; 질문에 이런 답변을... (2022년 3월 3일)	"윤석열, 안철수 후보가 3월 3일 오전 단일화를 선언하는 긴급기자회견을 열었다. 일문일답 과정에서 기자가 ""이준석 국민의힘 대표가 ..."	26648	1238	967
refLqaPLEWk	안철수 마중 나온 윤석열…'우리는 원팀, 반드시 성공한 정권 만들 것'	(서울=뉴스1) 조윤형 기자 = 20대 대선 사전 투표를 하루 앞둔 오늘(3일) 윤석열 국민의힘 대선 후보와 안철수 국민의당 대선 후보가 ...	3091	251	161
8viLUdrKWFM	[춘천 MBC] 윤석열 '발전 적임자', 심상정 '강원도 대전환'	ＡＮＣ▷ 국민의힘 윤석열 후보와 정의당 심상정 후보가 강원도를 찾아 영동과 영서를 오가며 집중 유세를 벌였습니다. 윤 후보는 ...	11	0	1
8Y6t2ndz0X4	[제1탄] 충격! 윤석열 육성파일 공개! '박근혜는 내가 엮어 감방 보냈다!'	열린공감TV 탐사보도전문언론매체 공식채널 열린공감TV는 정의를 찾아 진실의 바다를 항해하는 탐사보도 전문 언론 매체입니다.	59604	14454	870
oWscdA_iXTE	[유시민의 대선 예측] 유시민 '윤석열-안철수, 이면합의 당연히 있다'	TV토론 연장선에서 새벽 합의 있었다 본다 * 안철수, 당선 가능성 낮아 권력분점 선택 * JP가 내각 절반 가져간 DJP 연합과 비슷 ...	26728	9378	2087
TR-0bzWoyh4	Live-대장동 특검 못 받는 윤석열/윤석열·안철수 단일화/국민의힘 &#39;특전사&#39; 카톡방/이준석 “선거 지면”/&#39;주술빠진 대통령&#39; 현수막 합법	멤버쉽 링크 - https://www.youtube.com/channel/UCkI2g2FvX-haxXqqDMqc96A/join 송작가TV몰 링크 ...	3727	6242	0
ZNu49n16Idc	[천기누설] 129화 - JB 긴급진단! '윤석열-안철수 단일화로 게임 끝? 그렇게는 안 될걸?!” 그 근거는 &#39;데이터&#39; (김종배 &amp; 박지훈)	2022년 03월 03일 [천기누설] 멋털도사 김종배와 얼쑤무당 박지훈이 풀어놓는 놀라운 이슈분석! 매주 화, 목요일 오전 8시 30분에 ...	36332	8206	1807
5vX11jnU5Y4	[현장영상] 민주당 '윤석열-안철수 단일화, 자리 나눠먹기 야합…비상체제 전환' / JTBC News	"더불어민주당은 윤석열 국민의힘 대선후보와 안철수 국민의당 후보의 단일화 합의에 대해 ""자리 나눠 먹기형 야합""이라며 비상체제로 ..."	5963	209	180
6P1Xh-wBRjY	신문브리핑 1 '윤석열·안철수, 야권 후보 단일화 전격 합의' 외 주요기사 [아침&amp;매일경제]	"(매경)신문브리핑 1 ""윤석열·안철수, 야권 후보 단일화 전격 합의"" 외 주요기사(0303) #아침앤매일경제 #신문브리핑 #이상훈앵커 ..."	1541	63	29
FB8rbwx4_lA	안철수와 윤석열후보가 단일화했습니다.	계좌 : 농협 352 1181 5609 13 이영* 쿠새뉴스 후원해주기 : https://toon.at/donate/637816954415005999 이메일 ...	169	39	5
J6mgAvMWA0c	윤석열·안철수, 단일화 전격 합의…'반드시 정권교체' / 연합뉴스TV (YonhapnewsTV)	"윤석열·안철수, 단일화 전격 합의…""반드시 정권교체"" [앵커] 국민의힘 윤석열 후보와 국민의당 안철수 후보가 오늘 야권 후보 단일화에 ..."	1245	41	39
GJsegmmPzvs	[현장영상] 심상정 긴급 기자회견…윤석열·안철수 단일화 입장 발표 / YTN	"""오늘부터 여론조사 공표 금지…내일부터 사전투표 시작"" ""김동연 이어 안철수도 단일화로 선거 종식"" ""결국 거대정당 앞에 무릎꿇어…"	38416	622	0
p1OnCseDleQ	3/3(목) 윤석열·안철수 단일화 선언…안철수 정치의 파산_노영희의 뉴스인사이다[이슈삼합]	3월 3일 (목) 노영희의 뉴스인사이다 ▷ [이슈삼합] 김필성 변호사 신장식 변호사 - 마지막 TV토론 격돌…키워드별 다시보기 리뷰 ...	5379	1243	120
gfiLwicUQ60	“페미니즘이 뭐냐” 윤석열에게 쏟아진 ‘성평등 인식’ 질문	윤석열 #이재명 #심상정 #성평등 [“페미니즘이 뭐냐” 윤석열에게 쏟아진 '성평등 인식' 질문]대선을 정확히 일주일 앞둔 2일 중앙 ...	326	37	6
vFhCJlPnZco	윤석열-안철수, 단일화 전격 합의...'국민통합정부 구성' / YTN	국민의힘 윤석열 후보와 국민의당 안철수 후보가 사전투표 시작을 하루 앞두고, 국민통합정부를 구성하겠다며 후보 단일화에 전격 ...	3137	53	188
-lPoNDmkp2k	[뉴스포커스] 윤석열·안철수 단일화 선언…'반드시 정권교체' / 연합뉴스TV (YonhapnewsTV)	"[뉴스포커스] 윤석열·안철수 단일화 선언…""반드시 정권교체"" [출연 : 서용주 더불어민주당 상근부대변인·정태근 전 의원] 국민의힘 ..."	149	2	0
1V0RcX7vRbo	3/3(목) - [속보🔥] 윤석열-안철수 단일화 합의(하태경)/ 대선 예측(유시민)/ 확진자 대선 투표(김부겸) [김현정의 뉴스쇼]	3월3일(목) 김현정의 뉴스쇼 ▣ 라이브 방송 안내 뉴스쇼 라이브 방송 | 매주 월~금 오전 7시20분~9시 댓꿀쇼 라이브 방송 | 화·금 주 2 ...	236110	5669	473
_WT-VGOt1q4	윤석열·안철수, 단일화 전격 발표...'반드시 정권교체' / YTN	진행 : 김선영 앵커, 김대근 앵커 □ 출연 : 김준일 / 뉴스톱 대표 * 아래 텍스트는 실제 방송 내용과 차이가 있을 수 있으니 보다 정확한 ...	2927	65	80
1RXxWhGdj8Q	대선 막판까지 초박빙 판세...윤석열·안철수 단일화 파급력은?(김재원,김성회,이창근,한창민,김윤) [해뜰날 클럽/김어준의 뉴스공장]	3월 3일(목) 김어준의 뉴스공장 ◎ 4부 [해뜰날클럽] 대선 막판까지 초박빙 판세..단일화 파급력은? - 김성회 (더불어민주당) - 이창근 ...	40589	3754	767
JQoqX-y1JLo	간철수 손가락 연설 #간철수 #안철새 #단일화 #윤석열 #손가락 #안철수 #또철수		117	35	9
_pcnqHF2Zkc	윤석열-안철수 단일화 극적 성사...이재명주 울상 / 현대차, 러시아 쇼크 정면 돌파...매수 타이밍 / 반도체주, 미국발 훈풍+ SSD 수출 호재 │바른경제TV 라이브	정치테마株, 윤석열·안철수 웃고… 이재명 울고 (노루홀딩스우, 안랩, ,TS트릴리온) 현대차, 러시아 쇼크 정면 돌파...매수 타이밍 (기아) ...	291	21	0
0tQWxK_udK8	[풀영상] 국민의힘 윤석열 대선 후보, 충남 천안 유세 / 연합뉴스TV (YonhapnewsTV)	국민의힘 윤석열 대선 후보가 충남 천안에서 유세를 시작합니다. 유세 현장 함께 보시겠습니다. #윤석열 #국민의힘 #충남 #천안 ...	3628	400	9
zSEnA-unIio	윤석열・김학용 후보의 ‘원팀’ 케미 점수는?	윤석열 #따뜻하고_건강한_안성 #더_낮게_더_가까이 #마음은처음처럼_능력은4선답게 #3월9일_안성시_국회의원_재선거 #국민의 ...	45	8	1
t5ryhIbHhCI	윤석열-안철수 단일화 ‘극적 타결’…대선 이후 합당까지	윤석열 국민의힘 대선 후보와 안철수 국민의당 대선 후보가 3일 서울 여의도 국회 소통관에서 공동기자회견을 열고 후보 단일화를 ...	15	3	1
9uHN2OUFDf0	윤석열-안철수 새벽 단일화, 혼란한 표심... 어디로? [김어준의 뉴스공장 풀영상 3/3(목)]	[TBS 유튜브(목) 생방송] ▷7시 6분 : 김어준의 뉴스공장 ▷9시 : 짤짤이쇼 라이브 ▷10시 50분 : TBS특보 코로나19 ▷18시 6분 ...	484949	41526	875
ayU6JTLXhZc	[아산 유세 풀발언] 단일화 선언 후 첫 일정 윤석열 '날도 따듯하니, 하늘이 돕는것 같아'	"국민의힘 #윤석열 #필사즉생 #필생즉사 #아산 [아산 유세 풀발언] 단일화 선언 후 첫 일정 윤석열 ""날도 따듯하니, 하늘이 돕는것 같아"" ..."	3728	545	40
rX_uu7oEWQ4	안녕하십니까?윤석열 입니다.	불량품 두놈 제거하고 그나마 도덕적 양품 안철수 찍을라 했더니..단일화했뿌네..이런? 아부지가 안철수로 이름 지어놨는데 또철수네.	65	0	3
rM4sJgOHrcM	스스로 대장동 몸통임을 자백한 윤석열 #Shorts	윤석열 #대장동몸통.	505	63	8
ZRuiiBBgfFE	윤석열과 포옹한 안철수의 의지 '국민의힘을 실용적이고 중도적인 정당으로 만들겠다'	안철수 국민의당 대선후보는 3일 윤석열 국민의힘 대선후보와 전격 단일화를 선언하며 “개인적인 어떤 손해가 나더라도 정권교체 ...	113	5	0
BfAx6O9Rxh4	[생중계] 윤석열•안철수 단일화 관련 공동기자회견 (2022.3.3 오전)	[생중계] 윤석열•안철수 단일화 관련 공동기자회견 (2022.3.3 오전) #윤석열 #안철수 #단일화 #2022대선 #오마이TV * 오마이TV 정기 ...	159239	0	990
