ID	title	description	viewcount	likecount	commentcount
sKKW7D-mX3I	[🔴LIVE] 국민의힘 윤석열, 국민의당 안철수 단일화 공동 기자회견 - [끝까지LIVE] MBC뉴스 2022년 03월 03일	윤석열 국민의힘, 안철수 국민의당 대선 후보가 어제 심야에 회동하고 야권 단일화에 전격 합의했습니다. 윤 후보와 안 후보는 오늘 ...	148555	1801	663
uD4l_56JvHQ	[풀영상] 윤석열·안철수 전격 단일화 선언..합의문 발표 / SBS	국민의힘 윤석열, 국민의당 안철수 대선 후보가 오늘(3일) 후보 단일화를 전격 선언했습니다. 윤 후보가 지난달 27일 기자회견을 통해 ...	146575	5808	0
8jdElwtmAxU	윤석열·안철수 전격 단일화 선언..합의문 발표 / SBS	윤석열 국민의힘 대선후보와 안철수 국민의당 후보가 제 20대 대선 사전 투표를 하루 앞둔 3일 기자회견을 하고 야권 후보단일화를 ...	291482	6864	1391
AHiXMpyPSu8	[윤석열-안철수 단일화 공동기자회견] 3월 3일 (목) 뉴스특보 풀영상 / JTBC News	"윤석열-안철수 후보 정권교체 뜻 모으기로 · ""단일화 선언으로 완벽한 정권교체 실현 믿어"" · ""두 사람은 원팀…성공한 정권 만들 것"" ..."	3286	58	187
4BNa9Uf6h14	[이재명 더불어민주당 후보, 윤석열-안철수 단일화 입장표명] /3월 3일 (수) 풀영상/ 디지털Only	이재명 #윤설열안철수 #단일화 ☞JTBC유튜브 구독하기 (https://bit.ly/2hYgWZg) ☞JTBC유튜브 커뮤니티 (https://bit.ly/2LZIwke) ...	26847	806	493
yVZQ9H75iU8	[D-6] 이재명 대선후보, 윤석열-안철수 단일화 관련 입장 발표 / SBS	SBS뉴스 #8뉴스 #실시간 #이재명 #더불어민주당 #윤석열 #안철수 #단일화 #대통령 #대선 #후보 #백브리핑 #대통령선거 #대선후보 ...	62319	1362	317
6P1Xh-wBRjY	신문브리핑 1 '윤석열·안철수, 야권 후보 단일화 전격 합의' 외 주요기사 [아침&amp;매일경제]	"(매경)신문브리핑 1 ""윤석열·안철수, 야권 후보 단일화 전격 합의"" 외 주요기사(0303) #아침앤매일경제 #신문브리핑 #이상훈앵커 ..."	1541	63	29
CbYGpqphv94	'국민 통합정부 만들겠다' 윤석열-안철수, 전격 단일화 / SBS	국민의힘 윤석열, 국민의당 안철수 대선 후보가 전격적인 단일화에 합의하고 공동선언문을 발표했습니다. 두 후보는 대선 직후에 두 ...	2507	72	115
-RD1EuwyuEc	[현장영상+] 심상정 '안철수, 거대 정당 앞 무릎 꿇어...국민 실망했을 것' / YTN	[앵커] 정의당 심상정 대선 후보가 오전에 예정됐던 유세 일정을 미루고 국회에서 긴급 기자회견을 엽니다. 국민의힘 윤석열 후보와 ...	3050	54	83
3Ro0-ogLcWU	윤석열-안철수 후보 공동기자회견…'&#39;더 좋은 정권교체&#39; 위해 뜻 모으기로'	공정과 상식, 통합과 미래로 가는 단일화 공동선언문] 사랑하는 국민 여러분, 저희 안철수, 윤석열 두 사람은 오늘 더 좋은 대한민국을 ...	17171	5037	1073
-rUN_TQdTMQ	[풀영상] '매우 안타깝고 유감'/정의당 심상정 후보, ‘윤석열·안철수’ 단일화 관련 입장 발표/3월 3일(목)	정의당 심상정 대선 후보는 오늘(3일) 오전 국회에서 기자회견을 열고, 국민의힘 윤석열, 국민의당 안철수 후보의 단일화 합의에 대해 ...	16407	295	23
zFUO1LCRd24	[풀영상] 더불어민주당 이재명 후보, &#39;윤석열·안철수 단일화&#39; 관련 입장 발표/3월 3일(목)	더불어민주당 이재명 대선 후보는 오늘(3일) 오전 국민의힘 윤석열 후보와 국민의당 안철수 후보의 단일화 선언에 대한 입장을 밝혔 ...	32941	870	393
61k3YWfG0G0	윤석열·안철수 단일화 타결...긴급 공동 기자회견	"윤석열 국민의힘 대선 후보와 안철수 국민의당 대선 후보가 대선을 3일 오전 국회 소통관에서 공동 기자회견을 열고 ""저희 안철수, ..."	161	9	4
C078_QvQszM	모닝와이드｜3/3(목) - 윤석열-안철수, &#39;단일화&#39; 잠정 합의…오늘 오전 기자회견 / SBS	윤·안, 새벽 전격 회동…단일화 잠정 합의 ▷ 대장동 놓고 또 난타전…특검 도입 놓고 고성 ▷ 대도시 무차별 포격…오늘 2차 회담 ...	74068	872	11
VHt558AhDEM	윤석열·안철수, 후보 단일화 선언…“반드시 정권교체” / KBS  2022.03.03.	국민의힘 윤석열 후보와 국민의당 안철수 후보가 조금 전 함께 기자회견을 열고 야권 후보 단일화를 선언했습니다. 안 후보는 윤 후보 ...	829	13	63
Z8GxDMTFGgY	윤석열-안철수 단일화에 대한 이재명 입장 '정치는 국민이 하는 것'	이재명 더불어민주당 대선 후보는 3일 전격 성사된 윤석열 국민의힘·안철수 국민의당 후보의 단일화에 대해 “역사와 국민을 믿는다” ...	13200	2434	352
GJsegmmPzvs	[현장영상] 심상정 긴급 기자회견…윤석열·안철수 단일화 입장 발표 / YTN	"""오늘부터 여론조사 공표 금지…내일부터 사전투표 시작"" ""김동연 이어 안철수도 단일화로 선거 종식"" ""결국 거대정당 앞에 무릎꿇어…"	38470	628	0
2Idx2sBTztM	[황보선의 출발 새아침] FULL 다시보기 l 윤석열-안철수 단일화 전격 합의, 파장은? 깜깜이 시작, 마지막 여론조사까지 추이 총분석, 김동연 대표 인터뷰 l 220303	"YTN FM 94.5MHz 우리의 이슈가 뉴스를 바꿉니다. 세상을 깨우는 ""황보선의 출발 새아침"" 중심잡힌 시선으로 가장 뜨거운 이슈를 ..."	18079	704	34
1RXxWhGdj8Q	대선 막판까지 초박빙 판세...윤석열·안철수 단일화 파급력은?(김재원,김성회,이창근,한창민,김윤) [해뜰날 클럽/김어준의 뉴스공장]	3월 3일(목) 김어준의 뉴스공장 ◎ 4부 [해뜰날클럽] 대선 막판까지 초박빙 판세..단일화 파급력은? - 김성회 (더불어민주당) - 이창근 ...	40589	3756	767
oWscdA_iXTE	[유시민의 대선 예측] 유시민 '윤석열-안철수, 이면합의 당연히 있다'	TV토론 연장선에서 새벽 합의 있었다 본다 * 안철수, 당선 가능성 낮아 권력분점 선택 * JP가 내각 절반 가져간 DJP 연합과 비슷 ...	26728	9395	2083
9QyHE7QEiVU	윤석열과 단일화 한 안철수, &#39;이준석의 모욕적인 발언&#39; 질문에 이런 답변을... (2022년 3월 3일)	"윤석열, 안철수 후보가 3월 3일 오전 단일화를 선언하는 긴급기자회견을 열었다. 일문일답 과정에서 기자가 ""이준석 국민의힘 대표가 ..."	26648	1245	968
refLqaPLEWk	안철수 마중 나온 윤석열…'우리는 원팀, 반드시 성공한 정권 만들 것'	(서울=뉴스1) 조윤형 기자 = 20대 대선 사전 투표를 하루 앞둔 오늘(3일) 윤석열 국민의힘 대선 후보와 안철수 국민의당 대선 후보가 ...	3091	251	161
9uHN2OUFDf0	윤석열-안철수 새벽 단일화, 혼란한 표심... 어디로? [김어준의 뉴스공장 풀영상 3/3(목)]	[TBS 유튜브(목) 생방송] ▷7시 6분 : 김어준의 뉴스공장 ▷9시 : 짤짤이쇼 라이브 ▷10시 50분 : TBS특보 코로나19 ▷18시 6분 ...	484949	41528	879
DeTixiU2Xzg	2022년 3월 3일 (목) JTBC 아침&amp; 다시보기 - 윤석열-안철수 단일화 잠정 합의	01:42 윤석열-안철수 단일화 잠정 합의 국민의힘 윤석열, 국민의당 안철수 대선 후보가 20대 대선 사전투표일을 하루 앞두고, 후보 ...	1509	22	37
yQ__cuhTXnU	[생중계] 윤석열-안철수 단일화 영향은? - 안민석 더불어민주당 의원 (2022.03.03 오전)	[생중계] 윤석열-안철수 단일화 영향은? - 안민석 더불어민주당 의원 (2022.03.03 오전) #윤석열 #안철수 #단일화 #안민석 #2022대선 ...	47035	0	0
Q2TD7sSVDa0	찰스 지지자들 격앙ㄷㄷ 유시민 '정치인 안철수 끝났다' 초토화	영상설명 : 윤안 단일화 관련 유시민 박시영 대표 분석과 안철수 후보 지지자들 반응 등 전해드리갰습니다 감사합니다. (인용=김현정 ...	5202	1608	83
uWirIuvFoSU	윤석열 안철수 단일화와 각 지지자들의 반응	윤석열 #안철수 #단일화 사랑합니다 고객님 투네이션 후원 https://toon.at/donate/637741497144597183 제보 ...	338	65	18
ZNu49n16Idc	[천기누설] 129화 - JB 긴급진단! '윤석열-안철수 단일화로 게임 끝? 그렇게는 안 될걸?!” 그 근거는 &#39;데이터&#39; (김종배 &amp; 박지훈)	2022년 03월 03일 [천기누설] 멋털도사 김종배와 얼쑤무당 박지훈이 풀어놓는 놀라운 이슈분석! 매주 화, 목요일 오전 8시 30분에 ...	36332	8209	1807
13lEbabn_GI	안철수 표정 좋지 않았다! 단일화 부정여론 56.6%!	안녕하세요 ..뉴스썰입니다.. 검찰개혁,사법개혁,언론개혁을 적극 응원합니다.. 승리하는 그날까지...늘 함께 하겠습니다. 자율적후원 ...	25681	10668	1039
_pcnqHF2Zkc	윤석열-안철수 단일화 극적 성사...이재명주 울상 / 현대차, 러시아 쇼크 정면 돌파...매수 타이밍 / 반도체주, 미국발 훈풍+ SSD 수출 호재 │바른경제TV 라이브	정치테마株, 윤석열·안철수 웃고… 이재명 울고 (노루홀딩스우, 안랩, ,TS트릴리온) 현대차, 러시아 쇼크 정면 돌파...매수 타이밍 (기아) ...	291	21	0
L7gQJuNbge4	[풀영상] 윤석열·안철수 &#39;단일화 선언&#39; 기자회견	[천지일보·천지TV=김인우 기자] 국민의힘 윤석열, 국민의당 안철수 대선 후보가 오늘(3일) 국회 소통관에서 후보 단일화 선언을 발표 ...	323	110	17
ahU6flLbOJk	[최병묵의 팩트] DJP인수위 출입기자가 본 윤석열 안철수 합의	25년전 DJP 대통령직 인수위원회 취재시절을 떠올리며 어떻게 윤석열 안철수 합의가 DJP때와 닮았는가를 생각했습니다. 출입기자 ...	29597	11380	376
5vX11jnU5Y4	[현장영상] 민주당 '윤석열-안철수 단일화, 자리 나눠먹기 야합…비상체제 전환' / JTBC News	"더불어민주당은 윤석열 국민의힘 대선후보와 안철수 국민의당 후보의 단일화 합의에 대해 ""자리 나눠 먹기형 야합""이라며 비상체제로 ..."	5994	210	180
t5ryhIbHhCI	윤석열-안철수 단일화 ‘극적 타결’…대선 이후 합당까지	윤석열 국민의힘 대선 후보와 안철수 국민의당 대선 후보가 3일 서울 여의도 국회 소통관에서 공동기자회견을 열고 후보 단일화를 ...	15	3	1
p1OnCseDleQ	3/3(목) 윤석열·안철수 단일화 선언…안철수 정치의 파산_노영희의 뉴스인사이다[이슈삼합]	3월 3일 (목) 노영희의 뉴스인사이다 ▷ [이슈삼합] 김필성 변호사 신장식 변호사 - 마지막 TV토론 격돌…키워드별 다시보기 리뷰 ...	5379	1246	120
d2T1xUXkNeg	윤석열-안철수 후보 3일 새벽 단일화 잠정 합의 오전 합의문 발표 [이슈픽]	윤석열 국민의힘 대선 후보와 안철수 국민의당 대선 후보가 단일화에 잠정 합의한 것으로 확인됐습니다. 두 후보는 마지막 TV토론회를 ...	512	20	14
rseuPdZ1t0k	윤석열·안철수, 단일화 합의 공동 선언과 파장 / YTN	진행 : 함형건 앵커, 이승민 앵커 □ 출연 : 추은호 / 해설위원 * 아래 텍스트는 실제 방송 내용과 차이가 있을 수 있으니 보다 정확한 내용 ...	7960	124	281
QzuJ5XO0D7k	[김종배의 시선집중][FULL] &amp; [천기누설]│윤석열·안철수 단일화 선언│[심상정 출연] '일하는 시민의 대통령'│[박지훈·윤건영·조경태·정은정], MBC 220304 방송	2022년 3월 3일 목요일 #시선집중 #천기누설 #MBC라디오 1부 [JB TIMES] #야권단일화 #TV토론 #출생통보제 · 尹·安, 심야 전격 ...	158754	8116	478
J6mgAvMWA0c	윤석열·안철수, 단일화 전격 합의…'반드시 정권교체' / 연합뉴스TV (YonhapnewsTV)	"윤석열·안철수, 단일화 전격 합의…""반드시 정권교체"" [앵커] 국민의힘 윤석열 후보와 국민의당 안철수 후보가 오늘 야권 후보 단일화에 ..."	1245	41	39
XsCXwcsSl8A	안철수,윤석열 통합단일화,안철수 단일화 명분과 대의를 얻다 이기러가자	안철수 윤석열 통합 #윤석열 #안철수 #공동정부 #합당 ♥ 후원안내 ♥ ※국내 후원 국민은행, 365202-01-189195 김*원 ※해외 후원 ...	405	54	21
vFhCJlPnZco	윤석열-안철수, 단일화 전격 합의...'국민통합정부 구성' / YTN	국민의힘 윤석열 후보와 국민의당 안철수 후보가 사전투표 시작을 하루 앞두고, 국민통합정부를 구성하겠다며 후보 단일화에 전격 ...	3137	53	188
_WT-VGOt1q4	윤석열·안철수, 단일화 전격 발표...'반드시 정권교체' / YTN	진행 : 김선영 앵커, 김대근 앵커 □ 출연 : 김준일 / 뉴스톱 대표 * 아래 텍스트는 실제 방송 내용과 차이가 있을 수 있으니 보다 정확한 ...	2927	65	80
bkfS69uI_ZA	이준석, 단일화 공식 발표 전 SNS에 '안철수 대표, 국민의당 환영'	"윤석열 안철수 후보 단일화 공식 기자회견 앞서 이준석 ""안철수 대표 환영"" SNS서 먼저 공식화 단일화 미온적이었던 만큼, 선제 대응 ..."	22456	12613	770
t7tNeNd7Ui4	[송국건의 혼술] “심야의 단일화!” 정권교체→윤석열‧안철수 공동정부 카운트다운	윤석열-안철수 심야 회동 후 단일화 공동선언문까지 막전막후 안철수가 중도 포기한 진짜 이유 세 가지는? 윤석열이 이재명 압도한 ...	15354	5791	250
-lPoNDmkp2k	[뉴스포커스] 윤석열·안철수 단일화 선언…'반드시 정권교체' / 연합뉴스TV (YonhapnewsTV)	"[뉴스포커스] 윤석열·안철수 단일화 선언…""반드시 정권교체"" [출연 : 서용주 더불어민주당 상근부대변인·정태근 전 의원] 국민의힘 ..."	149	2	0
k7CM_83fbK8	[현장영상] 이재명, 윤석열·안철수 단일화에 대한 입장 발표 / YTN	서울 지역 집중 유세를 펼치고 있는 민주당 이재명 후보가 윤석열·안철수 후보 단일화에 대한 입장을 밝힙니다. 불과 엿새 앞으로 ...	12613	404	309
840dk1tidq0	윤석열 안철수 단일화 국민 통합정부 이루나. 실리 챙긴 안철수의 야망은?	야권단일화#윤석열#안철수#공동정부 상담후원계좌 농협 913 02 373338 윤동경 사주작명상담 010 8483 2330 가람법사 좋은 이름 ...	148	36	2
-eg3Hgab-U4	안철수 윤설열 단일화! #shorts		808	158	0
76nPD2WCtMw	윤석열-안철수 단일화 발표..'부족한 부분 서로 메꾸어 주겠다'	국민의힘 윤석열-국민의당 안철수 대선 후보 3일 오전 단일화 공동 선언문 발표 #이포커스 #뉴스 #대선 [이포커스 후원하기] 자율 후원 ...	110	10	4
vH9PBG14ppQ	윤석열 안철수 기자회견 현장영상	국민의힘 윤석열 후보와 국민의당 안철수 후보가 단일화를 선언했다.	16	2	1
