ID	title	description	viewcount	likecount	commentcount
jpswJNDOJo4	더불어민주당 이재명 대선 후보, 단일화 관련 입장 표명 - [끝까지 LIVE] MBC 중계방송 2022년 03월 03일	더불어민주당 이재명 대선 후보는 잠시 뒤, 윤석열-안철수 단일화와 관련해 입장을 밝힐 예정입니다. 국민의힘 윤석열, 국민의당 ...	228654	11521	2398
4BNa9Uf6h14	[이재명 더불어민주당 후보, 윤석열-안철수 단일화 입장표명] /3월 3일 (수) 풀영상/ 디지털Only	이재명 #윤설열안철수 #단일화 ☞JTBC유튜브 구독하기 (https://bit.ly/2hYgWZg) ☞JTBC유튜브 커뮤니티 (https://bit.ly/2LZIwke) ...	26847	805	481
yVZQ9H75iU8	[D-6] 이재명 대선후보, 윤석열-안철수 단일화 관련 입장 발표 / SBS	SBS뉴스 #8뉴스 #실시간 #이재명 #더불어민주당 #윤석열 #안철수 #단일화 #대통령 #대선 #후보 #백브리핑 #대통령선거 #대선후보 ...	62319	1362	317
I2zZdi6VvPc	`이재명, 윤석열` 민심 총력전.. 여야 사전투표 사활 (2022.03.02/뉴스데스크/광주MBC)	이재명, 윤석열` 민심 총력전.. 여야 사전투표 사활 (2022.03.02/뉴스데스크/광주MBC) #이재명#윤석열#민주당#국민의힘#MBC뉴스# ...	3094	143	76
zFUO1LCRd24	[풀영상] 더불어민주당 이재명 후보, &#39;윤석열·안철수 단일화&#39; 관련 입장 발표/3월 3일(목)	더불어민주당 이재명 대선 후보는 오늘(3일) 오전 국민의힘 윤석열 후보와 국민의당 안철수 후보의 단일화 선언에 대한 입장을 밝혔 ...	32941	870	393
taB143Ihvsk	[현장영상+] 이재명 '역사와 국민 믿어...평화, 통합의 길 꿋꿋하게 걸어갈 것' / YTN	[앵커] 서울 지역 집중 유세를 펼치고 있는 민주당 이재명 후보가 윤석열·안철수 후보 단일화에 대한 입장을 밝힙니다. 불과 엿새 앞으로 ...	19407	1000	642
-x9ozsB4GTo	격해진 감정싸움에 얼굴 붉힌 이재명-윤석열 [이슈픽]	마지막 TV토론회였던만큼 여야 대선 후보들은 거센 공방을 벌였습니다. 특히 이재명 더불어민주당 대선 후보와 윤석열 국민의힘 대선 ...	1511	35	30
I4-nKFNq_-Y	[현장영상] 이재명 윤-안 단일화에 '정치는 국민이 하는 것, 역사·국민 믿어…꿋꿋하게 가겠다' / JTBC News	"이재명 더불어민주당 대선후보는 윤석열 국민의힘 후보와 안철수 국민의당 후보의 단일화 합의에 대해 ""역사와 국민을 믿는다""고 ..."	660	41	19
LkjF9MmD0N0	이재명 &#39;승부처&#39; 서울 집중 공략...김동연 공동 유세 / YTN	[앵커] 이재명, 윤석열 양강 후보는 막판 스퍼트 유세를 이어가고 있죠. 민주당 이재명 후보는 최대 승부처 서울에서 집중 유세를 펼치고 ...	2443	73	36
Z8GxDMTFGgY	윤석열-안철수 단일화에 대한 이재명 입장 '정치는 국민이 하는 것'	이재명 더불어민주당 대선 후보는 3일 전격 성사된 윤석열 국민의힘·안철수 국민의당 후보의 단일화에 대해 “역사와 국민을 믿는다” ...	13200	2423	352
k7CM_83fbK8	[현장영상] 이재명, 윤석열·안철수 단일화에 대한 입장 발표 / YTN	서울 지역 집중 유세를 펼치고 있는 민주당 이재명 후보가 윤석열·안철수 후보 단일화에 대한 입장을 밝힙니다. 불과 엿새 앞으로 ...	12613	404	309
qtNesBBpFCs	대선d-6 이재명 윤석열 허경영 3자구도// 문재인의 꽃놀이패//누리PD 자율구독료 &amp; 후원계좌// 신한은행 김준ㅇ----110 321 750470 --		1541	516	74
qSeu5MrwFkA	[긴급 생방송] 더불어민주당 이재명 대선 후보, 단일화 관련 입장 표명	이재명 #안철수 #단일화 #윤석열 영상출처 : MBC ✓일시후원: 국민은행 794001-04-154041 서울의소리(강경자) ✓전화후원: ...	13276	2496	303
_pcnqHF2Zkc	윤석열-안철수 단일화 극적 성사...이재명주 울상 / 현대차, 러시아 쇼크 정면 돌파...매수 타이밍 / 반도체주, 미국발 훈풍+ SSD 수출 호재 │바른경제TV 라이브	정치테마株, 윤석열·안철수 웃고… 이재명 울고 (노루홀딩스우, 안랩, ,TS트릴리온) 현대차, 러시아 쇼크 정면 돌파...매수 타이밍 (기아) ...	291	21	0
15E-A1Dzkhs	우린파티다!!! 이재명이 답이다!! #이재명 #단일화 #대한민국		3267	681	53
-COAw_1oi_E	[현장연결] 이재명, 尹-安 단일화에 '정치는 국민이 하는 것…역사·국민 믿어' / 연합뉴스TV (YonhapnewsTV)	"[현장연결] 이재명, 尹-安 단일화에 ""정치는 국민이 하는 것…역사·국민 믿어"" [이재명 / 더불어민주당 대선 후보] 정치는 정치인들이 ..."	4766	257	170
F12mVg5BXTc	(2부) &#39;이재명 자택&#39; 있는 분당 양지마을, 4400가구 통합재건축 추진	멤버쉽 가입 : https://www.youtube.com/channel/UCK6bIuN3aDIV4F53QQ4__Ng/join 방송 오류 및 기사 제보는 아래 주소로 메일 ...	5889	760	8
6P1Xh-wBRjY	신문브리핑 1 '윤석열·안철수, 야권 후보 단일화 전격 합의' 외 주요기사 [아침&amp;매일경제]	"(매경)신문브리핑 1 ""윤석열·안철수, 야권 후보 단일화 전격 합의"" 외 주요기사(0303) #아침앤매일경제 #신문브리핑 #이상훈앵커 ..."	1541	63	29
AXe_hG0BMV0	🔴LIVE - 더불어민주당 이재명 후보, 서울 종로 유세/3월 3일(목)	더불어민주당 이재명 대선 후보는 오늘(3일) 서울 종로구 보신각 터에서 성평등 사회를 주제로 유세에 나섭니다. 이어 오후에는 ...	5481	231	0
_-EdszXgBA8	[LIVE] D-6 이재명, 서울 종로 유세 - &#39;우리 모두를 위해, 성평등 사회로&#39; / SBS	SBS뉴스 #8뉴스 #실시간 #이재명 #더불어민주당 #대선 #후보 #성평등 #성평등사회 #대통령 #선거 로 만나 보세요 라이브 뉴스 채널 ...	8914	154	0
SP5T26m9b0Q	대한민국 제 20대 대선 기호 1번 이재명 응원가ㆍ아모르파티 곡 (KOREA)		4	1	0
-Ipgk1KGpz8	이재명, 단일화 입장표명	이재명 #이재명입장표명 #이재명대통령 #윤안단일화 #단일화입장표명 정치는 정치인들이 하는 것 같지만 사실은 국민이 하는 것 ...	13	6	2
lg_zc_KNaSA	2022년 삼일절! 이재명 대한민국 대전환을 외칩니다!		3	1	0
8KZfLiUXJVk	[#402] 尹-安 극적 단일화 성공! 이재명 대장동 특검 쇼? 180석 방탄특검 하더니 뭔 소리래?	예레미TV는 '예레미TV'는 보수주의 가치를 바탕으로 국제 이슈와 세계적 현상을 전해 드리고 그 이면을 분석하는 시사 채널입니다.	56	26	3
jReHxJ44Qmk	민주당과 이재명 향해 직격탄 날린 권영세 '여성 인권을 입에 담을 자격 없어'	권영세 #이재명 #김용민 #막말 #전매특허 권영세 국민의힘 선거대책본부장이 22년 3월 3일 서울 여의도 국회에서 열린 국민의힘 ...	2852	687	54
P_4IBQD4NEE	긴급! 안철수 사퇴에 이재명 방금 충격 발언! 기자들 난리났다! 윤석열 환호! (진성호의 융단폭격)		5252	1135	11
RUpvf9ISyRQ	검증 된 #이재명		80	42	4
2eDvps2Hw70	권영세 '특검 하자는 이재명, 선거 목전에 두고 벌이는 특검 쇼에 불과해'	권영세 #이재명 #특검 #쇼 #토론 권영세 국민의힘 선거대책본부장이 22년 3월 3일 서울 여의도 국회에서 열린 국민의힘 확대선거 ...	3726	678	47
fDIV5TDcjkQ	김기현 '이재명에 힘 실어주는 청와대? 선거 때만 되면 어김없이 못된 DNA 드러내'	김기현 #이재명 #청와대 #관권선거 #DNA 김기현 국민의힘 원내대표가 22년 3월 3일 서울 여의도 국회에서 열린 국민의힘 확대선거 ...	980	189	17
X5qJhqUPxUw	이재명, 윤석열 안철수 단일화의 짧은 입장		257	36	10
LNPsfYL9pdo	원희룡 '조카 변호했던 이재명, 엉뚱한 논리로 밭갈이를 지금 하고 있어'	원희룡 #이재명 #밭갈이 #변호 #엉뚱 원희룡 국민의힘 정책본부장이 22년 3월 3일 서울 여의도 국회에서 열린 국민의힘 확대선거 ...	1659	303	19
tTmEH4ffz0Q	이재명후보 '대장동 특검 동의 하십니까?' | 윤석열후보의 대답은? | #특검 #동의 #대답은?	특검 #대선토론 #이재명 #윤석열 #책임 #대답 ☆범 진보민주 개혁을 위한 방송입니다. 많은 구독과 지지 부탁드립니다. ☆안진걸TV ...	57	31	1
u24GuRqIkEc	이재명 메가시티로 균형발전 이루겠다#shorts	이재명 메가시티로 균형발전 이루겠다#shorts.	99	26	1
eSveSvkF1yE	[AI이재명] 이재명의 노후신도시특별법 공약 “분당편”	AI이재명 #노후신도시특별법 #분당 #이재명은_합니다.	1	0	0
Povj3GtV-wI	[AI이재명] 이재명의 노후신도시특별법 공약 “일산편”	AI이재명 #노후신도시특별법 #일산 #이재명은_합니다.	1	0	0
SQcUuKCjQOE	[을발영상 스케치] '우리가족은결정했어요! 이재명으로...' (울산지역 유세편)	이재명 #을지로위원회 #울산 #을의든든한깐부 #우리가족은_결정했어요 #유능한_경제대통령 #이재명이어야만.	16	11	0
aywV-melndI	이재명을만난사람들 -청년예술인 디템포-	위기에_강한 #유능한 #경제대통령 #이재명.	35	30	3
oMGTPI2tf0s	이재명의 행정력 인정한 경북도민 1만인 지지선언	위기에_강한 #유능한 #경제대통령 #이재명.	38	23	2
2uBBiG9HxiM	[박근혜 박근령] 박근혜-박근령, 달라도 많이 다른....  박근령, 이재명 지지 선언 이유? _220303	[대선풍향계] 박근혜-박근령, 달라도 많이 다른.... 박근령, 이재명 지지 선언 이유? 정도언론 인간존중 인류평화 를 위해 나아가는 ...	476	83	19
MR1w_8bkcuk	이재명, 尹安 단일화에 “역사와 국민 믿어…꿋꿋하게 걸어가겠다”	이재명 #윤석열 #안철수 #단일화 [이재명, 尹安 단일화에 “역사와 국민 믿어…꿋꿋하게 걸어가겠다”] 더불어민주당 이재명 대선 후보 ...	507	96	21
W13RY0Yx2qY	긴급) 윤석열 방금 아산 온양온천역 도착! 단일화 소식에 지금 만세 부르고 난리났다! 이재명 보고 있냐? 이게 바로 &#39;정권교체 민심&#39; 이다!!	정의구현 멤버십 가입 : https://www.youtube.com/channel/UCUNwNXVrWAHQpc8gPp1c6kw/join 자발적 구독료 : KB국민은행 ...	14895	8747	77
wPqMCSxuNSw	정남진 백년화 커뮤니티, 이재명 대통령 후보 지지 선언	정남진 백년화 커뮤니티(대표 곽태수 장흥군수 출마예정자)는 회원과 장흥군민 3111인은 지난 2일 오후 4시 더불어 민주당 장흥 지역 ...	2	0	0
-8ux8AWEepI	마지막 토론) 이재명 그로기, 윤석열 KO승 그리고  반대한민국 세력 소탕영상, 대통령 선거가 반장 선거입니꽈?	경제, 역사, 철학분야 정통사상가들의 이념과 사상을 통해 지혜을 전파하고, 현실정치의 시대정신을 담겠습니다. 제보를 기다리고 ...	663	246	27
0KANxa9_pnk	#김건희 성상납&#39; 발언 #김용민 '죽을죄 지어…대선까지 묵언  #이재명 #윤석열 #안철수	"김건희 성상납' 발언 김용민 ""죽을죄 지어…대선까지 묵언."	67	2	0
mYbu0ucqRvA	이낙연 코로나 위기 극복 위해 이재명 지지해달라 220302	더불어민주당 이낙연 총괄선대위원장이 오늘(2) 울산을 찾아 이재명 후보 지지를 호소했습니다. 이 위원장은 설훈, 오영환 국회의원과 ...	4	0	1
NTvwdK2az3w	법정 대선토론 3차... 하이라이트	이재명 #윤석열 #대선토론.	25660	8207	1604
OZH4KMlpzZE	#윤석열 #안철수 단일화 협상 막전막후...장제원·이태규 &#39;산파역&#39;  #이재명	윤석열 #안철수 단일화 협상 막전막후...장제원·이태규 '산파역' #이재명.	8	1	0
ah8sS8ZBB-Y	논에 새긴  &#39;노무현 정신 이재명 승리&#39; 남도의 농부가 논을 갈았습니다. 얼마나 애가 탔을까요? #shorts	논 #장성 전남 장성군 남면 시목마을 구재상 씨가 자신의 논에 '노무현 정신 이재명 승리' 새기고 민주정부 수립을 기원했다.	268	84	4
iKL1JpO0vNY	[LIVE] 이재명 후보, 여성 유세		7606	8879	0
ENjWj7hseqY	[3.2 BBTV] 윤석열 42.3% 이 36.6% 격차 여전*‘안철수 찍으면 이재명 돼’ 정권교체론 결집 * 마지막 토론보자	벌레소년의 Music & Me 문의, 그냥 메일 등은~ bugsboytv@gmail.com 카톡 ID : bugsboy00 후원링크 1. 투네이션 후원 링크 ...	2265	266	2
