ID	title	description	viewcount	likecount	commentcount
a88FFhvv_bU	[윤석열 국민의힘 후보, 부산 사하구 유세] 3월 4일 (금) 풀영상 / 디지털Only	윤석열 국민의힘 후보는 오늘(4일) 부산 남구청에서 사전투표에 참여한 뒤 유엔기념공원 참배를 시작으로 사하구, 사상구, 북구 구포 ...	7161	192	37
rkHr_UKVXnk	[현장영상+] 윤석열 '정권교체·새 희망 위해 사전투표 반드시 해야' / YTN	[앵커] 국민의힘 윤석열 후보는 사전투표 첫날인 오늘 전통적으로 보수 지지세가 강한 부산에서 사전투표에 참여합니다. 윤 후보는 ...	5008	101	251
JbPLTGGMXKc	유세 총력전…이재명 서울, 윤석열은 부산서 사전투표 / JTBC 아침&amp;	야권 단일화로 대선판이 크게 출렁이는 가운데, 후보들은 총력전에 나섰습니다. 어제(3일) 이재명 더불어민주당 후보는 최대 승부처로 ...	2157	47	56
tRxuqzpJJxg	국민의힘 윤석열, '낙동강에서 불어오는 변화의 바람' 부산 사하구 유세 - [끝까지 LIVE] MBC 중계방송 2022년 03월 04일	윤석열 국민의힘 대선후보는 오늘(4일) 부산과 대구·경북(TK) 지역에서 종일 거점유세를 벌입니다. 윤 후보는 오전 9시 부산 남구청 ...	10263	166	93
-1Uayvh_PIw	[풀영상] 국민의힘 윤석열 후보, 부산 유세/3월 4일(금)	국민의힘 윤석열 대선 후보는 오늘(4일) 부산을 방문해 유세를 이어갔습니다. 부산 남구청에서 사전 투표를 한 윤 후보는 부산 사하구 ...	9723	336	96
PIsAKhBfKCg	국민의힘 윤석열, 유엔기념공원 참배 - [끝까지 LIVE] MBC 중계방송 2022년 03월 04일	윤석열 국민의힘 대선후보는 오늘(4일) 오전 9시 부산 남구청에서 사전투표에 참여한 뒤 유엔기념공원 참배를 시작으로 사하구, ...	2978	55	108
nye1Xrln1eg	사전투표 첫날, 이재명 &#39;서울-강원&#39; · 윤석열 &#39;부산-TK&#39; / SBS	사전 투표 첫날인 오늘(4일) 민주당 이재명 대선 후보는 서울과 강원에서 지지 유세에 나섭니다. 국민의힘 윤석열 대선 후보는 부산과 ...	1562	25	23
Db14ljQCnEc	윤석열-안철수 단일화 승부수.. 민주 지지층 &#39;여권 결집 효과&#39; 일으키나 (뉴스데스크 2022.3.3 광주MBC)	윤석열-안철수 단일화 승부수.. 민주 지지층 '여권 결집 효과' 일으키나 (뉴스데스크 2022.3.3 광주MBC) #안철수 #윤석열 #단일화 ...	5950	373	147
ZVSKZDAiV5c	윤석열-안철수, 단일화 선언.. 호남 민심의 방향은? (뉴스데스크 2022.3.3 광주MBC)	윤석열-안철수, 단일화 선언.. 호남 민심의 방향은? (뉴스데스크 2022.3.3 광주MBC) #윤석열 #안철수 #단일화 #호남 #MBC뉴스 ...	3217	153	111
mK2U0DllOI0	윤석열,안철수 단일화, 오늘 사전투표 시작! 외 | 패트롤전북 220304 | 재미 LIVE	패트롤전북 #단일화 #사전투표 #지역뉴스 ✓내용 - 윤석열,안철수 단일화 - 오늘 사전투표 시작! - 전북과 새만금 외 ✓출연 참여자치 ...	362	15	1
EocLpdYxpYM	🔴[LIVE] 윤석열 국민의힘 후보, 부산 사상구 유세 / 디지털Only	윤석열 국민의힘 후보는 오늘(4일) 부산 남구청에서 사전투표에 참여한 뒤 유엔기념공원 참배를 시작으로 사하구, 사상구, 북구 구포 ...	4119	90	0
LV9FfMoWaDQ	윤석열·안철수 단일화 극적 성사 안철수 후보 사퇴 [이슈픽]	윤석열, 안철수 두 후보가 야권 단일화를 선언하는 공동 기자회견을 가졌습니다. 안철수 후보는 단일화 발표 뒤 후보직을 사퇴했는데요 ...	807	21	27
QZ2nMOqC3dg	[Live] 3월 4일 '낙동강에서 불어오는 변화의 바람' 부산 사하구 유세		7228	7952	125
i_Zqx65ObC4	[TV조선-조선일보 마지막 여론조사] 이재명 33.8%, 윤석열 40.1%	TV조선과 조선일보는 어제까지 이번 대선 공표 가능한 마지막 여론조사를 실시했습니다. 물론 어젯밤 사이에 상황이 바뀌면서 야권 ...	10189	1149	144
6nTl7KBgohw	[TV CHOSUN LIVE] 3월 3일 (목) 뉴스 9 - 윤석열·안철수, 전격 단일화	"[TV CHOSUN LIVE] 3월 3일 (목) '뉴스 9' 주요뉴스 ○ 윤석열·안철수, 전격 단일화…이재명 ""역사와 국민 믿는다"" ○ '새벽 150분' 심야 ..."	4064	150	17
oMB1eBLxlRo	윤석열-안철수 단일화로 도배된 토론회 후속 보도(feat. 법정토론, 특검, 대장동, 주가조작, 페미니즘, 윤석열, 이재명, 안철수, 심상정) [정준희의 해시태그 98회]	진 행 : 정준희 (언론 비평가) 거의없다 (영화 비평 크리에이터) ▷게스트 : 김만권 (경희대학교 학술연구교수) 이봉우 (미디어인권 ...	48454	6803	323
yww2tsa1deU	윤석열 안철수 단일화 결말이 보인다 - 세종시 용한 무당 점집 추천 후기 천향 보살	윤석열 #안철수 #단일화_결말이_보인다 #점집추천 #점집후기 #용한무당 #용한점집 #세종시점집 #세종시점집추천 #삼재풀이 ...	1258	96	3
nUOmudSTjOE	[브이라이브]국민의힘 윤석열 대선 후보, 부산 사상구 유세｜2022. 03. 04.	윤석열 #유세 #부산 #사상구 4일 국민의힘 윤석열 대선 후보 부산 사상구 유세 현장입니다.	751	33	0
2-A9EAAldaY	[언중유골] 윤석열이 우겨도 검증 않는 언론들, 대장동 녹취록엔 어떻게든 이재명과 연결?! with 이지선 기자	2022년 03월 04일 [언중유골] 지금 읽고 있는 기사, 그 안에 다른 뜻이 있다면? 언론의 숨은 의도, 깔끔하게 발라내 드립니다! 시선집중 ...	26389	2616	236
pKD6Xl5v_X4	[현장연결] 윤석열 '정권 교체하고 새 희망 찾기 위해 반드시 투표' / 연합뉴스TV (YonhapnewsTV)	"[현장연결] 윤석열 ""정권 교체하고 새 희망 찾기 위해 반드시 투표"" 사전투표 첫날인 오늘(4일), 국민의힘 윤석열 대선 후보는 부산에서 ..."	1633	83	69
eRtWkss_GFY	[D-5] 윤석열 대선후보, 부산 사하구 유세 / SBS	SBS뉴스 #8뉴스 #실시간 #윤석열 #국민의힘 #부산 #사하구 #대선 #대통령 #선거 #유세 로 만나 보세요 라이브 뉴스 채널 SBS ...	57897	3560	225
eCr5cbOjrNo	유시민의 촉... 윤석열이 &#39;지고있다!&#39;	이재명 #유시민 #100분토론 #윤석열열세.	27381	8353	599
Kjqy1jdY05Q	누가 제20대 대통령이 될까? 이재명 : 윤석열, 최소 200만 표, 최대 500만 표 전후에서 승패가 갈린다.	누가 제20대 대통령이 될까? 이재명: 윤석열, 최소 200만 표, 최대 500만 표 전후에서 승패가 갈린다. #대선지지율 #대통령선거지지율 ...	160	34	2
x6QiNsh2Xv0	줄선 이재명 vs 바로 입장? 윤석열 사전투표 현장.. 부인들은?	채널에 가입하여 혜택을 누려보세요. https://www.youtube.com/channel/UCXizVvs2c7LtFZAu25sK5Fg/join [이재명 후원회 홈페이지] ...	64236	16745	2653
i6hzXKBTOdc	[문경현국티비] 윤석열, 문경 9090 프로젝트 │ep.7 투표가 답이다	윤석열#대선#문경시장 윤석열, 문경 9090 프로젝트 ep.7 투표가 답이다 안녕하세요. 오늘은 3월 3일 점촌 중앙시장, 신흥시장에서 ...	202	43	7
3mP6dXi5lQY	[에디터픽] &#39;尹- 安 단일화&#39;…안철수 지지층 이동에 여야 &#39;주목&#39; / YTN	"윤석열·안철수 '막판 단일화'…민주당서 비판 쏟아내 與 최재성 ""안철수 단일화, 돈 보고 결혼"" 비판 與 최재성 ""안철수, 1년 후 손가락 ..."	29428	381	0
gxUx6iPzHag	2번의 기회! 완전한 승리를 위한 사전투표 #shorts #윤석열 #비하인드	shorts #윤석열 #비하인드.	112	56	3
PyiZd1xicuc	2번의 기회! 모든 준비는 끝났다! 안심사전투표 #shorts #윤석열 #비하인드	shorts #윤석열 #비하인드.	150	67	3
whNAF0yMDLs	[대통령당선예측7] 3월4일 9시30분, 구글트렌드 이재명 윤석열 비교해서 보기, 지난 1시간전, 1일전, 7일전, 30일전, 90일전, 360일전 트렌드(동향)보기.	[대통령당선예측7] 3월4일 9시30분, 구글트렌드 이재명 윤석열 비교해서 보기, 지난 1시간전, 1일전, 7일전, 30일전, 90일전, 360일전 ...	5049	780	157
clXcPFXbKC0	국민의힘 전북도당, '윤석열-안철수 단일화 환영'	"국민의힘 전북도당이 성명을 내고 국민의힘 윤석열 후보와 국민의당 안철수 후보의 단일화를 환영한다고 밝혔습니다. 도당은 ""이번 ..."	2	0	0
rcz8mlnI42U	#누구찍을래 #사전투표 #윤석열 #이재명 #국민소통단	누구 찍으실려구요? 온갖 이슈에 가려서 혼동스럽지 않나요. 하지만, 문재인정권 5년을 되돌아보시면 선택은 명확합니다. 가계부채 ...	90	4	0
YchFn0blBws	[송국건의 혼술] ‘표’의 大이동 안철수→윤석열로 50%+알파, 이재명으로 25%	2017년 대선과 사전투표율 비교해 보니 안철수 지지자 절반은 윤석열, 4분의1은 이재명에게 간다 윤석열-안철수 단일화 언론마다 ...	13117	4621	194
aoj6FOfFJoU	2021년 03월 04일(금) - 윤석열 '천안,아산 미래신산업 요람으로'	"sk브로드밴드 #중부뉴스 #세종뉴스 - 윤석열 ""천안,아산 미래신산업 요람으로"" - '중도,보수 충남교육감 후보' 단일화...다음날 18일 ..."	0	0	0
Fhv_DswkWsI	윤석열 녹취록 기자회견 '윤석열은 사과하고 후보를 사퇴하라!' (feat김의겸, 황운하)LIVE	윤석열_녹취록 #황운하 #김의겸 #박근혜 #노무현 #박영수 ✓일시후원: 국민은행 794001-04-154041 서울의소리(강경자) ✓전화후원: ...	57012	10074	786
J9aFagu_uAw	[BBS뉴스] 이재명 “화쟁으로 위기극복'...윤석열 “불교로 문화 창달”	이재명 더불어민주당 대선후보가 BBS불교방송 라디오 연설을 통해 호국불교 정신으로 국민을 통합하고 화쟁 사상으로 위기를 극복 ...	0	0	0
BdvYKXSKY7Q	윤석열, 안철수 고향 부산서 사전투표 완료	제20대 대통령선거 사전투표 첫날인 4일 오전 윤석열 국민의힘 대선후보가 부산 남구 대연동 부산남구청에 마련된 사전투표소를 찾아 ...	68	6	0
RCEDck472AM	윤석열 병역비리 의혹, &#39;추가 만행&#39; 또 터졌다! 윤번방 대화 '국민에도 등급, 하는 짓 민초면 개돼지' - 사전투표 음모론 망신당한 이준석.. 이재명 '노동 권리 약속'	윤석열병역비리의혹추가만행 #윤석열윤번방대화논란 #사전투표음모론이준석글삭튀 #이재명노동권리약속 ▣ 황희두 멤버십 후원 ...	37301	18636	800
lGWuCWc9fuo	[현장영상+] 윤석열 '한국 하면 서울·부산 떠올릴 수 있게 부산 발전해야' / YTN	[앵커] 국민의힘 윤석열 대선 후보는 6박 7일에 걸친 전국 유세 대장정 이틀째, 전통적으로 보수 지지세가 강한 부산과 경북에서 유세를 ...	2435	31	76
pduNO_AggqI	성기철의 뉴스포커스 -윤석열 안철수 단일화 파장 어디까지 20대 대선 마지막 여론조사 철저분석 *초대석 김종필 정치평론가	윤석열안철수#단일화#여론조사 윤석열 안철수 단일화 파장 어디까지 20대 대선 마지막 여론조사 철저분석 진행 성기철 출연 김종필 ...	96	14	0
R_hfEBpJuS8	박근혜, 외나무 다리 위에서 윤석열 안철수 만났다!#안철수 제 무덤 팠다#尹-安 단일화 바람 심상찮다#김종인 왜 침묵할까#安한테 고추가루 뿌린 이준석#박근혜,윤석열 녹취록 보았나?	윤창중칼럼세상은 보수우파의 집권이 목표입니다. 실현 가능한 해법과 방향을 분명히 제시합니다. 윤칼세를 도와주십시오. 윤칼세TV ...	7031	1380	48
sm7cPn2KlYk	윤석열, 사전투표 적극 독려 '새로운 희망 찾기 위해 반드시 해야'	윤석열 국민의힘 대선후보가 4일 부산시 남구 유엔기념공원에서 참배를 마치고 기자들과 만나 질문에 답하고 있다.	17	0	1
sD_yCip6OSs	충격!신천지 윤석열 #Shorts		3203	833	24
2eMeWUI_zJw	윤석열의 목메인 호소! “반드시 투표해야 부패세력 축출 가능”	이 영상은 국민의힘 공식 유튜브 '오른소리'의 허락을 받아 실었습니다.	2055	395	21
-JXcXciKSOE	(현장뉴스) 윤석열 사전투표! 엄청난 인파! 윤석열 믿고 투표합시다!		53681	9120	361
5FIq330MVFQ	[라이브] 윤석열, 부산서 사전투표 참여 후 부산·TK 집중 유세	중앙일보 구독하기 https://www.youtube.com/c/JoongAngIlbo?sub_confirmation=1 윤석열 국민의힘 대선후보가 사전투표 개시일인 ...	617	76	0
d8_iXTawS2g	[풀영상] 국민의힘 윤석열 대선 후보, 부산 사하구 유세 / 연합뉴스TV (YonhapnewsTV)	국민의힘 윤석열 대선 후보가 부산 사하구에서 유세를 시작합니다. #국민의힘 #윤석열 #부산 #사하구 ▣ 연합뉴스TV 유튜브 채널 ...	5288	1234	46
858vEzxDveE	윤석열 후보의 단점 (by. 윤잘알 원희룡)	대선 #윤석열 #원희룡.	361	71	10
ZR5kl1o4KZ8	[국민의힘 윤석열 후보] 자치분권 공약(한국지방자치학회 토론)	월간지방정부] 제20대 대통령 후보자 초청 자치분권 대토론회 [국민의힘 윤석열 후보 캠프] 시행 30년이 넘은 우리나라 지방자치가 한 ...	8	0	0
8kev7-OOwQY	[충격현장] 윤석열, 부산 사하구 도착!! PK출신 안철수 시너지 시작했다!	종이TV 자율구독료 ○ 카카오뱅크 3333-03-8393457 박ㅈㅇ 국민 632302-04-024991 박ㅈㅇ ○ 종이의 멤버십 ...	6932	4233	26
cv_VjJavHDQ	국민의힘 윤석열, '최초의 문민정부 대통령 김영삼 민주정신 계승' 부산 사상구 유세 - [끝까지 LIVE] MBC 중계방송 2022년 03월 04일	윤석열 국민의힘 대선후보는 오늘(4일) 부산과 대구·경북(TK) 지역에서 종일 거점유세를 벌입니다. 윤 후보는 오전 9시 부산 남구청 ...	13308	241	0
