ID	title	description	viewcount	likecount	commentcount
kiB_WgOaxq4	[Live] 3월 5일 '의병의 고장 제천, 투표로 나라를 지킨다!' 충북 제천 유세		10713	7544	163
RDHjjLUDGNY	윤석열 후보 대선 대통령 당선이 될 수 있을까? - 세종시 용한 무당 점집 추천 후기 천향 보살	윤석열_후보 #대선 #대통령_당선이_될_수_있을까 #점집추천 #점집후기 #용한무당 #용한점집 #세종시점집 #세종시점집추천 #삼재 ...	4424	320	61
31gfmdPHATI	산불 현장 찾은 李·尹...사활 건 수도권 득표전 / YTN	[앵커] 20대 대선 사전투표가 오늘까지 진행되는 가운데 이재명, 윤석열 두 후보는 경북 울진 산불 피해 현장을 찾아 이재민을 위로 ...	3281	126	81
0Jm_TAISnyA	[정치人싸] 사전투표 2일차! 윤석열-안철수 단일화가 미칠 영향은? - 현근택, 천하람, 김준우 &amp; 허일후 아나운서	인싸를 꿈꾸는 네 남자의 유쾌·상쾌·통쾌 정치 토크쇼! | 시즌 3 PPL을 원하시는 분은 댓글 혹은, mbcradiofocus@gmail.com 으로 메일 ...	25048	3414	0
JQ9ayGUdoWs	이재명·윤석열 앞다퉈 울진으로…대선 막판 총력전 / 연합뉴스TV (YonhapnewsTV)	이재명·윤석열 앞다퉈 울진으로…대선 막판 총력전 [앵커] 대선이 나흘 앞으로 다가온 가운데 여야 대선 후보들은 각 지역을 돌면서 ...	1730	56	20
M5ky8WqpuDM	3월 4일 윤석열후보 영주 유세	영주 태극당 앞 윤석열 후보 연설 뜨거운 현장 모습입니다. #대통령 #윤석열 #정권교체 #박형수국회의원 #최기영 #국민의힘.	37	9	2
ii8iIgq5Ti0	권오수 회장이 김건희 통해 윤석열에게 전달한 선물	김건희 #김건희주가조작 #권오수회장 #권오수 #윤석열 #도이치파이낸셜 #주가조작 후원계좌 : 국민은행 933502-00-026889 ...	1760	990	64
jFP_Psq0wLc	윤석열, 수도권 집중공략…안철수 지원 유세 / 연합뉴스TV (YonhapnewsTV)	윤석열, 수도권 집중공략…안철수 지원 유세 국민의힘 윤석열 대선 후보는 오늘(5일) 하루 충북과 수도권에 집중합니다. 국민의당 ...	1884	113	15
pMc5I45VIH8	윤석열성대모사10_마지막토론_단일화,바람_대선후보성대모사_정치인성대모사_3차토론_재밌는성대모사_지용성비타민	열번째 윤석열 성대모사 입니다. 대선이 임박한 상황가운데 얼마전 마지막 토론과 단일화를 가지고 만들어 보았습니다. 재밌게 봐 ...	370	115	37
WDIzoEzQvMs	국민의힘 윤석열 후보의 영종국제도시 공약	윤석열 후보의 영종에 대한 공약을 윤 후보의 육성으로 직접 들어보십시오.(AI윤석열 아닙니다. ㅎ) 안녕하세요, 인천 중구ㆍ강화군ㆍ ...	46	1	2
X_4cavR6ADQ	[생중계] 국민의힘 윤석열 대선 후보, 충북 충주 유세/ 연합뉴스TV (YonhapnewsTV)	국민의힘 윤석열 대선 후보가 충북 충주에서 선거 유세를 실시합니다. #국민의힘 #윤석열 #충북 #충주 ▣ 연합뉴스TV 유튜브 채널 ...	13434	819	0
syErhxTBuNM	뉴스포커스-윤석열 안철수 단일화 파장 어디까지	윤석열#안철수#단일화 윤석열 안철수 단일화 파장 어디까지 진행 성기철 출연 김종필 정치평론가.	37	4	0
kQOQnFtpL2M	윤석열, 이재명을 찍으라고???(자료출처:팬앤드마이크)#shorts	정규재 #윤석열 #이재명.	998	108	8
Fs-qQkI2U3s	윤석열은 당장 시력 검사 응하라!	윤석열 #병역기피 #시력검사 #shorts ✓일시후원: 국민은행 794001-04-154041 서울의소리(강경자) ✓전화후원: 1877-1590 ✓정기 ...	2361	719	46
bPtrOHLRiVs	윤석열 충격 녹취록. 박근혜는 버리는 카드. 박근혜를 조지고 뇌물로 엮고 발언 논란! 조원진 “경악을 금치못했다. 용서가 안된다.”	대구를 바꾸고 지역주의와 세대간의 벽을 허물며 세상을 보는 진실의 눈을 가질 수 있는 시민 한분 한분의 힘이 되어 드리기 위해 ...	3628	519	22
NqP1DxApvkU	[풀영상] 국민의힘 윤석열 대선 후보, 충북 제천 유세/ 연합뉴스TV (YonhapnewsTV)	국민의힘 윤석열 대선 후보가 충북 제천에서 선거 유세를 실시합니다. #국민의힘 #윤석열 #충북 #제천 ▣ 연합뉴스TV 유튜브 채널 ...	25934	2070	157
8s1Xy_VT6HI	윤석열, 드디어 엄중경고하다[권순활TV]	[자율구독료] 신한은행 110 183 108360 권순활 #윤석열 #사전투표 #파란색장갑.	1489	617	60
WFMzjCZGIwQ	백제수도(공주)출신 윤석열이 신라 수도(경주)에서 열광적 환영을 받다!	이 영상은 국민의힘 공식 유튜브 '오른소리'의 허락을 받아 실었습니다.	1364	205	9
v2ebpME8psA	윤석열 충격 녹취록. 노무현 잡으려고 박연차 잡았다. 곽상언 “어찌 사람한테 잡는다는 표현을 쓰나!” [선데이저널 단독]	대구를 바꾸고 지역주의와 세대간의 벽을 허물며 세상을 보는 진실의 눈을 가질 수 있는 시민 한분 한분의 힘이 되어 드리기 위해 ...	3741	609	51
o4j6HFux2TI	원희룡 '&#39;눈치 없는 사람(윤석열)&#39;이 권력 잡으면 큰일 날수도..' 유시민 '그게 바로 포인트'	원희룡 #윤석열# #유시민 #권력 ✓일시후원: 국민은행 794001-04-154041 서울의소리(강경자) ✓전화후원: 1877-1590 ✓정기후원: ...	2789	475	36
hCXRAiD1U84	&#39;김건희씨 고모&#39; 김혜섭 목사 '윤석열의 꿈이 목사였다는 걸 저도 몰랐어요'	"'김건희씨 고모' 김혜섭 목사 ""윤석열의 꿈이 목사였다는 걸 저도 몰랐어요"" ""하나님이 최재형, 황교안 대신 윤석열 세우신 건 이 시대에 ..."	1798	217	32
L-aRXX6BRwc	김정재 “윤석열 후보는 이재명처럼 쌍욕·세금도둑질 못한다”	김정재 국민의힘 의원이 지난 4일 경북 영주시 태극당 앞에서 열린 윤석열 대통령후보 지지 유세에 참석해 “윤석열 후보는 이재명처럼 ...	1021	87	6
3AQ7KsvtY-0	[현장 유세] 제천 유세 현장 찾은 이혜훈 '3월 9일 윤석열이 대한민국 되찾습니다!'	윤석열 #대선후보 #이혜훈 #제천 #유세 국민의힘 이혜훈 전 의원이 22년 3월 5일 충북 제천에서 열린 유세현장에서 유세발언을 하고 ...	3656	384	35
gQLf3i58QRs	(대선현장중계) 윤석열 제천 유세 연설이 진짜 감동적! / 2022.03.05	영주유세 #경북유세 #경상도유세 #영남권유세 #태극당 #단일화 #안철수 #윤석열 #대선유세 #대구 #경북 #경상도 #영남권 #윤석열 ...	43378	12308	114
swFC6RrEMfA	역사에 기억될 윤석열의 두류공원 유세!!!!	윤석열 #정권교체 #두류공원.	1474	458	33
3zHbPQ6FhOY	전국정원수뇌부 및 전직원 1천명 윤석열지지선언! 시국선언문발표! #윤석열필승!	자율적구독후원 : 하나은행 : 106-910488-13707 (박*옥) 해외페이팔 후원링크 : https://www.paypal.me/jungsungsantv 문의 ...	3050	748	26
pRWMjVMtbdQ	윤석열 부동시 병역비리		40	18	0
7CD6WhmVoLc	너흰 아니야 (윤민석 글, 곡) #윤석열 #국민의힘	안철수 #단일화 #윤민석 너흰 아니야 (2022) - 윤민석 글.곡 1. 그래 너희들이 말하는대로 이재명은 전부 가짜인지도 몰라 프레스에 ...	32	27	2
krBwtZLgczo	[충북 제천 풀발언] 윤석열 '이들의 돈, 벼슬에 대한 욕심?탐욕?...민주당? 말도 못합니다'	"윤석열 #국민의힘 #민주당 #벼슬 [충북 제천 풀발언] 윤석열 ""이들의 돈, 벼슬에 대한 욕심?탐욕?...민주당? 말도 못합니다"" 시사 ..."	4846	797	50
lsNHM_DBIkA	구글은 알고있다 (이재명vs윤석열)	이재명 #윤석열 #단일화.	1347	44	7
6ZPupIiPWsk	윤석열이 생각하는 평등과 차별		537	5	0
P3xpMBqOFp0	이준석, 6~8%p차 이상으로 윤석열 후보가 이길 겁니다!!	연합뉴스tv 22.03.05 #이준석 #준스톤 #윤석열 #사전투표 #부정선거음모론 #안철수 #단일화 #국민의힘합당 #국민의당합당 #대장동 ...	2209	477	116
mBp60QPVUDk	경상도 출신 70대 어르신의 걱정... '도저히 윤석열을 찍을수 없다. 단일화? 국민 속이고 지지자도 속이는 안철수!'	이재명 더불어민주당 대선 후보는 4일 오후 서울 강동문화회관 앞에서 집중유세를 가졌다. 이 영상은 현장에서 만난 이재명 후보의 ...	129071	0	1915
FvBz5sE2cRM	구글 빅데이터는 알고있다!?? (이재명 vs 윤석열)	이재명 #윤석열 #단일화.	190	10	0
6NB-K_5jJ9Q	윤석열 타임지...김건희 허위이력 주가조작..윤석열 후보의 손바닥 왕, 무속인, 똥꼬침 소개	타임지에 실린 윤석열 후보와 그 부인. 이재명 후보의 인터뷰 하단에 깨알같이 소개가 되었습니다. 김건희씨 허위이력 관련 사과 ...	161	87	8
M1e7WjUanvA	윤석열, 울진 현장방문…이재명 '조속 진화가 우선' / 연합뉴스TV (YonhapnewsTV)	"윤석열, 울진 현장방문…이재명 ""조속 진화가 우선"" 국민의힘 윤석열 대선 후보는 어제(4일) 밤 10시 40분쯤 경북 울진 산불 이재민 ..."	2395	134	44
i5cqAzoLkGY	20대 대선, 윤석열 후보의 인상깊은 검찰개혁 공약은? #검찰천하_수사권조정 #shorts	투표임박! 아직 마음을 결정하지 못한 그대에게 #1분대선 #대선공약 #검찰개혁 #shorts 대통령 선거에 왜 검찰개혁? 알듯 모를 듯 ...	5	0	0
QkotRvneYqM	제20대 대통령선거/윤석열 대통령후보/지원유세/엄인권연사/현리/직캠	제20대대통령선거 #윤석열대통령후보 #국민의힘 #엄인권연사 #가평군조종면 2022.03.04.금.	3	1	0
FQdRjjJaP3k	제20대 대통령선거/윤석열 대통령후보/지원유세/유재혁연사/현리/직캠	제20대대통령선거 #윤석열대통령후보 #국민의힘 #유재혁 #가평군조종면 2022.03.04.금.	2	1	0
m4afK0BIJr0	제20대 대통령선거/윤석열 대통령후보/지원유세/최원중연사/현리/직캠	제20대대통령선거 #윤석열대통령후보 #국민의힘 #최원중 포천가평 당원협의회 청년부 부본부장 #가평군조종면 2022.03.04.금.	4	1	0
mwVHEgIbjOQ	윤석열후보 영주 유세	채널에 가입하여 혜택을 누려보세요. https://www.youtube.com/channel/UCKrlN_qTfFhjRCNwqDMZYRw/join 윤석열, 대통령, 정권 ...	424	71	1
PCJ-oM-3rxI	투표하면 이긴다! 무식,무법,무당, 윤석열은 아이다! [시사금광]	윤석열낙선 #투표 #안철수 #단일화 - 금요일에 만나는 미친시사 생방송 시사금광 - 윤석열 - 안철수 단일화, 윤석열 투표 새치기, ...	1413	379	13
102-rgC9zRo	윤석열 제천시 방문 국민의힘 제천단양 집중유세	5일 오전 엄태영 국회의원은 제천 문화의 거리에서 국민의힘 윤석열 대통령 후보와 의병의 고장 제천 투표로 나라를 지킨다는 집중 ...	14	2	0
jRCqX4pe9W0	[충격현장] 윤석열, 충주!! 대선 승리 굳히기 들어갔다!!	종이TV 자율구독료 ○ 카카오뱅크 3333-03-8393457 박ㅈㅇ 국민 632302-04-024991 박ㅈㅇ ○ 종이의 멤버십 ...	5069	3650	0
WdbXbkgvyfU	[청년들 주목] 윤석열 이재명 결판의 날, 사전투표 웨안헤? #shorts	대선 #사전투표 #선거 #전국청년연합 #바로서다 #윤석열 #이재명 #안철수 #심상정 #대선 #2030 #청년 전국청년연합 '바로서다'는 ...	4	1	0
3D8AcPMULFk	윤석열 대통령후보 ‘영주’ 유세		636	59	2
LDSuop_18SY	윤석열  선거운동원  열심히 운동하고  1번뽑으라고 설득함		1599	45	8
gW30PsmWlIs	윤석열 대통령후보 ‘충주 유세’		112	41	0
qNf3Ha5jPVA	윤석열 유세현장 마비! 유상범 국회의원 강원도당위원장 홍천 횡성 영월 평창 강원도민들께 감사 윤석열 지지율 대박 압도적 승리![220228]	"윤석열 #국민의힘 #유상범 안녕하세요 최영숙 앵커입니다 1체널 TOBS한마음한소리 2체널 tobs동물tv 채널 개설 하였습니다."" 여러분 ..."	39	11	4
vTN5DlcqO_E	이재명 vs 윤석열		20	11	1
