ID	title	description	viewcount	likecount	commentcount
c6ghudb7Ek8	국민의힘 윤석열, “선사시대로 가는 길, 새로운 미래로 나아가는 길” 서울 강동 유세 - [끝까지 LIVE] MBC 중계방송 2022년 03월 06일	윤석열 국민의힘 대선후보는 오늘(6일) 오전 서울 강동과 중구에서 유세를 합니다. 오후에는 경기 의정부와 동두천, 파주, 고양, 김포, ...	22270	265	440
l6lebGZzhdU	김태호 경남총괄선대위원장 윤석열후보 거창군 지원유세 22.3.6	김태호 경남선대위 총괄위원장 거창군 유세 취재/시사통신 공동취재.	16	5	0
C-gDybHnwiw	[현장연결] 윤석열 '강성노조가 곧 민주당…함께 작전 짜서 전위대로 뛰어' / 연합뉴스TV (YonhapnewsTV)	"[현장연결] 윤석열 ""강성노조가 곧 민주당…함께 작전 짜서 전위대로 뛰어"" 국민의힘 윤석열 대선 후보는 본투표 전 마지막 휴일인 ..."	1803	82	52
eXHLeAmwKRA	국민의힘 윤석열, '서울이 바꾸면 대한민국이 바뀝니다!' 서울 중구 유세 - [끝까지 LIVE] MBC 중계방송 2022년 03월 06일	윤석열 국민의힘 대선후보는 오늘(6일) 본투표 전 마지막 일요일 수도권 표심 잡기에 나섰습니다. 윤 후보는 오전 서울 강동구에 이어 ...	17994	258	119
syFOrY9HgzM	[풀영상] 국민의힘 윤석열 대선 후보, 서울 중구 유세 / 연합뉴스TV (YonhapnewsTV)	국민의힘 윤석열 대선 후보가 서울 중구에서 유세를 실시합니다. ▣ 연합뉴스TV 유튜브 채널 구독 https://goo.gl/VuCJMi ▣ 대한민국 ...	43858	2488	83
HimSZityaT4	윤석열 후보가 말하는 ‘민주주의’란??? #shorts	윤석열 #이준석 #국민의힘 #김철근 #shorts.	836	15	8
QHMaWL-akwI	윤석열 안철수 야합에 역풍 부는 서울#shorts	이재명 #윤석열_안철수 #야합 ▣ '황기자' 채널 자발적 시청료 (유튜브 멤버십) ...	3332	809	51
koom8JtvzdY	[현장영상+] 윤석열 '민주당, 서울 재개발·재건축 다 틀어막아 집값 상승' / YTN	[앵커] 국민의힘 윤석열 후보가 오늘 서울과 경기 지역을 집중 공략하면서 수도권 표심 잡기를 이어갑니다. 지금은 서울 중구에서 ...	6471	68	201
XaDydK122Dc	자신은 윤석열이 아닌 허경영을 지지한다는 30대 청년	허경영 1억 지급 가능한가? ↓↓↓ [1억.com] 접속 https://hkygame.com 허경영 대통령후보 후원회 후원하기: ...	1606	195	42
t8KRKKjZlk4	윤석열을 찍으면 민주당이 망하고 이재명을 찍으면 대한민국이 망합니다	윤석열 #국민의힘 #대통령선거.	407	27	4
S6RHqXPcMQw	[문경현국티비] 윤석열, 문경 9090 프로젝트 │ep.8 국민 통합정부	윤석열#대선#문경시장 [문경현국티비] 윤석열, 문경 9090 프로젝트 │ep.8 국민통합정부 윤석열, 문경 9090 프로젝트 ep.8 국민통합 ...	116	26	9
0NHCFUiqYps	사전투표 쇼핑백 논란, 국힘 패배 예감했나.. 이상한 정황 찾았다.. 윤석열 당일 부정선거 외친 후 확진자 사전투표 부정선거 말하는 국힘.. 덜덜	채널에 가입하여 혜택을 누려보세요. https://www.youtube.com/channel/UCXizVvs2c7LtFZAu25sK5Fg/join [이재명 후원회 홈페이지] ...	66940	15221	1110
GP3xad3uuZU	[강동 유세 풀발언] 강행군 속 목이 잠긴 윤석열 '투표 문제 저들 분열책일수도...그래도 저를 믿고 투표해주십시오'	"국민의힘 #윤석열 #강동 #유세 [강동 유세 풀발언] 강행군 속 목이 잠긴 윤석열 ""투표 문제 저들 분열책일수도...그래도 저를 믿고 투표 ..."	5075	1878	156
GKb_NyaqVGE	윤석열 남양주 유세 현장.. 경기도 마저 이재명 버린 듯..	종이TV 자율구독료 ○ 카카오뱅크 3333-03-8393457 박ㅈㅇ 국민 632302-04-024991 박ㅈㅇ ○ 종이의 멤버십 ...	5544	1220	168
g7fcVXX0WgQ	확진자 투표 문제 언급한 윤석열 '그래도 저를 믿고 투표해주십시오...투표해야 정권교체'	윤석열 #국민의힘 #투표 #확진자투표 국민의힘 윤석열 대통령 후보가 22년 3월 6일 열린 서울 강동 유세장에서 발언하고 있다.	4894	1999	208
ynHsFojB_sA	선넘은 국민의힘 &#39;고발 예고&#39; 윤석열 역풍 맞다! 네티즌 '평범한 여성 유권자 압박하는 조선일보와 이준석' - 오해풀고 이재명으로 모이는 2030 여성들 '너무 억울했을듯'	국민의힘여시네티즌고발예고 #조선일보이준석역풍맞은윤석열 #이재명으로모이는2030여성들 ▣ 황희두 멤버십 후원 ...	22102	13878	551
vJdnA24d9kM	(속보)윤석열 방금도착 서울천호유세 3월6일	윤석열#	21591	3447	5
pqbaqRUJbNA	탄핵주범들과 변절자들...황당! 윤석열 선거유세...최재형 종로 공천!	탄핵주범 #윤석열 #김진태 와 #최재형.	2740	497	44
jS_x99tpZoE	[Live] 3월 6일 “선사시대로 가는 길, 새로운 미래로 나아가는 길” 서울 강동 유세		45220	9749	286
Tt3xqIhEOqE	🔥윤석열 유세장에 찾아왔습니다‼️ 전쟁광 , 검찰독재 윤석열 낙선❗️ (DDP 유세)	This stream is created with #PRISMLiveStudio.	279	150	11
OIG_WPM0Pjw	산불 발생에 윤석열과 이재명의 극명한 차이... 권영세 '이재명은 10분 방문?'	권영세 #산불 #이재민 국민의힘 권영세 선거대책본부장이 22년 3월 6일 국회 본청에서 열린 확대선거대책회의에서 경북 울진지역 ...	5190	951	70
Yawnm6nIQbg	윤석열에 동서남북 기운이 그날 몰아친다 [류동학 인문명리학자]	[이봉규TV 멤버십 가입] https://www.youtube.com/channel/UCxuf3GXK290vcpFW0lxm0Uw/join 이봉규 TV 후원계좌 신한은행 ...	12934	11272	603
8R16A5_yMVA	윤석열 부정선거 입장 발표, 대구도 1번 투표용지 [Live]	윤석열 지지송 - '깔롱튜브 조율' https://youtu.be/Nc72TmkwtLQ ================================ 이재명 불륜의혹과 동부 ...	220	73	0
4-vERJafcFo	'윤석열  당선'  바로 눈앞에!ㅡ윤석열의 애국혼! '군대와 군인이 존경받고 존경받는 사회'/2022.03.06		589	163	2
bus5xYNplpw	(속보)윤석열 방금도착 의정부유세 3월6일	윤석열# This stream is created with #PRISMLiveStudio.	3175	0	0
u53q-Mr5uRQ	(신혜식의대선현장중계) 윤석열 유세 현장 부정 선거 입장 발표! 중구·동대문 주민 전부나왔다! / 2022.03.06	중구유세 #동대문유세 #서울유세 #동대문 #DDP #동대문디자인플라자 #윤석열유세 #단일화 #안철수 #윤석열 #대선유세 #중구 ...	27146	16532	63
dltlG5codVM	(신혜식의 대선현장중계) 윤석열 강동 유세 부정선거 분노의 입장문 '모두 투표하자!' / 2022.03.06	노원유세 #서울유세 #노원롯데백화점 #윤석열유세 #단일화 #안철수 #윤석열 #대선유세 #노원구 #서울 #수도권 #윤석열현장 ...	121482	19716	137
ad_fgh2-Ty0	이재명 심상정 윤석열		12	1	0
R0VT8FKa16c	윤석열 대통령 후보 여주시 한글시장 거리유세 현장..!!	국민의힘 대통령 후보.. 기호2번 윤석열..!! 여주시 한글시장 거리유세 현장에서 요러콤 영상으로 담아 보았답니다... 시원한 사이다발언.	11	1	0
HB3uAcSnrf8	푸틴 '우크라 군사 인프라 제거 작전 거의 종료'(종합) #이재명 #윤석열 #문재인 #박정희	"푸틴 ""우크라 군사 인프라 제거 작전 거의 종료""(종합) #이재명 #윤석열 #문재인 #박정희."	261	2	0
mTak84lRy0Q	춤추는 윤석열 ~🕺~ 강동구에서	Shorts#AI윤석열#한국일자리방송#윤석열대통령후보.	465	156	11
CgEPYF2dyQI	대선전 마지막 &#39;통합지지율&#39;… 윤석열 44.3% vs 이재명 40.9%! 윤석열 환호! 이재명 얼굴 구겨졌다! 20대 대선 사전투표율 최종 36.93%…호남 폭발적 참여	이재명 #윤석열 #최종 승인 등급.	128	1	0
5_4Cj1_WdBc	윤석열/이재명		3	0	0
0d2Ca3nMO58	긴급속보)윤석열후보 정권교체 그러나 선거부정 의혹 선관위 부실 김혜경 이재명 윤석열	"확진자·격리자 사전투표 방식 두고 파행…항의 잇따라 선관위 ""투표소당 투표함 1개 원칙…참관인 동행해 밀봉 투표지 투표함 제출 ..."	14	3	0
-_g5AOsjsn8	윤석열 구포시장 사자후 연설	새벽에 단일화, 부산에서 대연동 투표, 구포시장 연설 날리 났다. #후보단일화 #당당한기세 #불뿜는연설.	4	1	0
lQgJatmKKeM	#윤석열 유세	복습합니다, 못보신 분들을 위해.	80	29	3
v9CKjgKy0KE	윤석열 경기도 여주 유세 2022.03.05	윤석열 #여주.	13	2	1
StvjH1XWulQ	지식의칼, 우원재, 윤석열... 사전투표 하라고?	사전투표 #부정선거 #이재명당선.	3	2	0
oeSBWsww1qc	윤석열·안철수·이준석 한 무대 섰다…'與, 이런 사람들 바뀌는 게 정치 교체'  #이재명	"윤석열·안철수·이준석 한 무대 섰다…""與, 이런 사람들 바뀌는 게 정치 교체"" #이재명."	52	1	0
SU9Mjym-zOA	윤석열, 300받고 고마워하면 주권자아니다	이재명 #윤석열 #안철수 채널에 가입하여 촛불동지로서 대선승리를 위해 함께 해요 ...	619	99	18
rsmycVY8CVQ	&#39;윤석열이 꼭두각시?!&#39; 동자가 알려주는 충격적인 신점 결과 / 윤석열 3월 운기는 과연? [서울용한점집 천궁신당☎010-7379-1094]	서울용한점집 천궁신당(성수대신)] ▷상담문의 ☎ 010-7379-1094 ▷신당위치 : 서울시 금천구 시흥동 #윤석열 #윤석열사주 #윤석열 ...	256	0	0
smf4ZFL0zVs	윤석열 군대시력		2	0	0
KXN1h8frsxM	춤추는 윤석열 ~🕺~ 중구에서	Shorts#AI윤석열#한국일자리방송#윤석열대통령후보.	68	34	3
__PrUpo_UWI	조원진, 윤석열 누굴엮어? 용서못해	이재명 #윤석열 #조원진 채널에 가입하여 촛불동지로서 대선승리를 위해 함께 해요 ...	547	154	2
wHfRaWvDkmA	[아투현장] 윤석열 “서울이 바뀌면 대한민국이 바뀝니다!” 서울 중구 유세 _220306	[아투현장] 윤석열 “서울이 바꾸면 대한민국이 바뀝니다!” 서울 중구 유세 정도언론 인간존중 인류평화 를 위해 나아가는 아시아 투데이 ...	532	119	3
5tNW_siRPDw	윤석열 충북 제천 유세 2022.03.05	윤석열 #제천.	4	0	0
gFZpgIiA3nY	윤석열/이재명		10	1	0
yLXCEuJuvBg	제20대 대통령선거/윤석열 대통령후보/지원유세/나경원전)원내대표/신읍사거리/직캠	제20대대통령선거 #윤석열대통령후보 지원유세 #나경원공동선대위원장 #나경원 전}원내대표 포천 방문 #포천신읍사거리 ...	28	8	0
J5xgEWoeQhU	윤석열/안철수		1	0	0
QhFoJD3ekyc	#윤석열 녹취록 #박근혜 #충격	윤석열_녹취록 #박근혜 #충격.	10	4	0
