ID	title	description	viewcount	likecount	commentcount
lcFjmjnmjl8	[#알고리줌] ‘반전에 반전’ 단일화는 누구 편? / YTN	YTN 알고리줌(ZOOM) 74회 다시 보기 (2022년 3월 4일) 00:15 [마지막 변수 - ①야권 단일화] - 안철수 지지표, 어디로 향할까?	199085	9519	2498
bPh_-xjrfvA	💥안철수 후보.. 🔸국민의당은 이제부터.. 🔺윤석열 후보와 함께 하겠다..#shorts	청년들은 진실을 원하는데 .. 우리는 언제 진실을 볼수 있을까..? #shorts \ #이재명 #윤석열 #더불어민주당 #이낙연 #이준석 #김종인 ...	8	3	0
QHMaWL-akwI	윤석열 안철수 야합에 역풍 부는 서울#shorts	이재명 #윤석열_안철수 #야합 ▣ '황기자' 채널 자발적 시청료 (유튜브 멤버십) ...	3332	811	51
ki20oTQxb64	윤석열 안철수 단일화		1	0	0
q76r3uNOl9w	안철수 스마트폰 2만9천통		2	0	0
c6ghudb7Ek8	국민의힘 윤석열, “선사시대로 가는 길, 새로운 미래로 나아가는 길” 서울 강동 유세 - [끝까지 LIVE] MBC 중계방송 2022년 03월 06일	윤석열 국민의힘 대선후보는 오늘(6일) 오전 서울 강동과 중구에서 유세를 합니다. 오후에는 경기 의정부와 동두천, 파주, 고양, 김포, ...	22270	265	440
J5xgEWoeQhU	윤석열/안철수		1	0	0
5VZESCFkkZ8	윤석열 안철수 단일화		1	0	0
2Kx4o6BAFew	윤석열 안철수 단일화		0	0	0
oeSBWsww1qc	윤석열·안철수·이준석 한 무대 섰다…'與, 이런 사람들 바뀌는 게 정치 교체'  #이재명	"윤석열·안철수·이준석 한 무대 섰다…""與, 이런 사람들 바뀌는 게 정치 교체"" #이재명."	52	1	0
r1n_mLE92KA	그래서 우린 그를 안철수라 말한다.	200년전...	210	63	0
s5CLEDLXO-M	[합동유세] 특임본부장 윤관석, '윤석열 안철수 밀실야합에 국민 분노' '美 TIME 이재명 단독 인터뷰'	D-4 3월5일 인천 남동 갑-을 합동유세가 있었습니다! 본투표 전 마지막 집중유세인 만큼 많은 남동 주민분들과 지지자분들이 현장을 ...	22	6	0
L5Ws0GMdzLI	윤석열 안철수 토론 소감		1	0	0
3a4gkHAn7bo	윤석열+안철수, 예정된 낙선 2부!ㅣ필립사무리(2022.03.05)	1부 -남색의 진실 -손가락은 소중하다 -원하는 것을 이뤄내는 철수 -동일ip와 32초 -무식한 너의 코를 베어가겠다. 2부 -농담잔치(濃談 ...	143	26	2
F52HmGcbiXU	윤석열에 &#39;빵 터진&#39; 안철수…이준석과는 냉랭  #이재명	윤석열에 '빵 터진' 안철수…이준석과는 냉랭 #이재명.	13	3	0
Dt4hmR7QIsA	진중권 “윤핵관, 安 후려치기시작'!진중권 '安, 당권 도전할 것…이준석에 달가운상황아냐'!‘표미새’ 자처한 이재명, 더쿠·클리앙·딴지향해 지지호소!안철수특보, 이재명 지지 선언!	김건희 팬카페(건사랑)--https://m.cafe.naver.com/ca-fe/gunsarang 윤석열TV: ...	11489	1086	70
0i0Slkt0-Rs	이재명후보 입장 국민의 최고의 세레머니! #시흥유세 역대최고인파	⑦ 19:00 '세계 5대 경제 강국 도약, 시흥에서 시작됩니다!' [시흥 유세] / 배곧신도시 광장(경기 시흥시 배곧동 217) #이재명 #사전투표 ...	531	159	15
rKQYtAG-lEs	코로나 확진자 사전투표 논란 - 이럴려면 왜 선거하나? ㅎㅎㅎ 투표용지가 쇼핑백에? #홍준표#윤석열#이준석#김건희#이재명#안철수#심상정#사전투표#코로나 확진자 투표논란	코로나 확진자 사전투표 논란 - 이럴려면 왜 선거하나? ㅎㅎㅎ 투표용지가 쇼핑백에? #홍준표#윤석열#이준석#김건희#이재명# ...	167	23	0
go_whS-N2gg	[구글대선tv] 20대 대통령선거 3월 6일 구글트렌드 분석 이재명 61.9% : 윤석열 39.1%,	2022 ,20대 ,대통령선거 ,대선 ,2022대선 ,이재명 ,윤석열 ,안철수,심상정 ,20대 대선 ,20대 대통령, 선거유세 ,대통령후보 ,선거운동, ...	24	0	0
eXZdBEBnZi4	25일 봉급날바이러스, 4월 1일 만우절바이러스. 컴퓨터 바이러스로 난리났던 90년대｜크랩	크랩 #미켈란젤로 #컴퓨터바이러스 3월 6일이 무슨 날인지 아시나요? 이탈리아의 화가이자 조각가인 미켈란젤로의 생일인데요.	2649	142	28
SU9Mjym-zOA	윤석열, 300받고 고마워하면 주권자아니다	이재명 #윤석열 #안철수 채널에 가입하여 촛불동지로서 대선승리를 위해 함께 해요 ...	619	99	18
4Lccq3YaNds	영자언니 또 왔어요~^^	⑦ 19:00 '세계 5대 경제 강국 도약, 시흥에서 시작됩니다!' [시흥 유세] / 배곧신도시 광장(경기 시흥시 배곧동 217) #시흥유세 #다문화 ...	1658	363	12
F86lAoI9_nw	선방위,김어준 중징계 결정!!김어준,드디어 하차임박!국힘,YTN 이동형 징계요청!	김건희 팬카페(건사랑)--https://m.cafe.naver.com/ca-fe/gunsarang 윤석열TV: ...	32819	8907	280
wru38k4yb4I	#사전투표하고 밭갈기하고 응원하러 왔어요^^	⑦ 19:00 '세계 5대 경제 강국 도약, 시흥에서 시작됩니다!' [시흥 유세] / 배곧신도시 광장(경기 시흥시 배곧동 217) #이재명 #사전투표 ...	469	168	6
Jp3WuIiW_mY	안철수의 다당제		3	1	0
eXHLeAmwKRA	국민의힘 윤석열, '서울이 바꾸면 대한민국이 바뀝니다!' 서울 중구 유세 - [끝까지 LIVE] MBC 중계방송 2022년 03월 06일	윤석열 국민의힘 대선후보는 오늘(6일) 본투표 전 마지막 일요일 수도권 표심 잡기에 나섰습니다. 윤 후보는 오전 서울 강동구에 이어 ...	17994	258	119
wmBPvQMFJ-E	우리도 건강보험 된다해서 응원왔어요^^♡	⑦ 19:00 '세계 5대 경제 강국 도약, 시흥에서 시작됩니다!' [시흥 유세] / 배곧신도시 광장(경기 시흥시 배곧동 217) #이재명 #사전투표 ...	140	42	2
ZE0bRQ43Q3Q	1번 찍고 엄마, 아빠랑 응원 나왔어요^^  #시흥유세 #사전투표	⑦ 19:00 '세계 5대 경제 강국 도약, 시흥에서 시작됩니다!' [시흥 유세] / 배곧신도시 광장(경기 시흥시 배곧동 217) #이재명 #사전투표 ...	180	64	4
XNrKqnpSaCg	이쁜 사람은 밭도 더 많이 갈아요ㅋㅋ #시흥유세 #사전투표	⑦ 19:00 '세계 5대 경제 강국 도약, 시흥에서 시작됩니다!' [시흥 유세] / 배곧신도시 광장(경기 시흥시 배곧동 217) #이재명 #사전투표 ...	200	60	2
OvHMwMAOGV0	#시흥유세 어마어마한 인파 속 마무리! 신명나는 춤 한 판~^^	⑦ 19:00 '세계 5대 경제 강국 도약, 시흥에서 시작됩니다!' [시흥 유세] / 배곧신도시 광장(경기 시흥시 배곧동 217) #시흥유세 #다문화 ...	421	137	8
25pVr5i1GGQ	사력을 다해 일하시는 천재일꾼! 명연설! 울진, 삼척 등 화재현장 방문 후 유세 48시간 수면없이 활동~ #시흥유세	⑦ 19:00 '세계 5대 경제 강국 도약, 시흥에서 시작됩니다!' [시흥 유세] / 배곧신도시 광장(경기 시흥시 배곧동 217) #이재명 #사전투표 ...	152	35	1
nYR6nXDzExA	변화된 정읍 고창 유권자 반응! 윤석열 바람 불고 김항술 당협위원장과 최영숙의 절절한 호소! [220306]	"김항술 #윤석열 #안철수 안녕하세요 최영숙 앵커입니다 1체널 TOBS한마음한소리 2체널 tobs동물tv 채널 개설 하였습니다."" 여러분의 ..."	38	3	6
GKb_NyaqVGE	윤석열 남양주 유세 현장.. 경기도 마저 이재명 버린 듯..	종이TV 자율구독료 ○ 카카오뱅크 3333-03-8393457 박ㅈㅇ 국민 632302-04-024991 박ㅈㅇ ○ 종이의 멤버십 ...	5544	1220	168
U07L0UlfxPA	국민의힘 윤석열, “윤석열이 행복특별시 의정부의 행복을 더 키웁니다” 경기 의정부 유세 - [끝까지 LIVE] MBC 중계방송 2022년 03월 06일	윤석열 국민의힘 대선후보는 오늘(6일) 본투표 전 마지막 일요일 수도권 표심 잡기에 나섰습니다. 윤 후보는 오전 서울 강동구와 중구 ...	0	2	0
dltlG5codVM	(신혜식의 대선현장중계) 윤석열 강동 유세 부정선거 분노의 입장문 '모두 투표하자!' / 2022.03.06	노원유세 #서울유세 #노원롯데백화점 #윤석열유세 #단일화 #안철수 #윤석열 #대선유세 #노원구 #서울 #수도권 #윤석열현장 ...	121482	19717	137
u53q-Mr5uRQ	(신혜식의대선현장중계) 윤석열 유세 현장 부정 선거 입장 발표! 중구·동대문 주민 전부나왔다! / 2022.03.06	중구유세 #동대문유세 #서울유세 #동대문 #DDP #동대문디자인플라자 #윤석열유세 #단일화 #안철수 #윤석열 #대선유세 #중구 ...	27177	16542	63
wEpih8Su5pg	✅2022.3.6(일) D-4 판세분석 업데이트 / ESM 선거예측시스템, 절박합니다. 다시 신발 끈 동여맵시다.  / 유투브채널, 이재명은 합니다tv_발췌 편집	이 채널에 광고를 싣지 않습니다. 혹시라도 광고가 표시된다면, 이 채널 의사와 무관하게, 구글에서 강제로 올린 광고입니다.	20	4	0
CCbwRYFXyfQ	왜 죄명이와 민주당을 지지할까?	대통령 #사전투표 #대선 영상으로 보는 세상입니다. 시청해주셔서 감사합니다. ▷ 채널 구독하기 : http://asq.kr/Wdw2pQCPB3fG ...	7444	2109	49
-ZvptuR_SJY	💥국민의힘 .. 🔸박경국 (35대 충북도지사)후보.. 🔺이번선거 누구 찍으시겠습니까..?#shorts	청년들은 진실을 원합니다 선배님들 진실을 알려주세요... #shorts \ #이재명 #윤석열 #더불어민주당 #이낙연 #이준석 #홍준표#국민 ...	0	0	0
IVn5LtP7pGM	💥더불어 민주당.. 🔹윤석열 후보 부인..🔺김건희씨 40억 주식 매입 자금 어디서 왔냐?#shorts	청년들은 진실을 원합니다 선배님들 진실을 알려주세요... #shorts \ #이재명 #윤석열 #더불어민주당 #이낙연 #이준석 #홍준표#국민 ...	0	0	0
B_yF-1qrmBY	💥 국민의 힘.. 🔸박경국(35대 충북도지사)후보.. 🔺이번 대통령 여러분 누구를 뽑으시렵니까?#shorts	청년들은 진실을 원하는데 .. 우리는 언제 진실을 볼수 있을까..? #shorts \ #이재명 #윤석열 #더불어민주당 #이낙연 #이준석 #김종인 ...	2	0	0
c-pz0o_sBpE	초박빙 대선, 승패는 이것에 달렸다?	이재명 #윤석열 #대선 초박빙 대선, 승패는 이것에 달렸다? 00:00 오프닝 02:10 [20대 대선 승패 키워드1] 서울 잡는 자가 승리? 03:46 ...	1423	172	17
XrTkRyTKAqk	소녀 . 소녀도 전쟁에는 강하다. !! 전쟁 악몽 꾸는 소녀고양이 #우크라이나 #러시아 #젤란스키 #푸틴 #민간인 #폭격 #힘의균형 #자주국방 #전술핵 #홍준표 #홍준표가옳았다	홍준표 #홍준표대통령 #윤석열 #후보사퇴 #후보교체 #우크라이나 #김거희tv #장준호tv #윤석열지지율 #대장동 #아스팔트 #김상진tv ...	27	4	0
fC-gRbEEBJk	(신혜식의 대선현장중계) 충격! 투표함 봉인지도 터졌다! 의정부 시민들 분노 대폭발! / 2022.03.06	의정부유세 #경기도유세 #윤석열유세 #단일화 #안철수 #윤석열 #대선유세 #의정부 #경기도 #수도권 #윤석열현장 #윤석열유세 ...	14674	3693	0
B8Mio4v4_rk	#short 이재명,김부선에게도 법카?김부선 사전투표시 이재명에 남긴 충격발언!!	김건희 팬카페(건사랑)--https://m.cafe.naver.com/ca-fe/gunsarang 윤석열TV: ...	46001	8318	196
t5wSKpqdxqc	(긴급)부정선거논란 선관위,방금 충격입장문!!윤석열 이준석,방금 '선관위 책임묻겠다'!권영세 “초등 반장 선거도 이렇게 허술하지 않아”!원희룡 김은혜,“이겨놓고 따지자”!	김건희 팬카페(건사랑)--https://m.cafe.naver.com/ca-fe/gunsarang 윤석열TV: ...	15402	2392	182
b7HwtQeaq8Q	이 아이의 외침을 들어 주세요~ #이재명 ~  아주 귀여워요^^♡	⑦ 19:00 '세계 5대 경제 강국 도약, 시흥에서 시작됩니다!' [시흥 유세] / 배곧신도시 광장(경기 시흥시 배곧동 217) #이재명 #사전투표 ...	844	314	24
PkcD6_iV6pw	사전투표하고 아들과 딸 데리고 응원나왔어요^^ #시흥유세 #사전투표	⑦ 19:00 '세계 5대 경제 강국 도약, 시흥에서 시작됩니다!' [시흥 유세] / 배곧신도시 광장(경기 시흥시 배곧동 217) #이재명 #사전투표 ...	261	84	6
HimSZityaT4	윤석열 후보가 말하는 ‘민주주의’란??? #shorts	윤석열 #이준석 #국민의힘 #김철근 #shorts.	836	15	8
V-1w18sFOSI	[이스타코]  ' 내일은 매도NO!? 상한가 직행?! '	"[이스타코] "" 내일은 매도NO!? 상한가 직행?! "" 주식은 예측이 아닌 한템포 빠른 신속한 정보와 정확한 타이밍 입니다, 지치다가 점점 ..."	20	1	0
