ID	title	description	viewcount	likecount	commentcount
IJUGZCEUyL4	약자의 삶을 바꿀 유일한 후보, 이재명을 지지합니다 [조연우 님]	나를위한유세단 #조연우 #이재명 나를 위한 유세단 신청 방법 : https://bit.ly/3scR91e.	7603	3643	374
xMkX4_Cu-QM	D-4일, 득표 예측...이재명 8%p 격차로 당선 확실시	D-4일, 득표 예측...이재명 8%p 격차로 당선 확실시.	9615	9208	671
INyOGyHXOTc	이재명 타임지 기사에 열폭한 국힘에게 화끈 돌직구 '부러우면 님도 하지. 김대중 노벨상도 돈주고 샀다더니.'	이재명 후보의 타임지 인터뷰 기사에 국민의힘이 경기도 예산으로 광고비 지출을 한 댓가라며 황당 주장을 펼쳤다. 타임지가 지난 3 ...	874	309	20
eiTgbKtZI_Q	국회의원 유기홍이 말하는 이재명의 교육비전 [교육대전환위원회 유세현장]	이재명 선대위 교육대전환위원장 유기홍입니다. 대선이 코 앞입니다. 이재명 후보를 교육대통령으로 만들겠습니다! #이재명 #교육 ...	32	18	1
Il_Yc-Lxodc	[노웅래 의원실] 이재명 대선후보 부동산공약	[노웅래 의원실] 이재명 대선후보 부동산정책 #노웅래 #더불어민주당 #마포갑 #나를위해 #이재명 #경제대통령 #부동산정책.	3	0	0
t8KRKKjZlk4	윤석열을 찍으면 민주당이 망하고 이재명을 찍으면 대한민국이 망합니다	윤석열 #국민의힘 #대통령선거.	407	27	4
Vh7A-pmTVDI	[이재명의 부동산공약] 재건축 용적률 500% 인상! 세입자 우선 분양권!	이재명 #부동산공약 #송영길 #더불어민주당 ✓일시후원: 국민은행 794001-04-154041 서울의소리(강경자) ✓전화후원: 1877-1590 ...	2593	560	24
HtHfGMRmUBY	긴급! 선관위, 방금 대국민 충격 성명! 초유의 항명사태! 이재명 부정선거 막는다! 정권교체에 여러분의 힘을 모아 주십시오! 이재명 경악! 문재인 큰일났다! 06/03/2022!		852	50	1
qUSFXJ54RZc	이낙연도 투표 부실관리를 질타, 이재명은 엉뚱하게도 투표율이 높다며, '간절한 마음이 드러났다'고 밝혔다. 충격적인 입장차.왜?	이재명 지지 모임방에서 나온 글에도 '사전투표 문제 많이 언급하지 말자'라고 돼있어서 논란. 사전투표 파문 확산.	11490	2810	253
pd6jTV_6RrA	문재인 대통령 만세 이재명 만세 대한민국만세 대통령선거	문재인 #이재명 #윤석열 문재인 처단이유 전라도도민 필독.	40	2	0
0i0Slkt0-Rs	이재명후보 입장 국민의 최고의 세레머니! #시흥유세 역대최고인파	⑦ 19:00 '세계 5대 경제 강국 도약, 시흥에서 시작됩니다!' [시흥 유세] / 배곧신도시 광장(경기 시흥시 배곧동 217) #이재명 #사전투표 ...	531	159	15
GKb_NyaqVGE	윤석열 남양주 유세 현장.. 경기도 마저 이재명 버린 듯..	종이TV 자율구독료 ○ 카카오뱅크 3333-03-8393457 박ㅈㅇ 국민 632302-04-024991 박ㅈㅇ ○ 종이의 멤버십 ...	5544	1220	168
OIG_WPM0Pjw	산불 발생에 윤석열과 이재명의 극명한 차이... 권영세 '이재명은 10분 방문?'	권영세 #산불 #이재민 국민의힘 권영세 선거대책본부장이 22년 3월 6일 국회 본청에서 열린 확대선거대책회의에서 경북 울진지역 ...	5190	951	70
-HZwNF_wu0M	D-3 #이재명 후보 도봉구 유세현장 스케치!!(도봉산입구)	이재명 #우리를위해_이재명 #이재명은_합니다 후원 : (국민) 453201-04-048641 한민우 후원금은 현장에서의 활동비로 소중히 사용 ...	384	166	0
v668j3D0wNw	[이재명 레디고 10초] '당신의 용기에 더욱 힘을 얻어 반드시 승리합니다!'  (용기와 감동 그리고 승리 편)	이재명 #을지로위원회 #한통의_편지 #용기_감동 #희귀_난치병 #약자의_삶을_바꿀_유일한후보 #손잡고_함께 #을의든든한깐부 ...	425	178	6
OGOY9OtvToI	국민의힘이 말하는 이재명의 복지 지옥 실체! #Shorts	이재명 #복지지옥.	1170	175	27
IYwh5ez_xpk	'앞으로_제대로' 질풍가도 이재명 달리기 챌린지 (faet. 대구 민주당 유세단)	보부미디어 채널 좋아요, 구독하기, 알람 설정 부탁드립니다. 후원 카카오 뱅크 : 3333133550080 광고및 방송의견 ...	59	10	0
-eiWtQVnm0I	[ 이성구의 속물경제 소비자TV ] '이재명 경제공약의 허구' 토론회 / 앞시모 주최, 뉴데일리TV 후원	"안녕하세요! 이성구의 속물경제 소비자TV입니다. 이번 영상은 ""이재명 경제공약의 허구"" 라는 주제로 토론회를 가졌던 영상을 소개 ..."	72	38	4
HB3uAcSnrf8	푸틴 '우크라 군사 인프라 제거 작전 거의 종료'(종합) #이재명 #윤석열 #문재인 #박정희	"푸틴 ""우크라 군사 인프라 제거 작전 거의 종료""(종합) #이재명 #윤석열 #문재인 #박정희."	261	2	0
3yPvg0og5I8	2022.3.6. (생중계) 이재명 더불어민주당 후보 -  ‘성북·강북의 변화와 새로운 미래! 이재명이 앞장섭니다!’ [성북·강북 유세]	팩트TV 보도채널 추진 트레일러 방송 #팩트TV 플러스 제작 후원=보도채널 예비시청자위원 가입 □ 후원하기(링크클릭) ...	0	47	0
U1cYiRcLaU4	1번 이재명 영등포유세(기회가늘어나는이재명공약)	"나를위해 ,우리를 위해 이재명대통령!! 1번 평화, 2번 전쟁. ""저는 시장 때 권한은 드리되 책임은 제가 졌다. 잘하면 칭찬하고 승진시키고 ..."	12	1	1
jX7U_LNozHo	이재명 (경제대통령 응원하는 두 어르신)	"나를위해 ,우리를 위해 이재명대통령!! 1번 평화, 2번 전쟁. ""저는 시장 때 권한은 드리되 책임은 제가 졌다. 잘하면 칭찬하고 승진시키고 ..."	22	2	0
IZCwT_Yuz_k	#이재명, 3월 9일 성남의 국회의원들을 위해 흥겨운 로고송 파티 20220305	이재명은 1 정말 잘 했습니다, 합니다, 하겠습니다! 3월 9일 나를 위해 이재명! 우리 가족을 위해 이재명! 대한민국을위해 이재명!	3	0	0
5_4Cj1_WdBc	윤석열/이재명		3	0	0
CgEPYF2dyQI	대선전 마지막 &#39;통합지지율&#39;… 윤석열 44.3% vs 이재명 40.9%! 윤석열 환호! 이재명 얼굴 구겨졌다! 20대 대선 사전투표율 최종 36.93%…호남 폭발적 참여	이재명 #윤석열 #최종 승인 등급.	128	2	0
k2w2lRKnTbM	#이재명, 3월 9일 #노무현 #김대중 #문재인-아픈 그리움으로 하나가 되면, 다시 뭉치면 승리합니다	이재명은 1 정말 잘 했습니다, 합니다, 하겠습니다! 3월 9일 나를 위해 이재명! 우리 가족을 위해 이재명! 대한민국을위해 이재명!	12	0	0
XQbYtYrLJKA	나를위해 미래를위해...(이재명 경제대통령)	"나를위해 ,우리를 위해 이재명대통령!! 1번 평화, 2번 전쟁. ""저는 시장 때 권한은 드리되 책임은 제가 졌다. 잘하면 칭찬하고 승진시키고 ..."	5	1	0
WHSBK0P8Ues	[생방송] 이재명 후보, ‘사통팔달 도봉, 서울의 신경제중심지! 이재명은 합니다!’ (도봉산 입구)	[생방송] 이재명 후보, '사통팔달 도봉, 서울의 신경제중심지! 이재명은 합니다!' (도봉산 입구) #이재명 #도봉 #서울 #유세 #나를위해 ...	0	239	0
hwXcP5euPFo	이재명은 그때 왜 '선거 지면 감옥 갈 것 같다'는 말을 했을까?		4930	1095	46
I-rUjEpDSMI	[생방송] 이재명 후보, ‘은평 서울혁신파크를 서울의 새로운 지식 거점으로!’ (응암역 3번 출구 앞 교통섬광장)	[생방송] 이재명 후보, '은평 서울혁신파크를 서울의 새로운 지식 거점으로!' (응암역 3번 출구 앞 교통섬광장) #이재명 #은평 #서울 ...	0	25	0
c-pz0o_sBpE	초박빙 대선, 승패는 이것에 달렸다?	이재명 #윤석열 #대선 초박빙 대선, 승패는 이것에 달렸다? 00:00 오프닝 02:10 [20대 대선 승패 키워드1] 서울 잡는 자가 승리? 03:46 ...	1423	172	17
VhPOlGc6hCI	이재명 대통령후보 공식 (진또배기)	"나를위해 ,우리를 위해 이재명대통령!! 1번 평화, 2번 전쟁. ""저는 시장 때 권한은 드리되 책임은 제가 졌다. 잘하면 칭찬하고 승진시키고 ..."	4	1	0
BVFsm3MpVaM	2022.3.6. (생중계) 이재명 더불어민주당 후보 -  ‘위대한 국민의 선택! 이재명입니다!’ [용산 유세]	팩트TV 보도채널 추진 트레일러 방송 #팩트TV 플러스 제작 후원=보도채널 예비시청자위원 가입 □ 후원하기(링크클릭) ...	0	86	0
gFZpgIiA3nY	윤석열/이재명		10	1	0
kxizlpjJeck	사전투표 Vlog (1번찍고 1번남 되보자고)	투표 #사전투표 #vlog #이재명 #윤석열.	2308	1084	134
v_dwIOTni6M	1번 이재명 경제대통령(평화를 위한 선택)	"나를위해 ,우리를 위해 이재명대통령!! 1번 평화, 2번 전쟁. ""저는 시장 때 권한은 드리되 책임은 제가 졌다. 잘하면 칭찬하고 승진시키고 ..."	4	2	0
FOlpRsQ_Ei4	이재명 대통령 후보 공식 (나를 위해, 제대로)	"나를위해 ,우리를 위해 이재명대통령!! 1번 평화, 2번 전쟁. ""저는 시장 때 권한은 드리되 책임은 제가 졌다. 잘하면 칭찬하고 승진시키고 ..."	1	1	0
J1ttUIS9OeA	이재명 욕설과 법인카드 사이다 설명	이재명 가족간 욕설로 피해 본 사람 있을까요 그리고 성남시 위해서 일하는데 밥 사주고 술 사주고 기름 넣어줄려면 법인카드 쓰는게 ...	42	0	0
9olCFTSx_g8	이재명 대통령후보 공식(남행열차)	"나를위해 ,우리를 위해 이재명대통령!! 1번 평화, 2번 전쟁. ""저는 시장 때 권한은 드리되 책임은 제가 졌다. 잘하면 칭찬하고 승진시키고 ..."	4	0	0
5CTSH7iIc4w	이재명 대통령후보 공식 (안동역에서)	"나를위해 ,우리를 위해 이재명대통령!! 1번 평화, 2번 전쟁. ""저는 시장 때 권한은 드리되 책임은 제가 졌다. 잘하면 칭찬하고 승진시키고 ..."	2	0	0
ynHsFojB_sA	선넘은 국민의힘 &#39;고발 예고&#39; 윤석열 역풍 맞다! 네티즌 '평범한 여성 유권자 압박하는 조선일보와 이준석' - 오해풀고 이재명으로 모이는 2030 여성들 '너무 억울했을듯'	국민의힘여시네티즌고발예고 #조선일보이준석역풍맞은윤석열 #이재명으로모이는2030여성들 ▣ 황희두 멤버십 후원 ...	22102	13903	551
s471DzuYbPo	거북섬 게이트? 이재명 또?	출처ㅡ가세연.	83	18	1
HRWtQOTVHVI	이재명 대통령 후보 공식 (상상더하기)	"나를위해 ,우리를 위해 이재명대통령!! 1번 평화, 2번 전쟁. ""저는 시장 때 권한은 드리되 책임은 제가 졌다. 잘하면 칭찬하고 승진시키고 ..."	3	0	0
kpvDKaGq_-M	#이재명의 &#39;119캠페인&#39;, *특보단 동지여러분! 전화 문자 부탁 드립 니다!!		236	43	1
FNddOc07vSw	이재명 대통령후보 공식 (질풍가도)	"나를위해 ,우리를 위해 이재명대통령!! 1번 평화, 2번 전쟁. ""저는 시장 때 권한은 드리되 책임은 제가 졌다. 잘하면 칭찬하고 승진시키고 ..."	2	2	0
dipDEbFzMbM	[시민 발언대]🎤왜 이재명인가❓23년차 러시아엄마의 바램	이재명#지지연설 후원링크 ▷투네이션: https://toon.at/donate/637651943728289128 ▷페이팔: https://paypal.me/asatree1080.	24	12	1
jFQuKcR6U3A	이재명/정치는 국민이하는것이다		1	0	0
z_CBagXtD4E	황현필 역사학자-이재명 지지하는이유!! 권력을 누굴위해 사용하겠나?	"나를위해 ,우리를 위해 이재명대통령!! 1번 평화, 2번 전쟁. ""저는 시장 때 권한은 드리되 책임은 제가 졌다. 잘하면 칭찬하고 승진시키고 ..."	16	3	1
VVq1EXL1f14	이재명 그리고 김동연 통합정부 반드시 이루어 집니다	뉴스엔사람#구독#이재명#김동연#흙수저#통합정부#국민통합#단일화#승리#김의겸TV#오마이 뉴스#서울의 소리#열린공감TV# ...	1	1	0
JbUpNJwjuUo	이재명 고고고	이제 승리가 눈 앞이다.가즈아.	0	0	0
