ID	title	description	viewcount	likecount	commentcount
SJihkNApBEM	[현장영상] &#39;대선 D-2&#39; 윤석열 후보, 경기 하남 유세...안철수 지원 유세 / YTN	20대 대통령 선거를 이틀 앞두고 국민의힘 윤석열 대선 후보는 오늘(7일) 경기도 지역을 전방위로 훑으며 수도권 표심 잡기에 주력 ...	20856	534	232
5GvVz_xyNZA	[정치직격] “윤석열 찍지 않을 건 확실!”이라던 이상돈이 말하는 ‘안철수-윤석열’ 단일화의 역풍 - 이상돈 (전 의원), MBC 220307 방송	2022년 03월 07일 [김종배의 시선집중] | 출연 : 이상돈 전 의원 #정치직격 #이재명 #윤석열 #안철수 #야권단일화 #사전투표 #호남 ...	70374	7119	599
C2KqfXA88sQ	이병훈, '안철수가 사전투표율 끌어올렸다'	6일 오전 8시부터 10시까지 더불어민주당이 광주 무등산 증심사 입구에서 이재명 후보 집중 유세를 펼쳤습니다. 2백여명의 지지자 ...	149	2	3
pr79E4efUP8	[윤석열 국민의힘 후보, 경기 하남 유세] 3월 7일 (월) 풀영상 / 디지털Only	윤 후보 지지를 선언한 뒤 후보직을 사퇴한 국민의당 안철수 대표와의 두번째 합동 유세도 진행할 예정입니다. 윤 후보는 오전에 ...	9683	212	130
y9hzpSs1aIU	[돌발영상] 대단한 결심 (대통령 후보 사퇴한 안철수는 유세장에서 자신을 어떻게 소개했나?) / YTN	국민의당 안철수 대표가, 단일화 발표 후 처음으로 국민의힘 윤석열 후보 유세에 참여했습니다. 적극적으로 원팀을 강조하던 안철수 ...	7460	455	179
ijZsj7eNvOM	[윤석열 국민의힘 후보, 경기 구리 유세] 3월 7일 (월) 풀영상 / 디지털Only	윤 후보 지지를 선언한 뒤 후보직을 사퇴한 국민의당 안철수 대표와의 두번째 합동 유세도 진행할 예정입니다. 윤 후보는 오전에 ...	7542	280	231
ADwODYrd7Bw	[D-2] 윤석열 대선후보, 경기 하남 유세(안철수 지원) / SBS	SBS뉴스 #8뉴스 #실시간 #윤석열 #국민의힘 #대선 #후보 #경기 #하남 #안철수 #지원유세 으로 만나 보세요 라이브 뉴스 채널 SBS ...	39270	2187	382
GQJln0pT7OI	윤석열 ‘좌 철수, 우 준석’…安 “윤석열을 외치자”	"윤석열·안철수·이준석 '원팀 유세' 서울 광진서 윤석열·안철수 합동 유세 윤석열 ""더불어민주당이 아닌 더불어패거리당"" ※자세한 내용 ..."	1310	84	21
hTCRM19tRfg	승패 가를 중도·부동층 쟁탈전...D-2 대선 판세는? / YTN	[앵커] 제20대 대선, 이제 꼭 이틀 앞으로 다가왔습니다. 한 표라도 더 확보하기 위한 여야 후보들의 경쟁이 더 뜨거워지고 있는데요.	4591	73	97
lT7ZCYq1RR0	윤석열과 단일화에 역풍?...안철수 '언제는 나랑 단일화 하자면서?' 뼈직구	안철수 #국민의당 #백브리핑 국민의당 안철수 당대표가 22년 3월 7일 열린 마포 유세장에서 발언을 하고 있다. 시사포커스TV는 창간 ...	3784	1064	105
KgKcPQkxY_8	대선 D-2...이재명 &#39;경부선&#39;·윤석열 &#39;경기&#39; 유세  총력전 / YTN	이재명, 오늘 전국 거점도시 돌며 선거운동 윤석열, 사흘째 수도권 공략…중도층 표심 잡기 심상정, 경기 판교역 출근길 인사로 유세 ...	3041	27	65
lpjf-k-tKAM	[유세 현장] 서울 경의선숲길 공원에서 윤석열 없이 유세 펼친 안철수 '후보, 정권교체의 주역이 될 것'	안철수 #윤석열 #정권교체 #주역 #유세 안철수 국민의당 대표가 22년 3월 7일 서울 마포구 경의선숲길공원에서 열린 유세 현장에서 ...	2772	479	57
_4XBlOmUGII	[유세 현장] 안철수 합동유세 '동물과 사람의 차이점? 부끄러움을 안다는 것'	안철수 #합동유세 #윤석열 #국민의힘 #국민의당 안철수 국민의당 대표가 22년 3월 7일 경기 하남 유세장에서 국민의힘 윤석열 후보 ...	7472	1455	138
SW5ALky7sSk	안철수 사퇴 항의하는 재외국민들		8	1	0
m7qiUCIWrDY	안철수 하남 유세 발언 대박! 윤석열과 함께 민주당 척결! / 2022.03.07	윤석열 #안철수 #안철수연설 #하남유세 #안철수합동유세.	19396	2926	136
hqjpzoyt8wc	(현장중계) 윤석열, 안철수 공동 유세! 승리 선언 나왔다! 경기도 하남 스타필드 10만 군중 집결! 3월 9일 투표장으로!		69202	9637	87
c5C8cBuGIOc	국민통합정부!! 윤석열후보와 안철수대표	윤석열 #안철수 #국민통합.	431	107	8
3O8AkNbVsOk	[대통령당선예측18] 3월7일12시, 구글트렌드 5자 비교 - 이재명 윤석열 안철수 심상정 허경경, 대장동 특검하자는 이재명 후보에게 답하지 않은 윤석열	[대통령당선예측18] 3월7일12시, 구글트렌드 5자 비교 - 이재명 윤석열 안철수 심상정 허경경, 대장동 특검하자는 이재명 후보에게 답 ...	4945	1677	139
ZA-UER5wHzc	‘완주 의지’ 밝힌 심상정…“거대 양당 사이에 나만 남아”	"심상정, 양당체제 종식 위한 '소신투표' 호소 심상정 ""안철수 후보가 尹에 무릎 꿇어"" 심상정 ""저는 제3의 길 꿋꿋이 가겠다"" ※자세한 ..."	263	11	4
QfbzzxPpVIk	(신혜식의 대선현장중계) 윤석열·안철수 합동 유세에 하남 도심 마비! 안철수 중대 발언 대박! / 2022.03.07	하남유세 #안철수합동유세 #경기도유세 #윤석열유세 #부정선거 #확진자투표 #단일화 #안철수 #윤석열 #대선유세 #하남 #경기도 ...	104441	14077	118
htiBL6qmtfY	Live-산불/역대급 사전투표/박근혜 딥블루 옷/김만배-윤석열-박영수/이재명 TIME지/1번남vs 2번남//미리 튄 안철수?/김건희 상습 체납	멤버쉽 링크 - https://www.youtube.com/channel/UCkI2g2FvX-haxXqqDMqc96A/join 송작가TV몰 링크 ...	12106	10987	24
vz3yyAKid4Q	🔴[LIVE] 윤석열 국민의힘 후보, 경기 시흥 유세 / 디지털Only	윤석열 국민의힘 후보는 오늘(7일) 경기 집중 유세에 돌입합니다. 윤 후보 지지를 선언한 뒤 후보직을 사퇴한 국민의당 안철수 대표와 ...	0	1	0
Y995QUUpCns	[정권교체) 윤석열 안철수 통합 후 첫 이천 유세, 이천에서 대한민국으로	상식이 통하는 공정한 대한민국 부정, 부패없는 정의로운 대한민국 우리 국민이 원하는 대한민국 이천에서 시작된 통합의 힘으로 ...	24	3	1
0wlwTfNhnwM	윤석열후보, 안철수 대표와 합동유세(경기 이천)		253	64	10
P12OShWyhaY	[LIVE] &#39;김만배 녹취록&#39; 공방 가열 / 선관위 &#39;부실 관리&#39; 논란 / 송영길 피습 / 22년 만에 최대 산불 - 주영진의 뉴스브리핑 3/7(월) | SBS 모바일24	주영진의뉴스브리핑 #김만배녹취록 #선관위부실관리 #송영길피습 #이재명 #윤석열 #심상정 #안철수 #대통령 #대선 #투표 #산불 ...	8242	136	0
lU8QzNQ2NAU	국민의힘 윤석열, '시민이 행복한 나라, 시민이 주인 되는 나라' 경기 하남 유세 - [끝까지 LIVE] MBC 중계방송 2022년 03월 07일	윤석열 국민의힘 대선후보는 3·9 대선을 이틀 앞둔 오늘(7일) 이재명 더불어민주당 대선후보의 정치적 기반인 경기도에서 표심 공략에 ...	13118	140	137
dosN4tp2l8I	국민의힘 윤석열, '조선왕조 500년 세계문화유산의 도시 구리의 품격' - [끝까지 LIVE] MBC 중계방송 2022년 03월 07일	윤석열 국민의힘 대선후보는 3·9 대선을 이틀 앞둔 오늘(7일) 이재명 더불어민주당 대선후보의 정치적 기반인 경기도에서 표심 공략에 ...	8290	90	129
-Skixn6FN58	현근택 '윤석열 커피 한잔 조사 수상' vs 김근식 '녹취록 공개시점 수상'	〈민주당 선대위 현근택 대변인〉 김만배 녹취록 '박영수-윤석열-조우형' 연결 투표 공작? 일부러 집값 올려? 尹 극우본색 안철수-윤석열 ...	17915	660	334
Jjp9ldQTSp8	안철수 유세를		1	0	0
nmgD5Mn74CU	[황보선의 출발 새아침] FULL다시보기 l 이재명 막판 승부수 있나? &#39;윤석열 커피&#39; 김만배 녹취록, 누가 거짓말을 하나? &#39;1번 이재명&#39; 기표지, 선거법 위반? l 220307	"YTN FM 94.5MHz 우리의 이슈가 뉴스를 바꿉니다. 세상을 깨우는 ""황보선의 출발 새아침"" 중심잡힌 시선으로 가장 뜨거운 이슈를 ..."	25269	1070	61
J93Xn8WO9iM	[LIVE] 권영세 '지긋지긋하고 고통스러웠던 민주당정권이 문 닫을 날이 이틀 앞으로 다가왔다. 윤석열 안철수 단일화 역풍? 민심 태풍에 휩쓸려봐야 정신 차릴 것' / 정중규	권영세 국민의힘 선거대책본부장은 7일 더불어민주당이 '윤석열 국민의힘 대선후보와 안철수 국민의당 대선후보의 단일화 이후 역풍 ...	59	7	0
TByf9rbBlpA	박근혜,묶음머리에 남색외투입고 투표한 진정한 이유는#트럼프도 놀랄 이재명 기표용지#尹-安단일화역풍?호남민란인가?#文 겁먹고있나#이준석 안철수 웃을 날 얼마?#보수우파 역결집이 관건	윤창중칼럼세상은 보수우파의 집권이 목표입니다. 실현 가능한 해법과 방향을 분명히 제시합니다. 윤칼세를 도와주십시오. 윤칼세TV ...	9325	1644	72
XNuvXeqvLTw	국민의힘 윤석열, “시흥스마트허브 잘 키워서 대한민국 미래 먹거리 마련하겠습니다” - [끝까지 LIVE] MBC 중계방송 2022년 03월 07일	윤석열 국민의힘 대선후보는 3·9 대선을 이틀 앞둔 오늘(7일) 이재명 더불어민주당 대선후보의 정치적 기반인 경기도에서 표심 공략에 ...	0	3	0
V_ftGzEYthg	윤석열, 안철수 공동유세 경기도 하남 .민주당 텃밭  난리났다!!	현장 뉴스 방송은 옥탑방 김기자 자율구독료 502-033 203-01-014 기업 박** 언제나 초심!!	2947	560	4
kthbOSEP9W8	[풀영상] #안철수-국민의힘 마포을 집중유세 with.김기현,박성중 등 (22.03.07)	국민의힘 #안철수 #마포 #집중유세 [풀영상] #안철수-국민의힘 마포을 집중유세 with.김기현,박성중 등 (22.03.07) 시사포커스TV는 ...	5012	2033	81
zW4otXfRZ2Y	가세연(가로세로연구소)의 안철수 협박이 윤석열과의 단일화 이유인듯.	가세연이 안철수 윤설열의 단일화 이전에, 추악한 파일을 가지고 단일화강제 협박을 한 사실이 있었습니다. 대선후보가 협박을 당하고 ...	3	0	0
dDz1NHmSn_0	이재명 '실적으로 실력 검증'…윤석열 '부패정권 교체해야' / 연합뉴스TV (YonhapnewsTV)	"이재명 ""실적으로 실력 검증""…윤석열 ""부패정권 교체해야"" [앵커] 대선을 이틀 앞두고, 더불어민주당 이재명 후보는 제주를 시작으로 ..."	529	10	14
oTfEu7LUAbs	매국 정치인과 민주 정치인 마인드 차이	한국정치 #대통령선거 #이재명 #윤석열 #안철수 #송영길.	7	0	0
JtKvc6110oQ	김만배녹취록 보도는 오히려 이재명몸통만 재확인! 2022.3.7 오전11시	뉴스타파의 김만배녹취록 보도는 내용이 일방적 비상식적이어서 오히려 이재명에 역풍 #윤석열#이재명#안철수#심상정#대장동비리.	5428	2650	148
YMgZ9COD52Y	[뉴스특보] 이준석 '높은 사전투표율…정권교체 의지 반영' [뉴스와이드]	[출연자] 이준석 / 국민의힘 대표 전 미래통합당 최고위원 전 바른미래당 최고위원 전 새누리당 비상대책위원 [인터뷰 전문] 앵커) ...	0	1	1
90cCCHgJaDI	윤석열 안철수 유세 파이팅		0	0	0
JA2jMKHdPiE	김동연 '2월에 이재명·윤석열 모두 만나 숙제 내줬다'	이재명·윤석열에 개헌 등 정치개혁 제안 * 윤석열은 별 고민 없고 이재명은 적극적 * 부동산 정책 차이? 이재명과 손발 맞아 * 다당제 ...	7046	326	85
98fTZdoHT3A	#윤석열유세#이재명김부선#이재명유세#윤석열녹취록#윤석열이재명#윤석열어퍼컷#윤석열안철수단일화#윤석열사전투표#윤석열성대모사#이재명윤석열#이재명tv#이재명욕설#김건희녹취록#shorts		922	15	0
JN8E7qlY6MA	[김종배의 시선집중][FULL] &amp; [정치직격]│역대 최고 사전투표율, 판세에 미칠 영향은?│동해안 대형 산불, 현장 진화 상황은│[송영길·김재원·이상돈], MBC 220307방송	2022년 3월 7일 월요일 #시선집중 #정치직격 #MBC라디오 1부 [JB TIMES] #사전투표 #김만배녹취록 #부산저축은행 · 기표가 된 ...	158687	7308	431
xDe5BA9N8P8	[윤석열 국민의힘 후보, 경기 안양 유세] 3월 7일 (월) 풀영상 / 디지털Only	윤석열 국민의힘 후보는 오늘(7일) 경기 집중 유세에 돌입합니다. 윤 후보 지지를 선언한 뒤 후보직을 사퇴한 국민의당 안철수 대표와 ...	6066	265	24
4d02T57h7bM	[정권교체] 윤석열 후보 이천유세 영상	"'윤석열! 윤석열!' 외친 안철수…이천서 첫 공동유세 ""현 정권 들어와서 얼마나 삶이 고달픈가. 정권교체는 이 시대의 가장 중요한 과제 ..."	3	0	0
qc9SKYJzG-Y	■자칭 지도자란 놈들이 모조리 쇼시오패스였다!  환자들이 너무 많다!	명진스님 #지공스님 #구도의여정 #민족의교시 #민족의대서사시 #정법 #정법강의 #정법시대 #혜공신경애 ##바보도사 #목격자 ...	1374	53	5
En64vhssMgg	■[김만배 녹취록 오픈] 인면수심 ; 얼굴은 사람의 모습을 하였으나 마음은 짐승과 같다는 뜻, 흉악하고 음탐한자들을 이르는 말	명진스님 #지공스님 #구도의여정 #민족의교시 #민족의대서사시 #정법 #정법강의 #정법시대 #혜공신경애 ##바보도사 #목격자 ...	1404	66	3
0qec-e6K2IA	(ㅋㅋ바보는 기본) 저런 사람 뽑아야해? 인품은 부족하고 성격은 포악하고 생각은 없는 후보! /양아치인지 후보인지! /윤석열지지도 /윤석열지지율 /윤석열 이재명/ 김건희 윤석열	윤석열의 인품을 분석해봤습니다. 부족해도 무 부족하구나! *영상 -sbs/mbc/ytn (영상내의 자막은 제작진의 자의적 해석입니다) ...	5403	1160	100
7nXEAumzvoI	[최경영의 최강시사] 역대최고 사전투표율 의미는? - 진성준 의원 (더불어민주당), 성일종 의원 (국민의힘)｜KBS 220304 방송	[최고의 정치] ㆍ역대최고 사전투표율 의미는? ㆍ확진자 사전투표 관리부실 선관위 사과 ㆍ운명의 대선주간, 막판 표심은? ㆍ윤석열- ...	9673	312	145
