ID	title	description	viewcount	likecount	commentcount
wGsHFjQPVko	[이재명 더불어민주당 후보, 제주 유세] 3월 7일 (월) 풀영상 / 디지털Only	이재명 더불어민주당 대선 후보는 오늘(7일) 제주 유세를 시작으로 경부선 '상행선'을 타고 올라오는 집중 유세를 펼칠 예정입니다.	10223	744	102
ORXBdlCHY6k	이재명-윤석열 선거 막판 ‘수도권 대전’	"이재명-윤석열 선거 막판 '수도권 대전' 이재명-윤석열, 마지막 휴일 수도권서 '부동산' 공략 이재명 ""실용 통합정부 명운 걸고, 부동산 ..."	670	32	6
j8Gloladylk	더불어민주당 이재명, ‘놀멍쉬멍 평화 제주! 느영나영 모두를 위해 이재명!’ - [끝까지 LIVE] MBC 중계방송 2022년 03월 07일	이재명 더불어민주당 대선후보는 3·9 대선을 이틀 앞둔 오늘(7일) 제주 유세를 시작으로 경부선 '상행선'을 타고 올라오는 유세 강행군 ...	32229	3493	288
Gc21rzt0bF0	[D-2] 이재명 대선후보, 제주 유세 / SBS	SBS뉴스 #8뉴스 #실시간 #이재명 #더불어민주당 #대선 #후보 #제주 로 만나 보세요 라이브 뉴스 채널 SBS 모바일24 ▷SBS 뉴스로 ...	6849	173	103
d1tbsdWAECQ	국민의힘 '김만배 녹취록, 이재명 수준에 맞는 적반하장' / YTN	국민의힘은 윤석열 후보가 부산저축은행 수사 당시 브로커를 봐줬다는 김만배 씨 녹취록에 대해 선거 막바지 민주당의 아니면 말고 식 ...	10148	233	586
KgKcPQkxY_8	대선 D-2...이재명 &#39;경부선&#39;·윤석열 &#39;경기&#39; 유세  총력전 / YTN	이재명, 오늘 전국 거점도시 돌며 선거운동 윤석열, 사흘째 수도권 공략…중도층 표심 잡기 심상정, 경기 판교역 출근길 인사로 유세 ...	3041	27	65
iWTY4dfwRQg	MBN 주최 이재명 대선 후보 &#39;청년 공약&#39; 메타버스 대담 [MBN 특별편성]	【 앵커멘트 】 여러분, 안녕하십니까. MBN이 주최하는 이재명 더불어민주당 대선 후보 청년 공약 메타버스 대담 진행을 맡은 오태윤 ...	1981	49	25
tNAZtkUMTik	[대선 2022] 이재명 '173석 활용해 신속하게 일처리'…서울 민심 달래기 [굿모닝 MBN]	【 앵커멘트 】 대통령 선거인 9일 수요일까지 이제 이틀 밖에 남지 않았습니다. 대선 전 마지막 휴일인 어제(6일), 대선 후보들은 선거 ...	1510	43	25
aHFH3e-tMWg	[풀영상] 더불어민주당 이재명 후보, 제주 유세/3월 7일(월)	더불어민주당 이재명 대선 후보는 오늘(7일) 제주를 찾아 유세를 이어갔습니다. 공식선거운동 이후 처음으로 제주를 찾은 이 후보는 ...	5848	388	70
esS7dk6pq9U	대선 D-2…이재명 &#39;경부선&#39; · 윤석열 &#39;경기권&#39; 공략 / SBS	제20대 대통령 선거가 이제 이틀 앞으로 다가왔습니다. 오늘(7일) 민주당의 이재명 대선후보는 제주를 시작으로 부산과 대구, 대전 등 ...	1179	7	25
LnOfIns1S_o	이재명, 제주→부산→대구→대전 강행군...표심 다지기 / YTN	[앵커] 대선이 불과 이틀 앞으로 다가오면서 여야 대선 후보들은 막판 유세 총력전에 뛰어들었습니다. 국회 특별 스튜디오와 여야 후보 ...	646	33	15
MnXd_nqVu9w	윤석열 &#39;이재명 안방&#39; 경기도 공략...&#39;운동권&#39; 비판 / YTN	[앵커] 이번엔 윤석열 후보 유세장으로 가보겠습니다. 윤 후보, 오늘은 이재명 후보의 안방이라고 할 수 있는 경기도를 집중적으로 공략 ...	1885	32	68
7PnzxD0pj0A	[LIVE] 이재명 후보, 제주 유세		75642	14268	383
ZZ_Wxxewvy0	[데이터M] 후보별 토론 전략?…이재명 &#39;전방위 공격&#39; 윤석열 &#39;집중 공격&#39; [굿모닝 MBN]	【 앵커멘트 】 MBN 데이터취재팀이 지난 한 달간 다섯 차례의 TV 토론을 펼친 대선 후보들의 토론 발언 전체를 분석해봤습니다.	494	14	9
uFiTyL0t7Ow	[생중계] 이재명 후보, ‘놀멍쉬멍 평화 제주! 느영나영 모두를 위해 이재명’ 제주 유세 (2022.03.07 오전)	[생중계] 이재명 후보, '놀멍쉬멍 평화 제주! 느영나영 모두를 위해 이재명' 제주 유세 (2022.03.07 오전) #이재명 #제주 #유세 #2022 ...	142747	0	1098
nmgD5Mn74CU	[황보선의 출발 새아침] FULL다시보기 l 이재명 막판 승부수 있나? &#39;윤석열 커피&#39; 김만배 녹취록, 누가 거짓말을 하나? &#39;1번 이재명&#39; 기표지, 선거법 위반? l 220307	"YTN FM 94.5MHz 우리의 이슈가 뉴스를 바꿉니다. 세상을 깨우는 ""황보선의 출발 새아침"" 중심잡힌 시선으로 가장 뜨거운 이슈를 ..."	25269	1070	61
IvifFH7uJ7I	국민을 행복하게 만드는 이재명의 약속	방송연설 #돌봄 #복지국가 #투표일 2022.03.09.(수) #투표시간 오전 6시 ~ 오후 6시 (※ 코로나19 확진·격리 유권자: 오후 6시 ~ 오후 ...	6514	2431	374
JA2jMKHdPiE	김동연 '2월에 이재명·윤석열 모두 만나 숙제 내줬다'	이재명·윤석열에 개헌 등 정치개혁 제안 * 윤석열은 별 고민 없고 이재명은 적극적 * 부동산 정책 차이? 이재명과 손발 맞아 * 다당제 ...	7046	326	85
rc_j7u9aw4M	김만배 '이재명 공산당 같은 X끼' [아침옳소] 0307	"[힐로소피 안내]** ○ 구매링크 : https://healosophy.co.kr ○ 문의전화 : 010-7411-0123 ○ 힐로소피 ""옳은소리"" 이벤트! 1. 3개이상 ..."	25838	5950	55
N3ABOttjIMQ	내가 이재명을 지지하는 이유 [가수 이규석 님]	지지선언 #가수 #이규석 #투표일 2022.03.09.(수) #투표시간 오전 6시 ~ 오후 6시 (※ 코로나19 확진·격리 유권자: 오후 6시 ~ 오후 7 ...	6543	3260	182
LzprdlfO0ic	D-3일 득표율 예측...이 47% vs 윤 38%	D-3일 득표율 예측...이 47% vs 윤 38%	68136	11829	814
j6E17sZMTrw	이재명-윤석열 같은 장소 다른 발언-1	이재명 #윤석열 #양산.	4020	101	8
JtKvc6110oQ	김만배녹취록 보도는 오히려 이재명몸통만 재확인! 2022.3.7 오전11시	뉴스타파의 김만배녹취록 보도는 내용이 일방적 비상식적이어서 오히려 이재명에 역풍 #윤석열#이재명#안철수#심상정#대장동비리.	5428	2649	148
D7DGer5hlJU	Live ｜ 더불어민주당 이재명 후보 제주동문로터리 유세	제주MBC 공식 유튜브 채널입니다. 계정 메시지나 댓글로 제보주세요. ▷ 제주MBCNEWS 유튜브 ...	44	7	0
dDz1NHmSn_0	이재명 '실적으로 실력 검증'…윤석열 '부패정권 교체해야' / 연합뉴스TV (YonhapnewsTV)	"이재명 ""실적으로 실력 검증""…윤석열 ""부패정권 교체해야"" [앵커] 대선을 이틀 앞두고, 더불어민주당 이재명 후보는 제주를 시작으로 ..."	529	10	14
AV8btQjao-Q	가수 강산에 님께서 연단에 올랐습니다	제주 #유세 #지지연설 #투표일 2022.03.09.(수) #투표시간 오전 6시 ~ 오후 6시 (※ 코로나19 확진·격리 유권자: 오후 6시 ~ 오후 7시 ...	7372	2714	135
LC7Cr7HG_Tk	내가 이재명을 지지하는 이유 [서예가 강병인]	서예가 #강병인 #지지선언 #문화강국 #투표일 2022.03.09.(수) #투표시간 오전 6시 ~ 오후 6시 (※ 코로나19 확진·격리 유권자: 오후 6 ...	3442	1939	49
YQ4QuvuQIBk	2022.3.7. (생중계) 이재명 더불어민주당 후보 - ‘놀멍쉬멍 평화 제주! 느영나영 모두를 위해 이재명!’[제주 유세]	팩트TV 보도채널 추진 트레일러 방송 #팩트TV 플러스 제작 후원=보도채널 예비시청자위원 가입 □ 후원하기(링크클릭) ...	9594	1548	29
FL5CnCermyw	‘1번 이재명’ 기표지, 무효표되나? [황보선의 출발 새아침] / YTN라디오	YTN라디오(FM 94.5) [황보선의 출발 새아침] 우리의 이슈가 뉴스를 바꿉니다. 세상을 깨우는 황보선의 출발 새아침 중심잡힌 시선으로 ...	2581	185	26
gxsg-Tpz414	[공유] 준비된 대통령. 이재명입니다	공유영상 : 유튜브 '델리민주' https://youtu.be/HodXygNDiUc #이재명 #새로운세계 #기호1번 #Shorts.	1044	231	6
irUgz4Rouis	[공유] [TV광고] 이재명이 보내는 일곱번째 메시지 [선택]편	공유영상 : 유튜브 '델리민주' https://youtu.be/4HATT6btE0E #TV광고 #나를위해 #이재명 #대선광고.	718	394	8
D0CzcGgFMK8	[대선 D-3] 제주공항, 이재명후보 만나씨유	이재명 #제주공항 #제주도 ✓일시후원: 국민은행 794001-04-154041 서울의소리(강경자) ✓전화후원: 1877-1590 ✓정기후원: ...	10629	2352	134
FxEdc9Pb76g	이재명 '대장동 몸통은 윤석열'…부산 유세 현장 / 연합뉴스TV (YonhapnewsTV)	"이재명 ""대장동 몸통은 윤석열""…부산 유세 현장 [앵커] 대선이 이틀 앞으로 다가왔습니다. 제주에서 일정을 시작한 더불어민주당 ..."	168	9	9
45zg2VVvqR0	[송국건의 혼술] 이재명 “잘못하면 또 촛불 들고 보도블럭 깨는 일 생길 수도”	이재명 '윤석열 식물 대통령' 만들겠다 선언 이재명 “김종인이 172석 민주당 의석 잘 활용하라고 하더라” 무슨 의미? 윤석열 “사전투표 ...	43128	9924	1128
zViZe_OKAY4	[공유] 막힌 속, 뻥 뚫리는 기호1번 이재명 [배우 김하균 님]	공유영상 : 유튜브 '이재명' https://youtu.be/3YXAwbRdfhk #개비스콘좌 #소화제짤 #김하균 #배우 #이재명 #지지선언 #유능한경제 ...	648	327	11
-O9tdKim2hA	김만배 '이재명 x같은 새끼, xx놈, 공산당 같은 새끼'	이재명 #대장동 #진실 뉴스타파에서 공개한 김만배 녹취록입니다.	311	63	1
MJPR1vMiwIw	변발헤-박근혜,파란옷/TIME,이재명/김만배-윤석열/2번남	멤버쉽 링크 - https://www.youtube.com/channel/UCkI2g2FvX-haxXqqDMqc96A/join 송작가TV몰 링크 ...	8233	2494	55
ZjeGGXFqf78	이재명 후보 공직선거법 무죄 판결낸 노정희 대법관, 애초 중앙선관위원장에 앉히면 안될 판사였다!	후원계좌 신한은행 304 04 253850 This stream is created with #PRISMLiveStudioㄴ.	15274	2881	112
_GRrgK4SRcc	더불어민주당 이재명, &#39;이재명 준비됐나! 준비됐다!&#39; 부산 유세 - [끝까지 LIVE] MBC 중계방송 2022년 03월 07일	이재명 더불어민주당 대선후보는 3·9 대선을 이틀 앞둔 오늘(7일) 제주 유세를 시작으로 경부선 '상행선'을 타고 올라오는 유세 강행군 ...	41366	3502	0
UtwwuB1uUEI	[대선 D-3] 제주서 이기면 승리! 이재명 제주도 연설!	이재명 #제주도 #햇빛연금 ✓일시후원: 국민은행 794001-04-154041 서울의소리(강경자) ✓전화후원: 1877-1590 ✓정기후원: ...	6100	1630	95
9WuLdPkKqDk	이재명 한표 차이로 대통령 결정되면 어떻게 하지? 댓글 반응 #shorts	"이재명 ""한표 차이로 대통령 결정되면 어떻게 하나"" 투표 호소 #이재명 #이재명대통령."	229	4	0
WTaNQkzWP2k	문재인 이재명을 반대하지만 그렇다고 윤석열 지지자 아님 #shorts		1294	9	0
AEa9hqsKcrg	시민사이다 ‘안동의 아들&#39; 이재명이 고향을 찾았습니다.	'안동의 아들' 이재명이 고향을 찾았습니다. ♡애정♥️이 가득한 눈으로 이재명 후보를 외치는 시민들을 안동 웅부공원에서 ...	531	185	4
fa-9N9AG0sI	뽐뿌 회원 여러분, 안녕하세요! 더불어민주당 대통령 후보 이재명입니다.	뽐뿌 회원 여러분, 안녕하세요! 더불어민주당 대통령 후보 이재명입니다. 첫 인사를 왔던 글을 다시 보니 조회수가 5만을 넘었네요.	4469	485	40
9ttJoJbU0qo	비판적 교수들 이재명후보 지지 회견LIVE	일시후원: 국민은행 794001-04-154041 서울의소리(강경자) ✓전화후원: 1877-1590 ✓정기후원: ...	23697	4083	206
aXrTtVS3VVw	🔴[LIVE] 이재명 더불어민주당 후보, 부산 유세 / 디지털Only	이재명 더불어민주당 후보는 오늘(7일) 제주 유세를 시작으로 경부선 '상행선'을 타고 올라오는 집중 유세를 펼칠 예정입니다. 이 후보 ...	7599	411	0
Ioq9qa1bCZg	[이재명 제주 유세] ‘놀멍쉬멍 평화 제주! 느영나영 모두를 위해 이재명!’  / 제주 동문로터리	이재명 은 합니다 자발적 시청료 후원 계좌 안내 : 농협 150030-52-139080 진정화 바른소리TV 멤버십 가입하기 ...	13969	2947	25
zO9Zb9bDxEI	[풀영상] 더불어민주당 이재명 대선 후보, 제주 유세 'D-2' (22.03.07)	"더불어민주당 #이재명 #제주 #유세 #Live [풀영상] 더불어민주당 이재명 대선 후보, 제주 유세 ""D-2"" (22.03.07) 시사포커스TV는 창간 ..."	4288	78	35
lBViEb7NWp0	② 13:30 &#39;이재명 준비됐나! 준비됐다!&#39; [부산 집중 유세] / 부산 구 미화당백화점	3/7 이재명 대통령 후보 일정 ① 10:20 '놀멍쉬멍 평화 제주! 느영나영 모두를 위해 이재명!' [제주 유세] / 제주 동문로터리(제주 제주시 ...	171	33	0
PjTRhMYvklg	[LIVE] &#39;대선 D-2&#39; 이재명 후보, 부산 창선삼거리 유세 / YTN	이재명, 'D-2' 전국 순회 총력전…마지막 부산 유세 #YTN #이재명 #2022대선 #이낙연.	9172	373	0
