ID	title	description	viewcount	likecount	commentcount
qNjOAkw_dpI	[윤석열 국민의힘 후보, 제주 유세] 3월 8일 (화) 풀영상 / 디지털Only	윤석열 국민의힘 대통령후보는 대선 전날인 오늘(8일) 제주도에서 시작해 부산과 대구, 대전을 거쳐 서울에서 22일간의 선거운동을 ...	14380	801	353
Oyziw54c4lA	국민의힘 윤석열, '제주와 함께 승리합니다' 제주도 거점 유세 - [끝까지 LIVE] MBC 중계방송 2022년 03월 08일	윤석열 국민의힘 대선후보는 오늘(8일) 제주에서 하루를 시작한 뒤 부산부터 경부선 상행선을 따라 서울로 올라오는 유세를 펼칩니다.	9495	181	184
UsYPgng9WPY	[풀영상] 국민의힘 윤석열 후보, 제주 유세/3월 8일(화)	국민의힘 윤석열 대선 후보는 대선을 하루 앞둔 오늘(8일) 제주에서 유세를 시작했습니다. 윤 후보는 제주를 찾아 시민들을 만나고, ...	5676	232	70
9Zs_YNPomns	이재명 후보는 임대차법도 종부세도 유지! 윤석열은 둘다 전면재검토!! 공급 확대는 동일!!!	0. 지금 필요한 부동산 대출을 모두 해결해 드리기 위해 준비했습니다! https://www.smarttube.kr/web/39?wmod=detail&idx=145 1.	8072	797	8
vvb6cAQNSv4	[Live] 3월 8일 '제주와 함께 승리합니다' 제주도 거점유세		26943	11662	618
bih5FYME90c	[생중계] 대선 D-1, 윤석열 후보'제주와 함께 승리합니다' 제주도 거점유세 (2022.03.08 오전)	"[생중계] 대선 D-1, 윤석열 후보""제주와 함께 승리합니다"" 제주도 거점유세 (2022.03.08 오전) #윤석열 #제주 #유세 #2022대선 #국민 ..."	29569	0	305
9osdIjNRFTU	변발헤-이코노미스트,문대통령 보도/이재명,국정안정론/윤석열,성접대 의혹	멤버쉽 링크 - https://www.youtube.com/channel/UCkI2g2FvX-haxXqqDMqc96A/join 송작가TV몰 링크 ...	6086	2347	38
VOiUS6NzdYc	[LIVE] 윤석열 후보, '제주와 함께 승리합니다' 제주도 거점 유세 / YTN	20대 대선을 하루 앞둔 오늘(8일) 국민의힘 윤석열 후보는 제주에서 서울로 이어지는 전국 거점 도시를 훑으며 공식선거운동을 마무리 ...	13475	429	218
KqAXpuOMvuA	3/8 (화) 이재명 수행비서 녹취록 공개/박영수-윤석열 거론한 김만배 녹취, 파장은?/사전투표 부실관리, 수사가능성은?/각 당의 산토끼 잡기 전략 (권지웅, 박민영, 오현주)	2022년 3월 8일 화요일 SBS 김태현의 정치쇼 생방송 [1부] 뉴스 온더 블럭 - 박수진 SBS 기자 [2부] 변언유착 - 이재명 수행비서 녹취록 ...	468	11	5
oDc2-wulcYw	[현장연결] 윤석열 '제주 제2공항 빠르게 추진…주민 의견 수용할 것' / 연합뉴스TV (YonhapnewsTV)	"[현장연결] 윤석열 ""제주 제2공항 빠르게 추진…주민 의견 수용할 것"" 대선을 하루 앞둔 오늘(8일) 국민의힘 윤석열 후보는 제주에서 ..."	1521	87	34
FILCyYfNy6g	국민의힘 윤석열 대선후보지원 나경원 전원내대표 칠성시장유세	국민의힘#대선후보#윤석열#나경원#대구#칠성시장#	56	5	1
DsTKRsTzsa4	윤석열후보 제주 유세	국민의힘 #제주도당 #윤석열후보.	8	0	0
nQtMG2RS5lI	[황보선의 출발 새아침] FULL 다시보기 l 윤석열, 이재명, 심상정 마지막 지지 호소, 케이윌은 안되고 김희철은 되는 이유, 송영길 신촌 망치 피습 l 220308	"YTN FM 94.5MHz 우리의 이슈가 뉴스를 바꿉니다. 세상을 깨우는 ""황보선의 출발 새아침"" 중심잡힌 시선으로 가장 뜨거운 이슈를 ..."	8465	340	8
2Sm_pgdYGAA	[자막뉴스] 김만배 육성 녹음 속 &#39;윤석열과 박영수&#39;...진실은? / YTN	뉴스타파 전문위원인 신학림 전 언론노조 위원장이 밝힌 김만배 씨 육성 녹음 시점은 검찰의 대장동 수사가 본격화하기 직전인 지난해 ...	6294	420	168
HqG8JsmmAWA	윤석열의 부정식품, 이재명의 과일 #Shorts	서민에 대한 윤석열과 이재명의 확연한 인식 차이.	1273	49	4
KrLaXt4Kj0k	'이재명 승리' 유시민 예언.. 초조한 윤석열 어쩔; (안철수 당황시킨 윤석열 막말을 받아친 이재명.. 역시 천재다')	채널에 가입하여 혜택을 누려보세요. https://www.youtube.com/channel/UCXizVvs2c7LtFZAu25sK5Fg/join [이재명 후원회 홈페이지] ...	43339	10022	565
c9gRufQ-Jmc	윤석열의 갑분 언론노조 때리기?🙄 그 날 저녁에 무슨일이?👀	윤석열 #왜인가 #했더니 #shorts.	1180	319	15
J4BJjWeZ4AM	당직자에게 삿대질은 왜? 버럭 윤석열		31615	4857	732
FXjfhFPc2-Y	[마지막 유세] 이재명, 윤석열, 심상정은 왜 하필 그곳을 택했나?	라이브 방송 안내 뉴스쇼 라이브 방송 | 매주 월~금 오전 7시20분~9시 댓꿀쇼 라이브 방송 | 뉴스쇼 본방송 끝나자마자 이어서 오전 9시 ...	3628	187	14
02xx13jK3DU	윤석열, 문제적 인간! 박지원이 밝힌 윤석열 과거 실수! 이 고소 라는 것은 무엇입니까! 윤석열이 황교안의 호기심에 도전했다.	윤석열, 문제적 인간! 박지원이 밝힌 윤석열 과거 실수! 이 고소 라는 것은 무엇입니까! 윤석열이 황교안의 호기심에 도전했다.	4171	98	14
AkjUuAWIDWE	대한민국 제20대 대통령 윤석열✌️✌️	윤석열 #대통령 #대통령선거.	880	12	2
4w7j1-xcEfQ	“아빠,울어..” 윤석열이 덮어준 대장동 부산저축은행 자살자가족의 아들이 윤석열에 사전투표했다가 울었다는 기막힌 사연이다 #Shorts		1501	432	6
a9aVMP9H2bs	🔴[LIVE] 윤석열 국민의힘 후보, 부산 유세 / 디지털Only	윤석열 국민의힘 대통령후보는 대선 전날인 오늘(8일) 제주도에서 시작해 부산과 대구, 대전을 거쳐 서울에서 22일간의 선거운동을 ...	0	9	0
KlbMK7vuFjE	윤석열 '민주당 심지어 탄핵 얘기를?...해봐라, 내 정치적 지지세력은 주권자다'	국민의힘 #윤석열 #민주당 #주권자 #제주 #유세 국민의힘 윤석열 대통령 후보가 22년 3월 8일 열린 제주 유세장에서 발언하고 있다.	4156	1841	183
75pB2X5jOHY	제주 간 윤석열, 당선되면 민주당이 자기 탄핵론 거론하며 '하라면 하라'	[영상] 제주 간 윤석열, 당선되면 민주당이 자기 탄핵론 거론 “민주당 사람들, 제가 대통령 되면 탄핵 칠 수 있다 떠들고 다녀” “(탄핵) ...	192	14	14
7bG5zzVMgso	#선택 #윤석열	정권교체를 열망하시는 분들께 호소합니다. 지난 5년... 살림살이는 힘들었고 취업문도 좁아졌고, 내집마련의 꿈은 깨졌으며, 자영업도 ...	11	3	0
mOilJXbS3SU	전쟁광 윤석열 사퇴촉구 1만2천명 선언 기자회견 중계	검찰왕국 #윤석열낙선 #평화실현 ------------------------------------------ 후원계좌: 국민은행 817201-04-168778 촛불전진 블로그: ...	323	129	0
YmwwCeEcB9k	유시민 “윤석열 표정보면 안다'며 이재명 승리 예상.  지난 총선에서는 180석 예측한 유시민 요설뒤에 숨은 검은 그림자	다시 불거지고있는 부정선거의혹 속에 등장하고있는 유시민의 요상스런 발언의 실체.	29861	7373	1532
O-vFQ92-ITk	[D-1] 이준석 '윤석열 10% 차이로 이긴다'	라이브 방송 안내 뉴스쇼 라이브 방송 | 매주 월~금 오전 7시20분~9시 댓꿀쇼 라이브 방송 | 뉴스쇼 본방송 끝나자마자 이어서 오전 9시 ...	6271	322	203
Ygu1eUyAZKU	[풀영상] 민생당 비상대책위원회, 국민의힘 윤석열 대선 후보 지지선언 (22.03.08)	민생당 #윤석열 #지지선언 #비대위 #Live [풀영상] 민생당 비상대책위원회, 국민의힘 윤석열 대선 후보 지지선언 (22.03.08) 시사 ...	7373	2244	158
hsrAiI2IeAs	[7986] 윤석열, 문재인 수사한다는 말은 없었다	1. 문재인 정권의 비리 많을 것 그런데, 윤석열은 문재인이 키운, 문재인의 꼬붕이다. 문재인을 처단할 수 있을까?	10	0	1
G7S2Dx1pt4U	(라이브 뉴스) 속보 / 윤석열 대선 승리 확실하다! / 2022.03.08	'수개표국민운동' 자발적 구독료 : (국민은행 : 예금주 신혜식 ) 5333-0201-137296 이준석 소환 운동 ...	22242	6304	163
AnFiG3TszoE	속타는 윤석열의 본 모습 #shorts	shorts #윤석열 #커피 #조우형 #부산저축은행 #속탄다 #윤석열인성 #큰일남.	243	39	5
hzFckFPRCBc	윤석열과 국힘이 안철수를 대하는 태도 #shorts	shorts #윤석열 #국민의힘 #안철수 #장성급 #전쟁포로 #포로 #장성급.	3655	1138	159
jfbLFWWDAKE	윤석열 후보 안산 유세 현장!(정권교체 D-1 피날레)	"윤석열 후보가 안산을 방문해 주셨습니다. 치열하고 길었던 전국 선거운동을 안산에서 마무리해주셨습니다! ""상식과 공정이 부패정권 ..."	91	19	2
S_LS17PkuVQ	3/8(화) - [D-1] 마지막 라디오 유세 #이준석 #심상정 #강훈식/ [김광일의 정탐] “이재명-윤석열 사용한 10만단어 전수분석” [김현정의 뉴스쇼]	3월8일(화) 김현정의 뉴스쇼 ▣ 라이브 방송 안내 뉴스쇼 라이브 방송 | 매주 월~금 오전 7시20분~9시 댓꿀쇼 라이브 방송 | 화·금 주 2 ...	146449	2535	74
E_zBT9jvh2w	[김광일의 정탐] '이재명도 윤석열도 유세에서 &#39;이재명&#39; 외친 이유는?'	라이브 방송 안내 뉴스쇼 라이브 방송 | 매주 월~금 오전 7시20분~9시 댓꿀쇼 라이브 방송 | 뉴스쇼 본방송 끝나자마자 이어서 오전 9시 ...	6334	212	32
zb3UFMNKWwg	이재명 윤석열이 대통령이 되면 안되는 이유! 정치인들은 사상검증부터 해라!	이재명 #윤석열 #대선후보.	625	163	27
u7yH8Clmf3M	[대선 D-1]  지독한 혼탁과 혼란 속에  진리와 진실만이 생존하며 번영케 합니다!	주식 #투자 #증시 #주식 #씨앗농법 #장기투자 #주식부자 #트럼프 #바이든 #윤석열 #이재명 #박근혜 #이명박 #안철수 #심상정 #푸틴 ...	3306	434	0
g8u_4v_zAeg	긴급! 윤석열 살해 협박 글 떴다! 경찰 전격 수사! (진성호의 직설)		66504	25622	1681
J-TMFjmB_XU	윤석열 대선 승리 특급 정보 받았다 (이미지 기자) / 2022.03.07		35243	11975	398
x96aE3cJJX0	너무 멍청해서 겸손한 윤석열 #shorts	지금이 어느 시대인 줄도 모르는 윤석열... 이런 멍청한 후보가 대선에 나오다니 놀랄 일입니다. 무능한 후보 윤석열을 절대로 뽑지 ...	28	11	1
nwQ6HAEfs84	춤추는 윤석열 ~🕺~ 제주에서	Shorts#AI윤석열#한국일자리방송#윤석열대통령후보.	2573	336	32
ieLLs2nYE1I	(신혜식의 대선현장중계) 윤석열 제주 폭풍유세! / 2022.03.08	제주유세 #제주도유세 #윤석열유세 #부정선거 #확진자투표 #단일화 #안철수 #윤석열 #대선유세 #제주도 #제주동문시장 #윤석열 ...	39308	16105	324
XjoT8oU0wjg	중앙선관위가 ‘투표지 대리투입’ 반대 의견 무시” #이재명 #윤석열 #노정희	중앙선관위가 '투표지 대리투입' 반대 의견 무시” #이재명 #윤석열 #노정희.	80	3	0
7FnPDwAe1Ak	윤석열 국민의힘 20대 대통령후보의 막판 구리역 유세에 뜨거운 열기3/7	(NWS방송=한승목 기자)7일 오전10시 구리시 구리역 광장에서 뜨거운 호응속에 유세가있었다 윤 후보는 이날 유세에서 “민주주의는 ...	11	1	0
HebcuelNksk	윤석열 조롱잔치, '대장동 몸통 이재명은 집에 가라'	이 영상은 국민의힘 공식 유튜브 '오른소리'의 허락을 받아 실었습니다.	1645	378	13
MF91wVyK-Qw	[시선집중] 김흥국 '윤석열, 어퍼컷하는 자신감 있는 모습에 갈수록 매력에 빠져' - 김흥국 (가수), MBC 220308 방송	2022년 03월 08일 [김종배의 시선집중] | 출연 : 가수 김흥국 씨 #시선집중 #윤석열 #김흥국 #지지유세 #공개지지선언 #선택2022 ...	4125	100	308
7OM3_R8SxqY	#*윤석열대통령당선확정*기념 커피.음료  무료제공 행사 3월10일 부터3일간 진행됩니다 #*노천트럭카페*로 오세요	윤석열대통령은 문재인종북주사파 일당 떨거지들의 입에 재갈을 물리고 대가리에 검은천을 씌워 모조리 북한으로 강제 북송하라.	7	1	1
p0IpfDg4Gh4	윤석열 후보의 공정과 상식이 함께하는 고양시 공약을 소개합니다	[국민이 키운 윤석열 내일을 바꾸는 대통령] 국제업무단지 중심의 대곡역세권 개발 추진 - 대곡역은 교통환경과 달리 지역개발이 ...	5	2	0
