ID	title	description	viewcount	likecount	commentcount
KrLaXt4Kj0k	'이재명 승리' 유시민 예언.. 초조한 윤석열 어쩔; (안철수 당황시킨 윤석열 막말을 받아친 이재명.. 역시 천재다')	채널에 가입하여 혜택을 누려보세요. https://www.youtube.com/channel/UCXizVvs2c7LtFZAu25sK5Fg/join [이재명 후원회 홈페이지] ...	43339	10054	566
R4G9Y8tpNVw	대선 하루 앞으로...&#39;수도권 vs 경부선 상행&#39; 유세 총력전 / YTN	[앵커] 20대 대통령 선거가 하루 앞으로 다가왔습니다. 여야 대선 후보들은 전국을 종횡무진 누비며 최종 득표전을 펼치는데요. 막바지 ...	3505	34	66
hzFckFPRCBc	윤석열과 국힘이 안철수를 대하는 태도 #shorts	shorts #윤석열 #국민의힘 #안철수 #장성급 #전쟁포로 #포로 #장성급.	3655	1143	159
hL5_bfPyOQo	사전투표율 36.93%...20대 대선 투표율 80% 넘어설까? / YTN	[앵커] 이번 20대 대통령 선거의 사전투표율이 역대 최고치인 36.93%를 기록했습니다. 사전투표제가 도입된 이후 가장 높은 투표율을 ...	5664	84	105
qNjOAkw_dpI	[윤석열 국민의힘 후보, 제주 유세] 3월 8일 (화) 풀영상 / 디지털Only	윤석열 국민의힘 대통령후보는 대선 전날인 오늘(8일) 제주도에서 시작해 부산과 대구, 대전을 거쳐 서울에서 22일간의 선거운동을 ...	14391	801	353
a9aVMP9H2bs	🔴[LIVE] 윤석열 국민의힘 후보, 부산 유세 / 디지털Only	윤석열 국민의힘 대통령후보는 대선 전날인 오늘(8일) 제주도에서 시작해 부산과 대구, 대전을 거쳐 서울에서 22일간의 선거운동을 ...	0	9	0
f1q3kYjqKFQ	송영길 '저희가 미워서 윤석열·안철수 지지하는 목소리도 새겨듣겠다' #이재명	"송영길 ""저희가 미워서 윤석열·안철수 지지하는 목소리도 새겨듣겠다"" #이재명."	20	3	0
u7yH8Clmf3M	[대선 D-1]  지독한 혼탁과 혼란 속에  진리와 진실만이 생존하며 번영케 합니다!	주식 #투자 #증시 #주식 #씨앗농법 #장기투자 #주식부자 #트럼프 #바이든 #윤석열 #이재명 #박근혜 #이명박 #안철수 #심상정 #푸틴 ...	3306	435	0
RPSE5jT0JwU	윤석열 안철수 합동 유세	바보와 쫄보, 건국 이래 최고의 코디미 듀오 ㅋ.	13	0	0
Oyziw54c4lA	국민의힘 윤석열, '제주와 함께 승리합니다' 제주도 거점 유세 - [끝까지 LIVE] MBC 중계방송 2022년 03월 08일	윤석열 국민의힘 대선후보는 오늘(8일) 제주에서 하루를 시작한 뒤 부산부터 경부선 상행선을 따라 서울로 올라오는 유세를 펼칩니다.	9495	181	184
UtszhYgGpGQ	윤석열님 장성급 전쟁포로의 예우 인가요!? #안철수 #shorts	윤석열후보 #윤석열관련주 #윤석열유세 #윤석열지지율 #윤석열이재명 #윤석열안철수 #윤석열심상정 #윤석열김건희 #윤석열 ...	2	0	0
zCd1ECWgzVw	촛불혁명완성연대, 안철수-윤석열 분노의 기자회견	촛불혁명완성연대, 안철수-윤석열 분노의 기자회견.	0	0	0
f3lsKjV77NM	국민의당 당원동지들 에게 드리는 호소문 안철수선대위 전국화 조직단일동		57	4	0
XBzN3vxkKN4	대선 D-1...수도권 집중 유세 vs 경부선 상행 유세 / YTN	[앵커] 20대 대선 투표일, 이제 내일이죠.여야 대선 후보들은 사활을 건 마지막 총력유세를 펼치고 있습니다. 민주당 이재명 후보는 ...	2567	33	55
eFlOlIX8CRI	[대통령당선예측24] 3월8일10시, 구글트렌드 이재명 당선 99.9%, 이재명 윤석열 안철수 심상정 허경영 비교하기	[대통령당선예측24] 3월8일10시, 구글트렌드 이재명 당선 99.9%, 이재명 윤석열 안철수 심상정 허경영 비교하기 #이기방TV구글 ...	4982	1272	97
VOiUS6NzdYc	[LIVE] 윤석열 후보, '제주와 함께 승리합니다' 제주도 거점 유세 / YTN	20대 대선을 하루 앞둔 오늘(8일) 국민의힘 윤석열 후보는 제주에서 서울로 이어지는 전국 거점 도시를 훑으며 공식선거운동을 마무리 ...	13475	429	221
hovxFhp2ceg	[춘천 MBC] '선거 열기 절정으로..' 여·야 득표 전략은?	ＡＮＣ▷ 오는 9일 대통령 선거를 앞두고 치러진 사전투표에서 강원도 사전 투표율이 40%에 육박하는 등 선거 열기가 절정으로 치닫고 ...	10	0	0
uJk9I3wFVII	[예언해줌]‘대선 D-1일’ 최종 승자는?…대선 이슈 총정리	대선 D-1일' 최종 승자는?…대선 이슈 총정리 ▷한겨레TV 온라인 쇼핑몰 마켓하니 http://www.markethani.com ▷한겨레TV 프로그램 ...	3320	326	0
s2J2a2Ablvg	박근혜 정치적재기 발판 될 李-尹대결#CCTV 가려놓은 사전투표 뭉치들#송영길 테러 수상하다#尹호 막차 탄 법조인들#허경영이 조롱한 안철수 김동연#박근혜 지지세력이 尹운명 결정한다	윤창중칼럼세상은 보수우파의 집권이 목표입니다. 실현 가능한 해법과 방향을 분명히 제시합니다. 윤칼세를 도와주십시오. 윤칼세TV ...	7210	1297	36
FsJZta6gJ-8	■이런자가 윤후보와 김건희를 상당기간  멘토를 했답니다! 자칭 인류의 스승이랍니다!	명진스님 #지공스님 #구도의여정 #민족의교시 #민족의대서사시 #정법 #정법강의 #정법시대 #혜공신경애 ##바보도사 #목격자 ...	326	8	0
J_FTcyW6pRM	안철수와함께하는 대한의 미래꿈나무들		17	2	0
Ar2Qz9B6nJ8	(ㅋㅋ 비교 자체가 모욕이다.) 후보의 수준이 하늘과 땅 차이! 이재명과 윤석열 비교 분석 / 윤석열지지도 /윤석열 지지율 /이재명 윤석열 /이재명 지지도/이재명 지지율	(출동, 한소리 기자) 이재명 윤석열 정책비교 /이래도 윤석열을 지지한다고? #밸러스게임 #이재명윤석열 #이재명지지도 #윤석열 ...	2002	649	55
P-B9oH5zlJA	마지막유세-제주 봄바람을 서울까지! 최종 여야 판세 분석 검증 2022.3.8 오전9시	윤석열 두자리수 지지율 차이 승리 가능성 분석 #윤석열#이재명#안철수#이준석.	6253	4958	244
sGc92Eh6XVE	[2022년 3월 8일 화요일 오전 방송]	2022년 3월 8일 화요일 오전 방송]] [정론일침] [특별대담] 권영해장관 [특별대담] 이정현대표 **만만운동: 농협 317-0024-5198-61 ...	95330	18001	90
Ckrb6yaD85E	위메이드 네오위즈 컴투스 위믹스 C2X 네오위즈핀코인 윤석열 안철수 이재명후보 P2E게임 전면허용 대선이후 상한가 급등주	무료로 종목의 매수및매도 타점 보내드립니다. 왼편에 보이시는 실시간 “세력주검색기” 무료증정합니다 여러분 “구독”과 “좋아요” 많이 ...	19	0	0
KUXBDTT5yj8	□실력없고 썩은 보수는 정권교체도 정치교체도 할수없다. 수구꼴통들이! 보수는 실력과 바른 명분을 가지고 집권해야!	명진스님 #지공스님 #구도의여정 #민족의교시 #민족의대서사시 #정법 #정법강의 #정법시대 #혜공신경애 ##바보도사 #목격자 ...	158	19	0
a15Tnk7wHjc	끝나지 않는 진흙탕 싸움, 20대 대통령은?	출처:판도라 끝나지 않는 진흙탕 싸움_220307] #김재원, #윤석열, #이재명, #안철수, #심상정, #허경영, #국민의힘, #더불어민주당, ...	69	17	6
oMWScWpIu3c	[Live] 윤석열-안철수  #부산 거점 합동유세 'D-1' (22.03.08)	"국민의힘 #윤석열 #이준석 #부산 #거점유세 [Live] 윤석열-안철수 #부산 거점 합동유세 ""D-1"" (22.03.08) 시사포커스TV는 창간 35년 ..."	0	327	0
er70t36Qnjo	36.9% &#39;역대 최고&#39; 사전투표율에 담긴 민심은?	[출처:김어준의 뉴스공장_220308] [정국해설자 J] '36.9%' 사전투표율에 담긴 민심은? & 선거 코앞 '김만배 녹취록' 공개..파장은?	42	9	1
2yFStwXHDag	[뉴스포커스] 대선 D-1, 여야 &#39;유세 총력전&#39;…김만배 녹취록 공방 / 연합뉴스TV (YonhapnewsTV)	[뉴스포커스] 대선 D-1, 여야 '유세 총력전'…김만배 녹취록 공방 [출연 : 최민희 전 의원·최수영 시사평론가] 20대 대통령을 뽑는 선거가 ...	483	11	9
cgrunwal6UE	(신혜식의 대선현장중계) 부산 100만 인파 초결집! 윤석열·안철수 등장에 환호! 압승으로 정권교체! / 2022.03.08	부산유세 #온천천유세 #안철수합동유세 #영남유세 #윤석열유세 #부정선거 #확진자투표 #단일화 #안철수 #윤석열 #대선유세 #부산 ...	0	1550	0
KrC_-ZbWx-M	민주당을 지지하는 유튜버로부터 피습을 당한 송영길이 엉뚱한 탓을 하고있는 듯한 글, '역시 송영길'	"송영길 ""저희가 미워서 윤석열·안철수 지지하는 목소리도 새겨듣겠다"""	17808	5131	506
pManfV-JGRg	(3월8일)류효상의 신문을 통해 알게 된 이야기	"https://band.us/@hyosang = 3월 8일 류효상의 신문을 통해 알게 된 이야기들 = 1. 이재명 후보가 ""국정은 초보, 아마추어의 연습장이 ..."	10	3	0
z9ohQmho-nE	유시민 “이재명, 1%p 차로 이길 듯… 尹 초조해보여”	유튜브 이송원TV 3월 8일(화) 오전 9시에 이재명후보 마지막 유세 일정 가수 강산에, 이재명 지지 연설~~~!!! ㅎ 송영길 당대표 망치 ...	22317	5993	13
2g92VeTH-jg	깡통 전세 실화냐? 용적률 완화, 문제는 없나? 내일 투표가 부동산을 바꾼다!	이재명 #윤석열 #안철수 #심상정 #민주당 #국민의힘 # #대선후보지지율 ☻이은영TV를 후원해주세요! 제주도 해안마을 카페 'stay ...	0	14	0
2uFVEwJluCk	청주일보TV&#39;s 이재명 충북 청주 성안길  유세	여러분의 소중한 구독 한 클릭이 밝은 세상을 만듭니다. 이재명 청주 성안길 유세 ㅡ 충북 광역 철도 도심 통과 반드시 실천 하겠다.	25	0	0
mX_Q2PZDQNQ	김재원 '범죄자와의 검증되지 않은 녹취록“	"출처:뉴스외전 정치맞수다_220307] 역대 최고 사전투표율 36.9%‥의미는? 최재성 ""윤-안 계륵 단일화‥실질 득표 도움은 회의적"" ..."	20	9	1
62l490IISMA	② 11:30 유능한 경제대통령 ‘코스피 5000시대, 이재명과 함께 코리아 프리미엄으로!’ 여의도 증권가 유세 / 여의도우체국 앞	3/8 이재명 대통령 후보 일정 ① 10:30 [위기극복, 국민통합 특별 기자회견] / 더불어민주당 중앙당사 2층 브리핑룸 ② 11:30 유능한 ...	2775	865	0
ieLLs2nYE1I	(신혜식의 대선현장중계) 윤석열 제주 폭풍유세! / 2022.03.08	제주유세 #제주도유세 #윤석열유세 #부정선거 #확진자투표 #단일화 #안철수 #윤석열 #대선유세 #제주도 #제주동문시장 #윤석열 ...	39308	16115	324
XK-sPvBREBs	송영길 대표...저는 견딜 수 있습니다. 함께있던 청년들이 다치지 않아 다행입니다. 각자 자리에서 최선을 다해주십시오.	이재명 민주당 정부는 정성을 다해 작은 일도 무시하지 않고 경청하고 응답하도록 하겠습니다. 저희가 미워서 윤석열 안철수 후보님을 ...	48	29	1
byf050BIWCU	긴급) 윤석열을 지켜라! &#39;화염병 테러&#39; 예고 등장! 경호 초비상! 경찰 수사에 착수!!	정의구현 멤버십 가입 : https://www.youtube.com/channel/UCUNwNXVrWAHQpc8gPp1c6kw/join 자발적 구독료 : KB국민은행 ...	7125	1953	97
xZ1I5sfiFOw	① 10:30 [위기극복, 국민통합 특별 기자회견] / 더불어민주당 중앙당사 2층 브리핑룸	3/8 이재명 대통령 후보 일정 ① 10:30 [위기극복, 국민통합 특별 기자회견] / 더불어민주당 중앙당사 2층 브리핑룸 ② 11:30 유능한 ...	2607	889	12
PaKkmjjt_uQ	⑤ 20:20 &#39;대한민국의 심장 충북, 이재명과 다시 뜁시다!&#39; [청주 유세] / 청주 성안길	3/7 이재명 대통령 후보 일정 ① 10:20 '놀멍쉬멍 평화 제주! 느영나영 모두를 위해 이재명!' [제주 유세] / 제주 동문로터리(제주 제주시 ...	4184	789	1
O4aoFG7mNj4	문재인,방금 충격적 입장문발표!이준석,노정희관련 충격발언문!노정희,곧 대국민 담화문 발표-사퇴?조선 사설-文이 망가뜨린 대법원·선관위, 결국 대형 의혹과 대란초래!	김건희 팬카페(건사랑)--https://m.cafe.naver.com/ca-fe/gunsarang 윤석열TV: ...	18584	3460	141
756Z52A9wOM	윤석열의 리더쉽은 손가락질에서 나온다 #shorts	대선지지율 #2022대선후보 #대선사전투표 #대선토론회 #20대대선 #대통령후보 #대선후보 #대선토론하이라이트 #대통령지지율 ...	16	3	0
RmtbzXHjDB4	저지말, 윤석열 이재명 심상정	주식거래 시나리오, 모의투자 대회 참가자 보유종목, 매매 과정 백테스팅은 재생목록에서 보실 수 있습니다 부족한 점이 많을 것이지만 ...	0	0	0
nQtMG2RS5lI	[황보선의 출발 새아침] FULL 다시보기 l 윤석열, 이재명, 심상정 마지막 지지 호소, 케이윌은 안되고 김희철은 되는 이유, 송영길 신촌 망치 피습 l 220308	"YTN FM 94.5MHz 우리의 이슈가 뉴스를 바꿉니다. 세상을 깨우는 ""황보선의 출발 새아침"" 중심잡힌 시선으로 가장 뜨거운 이슈를 ..."	8465	340	8
HC4ZaLSfhFI	#윤석열안철수 #단일화 #시너지	정권교체.	4	2	0
02Rbbyk_KXI	윤석열 안철수 부산대첩 피날레 유세	현장 뉴스 방송은 옥탑방 김기자 자율구독료 502-033 203-01-014 기업 박** 언제나 초심!!	1433	396	0
GDoTxSuqEMU	[대선 D-1/ 11시 김동원의 하이파이브] D-1 정권교체 개봉 박두 / 갈수록 태산, 사전투표 부정 논란 / 진중권 “김만배 녹취록은 쉰떡밥' _220308	"대선 D-1/ 11시 김동원의 하이파이브] D-1 정권교체 개봉 박두 / 갈수록 태산, 사전투표 부정 논란 / 진중권 “김만배 녹취록은 쉰떡밥"" ..."	1662	397	0
