ID	title	description	viewcount	likecount	commentcount
gcVyzc_AQjI	더불어민주당 이재명, 위기극복, 국민통합 특별 기자회견 - [끝까지 LIVE] MBC 중계방송 2022년 03월 08일	이재명 더불어민주당 대선후보는 오늘(8일) 오전 10시 30분 여의도 당사에서 `국민통합` 메시지를 강조하는 기자회견을 합니다.	35830	4191	503
9Zi8sJTBego	[D-1] 이재명 대선후보 &#39;위기극복, 국민통합 특별 기자회견&#39; / SBS	이재명 #SBS #뉴스 #실시간 #더불어민주당 #국민통합 #특별기자회견 으로 만나 보세요 라이브 뉴스 채널 SBS 모바일24 ▷SBS ...	5822	151	159
WpOCMc3ZCRA	이재명, 대선 D-1 특별 회견…&#39;위기 극복·국민 통합&#39; 호소 / YTN	[이재명 / 더불어민주당 대선 후보] 이재명과 함께 국민 승리의 새 역사를 써주십시오! 존경하는 국민 여러분, 더불어민주당 대통령후보 ...	3414	204	171
zInVjK-rn2M	[LIVE] &#39;대선 D-1&#39; 이재명 후보, 위기 극복·국민통합 특별 기자회견 / YTN	더불어민주당 이재명 대선 후보는 공식 선거운동이 종료되는 오늘(8일) 최대 승부처인 수도권에서 총력전을 벌입니다. 이 후보는 먼저 ...	12151	582	125
Vv8v5ZF_Jgs	[이재명 더불어민주당 후보, 서울 여의도 유세] 3월 8일 (화) 풀영상 / 디지털Only	이재명 더불어민주당 대선 후보는 대선을 하루 앞둔 오늘(8일) 서울과 수도권을 중심으로 집중 유세를 펼칠 예정입니다. 이 후보는 ...	6088	350	25
Xlw6wf-OjCc	[현장영상] 이재명 '민생회복 긴급조치 단행…국민통합, 반드시 완수할 것' / JTBC News	국민의 피와 땀으로 일군 대한민국의 역사가 과거로 퇴행하느냐 미래로 전진하느냐가 결정될 이 중차대한 기로에서 무겁고 두려운 ...	2609	179	80
9Zs_YNPomns	이재명 후보는 임대차법도 종부세도 유지! 윤석열은 둘다 전면재검토!! 공급 확대는 동일!!!	0. 지금 필요한 부동산 대출을 모두 해결해 드리기 위해 준비했습니다! https://www.smarttube.kr/web/39?wmod=detail&idx=145 1.	8072	797	8
wO7Sf3dXuUA	[D-1] 이재명 대선후보, 여의도 증권가 유세 / SBS	이재명 #더불어민주당 #실시간 #SBS #8뉴스 #여의도 #유세 로 만나 보세요 라이브 뉴스 채널 SBS 모바일24 ▷SBS 뉴스로 제보 ...	4284	95	21
jyeM21H5RvI	[LIVE] 이재명 후보, 위기극복·국민통합 특별 기자회견		9918	6639	255
iXUTlPMJlwc	D-1 이재명 후보 특별기자회견 '3표 부족하다는 심정으로마지막 1표까지 최선을 다하자'	[대선 D-1 생중계] 이재명 후보, 위기극복·국민통합 특별 기자회견 (2022.03.08 오전) #이재명 #위기극복 #국민통합 #기자회견 #2022 ...	59069	0	554
AUpBVdHr65o	D-1 이재명 후보 특별 기자회견 '내일은 국민 승리의 날. 실력에 투표해달라'	이재명 더불어민주당 대선 후보는 대통령선거 하루 전인 8일 “국민 여러분의 한 표가 얼마나 가치있는지, 그 한 표로 당선된 대통령 한 ...	295	102	13
owdON15qyRs	[LIVE] 이재명 후보, 여의도 증권가 유세		7858	6525	40
AxW6P-m6KDI	유세 현장 윤희숙이 이재명에게 준 큰 깨달음   &#39;너 같은게 사라지는게 정치교체다&#39;	윤희숙 #이재명 #대선 #계산시장 #유세.	7578	3984	382
YK1ii12XwHk	이재명 '유능한 경제대통령 뽑아달라'...김동연, 지원 유세 나서/HCN 충북방송	민주당 이재명 대선후보가 청주를 다시 찾아 총력 유세를 펼쳤습니다. 충북 출신으로 이 후보와 단일화 한 김동연 전 경제부총리도 ...	87	9	1
gn_e2Mfl7Ok	[방송연설] 이재명의 희망 약속 #청년 #내일 #기회	방송연설 #JTBC #청년기회국가.	4607	1631	183
F0Y7b9wjMPA	[풀영상 다시보기]더불어민주당 이재명 대선 후보, 위기극복·국민통합 특별 기자회견｜2022. 03. 08.	이재명 #위기극복국민통합 #특별기자회견 더불어민주당 이재명 대선 후보가 공식 선거운동 마지막 날인 8일 오전 '위기극복·국민 ...	833	137	9
8LtnHvj6ZAg	[이재명 후보 선거운동 DAY20] 정세균 전 총리와 함께 안양 만안 집중유세!	이재명 후보 #선거운동 DAY20] #정세균 전 총리와 함께 #안양# 만안 #집중유세 ! 지난 6일, #정세균 전 총리, #민병덕 의원, #정은혜 ...	369	147	13
rggYpsbyt6o	[풀영상] 이재명 대선 후보, 위기극복·국민통합 특별 기자회견 / 연합뉴스TV (YonhapnewsTV)	더불어민주당 이재명 대선후보가 대선을 하루 앞둔 오늘 위기극복, 국민통합 메시지를 담은 특별 기자회견을 합니다. 현장으로 가보시 ...	1895	64	45
KP7BBM_Dxtc	대선 막판 판세, 이재명이 뚫었다  [아침옳소] 0308	[세계특허 아임굿] ※ 대선승리를 위한 [옳은소리 × 아임굿] 이벤트 ㅡ기간 : 화,수 ㅡ행사 : 한박스 더 증정 (어떤 구성이든지~!!!!) ㅡ4차 ...	13363	5755	34
LTb9lo8lwlQ	[풀영상] 더불어민주당 이재명 대선 후보, 서울 여의도 유세 / 연합뉴스TV (YonhapnewsTV)	더불어민주당 이재명 대선 후보가 서울 여의도에서 선거유세를 실시합니다. #더불어민주당 #이재명 #서울 #여의도 ▣ 연합뉴스TV ...	4955	124	4
KqAXpuOMvuA	3/8 (화) 이재명 수행비서 녹취록 공개/박영수-윤석열 거론한 김만배 녹취, 파장은?/사전투표 부실관리, 수사가능성은?/각 당의 산토끼 잡기 전략 (권지웅, 박민영, 오현주)	2022년 3월 8일 화요일 SBS 김태현의 정치쇼 생방송 [1부] 뉴스 온더 블럭 - 박수진 SBS 기자 [2부] 변언유착 - 이재명 수행비서 녹취록 ...	468	11	5
nQtMG2RS5lI	[황보선의 출발 새아침] FULL 다시보기 l 윤석열, 이재명, 심상정 마지막 지지 호소, 케이윌은 안되고 김희철은 되는 이유, 송영길 신촌 망치 피습 l 220308	"YTN FM 94.5MHz 우리의 이슈가 뉴스를 바꿉니다. 세상을 깨우는 ""황보선의 출발 새아침"" 중심잡힌 시선으로 가장 뜨거운 이슈를 ..."	8465	340	8
phlv-11BdZI	3월9일, 여러분이 선택한 대한민국을 보십시오	기호1번 #이재명 #유능 #미래 #통합 #투표일 2022.03.09.(수) #투표시간 오전 6시 ~ 오후 6시 (※ 코로나19 확진·격리 유권자: 오후 6 ...	8929	3689	451
JhrdNpflUOw	[대선 D-1 생중계] 이재명 후보, 유능한 경제대통령 &#39;코스피 5000시대 이재명과 함께 코리아 프리미엄으로!&#39; 여의도 증권가 유세 (2022.03.08 오전)	[대선 D-1 생중계] 이재명 후보, 유능한 경제대통령 '코스피 5000시대 이재명과 함께 코리아 프리미엄으로!' 여의도 증권가 유세 ...	72597	0	0
PMtMV1z_9eQ	[현장연결] 이재명 '영업제한 해제, 주요공공요금 코로나 종식까지 동결' / 연합뉴스TV (YonhapnewsTV)	"[현장연결] 이재명 ""영업제한 해제, 주요공공요금 코로나 종식까지 동결"" 더불어민주당 이재명 대선후보가 대선을 하루 앞둔 오늘 위기 ..."	629	20	26
ECY6idxGgcc	[시선집중] 배우 이원종 '나도 한때 이재명 미워했지만.. 이젠 안쓰럽고 눈물 나' - 이원종 (배우), MBC 220308 방송	2022년 03월 08일 [김종배의 시선집중] | 출연 : 배우 이원종 씨 #시선집중 #이재명 #이원종 #지지유세 #공개지지선언 #선택2022 ...	13739	1588	142
288JChfPEYs	[ 특별기자회견 ] 더불어민주당 이재명 후보, 저의 모든것을 다 바치겠습니다. 확신을 가지고 이재명의 실력에 투표해주십시요!, 이재명은 합니다.	위기극복 #국민통합 #이재명 #기자회견.	10387	3530	295
LzQY8XCtmRo	&#39;무대를 뒤집어 놓으셨다&#39; 청주 청년의 사자후	청주 #유세 #지지연설 #기호1번 #이재명 #투표일 2022.03.09.(수) #투표시간 오전 6시 ~ 오후 6시 (※ 코로나19 확진·격리 유권자: ...	2886	793	66
zO7Hq4rFE-s	[풀영상] 더불어민주당 이재명 후보, 서울 여의도 유세/3월 8일(화)	대선을 하루 앞둔 오늘(8일) 더불어민주당 이재명 대선 후보는 서울 여의도를 찾아 유세를 이어갔습니다. 앞서 민주당사에서 기자회견 ...	2946	236	9
YmwwCeEcB9k	유시민 “윤석열 표정보면 안다'며 이재명 승리 예상.  지난 총선에서는 180석 예측한 유시민 요설뒤에 숨은 검은 그림자	다시 불거지고있는 부정선거의혹 속에 등장하고있는 유시민의 요상스런 발언의 실체.	29861	7375	1532
FXjfhFPc2-Y	[마지막 유세] 이재명, 윤석열, 심상정은 왜 하필 그곳을 택했나?	라이브 방송 안내 뉴스쇼 라이브 방송 | 매주 월~금 오전 7시20분~9시 댓꿀쇼 라이브 방송 | 뉴스쇼 본방송 끝나자마자 이어서 오전 9시 ...	3630	187	14
Ny8UAK1WvZ4	[시사파란] 이재명이 이기고 있는 근거, &#39;파란방호복 교체&#39;	사전투표가 시작되던 금요일.. 국민의 힘 전국 사전투표소의 방역복이 파란색이고 장갑이 파란색이라고 교체를 주장했습니다. 과연 8 ...	1591	591	20
_QmZyVDcMWE	[D-1] 강훈식 '여성 표심이 움직인다. 이재명 3%차 승리'	라이브 방송 안내 뉴스쇼 라이브 방송 | 매주 월~금 오전 7시20분~9시 댓꿀쇼 라이브 방송 | 뉴스쇼 본방송 끝나자마자 이어서 오전 9시 ...	1919	73	33
X1koChPnTco	상대가 못나서 이재명을 선택한 것이 아닙니다 [청년 김기범 님]	부산 #유세 #지지연설.	1412	747	26
cwc9l8EI4jU	해외동포 이재명 지지! 왜 이재명이 대통령이 되어야 하는가?! (장호석 교수님) #shorts	미국 현지 시각으로 오후11시.. 늦은 시각에도 대한민국의 미래를 걱정하는 마음에 미국에 거주하시는 많은 해외동포 분들이 참여해 ...	1152	119	9
E_zBT9jvh2w	[김광일의 정탐] '이재명도 윤석열도 유세에서 &#39;이재명&#39; 외친 이유는?'	라이브 방송 안내 뉴스쇼 라이브 방송 | 매주 월~금 오전 7시20분~9시 댓꿀쇼 라이브 방송 | 뉴스쇼 본방송 끝나자마자 이어서 오전 9시 ...	6334	212	32
3YCQ_wCEsRg	[생방송]  이재명 후보 특별 기자회견, 위기극복! 국민통합!	[생방송] 이재명 후보 특별 기자회견, 위기극복! 국민통합! #이재명 #위기극복 #국민통합 #기자회견 #대선공약 #나를위해 #앞으로 ...	9171	2543	74
HqG8JsmmAWA	윤석열의 부정식품, 이재명의 과일 #Shorts	서민에 대한 윤석열과 이재명의 확연한 인식 차이.	1273	49	4
z9ohQmho-nE	유시민 “이재명, 1%p 차로 이길 듯… 尹 초조해보여”	유튜브 이송원TV 3월 8일(화) 오전 9시에 이재명후보 마지막 유세 일정 가수 강산에, 이재명 지지 연설~~~!!! ㅎ 송영길 당대표 망치 ...	22317	5993	13
NEAYGTU9OsY	대선 하루 앞둔 이재명 후보의 기자회견! -&#39;행동&#39;하는 사람에겐 &#39;확신&#39;이 있다.	이재명 #대선 #합니다. ✓일시후원: 국민은행 794001-04-154041 서울의소리(강경자) ✓전화후원: 1877-1590 ✓정기후원: ...	1652	371	34
KrLaXt4Kj0k	'이재명 승리' 유시민 예언.. 초조한 윤석열 어쩔; (안철수 당황시킨 윤석열 막말을 받아친 이재명.. 역시 천재다')	채널에 가입하여 혜택을 누려보세요. https://www.youtube.com/channel/UCXizVvs2c7LtFZAu25sK5Fg/join [이재명 후원회 홈페이지] ...	43339	10053	566
e72222RsgcQ	♡ 이재명 후보 청주 방문 감사영상 ♡	이재명 #대선 #청주 3월7일 이재명 후보 청주 성안길 유세.	20	12	1
BWOw5DdEmYU	[생방송] 이재명 후보, 유능한 경제대통령 ‘코스피 5000시대, 이재명과 함께 코리아 프리미엄으로!’ 여의도우체국 앞	일시후원: 국민은행 794001-04-154041 서울의소리(강경자) ✓전화후원: 1877-1590 ✓정기후원: ...	29372	5355	10
140rUGSUxp0	진짜가 나타났다! 국민소화제 이재명!		3578	880	37
FKLtEHeQivY	Live-문대통령 지지율의 비밀/국민과 단일화&#39; 등장한 부산.. 이재명 '준비됐나'/윤석열 또 150만원/패럴림픽 아이스하키	멤버쉽 링크 - https://www.youtube.com/channel/UCkI2g2FvX-haxXqqDMqc96A/join 송작가TV몰 링크 ...	3680	5901	0
Z-yqIvzGT5M	태희 라이브ㅣ이재명 후보 청주유세	시청해주셔서 감사합니다. 홈페이지 : https://www.taehee.co.kr/ 페이스북 : https://www.facebook.com/Socialmediataehee 네이버 tv ...	326	9	0
6V13G0tdzYw	(부정선거각본유출?) 이재명10%승리장담후 민주당입단속! 부천선관위터졌다! 황교안대국민긴급성명! #이재명전과4번 #황교안부정선거	자율적구독후원 : 하나은행 : 106-910488-13707 (박*옥) 해외페이팔 후원링크 : https://www.paypal.me/jungsungsantv 문의 ...	7073	2478	210
9bGZAhZ-Yss	밀토 눈아 여러분! 안녕하잔아 이재명입니다.	밀토 눈아 여러분 안녕하잔아 이재명입니다. 다른 커뮤니티에 인사드린 영상에 “'밀토'에도 오세요.”라고 초대해주셔서 바로 인사 ...	4076	2005	1092
vweZV5HeB5w	대전에 이재명이 왔습니다! (2022.03.07)	대전에 이재명이 왔습니다! 공식 유세 첫 날, 이재명 후보가 대전 중구를 방문한 것에 이어, 3월 7일인 어제, 대전 서구에 찾아왔습니다!	40	15	0
Ql0aZtizlnk	[풀영상] 더불어민주당 이재명 대선 후보, 위기극복·국민통합 특별 기자회견 (22.03.08)	더불어민주당 #이재명 #위기극복 #국민통합 #특별기자회견 [풀영상] 더불어민주당 이재명 대선 후보, 위기극복·국민통합 특별 기자 ...	3339	67	84
