ID	title	description	viewcount	likecount	commentcount	label
3yIqnYO0GT8	[윤석열, 인천시 선대위 출범식] 1월 10일 (월) 풀영상 / 디지털 only	윤석열 국민의힘 대선 후보가 오늘(10일) 오전 10시 인천 연수구의 한 호텔에서 열리는 인천 선거대책위원회 출범식에 참석한다.	7329	239	60	1
ZbmZVEHZiCQ	국민의힘 윤석열, 인천시 선거대책위원회 출범식 참석 - [끝까지 LIVE] MBC 중계방송 2022년 01월 10일	윤석열 국민의힘 대선후보는 오늘(10일) 인천 중소기업 현장 등을 찾아 중도층 표심의 바로미터인 수도권 공략에 나섭니다. 윤 후보는 ...	4616	160	34	1
z_c5YPsWg0M	국민의힘 윤석열, 산업화‧교역일번지 인천지역 교통공약 발표 - [끝까지 LIVE] MBC 중계방송 2022년 01월 10일	윤석열 국민의힘 대선후보는 오늘(10일) 오전 인천 선대위 출범식에 참석한 뒤 11시 30분 인천역 앞에서 인천 지역 교통 공약을 발표 ...	637	18	2	1
K9dpNcZcbwo	[현장영상+] 윤석열, 멸공 메시지 논란에...'원래 멸치와 콩 많이 먹어' / YTN	[앵커] 국민의힘 윤석열 대선 후보는 조금 전 인천시 선거대책위원회 출범식에 참석했는데요. 출범식을 마치고 기자들과 만나 정책과 ...	9277	263	370	1
DHNeHAx2Vu4	윤석열 'GTX 신설ㆍ경인선 지하화ㆍ쓰레기매립지 대체' / SBS	국민의힘 윤석열 대선후보가 인천지역 공약을 발표합니다. 광역급행철도 GTX-E 노선 신설, 경인선, 경인고속도로 인천구간 지하화 등 ...	3291	146	10	1
6VlIr4jzYeo	윤석열 '인천은 역전과 재도약의 상징..GTX 노선 신설하겠다' / SBS	국민의힘 윤석열 대선후보가 송도센트럴파크 호텔에서 열리는 인천 선대위 출범식에 참석합니다. #SBS뉴스 #대선 #대선후보 ...	7386	483	61	1
XnupqGDX244	[자막뉴스] 윤석열, 문 대통령 지지자 저격?...정치권 &#39;멸공&#39; 전쟁 / YTN	"정용진, SNS에서 숙취해소제 사진에 '멸공' 올려 게시글 삭제에 항의하며 잇단 '멸공' 해시태그 조국 ""거의 윤석열 수준이다"" 저격하며 ..."	11711	421	449	-1
C_dQt9KJn6A	윤석열, &#39;마트 방역패스&#39; 비판…&#39;20대 남성&#39; 구애 계속 / SBS	국민의힘 윤석열 대선 후보는 오늘(10일)부터 시작되는 대형마트 방역패스에 대해 '마트 갈 자유'까지 제한하는 거라며 비판했습니다.	4134	177	193	-1
RBnOPPFJDQU	이재명 &#39;여성 표심&#39; 공략...윤석열 '경인선 지하화' 맞불 / YTN	[앵커] 더불어민주당 이재명 대선 후보는 오늘 여성 창업가를 지원하는 기업인들을 만나 애로사항을 청취하며 여성 표심 공략에 주력 ...	2984	60	95	1
egw5i7S-Nz8	[백운기의 시사1번지] 멸공논란 / 윤석열 SNS의 7글자 / 여가부 폐지, 사병 월급 200만 원  (정기남, 김경진) | 2022010	백운기시사1번지 [정기남, 김경진 출연] -SNS '멸공' 전쟁.. 정용진 → 조국 → 윤석열 확전 -윤석열 '달파멸콩' 우연인가? 의도인가?	4441	493	0	-1
oJpskFb2Mlo	이재명 &#39;여성 표심&#39; 공략...윤석열 '경인선 지하화' 맞불 / YTN	[앵커] 더불어민주당 이재명 대선 후보는 오늘 여성 창업가를 지원하는 기업인들을 만나 애로사항을 청취하며 여성 표심 공략에 주력 ...	2706	62	115	1
Lcnb4FUXRDs	[풀영상] 국민의힘 윤석열 후보, 인천시 선거대책위원회 출범식/1월 10일(월)	국민의힘 윤석열 대선 후보는 오늘(10일) 인천시 선거대책위원회 출범식에 참석했습니다. 윤 후보는 출범식에서 선거 조직을 점검하고 ...	4628	258	48	1
PaNbV1TntWM	🔴LIVE - 국민의힘 윤석열 후보, 인천 지역 공약 발표/1월 10일	국민의힘 윤석열 대선 후보는 오늘(10일) 인천 지역 공약을 발표합니다. 윤 후보는 앞서 인천 남동공단에 있는 중소기업 작업 현장을 ...	1715	50	5	1
RMKx16aLJV0	&#39;마의 15%&#39; 지지율 돌파한 안철수…3자 구도 본격화? / JTBC 아침&amp;	20대 대통령을 뽑는 3·9 대선이 58일 앞으로 다가온 가운데, 국민의당 안철수 후보의 상승세가 이어지면서 이재명-윤석열-안철수 ...	22772	362	460	1
--heCfgwunE	[현장영상] 윤석열 후보, &#39;멸콩 사진&#39; &#39;젠더 이슈&#39; 등 현안 관련 질의응답 / YTN	[현장영상] 윤석열 후보, '멸콩 사진' '젠더 이슈' 등 현안 관련 질의응답 (1월10일)	13570	356	0	1
P6aQByok2d4	지지율 15% 찍은 날…윤석열 텃밭 뜬 안철수 | 김진의 돌직구 쇼 907 회	지지율 15% 찍은 날…윤석열 텃밭 뜬 안철수 | 김진의 돌직구 쇼 907 회 '15%' 뚫은 安, 단일화 최대 변수 '마의 15%' 뚫은 安, 대선 3자 ...	565	25	8	1
RtQxhvO5QF4	이재명 '기재부 탁상머리 생각 탓'…윤석열 '병사 월급 200만원'	대선이 50여일 앞으로 다가운 가운데 여야 대선 후보들은 정책 대결에 나서는 모습입니다. 코로나 19 음성 판정을 받은 뒤 활동을 재개 ...	1676	59	56	1
f1GiVCDWzvQ	#Shorts 입만 열면 거짓말을 뱉는 윤석열!		91	8	2	-1
PyxbyAbGy1M	이준석과 윤석열은 연애중? | &#39;극적화해&#39; 국민의힘, 결말은 해피엔딩? | 이탈한 20대 확보 가능? [짤짤이쇼 라이브 60화]	[진보 vs 보수] 격주 월요일에 만나는 '천박커플' 박진영 vs 천하람 벌써 몇 번째야?! 윤석열-이준석 '두번째 갈등' 봉합 이탈한 20대 확보 ...	71543	9592	164	-1
M63SemmJW-s	윤석열의 대선행보에 세대별*지역별 선호도 차이 너무 크다! 2022.1.10.오전9시	윤석열후보를 둘러싸고 세대별 지역별 선호가 바뀌며 불안한 이유 분석 #여성가족부폐지#병사봉급인상#홍준표#김종인#이준석# ...	4814	1067	131	-1
H29B1U62FBc	[정치직격] '윤석열-이준석, 총이라도 만져보고 &#39;멸공&#39; 외쳐라!' 이상돈의 직격탄!, MBC 220110 방송	2022년 01월 10일 [김종배의 시선집중] | 출연 : 이상돈 전 의원 #정치직격 #윤석열 #이준석 #멸공챌린지 #나경원 #여가부폐지 #삼 ...	26601	2995	355	-1
9Oqkl0Rsr_0	[현장연결] 윤석열, 멸공 논란에 '가까운 마트에서 필요한 물건 산 것뿐' / 연합뉴스TV (YonhapnewsTV)	"[현장연결] 윤석열, 멸공 논란에 ""가까운 마트에서 필요한 물건 산 것뿐"" 국민의힘 윤석열 대선 후보는 오늘 인천을 찾았습니다."	407	17	5	1
QpCXkqRG_Us	[뉴스포커스] 이재명·윤석열 &#39;젠더 논쟁&#39;…&#39;마의 15%&#39; 뚫은 안철수 / 연합뉴스TV (YonhapnewsTV)	[뉴스포커스] 이재명·윤석열 '젠더 논쟁'…'마의 15%' 뚫은 안철수 [출연 : 조기연 더불어민주당 선대위 공명선거법률지원단 부단장· ...	196	2	3	1
-Pcr8CyF42c	윤석열 지지율 큰일났다	인라이트 스쿨 구독계좌 : 하나은행 403-910045-18704 주식회사 인라이트스쿨.	1267	133	3	1
H7kk2Rp8dpI	윤석열, 인천 방문…교통 공약 발표 / 연합뉴스TV (YonhapnewsTV)	윤석열, 인천 방문…교통 공약 발표 국민의힘 윤석열 대선 후보는 오늘(10일) 인천 지역 오피니언 리더들의 모임 '새얼아침대화' 강연에 ...	818	61	11	1
x4lYiLlbpek	법인명의 슈퍼카, 색상번호판으로 구분합니다. #윤석열 #shorts #59초공약짤		7735	2495	312	1
VkaVaHz0iQk	장예찬 '남성혐오부 싹 박살' vs 류호정 '윤석열 망언부터 싹'	〈국민의힘 선대본 장예찬 청년본부장〉 남성혐오부로 전락, 여가부 폐지해야 남혐 사례 A4용지도 부족…박살내고 가족‧아동 담당할 새 ...	3512	142	64	-1
sg-1ZYytcfw	1/10(월) 끝나지 않은 윤석열의 &#39;본부장 리스크&#39; 다시 온다_노영희의 뉴스인사이다[대담한 대담]	1월 10일 (월) 노영희의 뉴스인사이다 ▷ 노영희의 [대담한 대담] 최영일 시사평론가 - [부를 만드는 경험의 힘] 출간 - 윤석열·이준석 ...	4897	895	39	1
f2yg79gmLZA	이재명 '교육 국가책임 강화'…윤석열 '노동시간 유연화' / 연합뉴스TV (YonhapnewsTV)	"이재명 ""교육 국가책임 강화""…윤석열 ""노동시간 유연화"" [앵커] 대선 레이스 상황 살펴보도록 하겠습니다. 먼저 민주당 이재명 후보 ..."	145	7	2	1
XNj15QlhSWU	[에디터픽] &#39;젠더 이슈&#39; 파고드는 2030 정책 가속화...때아닌 SNS &#39;멸공&#39; 논쟁까지 / YTN	"1. 난데없는 SNS '멸공' 전쟁…정용진→조국→윤석열까지 확전(앵커리포트) 2. 정용진, 정치권 논란 확산 후에도 ""좌우 없이 다같이 ..."	14436	240	0	-1
pSdsN_9CBno	[생방송] 안진걸, &#39;윤석열은 멸콩&#39; &#39;김건희는 교육사기&#39; / [대선 여론조사]이재명 40.1%, 윤석열 34.1%, 안철수 11.1% (2022.1.10 오전)	안진걸, '윤석열은 멸콩' '김건희는 교육사기' / [대선 여론조사]이재명 40.1%, 윤석열 34.1%, 안철수 11.1%... 이, 우세-윤, 급락-안, ...	21515	0	68	-1
kmMLlECAZBc	공수처, 민간인·언론 사찰 일파만파! 윤석열 팬클럽 회원까지 털었다! &#39;천재검사&#39; 한동훈 드디어 칼 뽑아 들었다! 김진욱 이제 큰일났다!!	정의구현 멤버십 가입 : https://www.youtube.com/channel/UCUNwNXVrWAHQpc8gPp1c6kw/join 자발적 구독료 : KB국민은행 ...	15076	4475	167	-1
_N5xtMXK4ZM	[생중계] 윤석열 인천지역 공약발표 (2022.1.10 오전)	[생중계] 윤석열 인천지역 공약발표 (2022.1.10 오전) - 화면 출처 : 국민의힘 유튜브 오른소리 #윤석열 #인천지역 #공약발표 #국민의 ...	2326	0	28	1
H-KKb01Xzxc	윤석열후보 새얼아침대화강연 남동공단방문 1월10일	윤석열#	14448	2261	2	1
3iXL76RrSrY	현장취재) 윤석열후보,인천 선대위출범식(선대위출범)	윤석열후보#인천선대위#인천상륙작전 This stream is created with #PRISMLiveStudio.	5022	1017	17	1
xa9j8wo9Yqo	윤석열 “공산 침략에서 나라 구한 인천상륙작전처럼 역전 드라마 시작”	윤석열 국민의힘 대선 후보는 10일 인천 선대위 출범식에서 “한국전쟁 당시 적의 허를 찔러 판세를 일거에 역전시킨 인천상륙작전처럼 ...	80	26	11	1
CMvaNNlH-rI	박근혜대통령 탄핵의 진실 4년9개월 불법감금!  윤석열이 실토한 깔맞춤 특검법 공개!	박근혜탄핵 #박근혜사면 #박근혜석방 와 #윤석열 #불법감금 #특검법.	1928	434	35	-1
G2IALakXrQI	&#39;이준석 제작, 윤석열 출연&#39; 생활밀착 공약 &#39;59초 영상&#39;	이 영상은 국민의힘 공식 유튜브 '오른소리'의 허락을 받아 실었습니다.	2020	349	40	1
tLvmTq3j9_o	반윤(反尹)보수세력이 안철수 운명 결정한다! #윤석열 만든 조선일보 김대중 #홍준표 속셈 보인다!훤히 #성접대 의혹 이준석 언제까지 도망 다니나? #정용진,우파 제3후보로 뛸까?	윤창중칼럼세상은 보수우파의 집권이 목표입니다. 실현 가능한 해법과 방향을 분명히 제시합니다. 윤칼세를 도와주십시오. 윤칼세TV ...	6473	1247	44	-1
_WGNGguhci4	윤석열 '정권교체 위해 달라진 모습 보여 드리겠다'	윤석열 국민의힘 대통령 후보가 10일 인천 송도센트럴파크호텔에서 열린 인천시 선거대책 위원회 출범식에서 정권교체 위한 지지 ...	598	64	11	1
Ng2G2b2dt3s	[핫플]공수처, 윤석열 팬클럽 회원·한동훈 가족 통신조회 | 김진의 돌직구 쇼 907 회	[핫플]공수처, 윤석열 팬클럽 회원·한동훈 가족 통신조회 | 김진의 돌직구 쇼 907 회 조선 공수처, 윤석열 팬클럽 회원·한동훈 가족 통신 ...	1911	83	32	1
BOc1wbKLYvE	멸콩(멸공) 논란 너무 간거 아니냐는 질문...윤석열은 어떤 답변을?	윤석열 #국민의힘 #멸공 #멸콩 #논란 #백브리핑 #질의응답 국민의힘 윤석열 대선후보가 22년 1월 10일 열린 인천시 선대위 출범식을 ...	4166	1136	166	-1
RkoTt0VU6PQ	윤석열 '인천 경인선·경인고속도로 지하화 추진… 구도심 살릴 것'	"윤석열 ""인천 경인선·경인고속도로 지하화 추진… 구도심 살릴 것"" -------------------------------------------------------------- 전체 영상보기▷ ..."	3	0	0	1
WhLztJ9_tcw	[풀영상] 국민의힘 윤석열 '윤석열 산업화·교역일번지 인천지역 공약 발표' (22.01.10)	"국민의힘 #윤석열 #인천 #공약 #발표 [풀영상] 국민의힘 윤석열 ""윤석열 산업화·교역일번지 인천지역 공약 발표"" (22.01.10) 시사 ..."	679	157	3	1
XMDzA4z02rU	윤석열후보! 남동공단 방문	This stream is created with #PRISMLiveStudio.	2264	613	20	1
6Qa7FVSytxY	송영길 '윤석열, 이준석 아바타?.. 자주적 모습으로 선거 임해라'	송영길 더불어민주당 대표가 10일 여의도 중앙당사에서 열린 중앙선거대책위원회 회의에서 대선토론 관련 윤석열 국민의힘 대통령 ...	376	9	20	1
vSCnqEIfTcw	사병 200만원, 남성 편중?...윤석열 '남성·여성 분류 자체가 바람직하지 않아'	윤석열 #국민의힘 #사병 #200만원 #불공정 #최저임금 국민의힘 윤석열 대선후보가 22년 1월 10일 열린 인천시 선대위 출범식을 마친 ...	495	66	17	-1
hmz2doC6HWY	김종인 복귀?...단칼에 선 그은 윤석열 '그럴 일 없다' #SHORTS	"윤석열 #김종인 #이준석 #국민의힘 #선대위 #SHORTS 김종인 복귀?...단칼에 선 그은 윤석열 ""그럴 일 없다"" #SHORTS 시사 ..."	1280	183	26	1
q79bkknjqXc	윤석열 대통령 후보 인천 접수!!	This stream is created with #PRISMLiveStudio.	3677	817	1	1
APzCWmilkC4	윤호중 '여성가족부 폐지 공약, 윤석열 대놓고 막장 연기'	"윤호중 더불어민주당 원내대표가 10일 서울 여의도 중앙당사에서 열린 중앙선거대책위원회의에서 여성가족부 폐지와 관련 ""이준석 ..."	233	6	14	-1
