ID	title	description	viewcount	likecount	commentcount	label
dHZ-mgTlCho	더불어민주당 이재명, 신경제비전 `이재노믹스` 발표…'세계 5강 도약' - [끝까지 LIVE] MBC 중계방송 2022년 01월 11일	이재명 더불어민주당 대선후보는 오늘(11일) 오전 국회 의원회관에서 이재노믹스(이재명+이코노믹스)로 명명한 `신경제 비전`을 발표 ...	11862	1660	95	1
FWuXeShgZtE	[이재명, 신경제 비전 선포식] 1월 11일 (화) 풀영상 / 디지털 only	더불어민주당 이재명 대선후보는 11일 오전 국회 의원회관에서 이재노믹스(이재명+이코노믹스)로 명명한 '신경제 비전'을 발표한다.	4865	387	19	1
F5RSKOXImNw	[최고의 5분] 히트작? vs 포퓰리즘? 이재명의 탈모 공약 MBN 220110 방송	판도라 256회 [더불어민주당 이재명 대선 후보의 탈모 공약이 화제다. 내 삶에 정말 도움이 된다는 의견과 건강보험 재정 여력을 ...	433	20	1	1
08RUUf34oHc	이재명의 신경제 비전은?...테드 형식으로 발표 / SBS	더불어민주당 이재명 대선후보가 오늘 오전 10시 국회 의원회관에서 이재노믹스(이재명+이코노믹스)로 명명한 '신경제 비전'을 발표 ...	1926	79	15	1
H226kedkcfk	[풀영상]  더불어민주당 이재명 후보, 신경제 비전 선포식/1월 11일	더불어민주당 이재명 대선 후보는 오늘(11일) 경제 비전을 발표했습니다. 이 후보는 신경제 비전 선포식을 열고 세계 5강 국가를 위한 ...	4458	423	26	1
Oejo9YW0lAo	이재명, 신경제 비전 &#39;이재노믹스&#39; 발표	더불어민주당 이재명 대선후보가 국회 의원회관에서 이재노믹스(이재명+이코노믹스)로 이름을 붙인 '신경제 비전'을 발표했습니다.	9638	667	68	1
Q4EwxAG6Ho4	이재명-윤석열 비전 경쟁 본격화...새해 첫 본회의 / YTN	[앵커] 여야 대선 후보 소식 짚어보겠습니다. 더불어민주당 이재명 후보는 신경제 비전 발표회를, 국민의힘 윤석열 후보는 신년 기자 ...	1744	21	47	1
DUVFE33lq1w	이재명 '여성 경력단절 예방'…경제 성장 공약 발표 / SBS	이재명 민주당 대선후보가 여성들의 경력단절을 예방하기 위한 '남성 육아휴직 의무화' 등을 약속했습니다. 이 후보는 조금 전 신경제 ...	378	14	10	1
NZEtWgzA_cM	[현장영상] 이재명 &#39;신경제 비전&#39; 발표…'디지털에 135조 투자해 200만 일자리 마련' / JTBC News	"이재명 더불어민주당 대선후보가 ""'이재명 신경제'는 세계 5강을 향한 성장의 신경제""라며 ""바로 지금이 대전환의 위기를 성장의 기회 ..."	1900	90	56	1
7Ad_MSldlWs	‘이재명이 대장동 지시’?…與 “당시 성남시 공식 방침” | 김진의 돌직구 쇼 908 회	'이재명이 대장동 지시'?…與 “당시 성남시 공식 방침” | 김진의 돌직구 쇼 908 회 동아 與 선대위 측 ＂다시 성남시 공식 방침＂ 중앙 ...	4559	334	113	-1
rH2Pu0-pNdc	[생중계] 이재명 후보, 신경제 비전 선포식 (2022.1.11 오전)	[생중계] 이재명 후보, 신경제 비전 선포식 (2022.1.11 오전) #이재명 #신경제 #비전선포 #정책 #오마이TV * '매월 1만원' 자발적 ...	22288	0	122	1
usI9G0cnVbU	이재명의 알려줌(ZOOM)-기본금융	이재명 #기본금융 #Shorts.	1424	699	41	1
n9kqUcnVVd8	2030 지지율 급등-6주만에 반등세-다시 이재명 앞질러 2022.1.11 오전8시	윤석열지지율 청년층 중심 큰폭 상승 분석,안철수도 급등 #이재명#윤석열#안철수#심상정.	6172	2536	203	-1
ZcbgDQm-8OI	이재명의 알려줌(ZOOM)-확률형 아이템		442	213	12	1
fSZUOiaVYUg	이재명의 알려줌(ZOOM)-게임산업		335	164	4	1
wZ8r44lUFk0	[시선집중] 유시민 등판! “이재명은 자체발광형! 尹 &#39;일베 놀이&#39;에 휘둘려서 어떻게 대통령 해?” - 유시민 작가, MBC 220111 방송	청취율 조사기간 (01/10~21) 입니다. 믿고 듣는 진품시사, 여기는 김종배의 시선집중입니다 △ △ △ △ 2022년 01월 11일 [김종배의 ...	30248	5775	413	-1
uS1q554bY2U	瑕痣투성인 문죄인 이재명 윤석열/대형 유튜브 잡것들 不可推货 ㄱ ㅐ ㅂ ㅗ ㄷ ㅏ ㅁ ㅗ ㅅ ㅎ ㅏ ㄴ 잡것들	묻지마관광문죄앙 #양심을전당표에 #윤석열이재명문좌앙 #하자투성인한국.	1538	376	33	-1
k0eM8HrC-CE	[현장연결] 이재명, 신경제 비전 발표…&#39;새로운 경제성장&#39; 강조 / 연합뉴스TV (YonhapnewsTV)	[현장연결] 이재명, 신경제 비전 발표…'새로운 경제성장' 강조 더불어민주당 이재명 후보가 신경제 비전 선포식을 열고 경제 비전을 ...	325	34	6	1
sp-FRjkW9Yc	이재명 vs 윤석열 외교안보공약 비교 | 중미 패권주의 속 한국의 외교전략 (feat 정세현 김준형 김동엽) [국회 앞 유정다방 8-2화]	달라진 중미 관계 속 한반도의 운명은 한반도 평화와 조국의 통일은 헌법에 명시된 대통령의 의무! 종전선언이 가져올 경제적 가치 ...	28523	3614	96	1
tM4eZDTtyw4	&#39;이재명 신경제&#39; 구상 발표…윤석열 '3가지 도전 극복' / 연합뉴스TV (YonhapnewsTV)	"'이재명 신경제' 구상 발표…윤석열 ""3가지 도전 극복"" [앵커] 대선 레이스 상황 짚어보겠습니다. 여야 후보들 모두 오늘 굵직한 정책 ..."	136	3	3	1
p4h0muh4Y1g	[백운기의 시사1번지] &#39;이대녀&#39; 끌어안는 이재명 vs &#39;이대남&#39; 공략하는 윤석열 / 윤석열 신년 기자회견 분석 / 단일화 지지율? (장성철, 최수영) | 2022010	백운기시사1번지 [장성철 대구 가톨릭대 특임교수, 최수영 메시지 컨설턴트 출연] -'이대녀' 끌어안는 이재명 vs '이대남' 공략하는 ...	4484	380	0	1
yddc1QLTBd8	[생방송] 이재명 후보, 신경제 비전 선포식 '555공약&#39; 대전환 대개혁 대투자	"[생방송] 이재명 후보, 신경제 비전 선포식 ""555공약' 대전환 대개혁 대투자 #이재명 #나를위해 #신경제 #합니다 #매타버스 #비전 ..."	4133	1111	25	1
-nWnzREzifI	[짤] 노사모 이재명 지지, 소확행은 대흥행	새날마켓 바로가기 : https://www.saenalmarket.com 새날패밀리 구독하기 ...	5484	1550	48	1
9EJlbjxqf5w	[이재명의 웹자서전 ] 정신 차려라, 재명아..'혼자 잘 먹고 잘 살자고 여기까지 오지는 않았다'	"'이재명의 웹자서전'..""정신 차려라, 재명아.. ""나는 어려웠던 시절의 사람들을 잊지 않는다."" ""혼자 잘 먹고 잘 살자고 여기까지 오지는 ..."	1658	350	14	1
-JJKwAkBN9E	더불어민주당 장기수 상황실장 '이재명 후보, 새로운 대한민국 만들 것'		4	2	0	1
31NRcjxMEQc	[LIVE] 이재명 후보 - &#39;신경제 비전 선포식&#39; 생중계		4663	1686	17	1
VA27U6a3SZw	이재명 후보, 교육대전환 위한 '8대 교육 공약' 발표	국회의원 유기홍입니다. 더불어민주당 선대위 교육대전환위원회 위원장으로서 이재명 후보의 교육 공약을 위해 최선을 다하겠습니다.	49	22	0	1
ZJbHUqNFhXw	2022년 문재인, 이재명만 아니면 더 위대해질 대한민국! (2021년12월30일제작)#문재인이재명 #문화일보	자율적구독후원 : 하나은행 : 106-910488-13707 (박*옥) 해외페이팔 후원링크 : https://www.paypal.me/jungsungsantv 문의 ...	1525	619	48	1
0bCnWWqEpSY	이재명 대통령 후보 신경제 비전 선포식 동시생중계	2022년 1월 11일 화요일 오전 10시 생중계.	1394	579	20	1
PiplLxv2dd8	1/11(화) - 이준석 국민의힘 대표/ [탐정 손수호] “황예진씨 폭행 사망, 살인vs치사”/ [쌍룡토론] “윤석열 갈라치기” “집값 못잡는 이재명” (박용진 원희룡)	+++++ 청취율 조사기간(1/11~22) 입니다 +++++ 지금 여러분은 김현정의 뉴스쇼를 듣고 계십니다 +++++ 02번으로 시작하는 전화가 ...	121222	1924	130	-1
06Fu-ZeaxMU	이재명 '일부 정치인들, 남녀갈등에 편승…정말 가슴 아픈 상황'	이재명 후보는 이날 오전 7시 쉐라톤 그랜드 인천 호텔 그랜드볼룸에서 새얼문화재단과 경인일보를 비롯한 인천 지역 언론사 등이 ...	4	0	0	-1
nAMYSFOJjUM	윤석열로 단일화 할 경우 이재명에 크게 이긴다.  윤석열43.4 이재명 37.1,  안철수 33.4  이재명 33.8	야권 단일화시…尹 43.4 李 37.1, 安 33.4 李 33.8. 데일리안 여론조사 공정.	11649	2812	222	-1
WSXRDhfvmWc	나락간 윤석열&amp;정용진 역풍 &#39;발빼기&#39; 실패했다ㄷㄷ '멸공 놀이 하루만에 시가총액 2203억 날아갔다' - 국민의힘 오징어게임 숟가락 논란.. 준비된 이재명 신 경제비전 발표 예고	윤석열정용진멸공논란역풍 #국민의힘윤석열오징어게임 #이재명신경제비전발표예고 ▣ 황희두 멤버십 후원 ...	28722	10181	343	-1
TIGFThtFpzU	[뉴스포커스] 이재명, 신경제 비전 발표…윤석열, 신년 회견 / 연합뉴스TV (YonhapnewsTV)	[뉴스포커스] 이재명, 신경제 비전 발표…윤석열, 신년 회견 [출연 : 최민희 더불어민주당 선대위 미디어특보단장·이수희 국민의힘 ...	1	0	0	1
6_X7E4dtErc	이재명 '윤석열후보 우리가 발표했던 공약 말씀하시던데...차별점은 실행력'	이재명 후보는 이날 오전 7시 쉐라톤 그랜드 인천 호텔 그랜드볼룸에서 새얼문화재단과 경인일보를 비롯한 인천 지역 언론사 등이 ...	10	1	0	1
cY3e6cxZWwk	이재명 대통령 후보 신경제 비전선포식 동시생중계	이재명 #신경제 #비전선포식 #민주연구원.	152	72	0	1
bl3d7XbSPms	[7173] 이재명의 국민주권주의, 실용주의 정부의 우선적 과제	1. 대장동 사건 재수사 2. 윤석열의 본부장 비리 처단 3. 세월호 진상규명 4. 노회찬, 박원순 의문사 재수사 5. 노무현 의문사 재수사 6.	24	6	4	-1
SmmC8dyZGmY	김기현 '대장동 핵심 김만배, 몸통 이재명 지시 증언'	"김기현 국민의힘 원내대표가 11일 국회에서 열린 원내대책회의에서 ""당시 이재명 성남시장 지시 방침 따른 것이라는 법정 진술이 ..."	610	105	13	-1
2bSwTwHOtZc	이재명도 기업인 병풍으로 활용….5대 그룹 CEO와 경제토론 벌인다	이메일 : newsdot724@naver.com(사연/칼럼/뉴스제보-url 첨부) 멤버십 ...	1878	332	76	1
RXA_tkAwoTE	[대선풍향계] 이재명 형수 “李 두둔한 둘째 형, OOOO 도왔던 사람” _220110	[대선풍향계] 이재명 형수 “李 두둔한 둘째 형, OOOO 도왔던 사람” 정도언론 인간존중 인류평화 를 위해 나아가는 아시아 투데이!	676	152	12	1
nFDcAoi3-G0	이재명 거짓말 방지 기자회견	This stream is created with #PRISMLiveStudio.	1829	681	0	1
MaUxSSNBsM4	혼외자 논란 이재명 여자논란 또 대형사고 터졌다	채널에 가입하여 혜택을 누려보세요. https://www.youtube.com/channel/UCULYn1zisR91e3tZZ4tFi1A/join #이재명.	1356	305	16	-1
X5qfWrpx1fA	(일일뉴스) 화천대유 김만배 배신! 이재명 무죄면 나도 무죄! / 2022.01.11	윤석열 #이준석 #홍준표 #김종인 #선대위 #선대위원장 #이재명 #대장동 #화천대유 #대장동게이트 #이재명게이트 #특검 #대장동 ...	23329	5532	49	-1
S4PfjB1qUgg	신문브리핑 3 '안철수 '단일화 없다, 내가 나가야 이긴다'' 외 주요기사 [아침&amp;매일경제]	"(매경)신문브리핑 3 ""안철수 ""단일화 없다, 내가 나가야 이긴다"""" 외 주요기사(0111) #아침앤매일경제 #신문브리핑 #이상훈앵커 ..."	1450	53	37	1
V2RLGu54cFw	이채익 '국정농단 탈원전 정책, 이재명 감원전 들고 나와'	"이채익 국민의힘 의원이 11일 국회에서 열린 원내대책회의에서 ""문재인 정부의 가장 실패한 정책인 탈원전 정책을 지지했던 이재명 ..."	165	14	4	-1
da1BuHSg8yA	이재명 대선후보 보험공약 편면적 구속력 부여...이슈는	이재명대선후보공약 #보험공약 #실손청구간소화 #편면적 구속력부여 추진 이재명 대선후보 보험공약 편면적 구속력 부여...이슈는 ...	11	1	0	1
eDBZ88vswtk	윤석열 20대 지지율 두 배 급등...오늘 발표된 여론조사 3군데 모두 1위. 이재명과 동률 한곳 포함.	이준석과 갈등 해소, 메시지 달리하면서 지지율 급반등. 데일리안, 토마토,뉴스핌 여론조사.	21668	10047	650	-1
d91NE9AqZls	[예언해줌]‘여가부 폐지!’ ‘멸공?’ 윤석열의 퇴행 정치 그리고 안철수의 약진	한겨레TV 온라인 쇼핑몰 마켓하니 http://www.markethani.com ▷한겨레TV 프로그램 제작을 지원하는 스마트한 방법, 바로 '마켓하니' ...	5121	383	0	-1
dV7q1Mzy0yE	더불어민주당 이재명 대통령 후보/ 신경제 비전선포식	세계타임즈TV.	7	3	0	1
sTAOjr8aiV8	이재명 신경제 비전 선포식  &#39;5.5.5 공약&#39; 대전환.대개혁.대투자	이재명 더불어민주당 대선후보의 신경제비전 선포식 녹화방송입니다 5.5.5 공약, 대전환.대개혁.대투자 미래비전을 제시 하셨습니다 ...	49	31	2	1
