ID	title	description	viewcount	likecount	commentcount	label
yFxG5eRINDI	국민의힘 윤석열, 문화공간 탈바꿈 폐공장서 신년회견…집권비전 밝힌다 - [끝까지 LIVE] MBC 중계방송 2022년 01월 11일	윤석열 국민의힘 대선후보는 오늘(11일) 오전 서울 성동구 성수동 할아버지공장 카페에서 신년 기자회견을 엽니다. 윤 후보는 오늘 ...	5039	112	53	1
bpKu3AUf5Ac	윤석열, 신년 기자회견...&#39;진심·변화·책임&#39; 국가 운영 비전 발표	국민의힘 윤석열 대선 후보가 신년 기자회견을 진행했습니다. 집권 이후 국정운영에 대한 비전은 물론, 남은 기간 어떤 방향의 선거 ...	14103	439	105	1
EnQr6ZR55GE	[현장영상] 윤석열 신년 기자회견…임대료 나눔제·부모급여 공약 / JTBC News	국민의힘 윤석열 후보가 오늘(11일) 신년 기자회견을 열고, 국가 운영 방향에 대한 비전 등을 밝힐 예정이다. 앞서 원희룡 정책본부장은 ...	806	24	49	1
o5NvJ9EcPLs	[풀영상] 국민의힘 윤석열 후보, 신년 기자회견/1월 11일	국민의힘 윤석열 대선 후보는 오늘(11일) 오전 신년 기자회견을 열었습니다. 윤 후보는 기자회견에서 국가 운영 방향에 대한 비전과 ...	14001	466	95	1
s6gGBrA2cqo	윤석열, 오늘 신년 기자회견…'주52시간 유연하게' / SBS	윤석열 국민의힘 대선후보는 신년 기자회견을 열어, 공정 경제 등 국가 운영 비전을 발표하고 있습니다. 어제(10일)는 주 52시간제를 ...	1646	63	60	1
i3butP5IHEY	[현장영상+] 윤석열 신년 기자회견...'공정경제 책임있는 변화 선도' / YTN	[앵커] 국민의힘 윤석열 대선 후보가 오늘 신년 기자회견을 진행합니다. 공정경제를 통한 양극화 해소 방안과 코로나19 시대 책임 있는 ...	1267	23	62	1
udf5ZfUCLbs	윤석열 신년 기자회견...'공정경제 책임있는 변화 선도' (1월 11일) / YTN / YTN	[윤석열 / 국민의힘 대선후보] 책임 있는 변화를 위한 미래 비전을 말씀드리고자 합니다. 지금 대한민국은 세 가지 근본적인 도전에 직면 ...	1198	42	68	1
Q4EwxAG6Ho4	이재명-윤석열 비전 경쟁 본격화...새해 첫 본회의 / YTN	[앵커] 여야 대선 후보 소식 짚어보겠습니다. 더불어민주당 이재명 후보는 신경제 비전 발표회를, 국민의힘 윤석열 후보는 신년 기자 ...	1744	21	47	1
vvjrbO4zsoI	윤석열 '아이 태어나면 1년간 매월 100만원 지급'  / 연합뉴스 (Yonhapnews)	"(서울=연합뉴스) 국민의힘 윤석열 대선 후보는 11일 ""아이를 갖기를 원하는 국민을 지원하기 위해 전국민 대상으로 '부모급여'를 도입, ..."	218	18	15	1
gIuHWJ6yLaU	‘윤석열, 이준석 아바타’?…“여가부 폐지는 상식” | 김진의 돌직구 쇼 908 회	'윤석열, 이준석 아바타'?…“여가부 폐지는 상식” | 김진의 돌직구 쇼 908 회 與 ＂윤석열은 '이준석 아바타'＂ 與 ＂윤석열, 본인 목소리 ...	397	16	8	-1
0Twfdp6m3mo	뉴스A 라이브 / 윤석열 지지율 하락세 멈췄다 · 이재명 “MB는 가짜, 난 진짜 실용”	[뉴스A 라이브] 채널A 뉴스A 라이브 (12:00~13:20) [채널A 뉴스·시사 프로그램 방송시간] 〈평일〉 08시 50분 김진의 돌직구 쇼 12시 00 ...	414	28	0	1
wQlq_u_tZDc	[생중계] 윤석열 후보, 신년 기자회견 (2022.1.11 오전)	[생중계] 윤석열 후보, 신년 기자회견 (2022.1.11 오전) - 화면 출처 : 국민의힘 유튜브 오른소리 #윤석열 #신년기자회견 #공약발표 ...	18124	0	348	1
2c7mIQpNurI	이준석 '윤석열, 젊은층 지지 회복…안철수 단일화 없이 선거치를 환경 마련'	"이준석 국민의힘 대표가 어젯밤 TV조선 뉴스9에 나와 “윤석열 후보에 대한 젊은 층 지지가 상당히 회복됐다""고 밝혔습니다. 또 “안철수 ..."	4763	299	136	1
d91NE9AqZls	[예언해줌]‘여가부 폐지!’ ‘멸공?’ 윤석열의 퇴행 정치 그리고 안철수의 약진	한겨레TV 온라인 쇼핑몰 마켓하니 http://www.markethani.com ▷한겨레TV 프로그램 제작을 지원하는 스마트한 방법, 바로 '마켓하니' ...	5033	382	0	-1
EWd1z5Yczu8	[라이브] 윤석열 '코로나 고통분담, &#39;임대료 나눔제&#39; 도입하겠다' | 신년기자회견	중앙일보 구독하기 https://www.youtube.com/c/JoongAngIlbo?sub_confirmation=1 국민의힘 윤석열 대선후보가 11일 신년 기자회견 ...	2105	286	4	1
vS_eTL8IeLM	[Live] '진심·변화·책임' 윤석열 대통령후보 신년기자회견		8480	8202	198	1
4BF-vdwZg30	윤석열이 신뢰하도록 만든 이준석의 한마디 (의총때 나눈 말) #Shorts	대선 졌을 때 집에 갈 사람은 당신하고 나밖에 없다 22. 01. 11 김현정의 뉴스쇼 https://www.youtube.com/watch?v=PiplLxv2dd8 ...	2270	51	8	1
Lmy0fdxA4-k	[본좌뉴스] 윤석열 앞에서  '허경영 뽑고 1억 받겠다'는 청년 화제	허경영TV의 영상은 악의적인 의도가 아닌한 언론에 의해 얼마든지 인용, 보도될 수 있습니다 (필히 출처 명시) 허경영 대통령후보 ...	3924	1203	168	-1
nAMYSFOJjUM	윤석열로 단일화 할 경우 이재명에 크게 이긴다.  윤석열43.4 이재명 37.1,  안철수 33.4  이재명 33.8	야권 단일화시…尹 43.4 李 37.1, 安 33.4 李 33.8. 데일리안 여론조사 공정.	11649	2811	222	-1
0L5s7UAHPNM	[현장연결] 윤석열, 신년 기자회견…'진심·변화·책임' / 연합뉴스TV (YonhapnewsTV)	"[현장연결] 윤석열, 신년 기자회견…""진심·변화·책임"" 국민의힘 윤석열 대선 후보가 신년 기자회견을 합니다. 회견장소는 도시재생사업 ..."	648	44	22	1
WSXRDhfvmWc	나락간 윤석열&amp;정용진 역풍 &#39;발빼기&#39; 실패했다ㄷㄷ '멸공 놀이 하루만에 시가총액 2203억 날아갔다' - 국민의힘 오징어게임 숟가락 논란.. 준비된 이재명 신 경제비전 발표 예고	윤석열정용진멸공논란역풍 #국민의힘윤석열오징어게임 #이재명신경제비전발표예고 ▣ 황희두 멤버십 후원 ...	28722	10175	343	-1
uS1q554bY2U	瑕痣투성인 문죄인 이재명 윤석열/대형 유튜브 잡것들 不可推货 ㄱ ㅐ ㅂ ㅗ ㄷ ㅏ ㅁ ㅗ ㅅ ㅎ ㅏ ㄴ 잡것들	묻지마관광문죄앙 #양심을전당표에 #윤석열이재명문좌앙 #하자투성인한국.	1538	376	33	-1
lPpC6mIMKRk	윤석열! 멸치 콩?	윤석열! 이준석! 멸치 콩! 여성가족부 폐지! 하면서 잠깐 인기 만회하면 승리하나? 채널에 가입하여 혜택을 누려보세요.	542	216	52	1
DeARTBfM_9I	VAPC0211윤석열 &amp; 안철수 후보 단일화! 과연 누가더 유리할까?	윤석열&안철수 후보! 단일화를 한다면 승자는 누구??	794	276	35	1
tM4eZDTtyw4	&#39;이재명 신경제&#39; 구상 발표…윤석열 '3가지 도전 극복' / 연합뉴스TV (YonhapnewsTV)	"'이재명 신경제' 구상 발표…윤석열 ""3가지 도전 극복"" [앵커] 대선 레이스 상황 짚어보겠습니다. 여야 후보들 모두 오늘 굵직한 정책 ..."	136	3	3	1
xpeJeSBffAA	윤석열 신년 기자회견 키워드는 &#39;진심, 변화, 책임&#39; [모두발언 풀영상]	윤석열 국민의힘 대선후보는 11일 오전 서울 성수동의 한 카페에서 '진심, 변화, 책임'이라는 주제로 신년 기자회견을 열고 신종 코로나 ...	304	44	15	1
tY9CMhhTraI	[풀영상 다시보기]윤석열 '전 국민 부모급여 도입…출생시 1년간 월 100만원 지급'	"윤석열 #신년기자회견 윤석열 국민의힘 대선후보는 11일 서울 성동구 성수동 할아버지공장 카페에서 신년 기자회견을 열고 ""국가운영 ..."	864	33	12	1
Ap8RWySWK-A	윤석열 &#39;멸콩&#39;에 이어 해명도 논란ㅣ김어준의 뉴스공장_류밀희의 이알뉴(20220111)	1월 11일(화) 김어준의 뉴스공장 [이 정도는 알아야 할 아침 뉴스] - 류밀희 기자 (TBS) 02:24 코로나19 주요 뉴스 04:37 세수 예측 또 ...	38	7	1	-1
eDBZ88vswtk	윤석열 20대 지지율 두 배 급등...오늘 발표된 여론조사 3군데 모두 1위. 이재명과 동률 한곳 포함.	이준석과 갈등 해소, 메시지 달리하면서 지지율 급반등. 데일리안, 토마토,뉴스핌 여론조사.	21668	10047	650	-1
X_ElUlwxlP8	긴급) 윤석열 방금 성수동 할아버지 공장에 도착! &#39;진심·변화·책임&#39; 3대 키워드 신년 기자회견 개최! 엄청난 발언이 쏟아졌다!!	정의구현 멤버십 가입 : https://www.youtube.com/channel/UCUNwNXVrWAHQpc8gPp1c6kw/join 자발적 구독료 : KB국민은행 ...	15138	4526	68	1
Lglh6ZiaDqM	윤석열,박근혜 메시지 안나오면 없던 일 된다#윤석열,이준석 입방아로 또 새 됐다#조선일보,안철수로 갈아탔다#전두환 비석 밟은 김동연의 돌변#노영민,황교안 고소에 답하라#멸공 정용진	윤창중칼럼세상은 보수우파의 집권이 목표입니다. 실현 가능한 해법과 방향을 분명히 제시합니다. 윤칼세를 도와주십시오. 윤칼세TV ...	10485	1506	51	-1
Ff5Hvmst0OA	[🔴LIVE] 윤석열, 지지율 반등 위한 새로운 선거캠페인은? [현장연결]	국민의힘 윤석열 대선 후보는 11일 오전 서울 성동구 성수동 할아버지공장 카페에서 신년 기자회견을 연다. 윤 후보는 이날 회견에서 ...	1256	58	3	1
A06ayu1Kb-0	[생중계] 윤석열 대선 후보, 도시재생 문화공간서 신년 기자회견 / 연합뉴스TV (YonhapnewsTV)	국민의힘 윤석열 대선 후보가 서울 성동구 성수동 '할아버지공장' 카페에서 신년 기자회견을 엽니다. ▣ 연합뉴스TV 유튜브 채널 구독 ...	4517	246	27	1
Jxd87AQPL_g	1/11(화) 윤석열로 단일화?…2주 내 지지율 상승이 관건_노영희의 뉴스인사이다[청정시대]	1월 11일 (화) 노영희의 뉴스인사이다 ▷ 청정시대 이경 더불어민주당 선대위 대변인 양준우 국민의힘 대변인 - 윤석열 '여가부 폐지' ...	1513	248	17	1
703KR4uVhro	윤석열, 정용진, 그리고 &#39;멸공&#39;｜스포츠센터 막대기 사망 뒷이야기｜1300살까지 살고 싶어요	+++++ 커피 이벤트 당첨자 (60명) +++++ 아래 당첨자는 newsshow.cbs@gmail.com로 당첨된 닉네임·성함·연락처를 적어서 보내 ...	35700	1298	37	1
aWiqXhkKmY4	윤석열, 단일화 지지율 안철수 압도!(22.1.11.)	제보이메일 raceinvesti28@gmail.com.	5549	1894	91	1
juj_xTRtOUI	윤석열, 10대 20대에서 대약진, 이재명 제쳤다! 40~50대만 회복하면 골든크로스! &#39;희대의 XX&#39;가 좌측에 버티나 백호는 조력자 없이는!	후원계좌 신한은행 304 04 253850ㅅㅣ This stream is created with #PRISMLiveStudio.	3548	903	0	1
ydweIbKXYzg	윤석열후보! 진심 변화 책임 신년기자회견	This stream is created with #PRISMLiveStudio.	3678	1078	8	1
mqu1wBCiZQY	변발헤-스타벅스 불매/ 정용진과 국짐 일베놀이/윤석열 멸공 해명 거짓/기재부 더 걷힌 세금 60조	멤버쉽 링크 - https://www.youtube.com/channel/UCkI2g2FvX-haxXqqDMqc96A/join 송작가TV몰 링크 ...	5367	2349	37	-1
6_X7E4dtErc	이재명 '윤석열후보 우리가 발표했던 공약 말씀하시던데...차별점은 실행력'	이재명 후보는 이날 오전 7시 쉐라톤 그랜드 인천 호텔 그랜드볼룸에서 새얼문화재단과 경인일보를 비롯한 인천 지역 언론사 등이 ...	10	1	0	1
glkaKl_SrWQ	윤석열 삼프로 토론분석 #shorts		370	62	1	1
PiplLxv2dd8	1/11(화) - 이준석 국민의힘 대표/ [탐정 손수호] “황예진씨 폭행 사망, 살인vs치사”/ [쌍룡토론] “윤석열 갈라치기” “집값 못잡는 이재명” (박용진 원희룡)	+++++ 청취율 조사기간(1/11~22) 입니다 +++++ 지금 여러분은 김현정의 뉴스쇼를 듣고 계십니다 +++++ 02번으로 시작하는 전화가 ...	121222	1924	130	-1
VfoX6oqhzM8	(충격 라이브) 속보/ 윤석열 역전 40.3%의 비밀. / 2022.01.11	'수개표국민운동' 자발적 구독료 : (국민은행 : 예금주 신혜식 ) 5333-0201-137296 이준석 소환 운동 ...	35840	10833	274	-1
jfEAKvVzmpc	Live-스타벅스 불매/ 정용진과 국짐 일베놀이/윤석열 멸공 해명 거짓/국짐 내분 시작/간철수의 본심/경제는 이재명/기재부 더 걷힌 세금 60조	멤버쉽 링크 - https://www.youtube.com/channel/UCkI2g2FvX-haxXqqDMqc96A/join 송작가TV몰 링크 ...	3631	5502	0	-1
TIGFThtFpzU	[뉴스포커스] 이재명, 신경제 비전 발표…윤석열, 신년 회견 / 연합뉴스TV (YonhapnewsTV)	[뉴스포커스] 이재명, 신경제 비전 발표…윤석열, 신년 회견 [출연 : 최민희 더불어민주당 선대위 미디어특보단장·이수희 국민의힘 ...	1	0	0	1
PBuRmUS4XD4	[김재연의 30초]이재명 • 윤석열 둘다... #shorts	두 후보 다 여성, 청년 공약을 이야기하고 있지만 말이죠...? 김재연 페이스북 ...	4	1	0	1
8xoocNld9Do	야권 단일화 전초전…尹·安 지지율 ‘1월 전쟁’ | 김진의 돌직구 쇼 908 회	야권 단일화 전초전…尹·安 지지율 '1월 전쟁' | 김진의 돌직구 쇼 908 회 한국 야권 단일화 전초전…尹·安 지지율 '1월 전쟁' 경향 ...	483	26	4	1
7wm2BZOFb8A	터는 권력, 공수처 무차별 사찰! 기자 170명-외국기자-윤석열-한동훈-정용진 , 북에 총살된 공무원!  감사원 전 간부 6개월간! 이재명 '야권 단일화 어렵다. 윤석열은 극우!'	후원계좌 신한은행 304 04 253850ㅅㅣ This stream is created with #PRISMLiveStudio.	4673	1165	14	-1
hnRl4Ljki9o	[아투현장] 국민의힘 '진심·변화·책임' 윤석열 대통령후보 신년기자회견 _220111	"[아투현장] 국민의힘 ""진심·변화·책임"" 윤석열 대통령후보 신년기자회견 정도언론 인간존중 인류평화 를 위해 나아가는 아시아 투데이!"	541	105	0	1
Ie8YgNibFVI	[질의응답] 수십 명 언론인 앞에 선 윤석열...&#39;진심·변화·책임 신년 기자회견&#39;	국민의힘 #윤석열 #기자회견 #변화 #책임 [질의응답] 수십 명 언론인 앞에 선 윤석열...'진심·변화·책임 신년 기자회견' 시사포커스TV는 ...	1492	196	21	1
