ID	title	description	viewcount	likecount	commentcount	label
qXYvRT6S4jY	러브콜 할 땐 언제고...&#39;안철수 견제&#39; 나선 민주당 / YTN	진행 : 김선영 앵커, 김대근 앵커 □ 출연 : 김수민 / 시사 평론가 * 아래 텍스트는 실제 방송 내용과 차이가 있을 수 있으니 보다 정확한 ...	1363	23	28	1
S4PfjB1qUgg	신문브리핑 3 '안철수 '단일화 없다, 내가 나가야 이긴다'' 외 주요기사 [아침&amp;매일경제]	"(매경)신문브리핑 3 ""안철수 ""단일화 없다, 내가 나가야 이긴다"""" 외 주요기사(0111) #아침앤매일경제 #신문브리핑 #이상훈앵커 ..."	1450	53	37	1
d91NE9AqZls	[예언해줌]‘여가부 폐지!’ ‘멸공?’ 윤석열의 퇴행 정치 그리고 안철수의 약진	한겨레TV 온라인 쇼핑몰 마켓하니 http://www.markethani.com ▷한겨레TV 프로그램 제작을 지원하는 스마트한 방법, 바로 '마켓하니' ...	5121	383	0	-1
PYNkVjgKFCg	안철수 “단일화 없다, 내가 나가야 이긴다” | 김진의 돌직구 쇼 908 회	안철수 “단일화 없다, 내가 나가야 이긴다” | 김진의 돌직구 쇼 908 회 조선 안철수 ＂단일화 없다, 내가 나가야 이긴다＂ 조선 尹 ...	256	12	11	1
l8JKQXOtcHk	[조간브리핑] 윤석열·안철수 ‘1월 승부’에 사활…주도권 향배 달라지나	경제와이드 모닝벨 '조간 브리핑' - 장연재 조간브리핑입니다. ◇ 전월세 세입자 3명 중 1명 재계약 때 갱신권 못 썼다 ◇모닝벨 (월~금 ...	21	0	0	1
pWQ_MKOGlrg	[LIVE/JTBC 뉴스] 한국기자협회 초청 토론회 - 안철수 국민의당 대선후보 (14:30~)	JTBC 뉴스 편성 안내 ◉ 07:20~ ▷뉴스 아침& 14:30~ ▷한국기자협회 초청 토론회 16:30~ ▷정치부회의 ▷썰전라이브 ▷JTBC 뉴스 ...	0	4	0	1
2c7mIQpNurI	이준석 '윤석열, 젊은층 지지 회복…안철수 단일화 없이 선거치를 환경 마련'	"이준석 국민의힘 대표가 어젯밤 TV조선 뉴스9에 나와 “윤석열 후보에 대한 젊은 층 지지가 상당히 회복됐다""고 밝혔습니다. 또 “안철수 ..."	4776	299	136	1
DpiLvoCOTNs	1/11 (화) 풀영상｜[강병원] 안철수 상승세, 이재명에 위협될까? /멸공 챌린지 논란, 어떻게 보나｜[김호기] &#39;갈라치기&#39;와 &#39;중도통합&#39;｜KBS 220111 방송	(1부) [뉴스 언박싱] '오늘 아침 가장 뜨거운 뉴스' - 민동기 기자 + 김민하 시사평론가 [신혜리의 눈] 카자흐스탄 유혈사태 진정국면.	1947	111	12	1
HhwEX8_enRE	[최경영의 최강시사] 안철수 상승세, 이재명에 위협될까? / 멸공 챌린지 논란, 어떻게 보나? -강병원 최고위원 (더불어민주당)	[강병원의 정치백신] ㆍ안철수 상승세, 이재명에 위협될까? ㆍ멸공 챌린지 논란, 어떻게 보나? -강병원 최고위원 (더불어민주당) ...	2960	145	18	-1
SsHks1RCFXY	[안철수] 대한민국을 바꿀 마지막 기회 - 중소기업인 신년인사 |  더 좋은 정권교체 | 새롭게 준비된 안철수		2032	0	205	1
DeARTBfM_9I	VAPC0211윤석열 &amp; 안철수 후보 단일화! 과연 누가더 유리할까?	윤석열&안철수 후보! 단일화를 한다면 승자는 누구??	794	276	35	1
AcAXLLsadwE	이준석 '공동정부? &#39;안철수 바라기&#39; 거간꾼들 활개'	라이브 방송 안내 뉴스쇼 라이브 방송 | 매주 월~금 오전 7시20분~9시 댓꿀쇼 라이브 방송 | 뉴스쇼 본방송 끝나자마자 이어서 오전 9시 ...	20252	165	68	1
Zs0MYCxzWIU	슬슬 안철수로 선수교체를 준비하는 조선일보 - 이상로의 카메라 출동 -  (2022. 1. 11)	김경재 후원회 농협 352 - 1924 - 7661 - 93 예금주 : 김영숙 (회계) 이상로의 카메라 출동 - 슬슬 안철수로 선수교체를 준비하는 조선 ...	460	139	15	1
Cxz4yhR3niI	알박기		1907	0	63	1
aWiqXhkKmY4	윤석열, 단일화 지지율 안철수 압도!(22.1.11.)	제보이메일 raceinvesti28@gmail.com.	5549	1896	91	1
ufCCwPVKAgk	[송국건의 혼술] 윤석열‧안철수의 전략적 이구동성 “‘지금은’ 각자 선거운동 할 때” 왜?	윤석열 안철수 단일화 적합도, 지지율 조사 결과는? 안철수 바람은 어디서 불어올까 권성동, 당협위원장 최고위 패싱 임명 파장.	11733	3152	198	1
HDy_V9DE6EY	[TV CHOSUN LIVE] 1월 11일 (화) 신통방통 - 안철수 '내가 단일후보 돼야 이겨'	"[TV CHOSUN LIVE] 1월 11일 (화) '신통방통' ○ 안철수 ""내가 단일후보 돼야 이겨"" ○ 홍준표 ""단일화 안 하면 패배 반복"" ○ 정용진 ..."	561	23	3	1
jpt00O__7gU	안철수와 단일화 질문 받은 윤석열 '그건 유권자 국민들이 판단하실 문제'	윤석열 #안철수 #단일화 #국민의힘 #국민의당 국민의힘 윤석열 대선후보가 22년 1월 11일 열린 신년 기자회견에서 기자들의 질문에 ...	408	46	5	1
Hheg5OJJOWo	(1부)  대선판 흔든 안철수, '문재인에게 양보한 게 정치 인생에서 가장 큰 후회'(조선일보 인터뷰_오늘의 핫뉴스_2022.01.11)		384	95	19	1
nAMYSFOJjUM	윤석열로 단일화 할 경우 이재명에 크게 이긴다.  윤석열43.4 이재명 37.1,  안철수 33.4  이재명 33.8	야권 단일화시…尹 43.4 李 37.1, 安 33.4 李 33.8. 데일리안 여론조사 공정.	11649	2816	224	-1
lzSzL6fv4HY	안철수후보는 &#39;철수&#39;만하지않았나 #shorts		104	26	1	1
yLCxZC_Eqms	안철수도 박근혜대통령 탄핵에서 자유롭지 못한 사람...	백신패스 #광화문집회 #백신접종.	501	54	4	-1
yEDNvuwE5pA	안철수의 이상한 논평 터졌다! 윤석열과 안철수 비밀 대화 공개! 단일화시 윤석열 후보님이 될 ! 홍준표, 이준석 충격! 이재명이 큰 위기를 맞이합니다!		537	47	5	-1
kw2ZWrOLE_s	윤석열 안철수 단일화, 누가 더 경쟁력 있나?	윤석열 #안철수 #단일화 자발적 구독료 : 812701-04-165082 국민은행(청아대) 해외후원은 : https://www.paypal.me/blueguys1004.	1903	494	9	1
cEna7YSdlXQ	국민송 &#39;동행&#39; 국민만 봅니다. #시대교체 #안철수		94	63	18	1
Lglh6ZiaDqM	윤석열,박근혜 메시지 안나오면 없던 일 된다#윤석열,이준석 입방아로 또 새 됐다#조선일보,안철수로 갈아탔다#전두환 비석 밟은 김동연의 돌변#노영민,황교안 고소에 답하라#멸공 정용진	윤창중칼럼세상은 보수우파의 집권이 목표입니다. 실현 가능한 해법과 방향을 분명히 제시합니다. 윤칼세를 도와주십시오. 윤칼세TV ...	10485	1506	51	-1
n9kqUcnVVd8	2030 지지율 급등-6주만에 반등세-다시 이재명 앞질러 2022.1.11 오전8시	윤석열지지율 청년층 중심 큰폭 상승 분석,안철수도 급등 #이재명#윤석열#안철수#심상정.	6176	2536	203	-1
OmqJZF8pAoU	긴급! 윤석열 1위 탈환! 방금 발표된 2개의 충격 여론조사! 이준석 어제밤 예상 적중! 이재명 안철수 충격! (진성호의 직설)		36991	7433	495	-1
aPO92SE-0X0	#안철수 💋부🏘동산 해결 합니다❗	shorts #국민의심판 #민심의선택.	3	0	0	1
sXJ2Dp0wDlA	야권후보단일화	야권은 바보단일화를 시작하고 있다. 전 바보왕 안철수와 현 바보왕 윤석열이의 바보단일화 기대가 됩니다. #윤석열 안철수 #안철수 ...	2	0	0	1
8xoocNld9Do	야권 단일화 전초전…尹·安 지지율 ‘1월 전쟁’ | 김진의 돌직구 쇼 908 회	야권 단일화 전초전…尹·安 지지율 '1월 전쟁' | 김진의 돌직구 쇼 908 회 한국 야권 단일화 전초전…尹·安 지지율 '1월 전쟁' 경향 ...	483	26	4	1
LggAfz16LRo	안철수의 급부상! 과연 기득권은 윤석열을 버릴 것인가?덤앤더머의 시대 이제 우리는 무엇을 할 것인가?국힘 멸공놀이!	안철수의 급부상 이제 기득권은 윤석열을 버리고 안철수로 갈아탈 준비를 하는건가?	8	2	0	1
NOavdJ9u1u0	안철수가 유권자를 보는 시각..		12	3	0	1
VuaxjcL3RfA	1월 둘째주 [강태경의 주간뉴스]	문대통령 고 이한열 열사 모친 배은심 여사 빈소조문 문재인 대통령은 9일 고(故) 이한열 열사 어머니 배은심 여사의 빈소를 방문해 ...	9	1	1	1
LeS2Xr3YFqM	[LIVE] 0111 안철수 국민의당 대통령 후보 - 한국기자협회 초청 토론회	[LIVE] 0111 안철수 국민의당 대통령 후보 - 한국기자협회 초청 토론회 2022.01.11 일요서울 TV 정대웅, 이은철 기자.	0	3	0	1
DIn6A0U_3SU	💥이재명후보 압도적 1위에..🟣 안철수 후보로 대선 이길것 같다..? 도대체 무슨 말이야..? 지금 대선판 어떻게 돌아가는거야..?#shorts	청년의소리 정말 리얼한 청년들의 목소리 여러분의 구독과 좋아요가 큰 힘이됩니다 ...	16	1	0	1
na3uitk7G_E	[정문일침] #98 -윤석열X안철수, 천하무적 철석 공동정부로 정권교체	[정문일침] #98 -윤석열X안철수, 천하무적 철석 공동정부로 정권교체 2022.01.11 일요서울TV 오두환, 김정오 기자 일요서울TV는 ...	2075	237	0	1
ilwEWFwmNow	지지율이 폭발하는 안철수 후보자	사주 풀이는 1.성격 2. 건강 3. 직업 4. 부부관계. 5.자손론 을 보는것입니다 사주보다는 대운이 좋아야 하고 또한 자기노력을 중요시 ...	156	34	5	1
s6gGBrA2cqo	윤석열, 오늘 신년 기자회견…'주52시간 유연하게' / SBS	윤석열 국민의힘 대선후보는 신년 기자회견을 열어, 공정 경제 등 국가 운영 비전을 발표하고 있습니다. 어제(10일)는 주 52시간제를 ...	1650	63	60	1
5UaKVdl95hc	2022년 1월 11일 (화) [아침&amp;매일경제] 다시보기 - 신문브리핑 1 '정용진 '내게 멸공은 현실' 마이웨이…與, 스벅 등 불매운동 압박' 외 주요기사	"신문브리핑 1 ""정용진 ""내게 멸공은 현실"" 마이웨이…與, 스벅 등 불매운동 압박"" 외 주요기사 신문브리핑 2 ""尹 '병사 월급 200만 원' ..."	657	14	6	1
eqDtAoRDKvU	#한세엠케이 상한가! #데이타솔루션 #한국정보공학 #안철수 #자율주행 #인포뱅크 #텔레칩스 #KPX생명과학 #삼화콘덴서#프롬바이오 #금리인상 #금융주 #오늘의관심주 #개미주방	개미주방 TODAY #외국인수급주/ #기관수급주 외 관심종목 공개 #한세엠케이 상한가! #데이타솔루션 #한국정보공학 #안철수 #자율 ...	3	0	0	1
kHdTXkO2a7Q	광우병 13년, 정치가 미쳤다 [2022년 1월 11일(화) 정규재의 텐텐뉴스]	"0:00:00 오프닝 0:04:59 여론조사 0:12:01 박근혜 회복 기원 화환 0:16:05 김만배 0:23:56 안철수 ""윤석열, 공정 아니다"" 0:28:19 중국 ..."	5713	2385	37	-1
Ap8RWySWK-A	윤석열 &#39;멸콩&#39;에 이어 해명도 논란ㅣ김어준의 뉴스공장_류밀희의 이알뉴(20220111)	1월 11일(화) 김어준의 뉴스공장 [이 정도는 알아야 할 아침 뉴스] - 류밀희 기자 (TBS) 02:24 코로나19 주요 뉴스 04:37 세수 예측 또 ...	38	7	1	-1
_YHGWMM-2Qk	[출발 새아침] FULL 다시보기 | 이재노믹스 경제 정책, 박스권 돌파구 되나? 국민의힘 멸공 선긋기, 대장동 재판 시작, 文 &#39;소아·4차&#39; 백신 추진 발언 | 220111	"YTN FM 94.5MHz 우리의 이슈가 뉴스를 바꿉니다. 세상을 깨우는 ""황보선의 출발 새아침"" 중심잡힌 시선으로 가장 뜨거운 이슈를 ..."	2560	176	0	1
0fo3WU8SerA	민주당 ‘尹 아바타‘ 공세에…安 ”역시 드루킹 동료들”  | 김진의 돌직구 쇼 908 회	민주당 '尹 아바타' 공세에…安 ”역시 드루킹 동료들” | 김진의 돌직구 쇼 908 회 민주당 ＂安 어젠다 중요＂→ ＂윤석열 아바타＂ ...	552	22	5	-1
fFoF-7Rl_Hk	#안철수 💋국민에게 봉사할 준비가 되었습니다❗	shorts #국민의심판 #민심의선택.	3	0	0	1
mKdDjlyWScU	1/11(화) 김만배 측 &#39;이재명 지시&#39; 발언 / 윤석열, &#39;멸공&#39; 논란에 '누구나 표현의 자유' / 윤석열 견제하는 안철수 '부사관·장교는?'_노영희의 뉴스인사이다[뉴스픽]	"1월 11일 (화) 노영희의 뉴스인사이다 ▷ 한동인 기자의 뉴스픽 - 김만배 측 '이재명 지시' 발언…與 ""성남시 방침"" - 윤석열, '멸공' 논란 ..."	1617	242	18	-1
LRKpuSKhlEc	사그러들지 않는 &#39;멸공&#39; 공방, 왜? [아침에 이슈]	대선을 57일 앞두고 여야 후보들의 공약 경쟁이 본격화되고 있습니다. 실현 가능성이 있을지, 대선 판도에는 어떤 영향을 미칠지 주목 ...	3777	173	62	1
oC_aX7DB0tw	[11시 김광일 쇼 LIVE] 윤석열 지지율  강한 반등…이준석 “단일화 이유 없어져” | 박스권 갇힌 이재명, 젠더 프레임에도 갇히나?	방송 고화질로 시청하기 *모바일: 화면 우측 상단(점 세개 모양) 버튼을 눌러 화질을 조정해주세요! * PC: 동영상에서 오른쪽 밑 ...	27747	11436	0	1
4daesmP01bc	1월 11일 (화) 류영준 자진사퇴, 카카오 잔혹사 계속되나?/스타벅스 너마저..가격인상, 확산될까?/대장동 첫 재판..핵심 5인방 출석/공약은 한 줄이 대세? [김태현의 정치쇼]	2022년 1월 11일 화요일 SBS 김태현의 정치쇼 생방송 [1부] 뉴스 온더 블럭 - 박수진 SBS 기자 [2부] 산지직송, 경제배송 - 류영준 자진 ...	162	8	1	-1
