ID	title	description	viewcount	likecount	commentcount	label
edIqEx8gjz8	이재명 40% 돌파전략은?, 안철수는 누구편?, 거리두기 완화 어떻게?, 어느 디자이너의 죽음 - [LIVE] MBC 뉴스외전 2022년 01월 12일	"먹는 코로나 치료제‥'모레'부터 투약 시작 / 현대차 직원 극단 선택‥'과로 자살'이란? / ""이재명, 지지율 다시 정체?""‥승부수는?"	5611	290	0	1
9H6kzDeAIBw	[자막뉴스] '단일화 관심 없다'는 안철수...국민의힘 속내는? / YTN	국민의당 안철수 후보는 한국기자협회 초청 토론회에서 개헌 필요성을 강조했습니다. 단순히 임기를 4년 중임제로 바꾸는 것이 아니라 ...	5044	112	119	1
CztNe8WBTwE	안철수 11% ‘급부상’…후보 단일화 시 결과는? | 뉴스A 라이브	안철수 11% '급부상'…후보 단일화 시 결과는? □ 방송 : 채널A 뉴스A 라이브 (12:00~13:20) □ 방송일 : 2022년 1월 12일 (수요일) ...	618	18	10	1
W4kp55w12_4	[현장영상] 안철수 '단일화? 누가 더 정권교체 가능한 후보인지 국민이 판단해줄 것' / JTBC News	JTBC유튜브 구독하기 (https://bit.ly/2hYgWZg) ☞JTBC유튜브 커뮤니티 (https://bit.ly/2LZIwke) #JTBC뉴스 공식 페이지 (홈페이지) ...	1248	44	36	1
lLEhTXHvzn4	[돌발영상] 안철수의 생각 ('병사 월급 200만 원?…그 사람들 군대 안 다녀와 봐서')  / YTN	이재명·윤석열 두 여야 후보의 '병사 월급 200만 원' 공약이 화제가 되고 있습니다. 더불어민주당 이재명 후보가 먼저 지난 12월 공약을 ...	26086	904	498	1
jmoGhDxMlAQ	안철수 “이재명 후보가 ‘555 성장공약’ 베껴”  | 김진의 돌직구 쇼 909 회	안철수 “이재명 후보가 '555 성장공약' 베껴” | 김진의 돌직구 쇼 909 회 安, 지난해 11월 1호 공약 발표…'555 성장전략' 安, ＂이재명 ...	717	25	16	1
PzYnBngLj0A	[뉴스앤이슈] 윤석열 2030 표심 다시 돌아왔나? 지지율 반등 성공 / YTN	진행 : 강진원 앵커 □ 출연 : 배철호 / 리얼미터 수석전문연구위원, 이은영 / 휴먼앤데이터 소장 * 아래 텍스트는 실제 방송 내용과 차이 ...	2219	52	74	1
QR_ifTqtUwk	이태규 '안철수가 윤석열 아바타? 드루킹 후예답네요'	'마의 15%' 넘겼다, 현장 열기는 더 뜨거워 * 야권 단일화 프레임, 여당 꽃놀이패 주는 것 * 거간꾼은 내부 사정, 이준석 조직 관리 못해 ...	2437	63	22	-1
y4taK1NsMTU	안철수 '단일화 없다'는 주장에도 불구하고 / 다수는  안철수가 단일화에 응할 것으로 전망 [공병호TV]	공병호TV는 신규영상에 대해 '전면 노란딱지'를 받고 있습니다. 그리고 전체 노출의 약 80%를 차지하는 추천영상이 2020년 9월부터 ...	3337	896	137	1
kYmP7P8AhJs	[안철수] 위안부 피해 할머니 묘역 참배 | 더 좋은 정권교체 | 새롭게 준비된 안철수 |		2304	0	237	1
S7YJagoZgfw	[토론 요약] &#39;안초딩&#39;은 어디갔나? #안철수 #윤석열 #shorts	1월 11일, 안철수 후보는 한국기자협회 초청 토론회에 참석해 자신의 생각을 밝혔습니다. 토론 마지막 발언 중 윤석열 후보의 병사월급 ...	634	13	2	-1
GGKSsbr6QCo	안철수 측 “이재명 변호사비 대납의혹 최초 제보자 사망…소름 돋는다”	22년 1월 12일 국회 소통관에서 국민의당 안혜진 대변인이 기자회견을 가졌다. #팩트TV 보도채널 추진 트레일러 방송 #팩트TV플러스 ...	3542	197	389	-1
tulU5DCHLSk	송영길 '문재인 정부 이재명 탄압'/ 윤석열 북한 선제타격/ 안철수 단일화 근황	쇼핑은 설마트ㅋ.	973	260	5	1
aJJh5eW2B0o	[안철수] 번개미션 대구청년 멘토편 | 청년들과 함께 해쳐나가겠습니다 | 안철수를 팝니다 | 철수마켓	철수마켓 #안철수를팝니다 【철수마켓】 신청하기 https://marketahn.co.kr/	3112	0	236	1
CzSOw6tU7NA	명예부통령 &#39;이재명&amp;윤석열&amp;안철수&#39; #shorts	2021년 12월 25일, 허경영 후보는 이재명, 윤석열, 안철수, 심상정, 김동연 후보를 '명예대통령'으로 임명하겠고 밝혔습니다. #허경영 ...	315	2	0	1
woDJcPueB5Y	소름돋는 예언! 천해암에게 안철수 사주를 넣었더니 생각지도 못한 반전이 일어난다?!..※소름돋는 신점 결과※ [안산만신] [천해암] ☎️010 7190 5278☎️	안산 천해암⭐ ▷상담문의 ☎️010 7190 5278☎️ ▷신당위치 : 경기도 안산 #안철수 #안철수사주 #안철수지지율 #안철수대선 ...	232	0	0	1
XF4SGnm6S0U	윤석열·안철수 단일화에 등장할 제3인물은 누구인가 ? (2022.1.12)	김경재 후원회 농협 352 - 1924 - 7661 - 93 예금주 : 김영숙 (회계) 윤석열·안철수 단일화에 등장할 제3인물은 누구인가 ? (2022.1.12) ...	904	272	44	1
-2xexdGYMj0	3부: 「이재명・윤석열・심상정・김동연」에 이어 「안철수」까지 권한축소…「분권형」 대통령제? 우연의 일치? (2022.01.12) [정치분석]	미래경영연구소 회원모집 - 성함,휴대폰번호,주소를 문자로 발송 : 010 - 5028 - 8253 회원 계좌 : 예금주(미래경영연구소) 우리은행 ...	3112	838	23	1
b_zYQi07g14	윤석열 이재명에게 없는 안철수의 무엇이 갈 길 잃은 보수우파 흔들고 있는가? #윤석열 한 방 터뜨렸다!#윤희숙 살짝 게으르다#멸공 정용진 대선 후보 예약했다#노영민.황교안 저격했다	윤창중칼럼세상은 보수우파의 집권이 목표입니다. 실현 가능한 해법과 방향을 분명히 제시합니다. 윤칼세를 도와주십시오. 윤칼세TV ...	10618	1450	99	1
2WeEhNtbHN8	안철수 “병사 월급 200? 실현 불가한 쌍포퓰리즘…이재명·윤석열 총 안 쏴봐서 몰라”	안철수 국민의당 대선후보가 11일 오후 서울 중구 한국프레스센터에서 열린 한국기자협회 초청토론회에서 패널들의 질문에 답변 ...	9	0	0	1
BxjMgRr2z0U	李, 연일 &#39;경제 행보&#39;...尹, 게임 공약 &#39;이대남&#39; 공략 / YTN	[앵커] 더불어민주당 이재명 대선 후보는 '산업 대전환' 정책 공약을 발표하고 10대 그룹 최고경영자들을 만나면서 경제정책 행보를 ...	3059	32	64	1
C0mo1WC3xLA	[ FNL NEWS ] 3강 목표 안철수, 단일화 선그어 - 22.01.12	자유일보가 일간지로 새롭게 개편되었습니다. 구독자 여러분들의 많은 구독 부탁드립니다. http://jayupresspay.com/bbs/register.php ...	354	77	11	1
M_u0wKCnOPI	국민의당 안철수 대선 후보, 국가의 방역실력이 곧 경쟁력	취재 우제성 촬영편집 고태곤.	8	0	0	1
nvJ9J3-uEJA	안철수 '내 &#39;555 공약&#39;이 진짜, 이재명은 짝퉁'… &#39;555공약&#39; 이란?	안철수 후보는 이날 오전 7시 쉐라톤 그랜드 인천 호텔 그랜드볼룸에서 새얼문화재단과 경인일보를 비롯한 인천 지역 언론사 등이 ...	24	2	0	1
uFo2fmqwmqI	안철수 '난 가족문제 없다'…이재명, 윤석열 저격	안철수 후보는 이날 오전 7시 쉐라톤 그랜드 인천 호텔 그랜드볼룸에서 새얼문화재단과 경인일보를 비롯한 인천 지역 언론사 등이 ...	11	1	0	1
OBLp3_ch8eI	오늘의 뉴스체크✔ 광주 아파트 붕괴 사고…'비행기 폭발한 줄 알았다' (2022.1.12 / JTBC 아침&amp;)	"6명 연락두절…추가 붕괴 위험성도 0:00 · 북 ""1000㎞ 비행 미사일 발사 성공"" 2:32 · 안철수 ""단일화, 국민이 판단할 문제"" 3:56 · 36년 ..."	2097	11	17	-1
3Ki8ZrK7-As	교수·전문가 그룹 '안철수, 공정과 정의를 실천할 유일해'	국민의당 #안철수지지선언 #교수·전문가그룹 교수·전문가 그룹이 22년 1월 12일 국회 소통관 기자회견장에서 국민의당 안철수 대선 ...	1738	257	81	1
ONmX4Djj804	안철수 '대한민국 백신 주권국가 될 수 있다…미국처럼 적극적 지원필요'	안철수 후보는 이날 오전 7시 쉐라톤 그랜드 인천 호텔 그랜드볼룸에서 새얼문화재단과 경인일보를 비롯한 인천 지역 언론사 등이 ...	9	1	0	1
TJLo36vJYzU	이재명 “임기내 수출 1조 달러”…윤석열 “게임사용자 권익 보호” / KBS  2022.01.12.	정치권 소식입니다. 민주당 이재명 후보는 오늘 산업대전환 공약을 내놓고, 10대 미래산업을 키워 임기 내에 수출 1조 달러 시대를 열 ...	297	16	6	1
PkAbn2rHPfU	송영길, 안철수와 연대위해 “이재명, 文정부서 탄압 받았다'에…윤영찬 “아연실색” 친문 부글부글	피해자 코스프레와 문재인과의 차별화를 꾀하는 꼼수 정치. 동아.	15314	2842	197	-1
ySn4xObsIuE	안철수, 윤석열과 단일화… '확장성· 정권교체 가능성 국민이 판단'	"안철수, 윤석열과 단일화… ""확장성· 정권교체 가능성 국민이 판단"" ────────────────────── 경인일보 ..."	9	0	0	1
R8lQfT2cO2I	'우리의 용기가 나비효과를 일으키길 바란다.' #안철수 #시대교체 #나비효과		145	78	15	1
PVAVcKU-PMw	李, 연일 &#39;경제 행보&#39;...尹, 게임 공약 &#39;이대남&#39; 공략 / YTN	[앵커] 더불어민주당 이재명 대선 후보는 '산업 대전환' 정책 공약을 발표하면서 임기 안에 수출 1조 달러를 달성하겠다고 밝혔습니다.	2191	36	84	1
WSjkhulEDOc	video 2022 01 12 11 38 24 안철수의 말말말	대한민국의 #생존 전략 실패해도 재도전 할 수 있는 기회를 주는 나라 새롭게 준비된 #안철수.	7	0	0	1
2YOtU4Rcqh8	[영종TV] 제20대 대선후보 초청, 새얼아침대화. 안철수 국민의당안철수대통령후보자	제20대 대선후보 초청, 새얼아침대화. 안철수 국민의당안철수대통령후보자 2022.01.12 (수) 07시 쉐라톤그랜드 인천.	9	0	0	1
dDiT-er_AjA	[다시보기] 제20대 대선후보 초청 새얼아침대화 국민의당 안철수 후보 강연	새얼문화재단과 인천 지역 언론사 등이 공동 주최하는 '제20대 대통령 후보 초청 새얼아침대화'에 안철수 후보가 강연자로 나섰다.	2	1	1	1
0GISNcY2aMs	거부기tv  #안철수의 말말말	평판을 잃어도 잘 먹고 잘 산다고요? 바뀌지 않으면 선진국으로 갈 수 없습니다 #안철수 #대선후보 #상승세.	0	0	0	1
kq84gCAz5_M	단일후보 국민 선택은? 윤석열 36.8%   안철수 29.6% .  정권교체 57.2%  정권재창출 36.6%	윤석열로 단일화 되면 이재명이 '진다'.. 李 38.8% vs 尹 45.2% . 쿠키뉴스 한길리서처.	14277	1971	106	1
J7JgzxrQPso	[LIVE] &#39;이재명 변호사비 대납 의혹&#39; 제보자 사망…무슨 일이? / 윤석열의 '선제타격'에 공방 - 주영진의 뉴스브리핑 1/12(수) | SBS 모바일24	주영진의뉴스브리핑 #변호사비대납제보자사망 #선제타격공방 #주영진 #이재명 #윤석열 #안철수 #심상정 #민주당 #국민의힘 ...	1626	40	0	-1
0SfG50PNhVk	안철수의생각	더 자세한 시청은 아랫유트브를 시청 바랍니다. 제20대 대선후보 초청 새얼아침대화 - 국민의당 대통령 후보 안철수.	16	6	3	1
SuuuibbUGDs	대선후보 안철수 과연 어떻게 될까...? 그의 2022년 운세 (대구점집)(용한점집)(유명한점집) 점집 댓글 추천 후기	안녕하세요. 15세 신령님을 모시고 무당의길을 걷고있는 대구점집 태공신당 가인선녀입니다. 진솔하고 진실하며 진지하게 여러분의 ...	74	17	1	1
8Z0o_QU3QwA	[YTN라디오 이슈&amp;피플]오늘의 이슈앤피플 - #문재인 #문재인대통령 #이재명 #윤석열 #민주당선대위 #국민의힘선대위 #여야선대위 #안철수 #홍준표 #유시민 #이준석유시민 #배은심	YTN라디오(FM 94.5) [YTN 뉴스FM 김혜민의 이슈&피플] 세상은 이 시간 뉴스와 지금 내 옆에 있는 사람들로 채워집니다 . T.I.P을 알면 ...	885	12	0	1
jGENJDhID7Q	미국 모두 감염될듯..'학교 보내야 하나?' - MBC AMERICA (2022년 1월 11일)	"1부 ▶️ LA 통합교육구 오늘 개학...""6만 5천 명 확진"" ▶️ 코로나 자가진단 비용 '보험처리'..""1인당 매달 8번까지"" ▶️ 미국 입원환자 ..."	1949	91	7	1
PJ9ZqFc0tAQ	[다시보기] 尹 “北 핵도발 선제 타격”…이재명 “국민들 불안”  | 2022년 1월 22일 뉴스A 라이브	1월 12일 뉴스A 라이브 주요뉴스 서울 상공 1분 만에…김정은 “극초음속 미사일 대성공” 안철수 11% '급부상'…후보 단일화 시 결과는 ...	13354	2024	70	1
KKp4Zb_vwNI	제20대 대선후보초청 새얼아침대화 -국민의당 안철수 후보-	취재 우제성 촬영편집 고태곤.	4	0	1	1
ImaUDVVipys	&#39;이재명 짝퉁&#39; , 공개 망신 당했다! 윤석열, 여론조사 1위 휩쓸었다! 국힘 환호성!  민주 쑥대밭! 이재명, 이제 안철수 한테도 밀린다!!	정의구현 멤버십 가입 : https://www.youtube.com/channel/UCUNwNXVrWAHQpc8gPp1c6kw/join 자발적 구독료 : KB국민은행 ...	5444	1331	64	-1
6gN0-6cHIdY	[MBN LIVE/프레스룸] 정관예우 (이동학 민주당 최고위원 / 임승호 국민의힘 대변인) - 2022.1.12 (수)	MBN뉴스 #MBN라이브 #프레스룸 □출연자 윤영걸 / 전 매경닷컴 대표 이수아 / 기자 유호정 / 기자 □오늘의내용 -정관예우 (이동학 ...	3222	42	0	1
UJFfslPZVLY	[시선집중] 전원책 “尹 지지율 급반등 ‘여가부 폐지’ 덕분.. 이제야 조금 ‘정치인’ 된 듯” - 전원책 변호사, MBC 220112 방송	청취율 조사기간 (01/11~21) 입니다. △ △ 02로 시작하는 전화가 오면 “김종배의 시선집중” 2022년 01월 12일 [김종배의 시선집중] ...	20586	437	232	1
lhGTQX76Ll0	李, 연일 &#39;경제 행보&#39;...尹, 게임 공약 &#39;이대남&#39; 공략 / YTN	[앵커] 더불어민주당 이재명 대선 후보는 산업 대전환 정책 공약을 발표하면서 임기 안에 수출 1조 달러를 달성하겠다고 밝혔습니다.	444	6	13	1
qw4rBoUDtO0	누가 대통령이 되는가?#이재명#윤석열#안철수#심상정#허경영#성명학#1644-0178	11월 5일 이재명의 후보의 이름을 분석하면서 이번 대선에는 민주당이 대권을 잡을 것이라고 구성성명학으로 예단해 놓았다. 당시만 ...	40	6	1	1
