ID	title	description	viewcount	likecount	commentcount	label
cN9q3DQ9-2w	'준표 형, 부럽습니다' 적극적으로 다가가는 안철수...왜? / YTN	진행 : 김선영 앵커, 김대근 앵커 □ 출연 : 김준일 / 뉴스톱 대표 * 아래 텍스트는 실제 방송 내용과 차이가 있을 수 있으니 보다 정확한 ...	8407	230	108	1
PDNBICldNwQ	[대선후보에게 묻는다] 안철수 후보 (예고) 지지율 상승세 '단일화 없이 대선 완주한다' 1/13(목) 오후5시10분~ TV+유튜브 동시 방송! 광주.목포.여수MBC 공동기획	[신년특별대담] 대선후보에게 묻는다 | 안철수 / 대통령 후보 1/13(목) 오후 5시10분~ TV+유튜브 동시방송 (여수MBC News+) 광주/ ...	16	3	0	1
N3zqUMktIgI	[안철수] 제11차 중앙선거대책위원회 | LIVE		3706	0	168	1
sTHthAUYxUE	[뉴스라이브] 민주당의 러브콜?...김종인 찾아간 민주당 박용진 / YTN	진행 : 김선영 앵커, 김대근 앵커 □ 출연 : 김준일 / 뉴스톱 대표 * 아래 텍스트는 실제 방송 내용과 차이가 있을 수 있으니 보다 정확한 ...	7697	243	51	1
-tzblJ1bQEo	[안철수] 롯데케미칼 사업현장 방문 | 더 좋은 정권교체 | 새롭게 준비된 안철수 |		907	0	64	1
glegbofjp1s	[안철수] 서산 가로림만 해양정원 사업계획 현장방문 | 더 좋은 정권교체 | 새롭게 준비된 안철수 |		760	0	53	1
rjcgRN9khFU	안철수 '벌써 세 분째, 분명회 기획자·실행자 있어...더이상 우연이라 생각할 사람 없어'	안철수 #국민의당 #이재명 #대장동 국민의당 안철수 대선후보가 22년 1월 13일 열린 중앙선거대책위원회에서 발언을 하고 있다.	796	96	10	-1
YajLFaeq7vQ	&#39;안스트라다무스&#39;의 3월 9일 예언 커밍 쑨~	두 달 앞으로 다가온 2022 대선. 광주·목포·여수MBC는 공동으로 여야 대선후보들을 차례로 만나봅니다. 두 번째 순서로 국민의당 ...	13	3	0	1
uHZo4SPuMYY	안철수 '빚 대신 희망 남기는 대통령되겠다'	"안철수 국민의당 대통령 후보가 13일 국회에서 열린 중앙선거대책위원회의에서 ""국민의 돈을 자기 돈처럼 뿌리는 사람이 아니라, 국민 ..."	156	18	2	1
1jsnEhqAWsU	정의당 심상정, 돌연 일정 중단 ＂이대로는 안돼, 상황 심각＂ [이슈픽]	국민의힘 윤석열 후보의 '여가부 폐지' 정책을 비판했던 심상정 정의당 대선 후보가 돌연 일정을 전면 중단했습니다. 두자릿수 지지율 ...	1548	29	25	-1
euf3MGsJ7EY	김건희 7시간으로 윤석열 나락? 무서운 안철수 돌풍! 윤석열에 냉소적인 안철수!	후원 : 우리은행 1005-603-591706 제이에이치 커뮤니케이션.	0	64	0	-1
gsQD5A-ur6M	[풀영상] 국민의당 안철수 ' 중앙선거대책위원회의' (22.01.13)	"안철수 #국민의당 #선대위 #회의 #생방송 [풀영상] 국민의당 안철수 "" 중앙선거대책위원회의"" (22.01.13) 시사포커스TV는 창간 35년 ..."	960	80	7	1
k994gjuOBEY	단일화 없이 끝까지 완주하겠다 #안철수	그렇다면 이번 대선에서 단일화 없이 완주하겠단 의사인가. -그렇다.	84	51	6	1
7KBWC9nMbf8	[천기누설] 118화 - ‘김건희의 7시간’ 시선집중에서 공개?!｜’尹 지지율 반등’과 안철수 상승세, 야권 전체에 오히려 ‘악재’라고? JB가 알려주는 비밀! (김종배&amp;박지훈)	청취율 조사기간 (01/11~21) 입니다. △ △ 02로 시작하는 전화가 오면 “김종배의 시선집중” 2022년 01월 13일 [천기누설] 멋털도사 ...	32625	3856	162	1
nOfX1tWo2hA	[야권 단일화/대선풍향계] 윤석열 안철수의 계산법...단일화 불지피며 동상이몽 _220113	[대선풍향계] 단일화 불지피면서 동상이몽, 윤석열·안철수 속마음은? 정도언론 인간존중 인류평화 를 위해 나아가는 아시아 투데이!	207	58	8	1
X3vPujKj9wI	[출발 새아침] FULL 다시보기 | 대장동 &#39;몸통&#39; 이재명 사퇴해야, 박스권 갇힐라... 이재명의 승부수, 국민의힘 &#39;극적상봉&#39; 이후 2030 돌아왔나? | 220113	"YTN FM 94.5MHz 우리의 이슈가 뉴스를 바꿉니다. 세상을 깨우는 ""황보선의 출발 새아침"" 중심잡힌 시선으로 가장 뜨거운 이슈를 ..."	5592	252	26	1
8E7N_v-IkVo	안철수 마이야히 #shorts		1	0	0	1
PqEzhd0zzYo	[자막뉴스] '모든 일정 중단'...심상정 후보가 기자들에게 보낸 공지문 / YTN	정의당 선거대책위원회는 늦은 저녁 기자들에게 짧은 공지문을 보냈습니다. 심상정 대선 후보가 현재 선거상황을 심각하게 ...	13058	185	265	1
TYnKpkjW080	국민이 원한다면 단일화 (안철수)		1	0	0	1
YmUESTQyjog	한국의 마크롱 #안철수		70	45	6	1
mKAKXaiKFBI	야권 단일화할 경우 판세…20대 표심 보수로 기울었다? | 김진의 돌직구 쇼 910 회	야권 단일화할 경우 판세…20대 표심 보수로 기울었다? | 김진의 돌직구 쇼 910 회 '尹 단일화' 이재명 38.1% 윤석열 43.6 [리얼미터] ...	790	32	5	1
rZDp37sW_dY	김평우 변호사 '황교안이 박근혜 탄핵 주범'#황교안,노영민과 끝장토론 하라#김종인, 이재명 지지?#이준석 때문에 안철수 찍는다#이재명,탈출구 안 보인다#김건희 7시간통화,핵폭탄이다	윤창중칼럼세상은 보수우파의 집권이 목표입니다. 실현 가능한 해법과 방향을 분명히 제시합니다. 윤칼세를 도와주십시오. 윤칼세TV ...	9663	1542	79	-1
yG9dinQmlZQ	이재명, 노후 아파트 방문…윤석열, 국정운영 구상 토론회 / 연합뉴스TV (YonhapnewsTV)	이재명, 노후 아파트 방문…윤석열, 국정운영 구상 토론회 [앵커] 정치권으로 가보겠습니다. 더불어민주당 이재명 대선 후보는 서울의 ...	186	6	4	1
4898I8hhvfY	안철수 성대모사		0	0	0	1
c0QmEsBUDKg	[송국건의 혼술] 윤석열 캠프, 정치공작 차단 비상령 ‘김건희 통화’ 방송금지가처분	윤석열 지지율 반등에 안철수 범퍼 효과 '김건희 7시간 통화' 찌라시 흘리는 여권 송영길, “문재인 정부가 이재명 탄압” 속뜻은? 변호사 ...	9428	2402	187	-1
h1hLUCBh7d8	윤석열, 정책학회 토론회 참석…심상정, &#39;일정 중단&#39; / SBS	국민의힘 윤석열 대선 후보는 오늘(13일) 토론회에 참석해 차기 정부 국정운영 방향에 대한 의견을 밝힙니다. 어제 모든 일정을 중단한 ...	1341	29	16	1
rAFTUzYHgDA	대선 후보 지지도 변화…차기 대선 당선 가능성  | 김진의 돌직구 쇼 910 회	대선 후보 지지도 변화…차기 대선 당선 가능성 | 김진의 돌직구 쇼 910 회 '당선 가능성' 이재명 44.6% 윤석열 41.1% [조원씨앤아이] ...	575	29	1	1
3LNfmrADp6w	유인태 '제보자 사망이 이재명 탓? 공격해도 득 안 돼'	'변호사비 대납' 제보자 사망, 李 영향 없을 것 * 안철수 약진 여기까지...주변 90% 척지고 떠나 * 김종인 수모 당하고 민주당 합류?	5718	222	71	-1
8RLryae5cUE	22.01.13.목  금일관심주  안철수 관련주 흐름, 아침장체크 주도주,테마대장주 흐름  장중 시황	장중 시황 금일 시초가 단타 관심종목 흐름.	1	0	0	1
k3qfsypAOxs	이준석, 우리당은 부산지역 발전을 위해 분골쇄신 하겠습니다	부산mbc뉴스 사전녹화방송 22.01.12 #이준석 #준스톤 #윤석열 #안철수 #후보단일화 #이준석부산 #박형준 #하태경 #조경태 ...	1184	242	28	1
n7xW8hRbARg	이재명 36.9% 윤석열 39.2% 안철수 12.2%[리얼미터] 2030남성은 개새끼가 아니라 절대군주 숙종	채널에 가입하여 혜택을 누려보세요. https://url.kr/tcqpyr 좋아요와 구독 부탁드립니다!! [달빛스톰 구독하기]: https://bit.ly/2GWPmJ3 ...	9	1	0	1
hLZUF7aQDmY	尹 &#39;멸공 논란&#39; 이어 &#39;선제타격&#39; 발언ㅣ대선 D-56, 윤석열-안철수 단일화 논의는?	[출처:김어준의 뉴스공장_220112] 1월 12일(수) 김어준의 뉴스공장 ◎ 2부 [정국해설자 J] 尹 '멸공 논란' 이어 '선제타격' 발언 & 대선 ...	34	7	2	-1
WzUzUBPobpM	2022 LCK 스프링 개막전에 나타난 이준석	jtbc뉴스 인터뷰 22.01.12 #이준석 #준스톤 #윤석열 #이준석LCK #이준석LOL #이준석롤파크 #안철수 #후보단일화 #고민할필요 ...	2301	411	76	1
y_PylB_-8f8	&#39;이재명 변호사비 대납 의혹 제보자&#39; 사망…파장은? [아침에 이슈]	민주당 이재명 후보의 '변호사비 대납 의혹'을 처음 시민단체에 제보했던 이 모씨가 갑작스레 사망하면서, 대선을 앞둔 정치권에도 ...	5199	492	78	-1
jG2mKgZyPM4	리얼미터 여론 분석 '&#39;김건희 7시간 통화&#39; 공개, 여성층 이탈 가능성'' [황보선의 출발 새아침] / YTN라디오	YTN라디오(FM 94.5) [황보선의 출발 새아침] 우리의 이슈가 뉴스를 바꿉니다. 세상을 깨우는 황보선의 출발 새아침 중심잡힌 시선으로 ...	191	58	4	1
v1XqSaz6mHw	[100초 브리핑] 安, '인천 바이오 산업, 한국 경제 이끌 것' 外 220113	1월 13일 목요일 인천일보 100초 브리핑 시작합니다 △ 安, “바이오 산업, 한국 경제 이끌 것” 국민의당 안철수 대선후보가 지난 12일 ...	14	4	0	1
UAJBmWgJJpc	대납의혹 사망자 CCTV , 충격적 마지막 모습유인태,방금 충격발언!국힘, &#39;김건희 7시간 통화&#39; 방송금지 가처분 신청!권영세 김재원,이재명 데스노트!윤석열,국정비전 전격공개!	윤석열TV: https://www.youtube.com/channel/UCcl16CxYqlbKQJVCfdhSJVw 윤석열 공식 유튜브 주소입니다. 나라를 살리는 모든 ...	3962	523	7	-1
TWmvs6_qbXE	KSOI 여론 분석 '이대녀 투표율에 주목해야' [황보선의 출발 새아침] / YTN라디오	YTN라디오(FM 94.5) [황보선의 출발 새아침] 우리의 이슈가 뉴스를 바꿉니다. 세상을 깨우는 황보선의 출발 새아침 중심잡힌 시선으로 ...	64	3	0	1
r5FPlK9X4xI	국민의당 중앙선거대책위원회의 풀영상 [1월 13일]	안철수 #국민의당 #중앙선대위회의 국민의당 중앙선거대책위원회의 풀영상 [1월 13일] 시사포커스TV는 창간 35년 정통언론, 시사 ...	930	83	10	1
a2m3lz6k0yE	대납의혹 사망 제보자,'충격적 사연' 폭로!!추미애,'무혐의 내린' 검사장들과 어떤 관계?월성 감사국장,좌천!‘윤석열 원주 별장 온 것도 같다’... 이규원의 진술 조작 전말!	윤석열TV: https://www.youtube.com/channel/UCcl16CxYqlbKQJVCfdhSJVw 윤석열 공식 유튜브 주소입니다. 나라를 살리는 모든 ...	24123	3395	106	-1
TuN14i24qJE	[김종배의 시선집중][FULL] &amp; [천기누설]│7시간 김건희 통화 녹음 파일, 공개가 미칠 여파는?│[박지훈·윤건영·김기현·박완주·정은정], MBC 220113 방송	청취율 조사기간 (01/11~21) 입니다 △ △ 02로 시작하는 전화가 오면 “김종배의 시선집중” 2022년 1월 13일 목요일 #시선집중 ...	170215	12002	361	1
VL_u3lnRsfA	긴급! 중앙-숨진 제보자 3개 녹취록에 엄청 충격적 변호사비 내막! 선대위 '돌변 굴복', '김건희 비방' 현수막은 불법! 윤석열에 힘 실어준 홍준표! 문재인 이재명 충격!	"긴급! 중앙-숨진 제보자 3개 녹취록에 엄청 충격적 변호사비 내막! 선대위 ""돌변 굴복"", ""김건희 비방"" 현수막은 불법! 윤석열에 힘 실어 ..."	20	5	0	-1
lWgqM397daA	국회방송국 LIVE, 12일 기자회견장 소통관 일정을 실시간 생중계합니다	국회 기자회견 소통관 LIVE 생중계, 하루동안 국회 기자회견장인 소통관에서 진행되는 한인협의 국회 기자회견장 LIVE 생중계 방송 ...	25	0	0	1
OZU_YJSJwqM	긴급! KBS ‘체험 삶의 현장’ &#39;해피선데이&#39; 박태호PD, 尹선대위 합류. 젊고 감각적인 선거운동 기대,이재명쪽 김영희PD에 맞대응.‘체험 삶의 현장’ 박태호PD, 尹선대위 합류	긴급! KBS '체험 삶의 현장' '해피선데이' 박태호PD, 尹선대위 합류. 젊고 감각적인 선거운동 기대, 이재명쪽 김영희PD에 맞대응.	9	2	0	1
Xj2tNwamwFE	[최경영의 최강시사] 이재명 박스권 지지율 탈출 복안은? - 박용진 더불어민주당 공동선대위원장｜KBS 220113 방송	[최강 인터뷰] 이재명 박스권 지지율 탈출 복안은? - 박용진 더불어민주당 공동선대위원장 ----- ▷ #최강시사 홈페이지: ...	3153	234	18	1
t9zBKJrNIwY	01/13/목-아침에 꼭 봐야하는 상승테마!관심종목 공유!-동시호가도 점검하세요	깡샘TV채널은 함께 공부하며 성장하는 채널입니다!!! 후원 링크 : https://toon.at/donate/637482948909251538 라이브 방송[정규장] ...	1127	195	0	1
QHQCHmfMRU8	1/13 (목) 풀영상｜[박용진] 이재명 박스권 지지율 탈출 복안은?｜[임서정 일자리수석] 코로나19 장기화, 국민 일자리 동향은?｜KBS 220113 방송	(1부) [뉴스 언박싱] '오늘 아침, 가장 뜨거운 뉴스' - 민동기 기자 + 김민하 시사평론가 [전민기의 눈] 전기차, 국민인식도 대세? - 전민기 ...	1661	73	9	1
LD2OFJRgytA	220113 성공예감 1부	2022년 1월 13일 [성공예감 김방희입니다] KBS 1 Radio1 FM 97.3MHz 월~금 09:05-10:53. 1부 * 경제 뉴스 브리핑 - 현대차 '순정이 ...	356	5	0	1
ibGrOxbvCyI	[성공예감 김방희입니다] 2부 풀영상 | 뉴노멀 시대의 생존방법 | 성공예감 A/S | KBS 220113 방송	2022년 1월 13일 [성공예감 김방희입니다] KBS 1 Radio1 FM 97.3MHz 월~금 09:05-10:53. 2부 * 심층 인터뷰 - 뉴노멀 시대의 생존 ...	273	5	0	1
MJz_HIhFQc4	[11시 김동원의 하이파이브] 국민의힘 '아수라 현실판' / 김건희 7시간 통화, 왜? / 허경영 심상정 역전, 탄력받나? _220113	"[11시 김동원의 하이파이브] 국민의힘 ""아수라 현실판"" / 김건희 7시간 통화, 왜? / 허경영 심상정 역전, 탄력받나? 정도언론 인간존중 ..."	1223	320	0	1
