ID	title	description	viewcount	likecount	commentcount	label
znf7KlQ5lBs	더불어민주당 이재명, [타운홀미팅] 정책간담회 - [끝까지 LIVE] MBC 중계방송 2022년 01월 13일	이재명 더불어민주당 대선후보는 오늘(13일) 오전 서울 노원구 노후 아파트 현장을 찾아 재건축 추진위원회와 정책 간담회를 진행 ...	25363	2758	8	1
eQcDQ39MQOg	더불어민주당 이재명, 노원 노후아파트서 재건축 정책 간담회 - [끝까지 LIVE] MBC 중계방송 2022년 01월 13일	이재명 더불어민주당 대선후보는 오늘(13일) 오전 10시 노원구 상계동의 노후 아파트를 찾아 주민들과 아파트 재건축 정책을 주제로 ...	1256	183	10	1
G2gtg6ADJ1o	이재명 , 재건축 재개발 부동산 공약 발표 / SBS	이재명 후보가 부동산 정책 관련 공약을 발표할 예정입니다. #SBS뉴스 #8뉴스 #이재명 #부동산 #더불어민주당 #실시간 으로 만나 ...	1937	41	9	1
jPSlBUC4juE	&#39;이재명 변호사비 대납 의혹&#39; 제보자 숨져…'부검 예정' / JTBC 아침&amp;	이재명 후보의 '변호사비 대납 의혹'을 제보했던 남성이 이틀 전 모텔에서 숨진 채 발견됐습니다. 극단적인 선택을 했다고 추정할 만한 ...	1334	24	22	-1
43iVbgarvUE	이재명,  재건축 재개발 주민 간담회 / SBS	더불어민주당 이재명 대선 후보는 오늘 오전 서울 노원구의 노후 아파트를 찾아 주민들과 아파트 재건축 정책을 주제로 간담회를 ...	2099	49	9	1
0K8sSUJYOdo	이재명, 서울 노후 아파트 방문…&#39;정책 간담회 &#39;진행 / SBS	이재명 민주당 대선 후보는 오늘(13일) 서울 노후 아파트를 방문해 재건축 정책 간담회를 진행합니다. 앞서 어제는 10대 기업 경영자 ...	476	11	12	1
DgOpAu7dOeo	[기사+]&#39;이재명 대선 후보 변호사비 대납 의혹&#39; 제보자 생전 마지막 모습 CCTV 영상[동아일보 단독]	관련 기사 보기 https://www.donga.com/news/Society/article/all/20220113/111222980/1 ▽ 동아일보 SNS · 동아일보 네이버 포스트 ...	11535	23	16	-1
u0WxL6GKjtc	&#39;이재명 文정부서 탄압받아&#39; 발언에 민주당 시끌…앙금 건드렸다 / 연합뉴스 (Yonhapnews)	'이재명 文정부서 탄압받아' 발언에 민주당 시끌…앙금 건드렸다 (서울=연합뉴스) 더불어민주당 송영길 대표의 '이재명 탄압' 발언이 ...	316	12	7	-1
1PCklYpV_-Y	‘이재명 변호사비 대납’ 제보자 숨진 채 발견  | 김진의 돌직구 쇼 910 회	'이재명 변호사비 대납' 제보자 숨진 채 발견 | 김진의 돌직구 쇼 910 회 서울 '이재명 변호사비 대납' 제보자 숨진 채 발견 한겨레'이재명 ...	1047	79	13	-1
XuGe25oqNgs	[백운기의 시사1번지] 윤석열 &#39;이대남&#39; 지지율 반등 / 이재명 변호사비 대납의혹 / 김건희 7시간 통화 파일 공개 파장? (정기남, 김경진) | 20220113	백운기시사1번지 [정기남 민주당 선대위 대변인, 김경진 국민의힘 선대본 상임공보특보단장] → 이재명-윤석열, 오차범위 내 접전..왜?	4444	234	0	-1
kKMnjPTyc8g	송영길 발언 논란…‘이재명이 文 정부서 탄압’? | 김진의 돌직구 쇼 910 회	송영길 발언 논란…'이재명이 文 정부서 탄압'? | 김진의 돌직구 쇼 910 회 한겨레 사설 ＂이재명, 문재인 정부에서 탄압＂ 송영길의 ...	618	30	5	-1
lhM43mjegc4	이재명, 작년 국감서 의혹 부인…S사도 “전혀 관련 없어” 선 그어 | 김진의 돌직구 쇼 910 회	이재명, 작년 국감서 의혹 부인…S사도 “전혀 관련 없어” 선 그어 | 김진의 돌직구 쇼 910 회 동아 李 씨, 2020년 지인에 수임료 들어 ...	464	28	3	-1
y_PylB_-8f8	&#39;이재명 변호사비 대납 의혹 제보자&#39; 사망…파장은? [아침에 이슈]	민주당 이재명 후보의 '변호사비 대납 의혹'을 처음 시민단체에 제보했던 이 모씨가 갑작스레 사망하면서, 대선을 앞둔 정치권에도 ...	5199	490	78	-1
sZs4-tVdkY0	[생중계] 이재명 후보, 노후아파트 현장 방문 / &#39;타운홀미팅&#39; 정책간담회 (2022.01.13 오전)	[생중계] 이재명 후보, 노후아파트 현장 방문 / '타운홀미팅' 정책간담회 (2022.01.13 오전) #이재명 #노후아파트 #타운홀미팅 #현장 ...	9816	0	0	1
3pwmEUzQ6sY	국민의힘 “간접 살인” vs 與 “이재명과 관계 없다” | 김진의 돌직구 쇼 910 회	국민의힘 “간접 살인” vs 與 “이재명과 관계 없다” | 김진의 돌직구 쇼 910 회 경향 '이재명 변호사비 의혹' 제보자 사망 놓고 여야 공방 ...	658	32	7	-1
xsQ2iAqUtIk	이재명 측 “제보자 사망에 정치적 악용 매우 부적절” [김어준의 뉴스공장 풀영상 1/13(목)]	[TBS 유튜브(목) 생방송] ▷7시 6분 : 김어준의 뉴스공장 ▷9시 : 짤짤이쇼 라이브 ▷10시 : 쎈언니의 경제박살(최초공개) ▷10시 50분 ...	311146	30365	250	-1
bYNlQCZfyTU	[이슈&amp; LIVE] 이재명 VS 윤석열, 공약 대결 본격화	이슈앤 (월~금 오전 8시 30분~10시 20분) 이슈앤 페이지 바로가기 : https://goo.gl/TidRdq.	1539	26	1	1
u2GG2SxOb74	[LIVE] 노후아파트 현장방문 및 정책간담회	이재명.	10325	4815	23	1
Xj2tNwamwFE	[최경영의 최강시사] 이재명 박스권 지지율 탈출 복안은? - 박용진 더불어민주당 공동선대위원장｜KBS 220113 방송	[최강 인터뷰] 이재명 박스권 지지율 탈출 복안은? - 박용진 더불어민주당 공동선대위원장 ----- ▷ #최강시사 홈페이지: ...	3153	234	18	1
3LNfmrADp6w	유인태 '제보자 사망이 이재명 탓? 공격해도 득 안 돼'	'변호사비 대납' 제보자 사망, 李 영향 없을 것 * 안철수 약진 여기까지...주변 90% 척지고 떠나 * 김종인 수모 당하고 민주당 합류?	5718	222	71	-1
QHQCHmfMRU8	1/13 (목) 풀영상｜[박용진] 이재명 박스권 지지율 탈출 복안은?｜[임서정 일자리수석] 코로나19 장기화, 국민 일자리 동향은?｜KBS 220113 방송	(1부) [뉴스 언박싱] '오늘 아침, 가장 뜨거운 뉴스' - 민동기 기자 + 김민하 시사평론가 [전민기의 눈] 전기차, 국민인식도 대세? - 전민기 ...	1661	73	9	1
g9yotEKvMhU	1/13(목) - 신축아파트 붕괴(실종자 가족·이용섭)/ 이재명 의혹 제보자 사망(김재원)/ [월간 유인태] 김건희 7시간 녹취록 파장/ [김광일의 정탐] “병사 월급 200만원”	+++++ 청취율 조사기간(1/11~22) 입니다 +++++ 지금 여러분은 김현정의 뉴스쇼를 듣고 계십니다 +++++ 02번으로 시작하는 전화가 ...	106121	1993	103	-1
yG9dinQmlZQ	이재명, 노후 아파트 방문…윤석열, 국정운영 구상 토론회 / 연합뉴스TV (YonhapnewsTV)	이재명, 노후 아파트 방문…윤석열, 국정운영 구상 토론회 [앵커] 정치권으로 가보겠습니다. 더불어민주당 이재명 대선 후보는 서울의 ...	186	6	4	1
D2-SEPnmWLY	1월 13일 (목) 이재명 녹취록 제보자 사망, 정치권의 반응은? /송영길, 문 정부의 이재명 탄압 발언... 왜? /윤석열, 이대남 지지율 굳히기 나서나 [김태현의 정치쇼]	2022년 1월 13일 목요일 SBS 김태현의 정치쇼 생방송 [1부] 뉴스 온더 블럭 (코로나 브리핑) - 조동찬 의학전문기자 [2부] 국회정보 ...	414	17	0	-1
X3vPujKj9wI	[출발 새아침] FULL 다시보기 | 대장동 &#39;몸통&#39; 이재명 사퇴해야, 박스권 갇힐라... 이재명의 승부수, 국민의힘 &#39;극적상봉&#39; 이후 2030 돌아왔나? | 220113	"YTN FM 94.5MHz 우리의 이슈가 뉴스를 바꿉니다. 세상을 깨우는 ""황보선의 출발 새아침"" 중심잡힌 시선으로 가장 뜨거운 이슈를 ..."	5592	252	26	1
f0RXod-eQ7o	[ FNL NEWS ] 이재명 '타투 시술 합법화 해야 해' - 22.01.12	자유일보가 일간지로 새롭게 개편되었습니다. 구독자 여러분들의 많은 구독 부탁드립니다. http://jayupresspay.com/bbs/register.php ...	261	47	10	1
gXDfK96rJoQ	이재명 이름이 정확히 나온 세번째 녹취록...조작일 수가 없는 이유	뉴스데일리베스트는 구독자 여러분의 자발적 후원으로 제작•운영합니다. ◇신한은행 110-479-077-775 민들레 ◇페이팔 후원 ...	6515	2075	60	-1
eF7wwbssums	[뉴스포커스] 정책 행보 이어가던 이재명·윤석열…네거티브 부활? / 연합뉴스TV (YonhapnewsTV)	[뉴스포커스] 정책 행보 이어가던 이재명·윤석열…네거티브 부활? #대선 #이재명 #윤석열 [출연 : 서용주 더불어민주당 상근부대변인· ...	157	4	3	1
LgUbluG17qs	민주당에 버림받은 이재명 제보자	인라이트 스쿨 구독계좌 : 하나은행 403-910045-18704 주식회사 인라이트스쿨.	574	108	0	-1
7GnjEzhXSgw	변발헤=이재명 10대 그룹/비열한 언론과 야당/김건희 7시간/일본 망조	멤버쉽 링크 - https://www.youtube.com/channel/UCkI2g2FvX-haxXqqDMqc96A/join 송작가TV몰 링크 ...	5337	2002	33	-1
KRxdqiycFlw	이재명 의혹 관련자 3명사망,  주사파여 살인을 중단하라!!	국민혁명당 #이재명 #이병철 #사망사건 #사랑제일교회 #주사파 #이은재 #한국교회방송 #이은재tv #남북통일 #미스바 성회 This ...	1365	419	2	-1
kRdUdSWr9FY	이재명 변호사비 대납사건 왜 수원으로 왔나 #shorts | 국민의힘 원희룡	원희룡의도전 #국민의힘 #정책 #정책총괄본부장 #제20대대통령선거 #윤석열 #대선전략 #대선 #전략 #이재명 #기억상실 #유한기 ...	717	218	14	-1
Ld9jyzXAgTQ	(충격 라이브) 속보 / 간첩 김종인, 이재명 대선 승리 예측! / 2022.01.13	'수개표국민운동' 자발적 구독료 : (국민은행 : 예금주 신혜식 ) 5333-0201-137296 이준석 소환 운동 ...	39009	8234	807	-1
soUQjfpPw0I	긴급! CCTV에 포착된 이모씨 행적! 이재명 의혹 제보자, 봉투 들고 ・・・ 경찰 난리났다! 이재명이 큰일났다! (진성호의 직설)		46645	12756	495	-1
nTpqQmZmI8Y	김재원 MBC 김건희 녹취 보도 맞불 '이재명 형수 욕설 같이 틀어야 공정”	"[영상] 김재원 MBC 김건희 녹취 보도 맞불 ""이재명 형수 욕설 같이 틀어야” 김건희 7시간 녹취록 MBC에 제공한 기자 도덕성 부각하는 ..."	323	49	19	-1
1gTzgrryRxk	이재명 진정한 머슴 #shorts	이재명 진정한 머슴 #shorts.	14	5	1	1
xxY-7ow86u0	적폐언론들의 총공세! 이재명 범죄자 프레임씌우기 시작됐다!	적폐언론 #이재명 #허위제보자 후원계좌 277-20-289786 SC제일은행 정진호 이재명후보 변호사비 대납 허위제보자의 사망을 언론 ...	4527	2107	176	-1
r-OHkA6KGjY	[고영신TV]친문들 뿔났다, 송영길, ,'문재인이 이재명 탄압' 발언 사과요구(출연: 이종근 전데일리안편집국장)	[고영신TV] 인기동영상 바로보기 ...	4702	962	46	-1
ALlGduWstOo	나를위해 이재명(영상보관)	키네마스터 #사진.	0	0	0	1
vEXW9LbDiQI	[풀영상] 국민의힘 이재명 비리 국민검증특별위원회의-김기현 참석 (22.01.13)	국민의힘 #김진태 #이재명 #국민검증 #특위 #김기현 [풀영상] 국민의힘 이재명 비리 국민검증특별위원회의-김기현 참석 (22.01.13) ...	4885	1576	32	1
WfFN7RUus0I	이재명 칼바람 불어도 현장으로~서울 노후 재건축을 해결하라!	이재명 #이재명대선 #윤석열.	200	103	13	1
2ksfEo1gcfg	(일일뉴스) 이재명 제보자 타살 의혹! 시신 발견 상태 충격! / 2022.01.13	이재명 #이재명 #변호사비대납 #이재명폭로 #녹취록 #대선 #선대위 #선대위원장 #대장동 #화천대유 #대장동게이트 #이재명게이트 ...	23264	10031	95	-1
mJgaiMLF6Rc	Live-10대 그룹 CEO 만난 이재명/&#39;김건희 7시간 통화녹음&#39; 공개 예고/윤석열, 편성 침해 공약/망조 일본	멤버쉽 링크 - https://www.youtube.com/channel/UCkI2g2FvX-haxXqqDMqc96A/join 송작가TV몰 링크 ...	3587	5406	0	-1
Tdca_mIokFA	이재명의 잔인한 권력행사, 5년 전에 한 말, 그대로 실행되고 있다. 연쇄죽음	세계주의, 글로벌리즘에 반대합니다 경제, 역사, 철학분야 정통사상가들의 이념과 사상을 통해 지혜을 전파하고, 현실정치의 시대정신 ...	271	110	4	-1
PT4MPskSvaQ	[정문일침] #99 -이재명 주변에 드리운 죽음의 그림자 | 지지율 반등 시작한 윤석열 | 김종인 줍기 나선 민주당 | 김건희 폭탄?	[정문일침] #99 -이재명 주변에 드리운 죽음의 그림자 | 지지율 반등 시작한 윤석열 | 김종인 줍기 나선 민주당 | 김건희 폭탄?	3134	390	0	1
jDGfSZDB4i8	[오후의 인터뷰] 이재명 때문에 출마해버린 사람🙋‍♂️ 대선 출마 소식 들은 딸 반응은?  feat. 용혜인 의원 | #기본소득당 #용혜인 #이재명 #오준호	국회에서 같이 일했던 직장동료가 대통령 후보가 됐다? 30대 워킹맘 국회의원 용혜인과 졸지에 기본소득당 지정생존자가 된 오준호 ...	37	9	1	1
zUQFVOJZ950	권영세 '이재명의 데스노트?, 대장동 게이트 무고한 죽음'	"권영세 국민의힘 중앙선대위본부장이 13일 국회에서 열린 선거대책본부·원내지도부 연석회의에서 ""대장동 게이트와 관련된 인원들의 ..."	200	26	2	-1
3jpiR-8asS0	이재명 의혹 제보자 사건 관련해 권영세 '당내 의문사진상규명위원회 설치할 것'	권영세 #이재명 #데스노트 #국민의힘 #더불어민주당 권영세 국민의힘 선거대책본부장이 22년 1월 13일 국회에서 열린 국민의힘 ...	4125	546	45	-1
eCgUD8s1kZU	또 대형사고친 이재명 민주당 후보교체 현실화	이재명에 대한 이야기입니다. 채널에 가입하여 혜택을 누려보세요.	1337	337	28	1
oK2hg3zLKqA	나의 아저씨 이재명	음악출처:kbs tv문학관 [외등] https://www.youtube.com/watch?v=mYoQpoyL4Ac 채널에 가입하여 혜택을 누려보세요.	112	54	9	1
