ID	title	description	viewcount	likecount	commentcount	label
zN21DjZrThk	국민의힘 윤석열, 한국행정학회·한국정책학회 공동주최 정책 토론회 - [끝까지 LIVE] MBC 중계방송 2022년 01월 13일	윤석열 국민의힘 대선후보는 오늘(13일) 오전 차기 정부 국정운영을 주제로 정책 토론회에 참석합니다. 윤 후보는 서울 중구 한국 ...	7436	217	69	1
nQpXErUqMqw	윤석열, 한국행정학회 · 정책학회 주최 &#39;국정운영 구상&#39; 토론 / SBS	국민의힘 윤석열 대선 후보가 오늘 오전 9시 50분부터 차기 정부 국정운영을 주제로 정책 토론회에 참석합니다. 한국행정학회·한국 ...	20852	817	69	1
wsC6icyiLLg	[윤석열, 차기정부운영 · 주요정책 토론회] 1월 13일 (목) 풀영상 /디지털Only	윤석열 국민의힘 대선후보는 오늘(13일) 차기 정부 국정운영을 주제로 열리는 정책 토론회에 참석합니다. 윤 후보는 이날 오전 중구 ...	7777	113	24	1
nhrVjh5bn_I	[풀영상] 윤석열 후보의 차기 정부 국정운영 방향은?/국민의힘 윤석열 후보, 한국행정학회·한국정책학회 공동 주최 정책 토론회/1월 13일	국민의힘 윤석열 대선 후보는 오늘(13일) 오전 한국행정학회와 한국정책학회가 공동으로 주최하는 정책 토론회에 참석했습니다.	11643	401	43	1
4pgnX0-i75A	[현장영상] 윤석열 '분권형 책임장관제 도입…3권분립 정신 입각해 행정부 운영' / JTBC News	윤석열 국민의힘 대선후보는 오늘(13일) 차기 정부 국정운영을 주제로 열리는 정책 토론회에 참석합니다. 윤 후보는 이날 오전 중구 ...	940	4	27	1
h1hLUCBh7d8	윤석열, 정책학회 토론회 참석…심상정, &#39;일정 중단&#39; / SBS	국민의힘 윤석열 대선 후보는 오늘(13일) 토론회에 참석해 차기 정부 국정운영 방향에 대한 의견을 밝힙니다. 어제 모든 일정을 중단한 ...	1341	29	16	1
XuGe25oqNgs	[백운기의 시사1번지] 윤석열 &#39;이대남&#39; 지지율 반등 / 이재명 변호사비 대납의혹 / 김건희 7시간 통화 파일 공개 파장? (정기남, 김경진) | 20220113	백운기시사1번지 [정기남 민주당 선대위 대변인, 김경진 국민의힘 선대본 상임공보특보단장] → 이재명-윤석열, 오차범위 내 접전..왜?	4435	234	0	-1
ojYiZPy2Mog	윤석열 지지율 반등! 극약처방이 통했네		96	26	10	1
tgHYuT--wSg	[생중계] 윤석열 후보, &#39;차기정부 국정운영&#39; 대통령후보에게 듣는다 (2022.01.13 오전)	[생중계] 윤석열 후보, '차기정부 국정운영' 대통령후보에게 듣는다 (2022.01.13 오전) #윤석열 #차기정부 #국정운영 #국힘 #2022대선 ...	17984	0	130	1
Vw9yiWYnGTc	구마유시와 제우스 개막전에서 미친 경기력 폭발적인 반응! LCK에 방문한 윤석열 의외로 좋은 반응??	페이커펜타킬 #페이커빅토르 #lck개막전 2022 시즌 lck 스프링 개막 첫날 T1에서 이적한 테이 호잇 엘림을 상대로 승리를 거둔 구마 ...	3560	81	27	1
bYNlQCZfyTU	[이슈&amp; LIVE] 이재명 VS 윤석열, 공약 대결 본격화	이슈앤 (월~금 오전 8시 30분~10시 20분) 이슈앤 페이지 바로가기 : https://goo.gl/TidRdq.	1539	26	1	1
NwdYcVqa2rA	한국행정학회 초청 토론회…차기정부운영, 대통령 후보에게 듣는다 - 윤석열 국민의힘 대선 후보 / YTN	YTN #YTN실시간 #윤석열 #국민의힘 #토론회 #한국행정학회 #한국정책학회 한국행정학회 초청 토론회…차기정부운영, 대통령 후보 ...	17178	510	86	1
UzqydZMChWo	'게임, 질병 아니라 스포츠'‥&#39;부인 통화 공개&#39; 반발 (2022.01.13/뉴스투데이/MBC)	국민의힘 윤석열 후보는 게이머 보호를 위한 공약을 발표했습니다. 부인 김건희 씨가 한 인터넷 매체와 7시간 넘게 통화한 녹음파일이 ...	3966	195	108	-1
pHltIUHlvO0	윤석열 후보가 다시 흐름을 탔다고 생각하지 않는 두 가지 이유		5	3	0	1
q1bYlTlcCAc	멘붕온 윤석열측 &#39;김건희 녹취록&#39; 신속대응 나섰다ㄷㄷ 국민의힘 '방송금지 가처분 신청' - 게임 챙긴다는 윤석열 뼈 때린 민주당 이상헌 '공약발표 아주 실망.. 사과부터'	윤석열부인김건희녹취록 #국민의힘방송금지가처분신청 #윤석열LCK참석민주당이상헌 ▣ 황희두 멤버십 후원 ...	27776	10670	277	-1
yG9dinQmlZQ	이재명, 노후 아파트 방문…윤석열, 국정운영 구상 토론회 / 연합뉴스TV (YonhapnewsTV)	이재명, 노후 아파트 방문…윤석열, 국정운영 구상 토론회 [앵커] 정치권으로 가보겠습니다. 더불어민주당 이재명 대선 후보는 서울의 ...	186	6	4	1
eF7wwbssums	[뉴스포커스] 정책 행보 이어가던 이재명·윤석열…네거티브 부활? / 연합뉴스TV (YonhapnewsTV)	[뉴스포커스] 정책 행보 이어가던 이재명·윤석열…네거티브 부활? #대선 #이재명 #윤석열 [출연 : 서용주 더불어민주당 상근부대변인· ...	149	4	3	1
1jsnEhqAWsU	정의당 심상정, 돌연 일정 중단 ＂이대로는 안돼, 상황 심각＂ [이슈픽]	국민의힘 윤석열 후보의 '여가부 폐지' 정책을 비판했던 심상정 정의당 대선 후보가 돌연 일정을 전면 중단했습니다. 두자릿수 지지율 ...	1548	29	25	-1
to39jxeYUc0	&#39;김건희 7시간 통화&#39; 공개 예고 국민의힘 ＂정치공작＂ [이슈픽]	윤석열 국민의힘 대선 후보의 부인 김건희 씨가 한 인터넷 매체 기자와 통화한 녹음파일이 공개될 것으로 알려져 논란이 되고 있습니다 ...	3580	154	69	-1
vyZXEsxjp58	1/13(목) 김건희 &#39;7시간 녹취록&#39; 공개…윤석열이 막지 못하는 이유 / &#39;달파멸콩&#39; 극우 행보…김건희 &#39;녹취록&#39; 논란 전 진영 결집?_노영희의 뉴스인사이다[이슈삼합]	1월 13일 (목) 노영희의 뉴스인사이다 ▷ 노영희의 [대담한 대담] 신장식 변호사 김필성 변호사 - 김건희 '7시간 통화 녹음'…어떤 내용 ...	5073	1136	59	-1
4RX29pNBh-g	윤석열후보 한국행정학회 한국정책학회공동주체 정책토론회 1월13일	윤석열#	6690	1780	1	1
kL8tbs0lOt0	[팩폭] 윤석열 방역패스가 비과학적이라고? #shorts	이재갑 #윤석열 #최영일 #시사본부 #방역패스 #감염병전문가 #전문가는아니라는데 #뭘믿고우기는지 #도통이해불가 #일단반대부터 ...	1930	300	19	-1
sqgiInLKbNQ	국민의힘  대통령 후보 윤석열/차기정부 운영 윤석열 후보가 말한다		2	0	0	1
OqEKEelORt4	'재건축 vs 전기료' 李-尹 나란히 민심 공략...沈 일정 중단 / YTN	[앵커] 여야 대선 후보들은 오늘 각각 재건축 정책 방향과 전기료 공약을 발표하며 민심 공략에 나섭니다. 정의당은 심상정 대선 후보의 ...	1309	22	29	1
YPT6AhEU3WY	윤석열후보! 한국행정학회 한국정책학회 공동주최 정책토론회	This stream is created with #PRISMLiveStudio.	2604	746	5	1
EFtx874zPZ8	'재건축 vs 전기료'...李-尹, 나란히 민심 공략 / YTN	[앵커] 여야 대선 후보들은 오늘 각각 재건축 정책 방향과 전기료 공약을 발표하며 민심 공략에 나섭니다. 정의당은 심상정 대선 후보의 ...	819	15	17	1
ZEBS8rvhwzo	윤석열 나이 많아 게임 관심 앖어? #shorts	shorts #이재명 #윤석열 #이준석 #국민의힘 #민주당 #이슈 #정치 #게임 #롤 #롤드컵 #젠지 #t1 #김종인 #대선 #공약 #공약읽어주는 ...	1583	314	26	-1
mJgaiMLF6Rc	Live-10대 그룹 CEO 만난 이재명/&#39;김건희 7시간 통화녹음&#39; 공개 예고/윤석열, 편성 침해 공약/망조 일본	멤버쉽 링크 - https://www.youtube.com/channel/UCkI2g2FvX-haxXqqDMqc96A/join 송작가TV몰 링크 ...	3587	5400	0	-1
GYzjexti2EI	윤석열 '나 떨고 있니?' #shorts	이재명 #더불어민주당 #대통령후보 #2030 #어대명 #정책 #공약 #윤석열 #국민의힘 #이준석 #홍준표 #김건희 #김종인 #최강욱 ...	16	7	0	-1
af_WSWNE8JQ	[풀영상] 국민의힘 윤석열 '차기정부 국정운영' 을 말하다-정책토론회 참석  (22.01.13)	"윤석열 #국민의힘 #토론회 #참석 [풀영상] 국민의힘 윤석열 ""차기정부 국정운영"" 을 말하다-정책토론회 참석 (22.01.13) 시사포커스TV ..."	5908	2495	15	1
IVZCxUUqQR0	[풀발언] 국민의힘 윤석열 '세금 받고 세금 아깝지 않게하는 정부가 되어야해'	윤석열 #국민의힘 #토론회 #참석 국민의힘 윤석열 대선후보가 22년 1월 13일 열린 차기정부 국정운영 후보에게 듣는다 정책 토론회 ...	2306	409	54	1
faPH9QDHRfw	김건희를 지켜라! &#39;제2의 김대업&#39; 출현에 선대본부 격앙! 정치공작 완전히 분쇄해 버리겠다! 윤석열, 뚜껑열렸다!!	정의구현 멤버십 가입 : https://www.youtube.com/channel/UCUNwNXVrWAHQpc8gPp1c6kw/join 자발적 구독료 : KB국민은행 ...	11632	2847	169	-1
WDfg1uTiG60	하고싶은 말을... 다 해버렸다!	윤석열 #이재명 #문재인 #김건희.	27305	6370	270	-1
LWdZHaQ_Re4	아이쿠 윤석열 (feat.마스크) #shorts		1852	104	18	1
c0QmEsBUDKg	[송국건의 혼술] 윤석열 캠프, 정치공작 차단 비상령 ‘김건희 통화’ 방송금지가처분	윤석열 지지율 반등에 안철수 범퍼 효과 '김건희 7시간 통화' 찌라시 흘리는 여권 송영길, “문재인 정부가 이재명 탄압” 속뜻은? 변호사 ...	9428	2397	186	-1
6WqNkD9utzU	윤석열 대통령 후보  차기정부  정책토론회	This stream is created with #PRISMLiveStudio.	1515	545	1	1
Pgadwz5YDUo	[돌발부록] 지옥철 / YTN	국민의힘 윤석열 후보가 '지옥철'로 유명한 김포도시철도에 탑승했습니다. 수도권 교통 공약 발표에 앞서 직장인 출근길을 체험한 ...	69140	2898	561	1
BIRRU9O2k8M	[한방이슈] '비열한 정치공작' vs '막는 게 문제'...김건희 7시간 통화녹음 공개 논란 / YTN	1. '김건희 7시간' 녹음파일 공개 논란 (최아영 기자) 2. 여야, 김건희 씨 통화 녹음 공개 파장 '예의주시' (나연수 기자) 3. 여야 반응 ...	11469	370	0	-1
7KBWC9nMbf8	[천기누설] 118화 - ‘김건희의 7시간’ 시선집중에서 공개?!｜’尹 지지율 반등’과 안철수 상승세, 야권 전체에 오히려 ‘악재’라고? JB가 알려주는 비밀! (김종배&amp;박지훈)	청취율 조사기간 (01/11~21) 입니다. △ △ 02로 시작하는 전화가 오면 “김종배의 시선집중” 2022년 01월 13일 [천기누설] 멋털도사 ...	32625	3852	162	1
UfaxFu7GZQw	김건희 돋(?)보이게 하면 윤석열 사퇴 못한다~ ㅋ! #shorts	이재명 #더불어민주당 #대통령후보 #2030 #어대명 #정책 #공약 #윤석열 #국민의힘 #이준석 #홍준표 #김건희 #김종인 #후보사퇴 ...	12	6	0	-1
g47SwYTy4TU	[LIVE] 0113 윤석열 국민의힘 대통령 후보 - 전기세 관련 공약 발표	[LIVE] 0113 윤석열 국민의힘 대통령 후보 - 전기세 관련 공약 발표 2022.01.13 일요서울TV 정대웅, 김동현 기자.	0	3	0	1
yhGn7D5N1ZQ	윤석열 ‘차기정부운영’ 토론회 참석. 한국행정학회•한국정책학회•중앙일보		60	27	0	1
obl_STe6yac	💥윤석열 후보.. 🔺청년들 분위기 반전 기회가 왔다..? 도대체 이게 무슨 일이야 .. 🔸청년들 충격적 반응..#shorts	청년의소리 정말 리얼한 청년들의 목소리 여러분의 구독과 좋아요가 큰 힘이됩니다 ...	20	1	0	-1
hLZUF7aQDmY	尹 &#39;멸공 논란&#39; 이어 &#39;선제타격&#39; 발언ㅣ대선 D-56, 윤석열-안철수 단일화 논의는?	[출처:김어준의 뉴스공장_220112] 1월 12일(수) 김어준의 뉴스공장 ◎ 2부 [정국해설자 J] 尹 '멸공 논란' 이어 '선제타격' 발언 & 대선 ...	34	7	2	-1
_cMnyDDYi98	확 달라진 윤석열! 이번엔 코로나 방역 최전선 간호사들을 찾아가다!	회원가입→ https://www.youtube.com/channel/UCq2Ld6DYPkq_61vKvL7EFiw/join.	1066	216	2	1
D2-SEPnmWLY	1월 13일 (목) 이재명 녹취록 제보자 사망, 정치권의 반응은? /송영길, 문 정부의 이재명 탄압 발언... 왜? /윤석열, 이대남 지지율 굳히기 나서나 [김태현의 정치쇼]	2022년 1월 13일 목요일 SBS 김태현의 정치쇼 생방송 [1부] 뉴스 온더 블럭 (코로나 브리핑) - 조동찬 의학전문기자 [2부] 국회정보 ...	414	17	0	-1
QwlJ391L2Fk	포퓰리즘은 사기라던 윤석열, 210조 지원금 약속에 방역패스가 과학적 근거 없다? | 김성수 김성회의 쌍김시대 LIVE	시사 문화 평론가 김성수입니다. 본 영상은 유료 광고를 포함하고 있습니다. 자발적 시청료 : 농협 352-8302-2124-43 김성수 페이팔 ...	0	41	0	-1
rAFTUzYHgDA	대선 후보 지지도 변화…차기 대선 당선 가능성  | 김진의 돌직구 쇼 910 회	대선 후보 지지도 변화…차기 대선 당선 가능성 | 김진의 돌직구 쇼 910 회 '당선 가능성' 이재명 44.6% 윤석열 41.1% [조원씨앤아이] ...	575	29	1	1
euf3MGsJ7EY	김건희 7시간으로 윤석열 나락? 무서운 안철수 돌풍! 윤석열에 냉소적인 안철수!	후원 : 우리은행 1005-603-591706 제이에이치 커뮤니케이션.	0	63	0	-1
5Kwp4eYekL4	대형모니터를 보며 읽는 윤석열 한국 행정학회 토론회 에서		0	0	0	1
