ID	title	description	viewcount	likecount	commentcount	label
tA8NB-UGDjU	이재명·윤석열 &#39;TV토론&#39; 합의…안철수·심상정 배제, 왜? / JTBC 아침&amp;	이재명 후보와 윤석열 후보가 설 연휴 전에 '양자 TV토론'을 열기로 합의하면서, 국민의당과 정의당이 강하게 반발하고 있습니다.	3825	42	81	-1
O8K4J5h9DnI	이재명·윤석열 나란히 지역으로...표심 다지기 총력 / YTN	이재명, '매타버스' 시즌2 시작…인천 방문 윤석열, 1박 2일 동안 부산·울산·경남 방문 국민의힘, '김건희 7시간 녹취록' 방영 결사 저지 ...	1518	33	20	1
eVpLPOvQqn8	이재명·윤석열, &#39;설 연휴 전 양자 TV토론&#39;으로 합의 ...안철수 &#39;반발&#39; / YTN	진행 : 김선영 앵커, 김대근 앵커 □ 출연 : 추은호 / 해설위원 * 아래 텍스트는 실제 방송 내용과 차이가 있을 수 있으니 보다 정확한 내용 ...	3514	75	65	1
rVumlLoDQAk	이재명-윤석열 설 직전 1:1 토론한다 | 김진의 돌직구 쇼 911 회	이재명-윤석열 설 직전 1:1 토론한다 | 김진의 돌직구 쇼 911 회 한국 이재명 vs 윤석열 설 前 TV 토론 한겨레 이재명-윤석열 설 직전 1:1 ...	446	11	0	1
9FqA776T3_E	이재명-윤석열 양자토론…안철수 “무시하나” 반발 | 김진의 돌직구 쇼 911 회	이재명-윤석열 양자토론…안철수 “무시하나” 반발 | 김진의 돌직구 쇼 911 회 안철수 ＂李-尹 양자 토론, 공정하지 못해＂ 안철수 ...	600	78	4	-1
BEdkX488L2o	VAPC0213윤석열 후보 &amp; 이재명 후보!! 양자토론 승자는 과연 누가될까?	윤석열 후보 & 이재명 후보! 양자토론 승자는 누구일까 에 대한 영상!!	1267	278	32	1
-oKuU-RjvHw	이재명·윤석열 의혹 거침없이…대선후보 풍자 인기몰이 / 연합뉴스 (Yonhapnews)	이재명·윤석열 의혹 거침없이…대선후보 풍자 인기몰이 (서울=연합뉴스) 시즌2로 돌아온 'SNL코리아'가 대선 후보들을 패러디한 정치 ...	15	0	0	-1
0OZulKe4Uyk	물러난 윤핵관 막장드라마는 계속 될까..? (feat.윤석열 김종인 이준석) [정준희의 해시태그 91회]	[정준희의 해시태그 91회] 대선 보도 속 '그들'은 누구인가 ▷진 행 : 정준희 (언론 비평가) 거의없다 (영화 비평 크리에이터) ▷게스트 ...	27172	3382	46	-1
gdX4Ut63qpQ	”윤석열·김건희 ‘차량 이동 중 천공 영상 챙겨봐’ 제보자 증언” [김어준의 뉴스공장 풀영상 1/14(금)]	[TBS 유튜브(금) 생방송] ▷7시 6분 : 김어준의 뉴스공장 ▷9시 : 정준희의 해시태그 (최초공개) ▷10시 : 주진우의 기자님상+ (최초 ...	351158	32633	325	1
iZxVPpA7XJc	[뉴스포커스] 이재명-윤석열 '설 전 첫 TV토론'…연이은 민생 공약 행보 / 연합뉴스TV (YonhapnewsTV)	"[뉴스포커스] 이재명-윤석열 ""설 전 첫 TV토론""…연이은 민생 공약 행보 [출연 : 최창렬 용인대 교수·김형준 명지대 교수] 이재명, 윤석열 ..."	226	6	0	1
dRh8O0qGq40	모든 은행에서 모바일 OTP 사용을 의무화합니다. #윤석열 #shorts #59초공약짤		7961	2913	208	1
wOWcR0DW55s	(충격 라이브) 속보 / 윤석열 지지율 42% 급등! 정권교체 55% / 2022.01.14	'수개표국민운동' 자발적 구독료 : (국민은행 : 예금주 신혜식 ) 5333-0201-137296 이준석 소환 운동 ...	29761	6637	168	1
3H6icXT1_aI	1/14(금) 윤석열 &#39;극우 발언&#39; 맘껏 하는 이유…&#39;이준석 매직&#39;_노영희의 뉴스인사이다[쇼미더민심]	1월 14일 (금) 노영희의 뉴스인사이다 ▷ 쇼미더민심 배종찬 인사이트K 연구소장 - 이재명 37%, 윤석열 28%, 안철수 14% - 지지이유 ...	3283	541	24	-1
Jd9KVHcn8UY	이재명 인천민심 속으로…윤석열 1박2일 부울경 공략 / 연합뉴스TV (YonhapnewsTV)	이재명 인천민심 속으로…윤석열 1박2일 부울경 공략 [앵커] 주말을 앞두고 대선 후보들은 민심 속으로 뛰어들었습니다. 더불어민주당 ...	141	4	1	1
FBHAxJxGA08	문 대통령 &#39;제2 국무회의&#39; 첫 주재…중앙지방협력회의 본격 출범 / JTBC 아침&amp;	1. 이재명·윤석열, 양자 TV토론 합의 더불어민주당 이재명, 국민의힘 윤석열 대선후보가 설 연휴 전에 양자 TV토론을 하기로 합의 ...	284	1	1	1
T8iJwJ7oGMM	&#39;김건희 7시간 녹취&#39; 방송 여부 이르면 오늘 결론...'알 권리' VS '사생활' / YTN	[앵커] 국민의힘 윤석열 대선 후보 부인 김건희 씨의 통화내용을 방송에서 공개하지 못하도록 해달라는 가처분 신청에 대한 심문이 ...	13777	714	263	-1
R-TIGjOe2pA	윤석열은 전문가! #Shorts		2608	0	34	1
ZG6pE7Xouq4	김기현 '정치공작의 냄새가 물씬 풍기고, 생태탕 시즌 2가 연상된다'/ SBS	국민의힘 윤석열 대선 후보 배우자 김건희 씨의 통화녹음 파일을 공개하기로 한 MBC에 대해 제기된 방송중지 가처분 신청의 결론이 ...	5322	301	166	-1
o8Gagf60VPU	윤석열후보 국립315민주묘지참배 1월14일	윤석열#김건희# This stream is created with #PRISMLiveStudio.	1477	0	0	1
4toU2QSonoI	윤석열 지지율 반등!/2022.01.12		635	203	8	1
X6soaWHZbCs	김석기 '민주당의 윤석열 비난, 文에게 전쟁광·망언이라고 비난한 셈”	"김석기 국민의힘 의원이 14일 국회에서 열린 원내대책회의에서 ""민주당이 윤석열 후보가 말한 선제타격을 비난한 것은 문재인에게 ..."	317	21	6	-1
bi3TQ4aBfl8	왜 윤석열 후보는 살 빠지고, 이준석 대표는 살 찌나요?	윤석열#AI윤석열#이준석#국민의힘#저탄고지#돼준스기.	25	9	0	1
PU-a7JbHguw	[윤석열/대선풍향계] 김건희 7시간 통화 공개···정치판 부메랑? _220114	[대선풍향계] 김건희 7시간 통화 공개···정치판 부메랑?_220114 정도언론 인간존중 인류평화 를 위해 나아가는 아시아 투데이!	600	171	18	1
wCSlrL3mguE	이재갑 VS 윤석열 백신 방역패스 입장	방역패스 #백신패스 #윤석열.	21	0	3	1
RYw1IDcRSSY	윤석열↑ 38.8% 이재명↓ 32.8% 안철수↓ 12.1% 심상정↓ 2.5% 여론조사 안상수 TV	윤석열 #윤석열대선후보 #이재명 #안철수 #심상정 #여론조사 #국민의힘 #안상수 #안상수전인천시장 #안상수전의원 #윤석열안상수 ...	6	2	0	-1
TaCILF4oPE4	&#39;김건희 7시간&#39; 다급해진 국민의힘, 방송장악 논란 터졌다ㄷㄷ 서울의소리 백은종 '김건희 통화는 국민의 알 권리' - 이재명 윤석열 토론 성사, 정의당 류호정&amp;장혜영 투톱 예고	김건희7시간녹취록 #국민의힘방송장악논란 #이재명윤석열토론성사 #정의당류호정장혜영 ▣ 황희두 멤버십 후원 ...	28806	9628	419	-1
7D0Pgg7RgpI	20220114_조오섭선대위대변인브리핑_윤석열 후보와 야3당은 하루 만에 무너진 흑백선전에 책임지고 사과하십시오	윤석열 후보와 야3당은 하루 만에 무너진 흑색선전에 책임지고 사과하십시오. 오늘 고인이 마지막 길을 떠났습니다. 고인의 영원한 ...	17	1	0	-1
ROKFrw7FsBE	마침내, 진짜가 공개된다!	윤석열 #이재명 #김건희 #MBC.	25065	6811	231	1
v3ZqEhNkcwA	이재명 윤석열 통했어요~ (feat. 병사월급 200만원) #shorts		597	137	8	1
rAtZ-WGSlzg	[출발 새아침] FULL 다시보기 | 김건희 통화 기록 공개, 변수되나? 이재명X윤석열 1:1 맞토론 성사, 오늘 금리인상 예고 | 220114	"YTN FM 94.5MHz 우리의 이슈가 뉴스를 바꿉니다. 세상을 깨우는 ""황보선의 출발 새아침"" 중심잡힌 시선으로 가장 뜨거운 이슈를 ..."	5532	295	19	1
6LClTGZhf3g	[백운기의 시사1번지] 세대별 대선 후보 지지도 / 혼돈의 대선판, 엇갈리는 여론조사 / 광주 아파트 붕괴 현장 전화연결  (이은영, 최수영, 박진영) | 20220114	백운기시사1번지 #여론조사 [이용섭 광주광역시장 전화연결] -광주 아파트 붕괴사고, 인재인가? -HDC현대산업개발 건축 아파트 또 ...	4432	452	0	1
oPCsjUkEVrY	[브이라이브]국민의힘  ‘김건희 통화 보도 저지’ MBC 항의방문	국민의힘 #윤석열 #김건희 #MBC #항의방문 국민의힘 김기현 원내대표는 14일 오전 서울 마포구 상암동 MBC 사옥으로 항의방문을 ...	5417	616	30	-1
dMa2ioPB5bQ	윤석열이 지금까지 잘한것 단 한개도 말할수 있는 사람이 없다. #shorts	국민의힘 윤석열 김건희 리스크 후보교체 없이 징권교체 없다.	308	102	13	-1
TNQI8yzrJoY	긴급! MBC &#39;100분 토론&#39; 난리났다! 단일화 응답자중 윤석열 61.3% 안철수 31.4%. 김종인 방금 이재명에 충격발언! 박용진 멘붕! 박근혜가 왜 거기서 나와?	긴급! MBC '100분 토론' 난리났다! 단일화 응답자중 윤석열 61.3% 안철수 31.4%. 김종인 방금 이재명에 충격발언! 박용진 멘붕!	13	3	0	-1
_mfaP5ZdQ1U	석열씨의 심쿵약속, 윤석열 수능 응시료·입학 전형료 &#39;세액 공제&#39; 공약 김영환 경기의힘	윤석열대선후보 #국민의힘 #생활밀착형공약 #석열씨의심쿵약속 #세액공제공약 #수능응시료 #입학전형료 #여가부폐지 #택시기사 ...	6	2	0	1
SeAN447qKLA	&#39;尹&#39; 신년 기자회견_정규재 주필 논평(전화 인터뷰)	정규재 #윤석열 #신년기자회견.	646	164	15	-1
XdYrRr0XRCg	윤석열 정부는 영문PCR 검사 보건소에서도 최소비용으로 발급받게 합니다. #윤석열 #1분공약 #영문PCR	shorts #원희룡 #이준석 동네 흔한 형들의 정치이야기. ☆ 평일 월,화,수,목,금 pm11:15 live 방송 합니다.☆ 구독, 좋아요 부탁 ...	187	23	6	1
tsaprTG9mrE	박용진 '김종인, 윤·안 단일화 안될 거라고 전망' / 연합뉴스TV (YonhapnewsTV)	"박용진 ""김종인, 윤·안 단일화 안될 거라고 전망"" 김종인 전 국민의힘 총괄선대위원장은 국민의힘 윤석열 후보와 국민의당 안철수 후보 ..."	436	15	1	1
Kxi3cN0wRuw	윤석열이 나라 맡으면 생기는 일 #shorts	윤석열이 나라 맡으면 생기는 일 #shorts Track : Confusing Road Music by 브금대통령 Music provided by 브금대통령 Watch ...	16	4	1	1
DqiwGX34gXM	신문브리핑 4 '野 &#39;김건희 7시간 녹취&#39; MBC 방송금지 가처분 신청' 외 주요기사 [아침&amp;매일경제]	"(매경)신문브리핑 4 ""野 '김건희 7시간 녹취' MBC 방송금지 가처분 신청"" 외 주요기사(0114) #아침앤매일경제 #신문브리핑 #이상훈 ..."	2018	62	27	-1
cU8B5VV8VXU	윤석열 방역패스 생각해봐야??? #Shorts	Shorts #YouTubeShorts.	54	13	0	1
a1z9g9xHOOE	윤석열!!! 김건희 리스크 이준석 리스크 돌파하고 정상적인 국가로 재건하라!!!	동아일보 편집국장 / 수석 논설위원을 지낸 최영훈 위원이 그동안 기자 생활을 하며 쌓아온 인맥인 연예인, 셀럽, 정치인들과 함께 한국 ...	6	2	0	1
hwU6UeGfc6c	167)급한'사주봅니다.유료됩니다삼천만용신명리원/이준석&#39;윤석열	명리학#풍수#관상#운명#팔자#무당#보살#카톡asd5600#01035701788.박근혜.허경영 This stream is created with ...	105	6	0	-1
s359a37eDGw	윤석열 후보 공약		0	0	0	1
GGb8ba5gbDU	[ FNL NEWS ] &#39;김학의 전 차관 성접대 의혹&#39; 진술 조작 보고서 &#39;들통&#39; - 22.01.14	자유일보가 일간지로 새롭게 개편되었습니다. 구독자 여러분들의 많은 구독 부탁드립니다. http://jayupresspay.com/bbs/register.php ...	584	169	6	-1
Ew8kejAyjP0	국정농단 2탄 !	윤석열 윤석열 뽑으면 국정농단 공범 됩니다.	4	2	0	-1
xElM7FY3PAM	역대 대선 후보 중 &#39;최초&#39;...e스포츠 리그 현장 방문한 윤석열 후보, 2030 표심 잡기 &#39;안간힘&#39;	클레이튼,#테더,#가상화폐,#수익내기,#디파이,#스테이킹,#클레이스왑,#crypto, #비트코인,#알트코인,#클레이스왑,#플러스예치,# ...	3	0	1	1
bQezhzvseAc	신문브리핑 1 '노후 아파트 찾은 이재명 재건축 활성화 정책 쏟아내' 외 주요기사 [아침&amp;매일경제]	"(매경)신문브리핑 1 ""노후 아파트 찾은 이재명 재건축 활성화 정책 쏟아내"" 외 주요기사(0114) #아침앤매일경제 #신문브리핑 #이상훈 ..."	339	19	6	1
l8j0NBjSUo0	신문브리핑 2 '&#39;연금개혁&#39; 미적대는 대선후보…이대론 90년생부터 못 받는다' 외 주요기사 [아침&amp;매일경제]	"(매경)신문브리핑 2 ""'연금개혁' 미적대는 대선후보…이대론 90년생부터 못 받는다"" 외 주요기사(0114) #아침앤매일경제 #신문브리핑 ..."	373	11	7	1
vGR15VYjM9U	MBC.처들어 간 윤석열 패거리들.	변희재의 진실투쟁.	4	1	0	-1
