ID	title	description	viewcount	likecount	commentcount	label
vjMyImcy700	더불어민주당 이재명, [매타버스]인천경제자유구역 방문 및 입주기업 간담회 - [끝까지 LIVE] MBC 중계방송 2022년 01월 14일	이재명 더불어민주당 대선후보는 오늘(14일) `매타버스(매주 타는 민생버스) 시즌 2` 일정의 일환으로 인천을 찾아갑니다. 이 후보는 ...	19032	2439	11	1
tA8NB-UGDjU	이재명·윤석열 &#39;TV토론&#39; 합의…안철수·심상정 배제, 왜? / JTBC 아침&amp;	이재명 후보와 윤석열 후보가 설 연휴 전에 '양자 TV토론'을 열기로 합의하면서, 국민의당과 정의당이 강하게 반발하고 있습니다.	3825	42	81	-1
eVpLPOvQqn8	이재명·윤석열, &#39;설 연휴 전 양자 TV토론&#39;으로 합의 ...안철수 &#39;반발&#39; / YTN	진행 : 김선영 앵커, 김대근 앵커 □ 출연 : 추은호 / 해설위원 * 아래 텍스트는 실제 방송 내용과 차이가 있을 수 있으니 보다 정확한 내용 ...	3514	75	65	1
ayhQlYD-Jbc	&#39;이재명 변호사비 의혹&#39; 제보자 &#39;심장질환 사망&#39; 추정 / JTBC 아침&amp;	국민의힘에서 민주당을 향해 공세를 펴고 있는 건 이재명 대선후보의 변호사비 대납 의혹을 제보한 사람이 사망한 것과 관련해서 ...	2183	40	48	-1
8kaFwkQgmpo	이재명 인천경제자유구역 방문 입주기업 간담회 / SBS	더불어민주당 이재명 대선 후보가 오늘(14일) '매타버스(매주 타는 민생버스) 시즌 2' 일정의 일환으로 인천을 찾습니다. 이 후보는 ...	1859	46	2	1
K5NN4MkMsCM	이재명·윤석열 나란히 지역으로...표심 다지기 총력 / YTN	[앵커] 주말을 앞두고 여야 대선 후보는 나란히 지역 행보에 돌입하며 바닥 민심 다지기에 나섭니다. 더불어민주당 이재명 후보는 인천 ...	1786	29	39	1
O8K4J5h9DnI	이재명·윤석열 나란히 지역으로...표심 다지기 총력 / YTN	이재명, '매타버스' 시즌2 시작…인천 방문 윤석열, 1박 2일 동안 부산·울산·경남 방문 국민의힘, '김건희 7시간 녹취록' 방영 결사 저지 ...	1518	33	20	1
rVumlLoDQAk	이재명-윤석열 설 직전 1:1 토론한다 | 김진의 돌직구 쇼 911 회	이재명-윤석열 설 직전 1:1 토론한다 | 김진의 돌직구 쇼 911 회 한국 이재명 vs 윤석열 설 前 TV 토론 한겨레 이재명-윤석열 설 직전 1:1 ...	446	11	0	1
Ri1gUfmckWw	‘공약 표절’ 의혹에…이름 바꾼 이재명 | 김진의 돌직구 쇼 911 회	'공약 표절' 의혹에…이름 바꾼 이재명 | 김진의 돌직구 쇼 911 회 안철수가 짝퉁 지적한 날…李 공약 이름 바꿨다 李 신년 기자회견서 ...	530	31	4	-1
qdEnCWh9vYY	&#39;이재명 의혹&#39; 제보자 심장질환 사망 추정…정치권 여전히 신경전 [굿모닝 MBN]	【 앵커멘트 】 이재명 더불어민주당 대선 후보의 '변호사비 대납 의혹'을 제기했던 이 모 씨가 심장질환으로 사망한 것 같다는 1차 부검 ...	413	15	4	-1
rpDTJMKMCIs	[풀영상] 더불어민주당 이재명 후보, 인천경제자유구역 방문·입주기업 간담회/1월 14일	더불어민주당 이재명 대선 후보는 오늘(14일) 오전 인천을 방문했습니다. 이 후보는 인천 경제자유구역을 방문해 첨단산업·바이오· ...	4696	367	5	1
WjOpYcKfRU0	경찰, &#39;이재명 변호사비 대납 의혹&#39; 제보자 시신 부검결과 발표 [이슈분석]	민주당 이재명 후보의 변호사비 대납 의혹을 제보했던 이모씨의 사인이 심장질환으로 추정된다는 1차 부검 결과가 나왔습니다. 경찰의 ...	6781	1304	252	-1
9FqA776T3_E	이재명-윤석열 양자토론…안철수 “무시하나” 반발 | 김진의 돌직구 쇼 911 회	이재명-윤석열 양자토론…안철수 “무시하나” 반발 | 김진의 돌직구 쇼 911 회 안철수 ＂李-尹 양자 토론, 공정하지 못해＂ 안철수 ...	600	78	4	-1
bQezhzvseAc	신문브리핑 1 '노후 아파트 찾은 이재명 재건축 활성화 정책 쏟아내' 외 주요기사 [아침&amp;매일경제]	"(매경)신문브리핑 1 ""노후 아파트 찾은 이재명 재건축 활성화 정책 쏟아내"" 외 주요기사(0114) #아침앤매일경제 #신문브리핑 #이상훈 ..."	339	19	6	1
BEdkX488L2o	VAPC0213윤석열 후보 &amp; 이재명 후보!! 양자토론 승자는 과연 누가될까?	윤석열 후보 & 이재명 후보! 양자토론 승자는 누구일까 에 대한 영상!!	1267	278	32	1
skMg3Bdx5kM	[생중계] 이재명 후보, &#39;매타버스 시즌2&#39; 인천 방문 인사 (2022.01.14 오전)	[생중계] 이재명 후보, '매타버스 시즌2' 인천 방문 인사 (2022.01.14 오전) [생중계] 이재명 후보, '매타버스 시즌2' 인천 방문 인사 ...	8670	0	56	1
VSI02HWme3w	[LIVE] &#39;매타버스 시즌2&#39; 이재명 인천행...경제자유구역 방문	[LIVE] '매타버스 시즌2' 이재명 인천행...경제자유구역 방문.	2651	168	5	1
OaFKkNSrka0	인천으로 가는 길 ❤		8322	5079	116	1
qAh-mHYb9i8	더불어민주당 이재명 후보, 14일 인천 방문	인천뉴스 #btv뉴스 #SK브로드밴드 [B tv 인천뉴스 이정윤 기자] [기사내용] 더불어민주당 이재명 후보가 14일 인천을 방문합니다.	28	0	0	1
8lUQNwe72bg	[언중유골] &#39;김건희 7시간 녹취록&#39; MBC 방송 막겠다고?｜이재명의 데스노트? 죽음도 이용하는 ‘조중동&amp;SBS’ with 이지선 기자 &amp; 헬마우스 임경빈	2022년 01월 17일 [언중유골] 지금 읽고 있는 기사, 그 안에 다른 뜻이 있다면? 언론의 숨은 의도, 깔끔하게 발라내 드립니다! 시선집중 ...	30780	3179	216	-1
vkN3WRuB1P4	이재명의 알랴줌(ZOOM) - 원전정책	탈원전#감원전#이재명 이재명의 원전정책 “탈원전이 아니라 감원전 이다.” “이미 있는 원전은 가동 기간까지 쓴다.” “짓고 있던 것은 ...	541	256	12	1
iZxVPpA7XJc	[뉴스포커스] 이재명-윤석열 '설 전 첫 TV토론'…연이은 민생 공약 행보 / 연합뉴스TV (YonhapnewsTV)	"[뉴스포커스] 이재명-윤석열 ""설 전 첫 TV토론""…연이은 민생 공약 행보 [출연 : 최창렬 용인대 교수·김형준 명지대 교수] 이재명, 윤석열 ..."	226	6	0	1
S2vu24NSVig	기재부 추경 질타한 이재명 '또 찔끔 지원..따뜻한 안방서 북풍한설 바깥 이해 못해'	2022년 1월 14일 더불어민주당 이재명 대선후보가 매타버스로 인천에 방문하며 라이브를 하였다. #팩트TV 보도채널 추진 트레일러 ...	1171	323	24	-1
0jDt5XJHv3I	슬픔에 잠긴 유족…&#39;이재명 변호사비 의혹&#39; 제보자 이모 씨 발인	제보자 #이재명의혹 [더팩트ㅣ이덕인 기자] 이재명 더불어민주당 대선 후보 변호사비 대납 의혹 관련 녹취록 제보자 이모 씨의 발인이 ...	524	56	11	-1
zv7dLtW9uFI	[국민혁명당 LIVE] 이재명은 희대의 악마다?! 장영하 변호사 특별 출연!! - 장영하 변호사, 이영한 PD 2022.01.14.	자발적후원 농협 302-0303-8482-11 오충권 ----------------국민혁명당 홈페이지----------------- 국민혁명당에 큰 지지를 보내주심을 진심 ...	1163	321	0	1
sb8Jw1QirA8	굿모닝 앵블 생방송) 좌파 끄나풀이 던진 그물에 걸려들어 이재명 주변 죽음이 덮친다 (22.01.14)	미래경영연구소 회원모집 - 성함,휴대폰번호,주소를 문자로 발송 : 010 - 5028 - 8253 회원 계좌 : 예금주(미래경영연구소) 우리은행 ...	5120	2559	9	-1
FBHAxJxGA08	문 대통령 &#39;제2 국무회의&#39; 첫 주재…중앙지방협력회의 본격 출범 / JTBC 아침&amp;	1. 이재명·윤석열, 양자 TV토론 합의 더불어민주당 이재명, 국민의힘 윤석열 대선후보가 설 연휴 전에 양자 TV토론을 하기로 합의 ...	284	1	1	1
HeudOdcQDWA	(ㅋㅋ 무식해서 미안해용..) 어버버, 질문 실종, 황당 답변! 교수들 앞에서 정책 발표하다가 무식 입증한 윤석열 /윤석열 토론 /윤석열 김건희 /윤석열 지지도 /윤석열 지지율	교수들과 토론하다 이번에도 빈 머리 입증한 윤석열 영상 - kbs / (영상내 자막은 제작진의 자의적 해석입니다) #윤석열토론 #윤석열 ...	10385	2177	278	-1
tSin81IXCbU	[생방송] 이재명 후보, 인천 방문인사 / 경제자유구역 입주기업 간담회	[생방송] 이재명 후보, 인천 방문인사 / 경제자유구역 입주기업 간담회 #이재명 #나를위해 #재개발 #합니다 #인천 #산업정책 #대선 ...	6108	2580	0	1
rAtZ-WGSlzg	[출발 새아침] FULL 다시보기 | 김건희 통화 기록 공개, 변수되나? 이재명X윤석열 1:1 맞토론 성사, 오늘 금리인상 예고 | 220114	"YTN FM 94.5MHz 우리의 이슈가 뉴스를 바꿉니다. 세상을 깨우는 ""황보선의 출발 새아침"" 중심잡힌 시선으로 가장 뜨거운 이슈를 ..."	5532	295	19	1
m5se2R-BsEA	이재명은 억울하다 / “간접살인이라니?”  [이정훈TV]	한국과 동아시아의 안보 외교 국방 정보 무기 원자력 에너지 항공 대형사건 등을 다룹니다.	2525	712	27	-1
lxOCSkjJ-nc	MBC 마! 봉춘아 지켜주꾸마 ' #나를위해이재명 #이재명은합니다 #우리가언론이되겠습니다	This stream is created with #PRISMLiveStudio.	3474	1187	14	1
-pdVMm46NW0	[LIVE] 이재명 후보 -  [매타버스]인천 방문 인사 생중계		1784	958	20	1
7Az4fK49MU4	나를위해 이재명(영상보관)	키네마스터.	0	0	0	1
mPA4F94IvqM	[국민혁명당 LIVE] 이재명은 희대의 악마다?! 장영하 변호사 특별 출연!! - 장영하 변호사, 이영한 PD 2022.01.14.	광화문 On 가입 안내---------------------- 3월1일 대국본앱이 광화문온으로 개편되었습니다. 아래링크를 눌러 업데이트 버튼을 클릭 ...	5676	3049	28	1
f9haxmRuzls	[박대표의 운명돌파]  1.14(수) 野 단일화하면..안 45%·이재명 38%-윤 42%·이재명 40%, 박영선 '국힘, &#39;김건희 통화&#39; 가처분 신청으로 오히려 판 키워'	정치인물분석 #사팔랩 #박대표 #정치인의운명 #더불어민주당 #이재명후보 #국민의힘 #윤석열 #인물심리분석 #4자구도 #방송 ...	0	22	0	-1
Ke6udjb2W9A	1/14 이재명 대통령 후보 ① 10:40 [매타버스]인천 방문 인사 / 유튜브 라이브 ② 11:00 [매타버스]인천경제자유구역 방문 및 입주기업 간담회 / 인천경제자유구역청 33	우리가언론이다 #후원계좌 국민은행 355-24-0029-673 *지인 #대통령선거 #대선 #본부장_비리 This stream is created with ...	2372	806	0	1
IPbW15cYI9I	긴급! 오늘일에 큰 거 터진다..이재명, 공식중단선언! 윤석열, 충격적 중요입장문! 추가 폭로 준비했었다! YTN 방금 충격보도!		501	42	0	-1
g_n5ypsI8kE	김기현 '이재명과 관련된 각종 의혹들 숨겨주는 검찰, 정신 차려라'	김기현 #김오수 #이재명 #검찰 #정신 김기현 국민의힘 원내대표가 22년 1월 14일 국회에서 열린 국민의힘 원내대책회의에서 발언 ...	2489	523	36	-1
IxfkqPCtO4o	넥타이 풀고 이야기 합시다	10대그룹 #CEO토크 #자본주의시장경제.	755	278	20	1
kaSVJdw3iyo	변발헤-문대통령 중동 순방/전문가 이재명/김건희와 서울의소리/멸공 정용진 사과	멤버쉽 링크 - https://www.youtube.com/channel/UCkI2g2FvX-haxXqqDMqc96A/join 송작가TV몰 링크 ...	6142	2437	55	1
dAyhx34KBnI	Live-문 대통령, UAE·사우디·이집트 3개국 순방/건축 전문가 이재명/노빠꾸 ‘멸공’ 정용진, 사과 이유/'김건희 공채 아니었다'더니	멤버쉽 링크 - https://www.youtube.com/channel/UCkI2g2FvX-haxXqqDMqc96A/join 송작가TV몰 링크 ...	3617	5303	0	1
TaCILF4oPE4	&#39;김건희 7시간&#39; 다급해진 국민의힘, 방송장악 논란 터졌다ㄷㄷ 서울의소리 백은종 '김건희 통화는 국민의 알 권리' - 이재명 윤석열 토론 성사, 정의당 류호정&amp;장혜영 투톱 예고	김건희7시간녹취록 #국민의힘방송장악논란 #이재명윤석열토론성사 #정의당류호정장혜영 ▣ 황희두 멤버십 후원 ...	28806	9637	419	-1
RYw1IDcRSSY	윤석열↑ 38.8% 이재명↓ 32.8% 안철수↓ 12.1% 심상정↓ 2.5% 여론조사 안상수 TV	윤석열 #윤석열대선후보 #이재명 #안철수 #심상정 #여론조사 #국민의힘 #안상수 #안상수전인천시장 #안상수전의원 #윤석열안상수 ...	6	2	0	-1
TyLVUguKEGM	이재명 소송비용 대납의혹 제보자, 주검으로 발견	김수철 #정원동 #뉴스사냥.	119	47	3	-1
nZMdt7ZFRmM	'이재명 의혹 제보자 미공개 녹취엔 &#39;혜경궁 김씨 사건&#39; 있었다'	이재명 더불어민주당 대선 후보의 '변호사비 대납 의혹' 녹취록을 제보한 뒤 지난 11일 모텔방에서 숨진 채 발견된 이모(55)씨가 이 ...	58	9	0	-1
q-J3sZkbaUw	[생방송] 이재명 후보, '걸어서 민심 속으로' 인천부평문화의거리 현장	"[생방송] 이재명 후보, ""걸어서 민심 속으로"" 인천부평문화의거리 현장 #이재명 #나를위해 #부평 #합니다 #매타버스 #인천 #거리걷기 ..."	0	17	0	1
H2D58mpMqKw	1/14(금) - 붕괴 심각(최명기)/ 심상정 ‘비상’(장혜영)/ [말말말] “김건희 7시간 녹취록” “이재명 주변 의문의 죽음”(전재수vs성일종)/ 개통령 강형욱	+++++ 청취율 조사기간(1/11~22) 입니다 +++++ 지금 여러분은 김현정의 뉴스쇼를 듣고 계십니다 +++++ 02번으로 시작하는 전화가 ...	105667	1655	94	-1
v3ZqEhNkcwA	이재명 윤석열 통했어요~ (feat. 병사월급 200만원) #shorts		597	137	8	1
JxUOoPMNnuw	[이재명상의시간] 2편, 불멍 그리고... 사랑으로		12	7	0	1
