ID	title	description	viewcount	likecount	commentcount	label
tA8NB-UGDjU	이재명·윤석열 &#39;TV토론&#39; 합의…안철수·심상정 배제, 왜? / JTBC 아침&amp;	이재명 후보와 윤석열 후보가 설 연휴 전에 '양자 TV토론'을 열기로 합의하면서, 국민의당과 정의당이 강하게 반발하고 있습니다.	3825	42	81	-1
eVpLPOvQqn8	이재명·윤석열, &#39;설 연휴 전 양자 TV토론&#39;으로 합의 ...안철수 &#39;반발&#39; / YTN	진행 : 김선영 앵커, 김대근 앵커 □ 출연 : 추은호 / 해설위원 * 아래 텍스트는 실제 방송 내용과 차이가 있을 수 있으니 보다 정확한 내용 ...	3514	75	65	1
9FqA776T3_E	이재명-윤석열 양자토론…안철수 “무시하나” 반발 | 김진의 돌직구 쇼 911 회	이재명-윤석열 양자토론…안철수 “무시하나” 반발 | 김진의 돌직구 쇼 911 회 안철수 ＂李-尹 양자 토론, 공정하지 못해＂ 안철수 ...	600	78	4	-1
dnyXOnexuHY	&#39;안철수 지지선언&#39; 인명진 '안철수만 정권교체 할 수 있다'	인명진 목사가 14일 국회 소통관에서 열린 기자회견에서 국민의당 안철수 대통령 후보 지지선언을 발표하고 있다. 2022.01.14 일요 ...	798	81	41	1
UhHcOnsVZgs	[풀영상] 인명진 목사, 안철수 국민의당 대통령 후보 지지선언 (22.01.14)	인명진 #안철수 #국민의당 #지지선언 #기자회견 [풀영상] 인명진 목사, 안철수 국민의당 대통령 후보 지지선언 (22.01.14) 시사 ...	4643	755	207	1
tGnTIbvY4Zw	우먼센스 피플, 안철수 #shorts	안철수 국민의당 대선후보와 그의 아내 김미경 교수를 만났습니다. 의료봉사 활동에서 만나 지금까지 변하지 않는 믿음으로 함께하는 ...	11	2	0	1
RYw1IDcRSSY	윤석열↑ 38.8% 이재명↓ 32.8% 안철수↓ 12.1% 심상정↓ 2.5% 여론조사 안상수 TV	윤석열 #윤석열대선후보 #이재명 #안철수 #심상정 #여론조사 #국민의힘 #안상수 #안상수전인천시장 #안상수전의원 #윤석열안상수 ...	6	2	0	-1
tFGq9Vtfv_0	황교안,김평우 탄핵음모론에 왜 침묵하나#안철수 돌풍에 李-尹 담합했다#이재명 무너지고 있다#文 종전선언 끝났다#박정희 묘소참배가 신사참배?#김건희7시간 막을 형수쌍욕#박근혜 태풍?	윤창중칼럼세상은 보수우파의 집권이 목표입니다. 실현 가능한 해법과 방향을 분명히 제시합니다. 윤칼세를 도와주십시오. 윤칼세TV ...	10674	1334	43	-1
NzGDu4W2M5g	위기의 대한민국 이끌 지도자 안철수 #연금개혁 #포스트코로나 #안철수 #삼프로TV		76	44	7	1
-oKuU-RjvHw	이재명·윤석열 의혹 거침없이…대선후보 풍자 인기몰이 / 연합뉴스 (Yonhapnews)	이재명·윤석열 의혹 거침없이…대선후보 풍자 인기몰이 (서울=연합뉴스) 시즌2로 돌아온 'SNL코리아'가 대선 후보들을 패러디한 정치 ...	15	0	0	-1
6LClTGZhf3g	[백운기의 시사1번지] 세대별 대선 후보 지지도 / 혼돈의 대선판, 엇갈리는 여론조사 / 광주 아파트 붕괴 현장 전화연결  (이은영, 최수영, 박진영) | 20220114	백운기시사1번지 #여론조사 [이용섭 광주광역시장 전화연결] -광주 아파트 붕괴사고, 인재인가? -HDC현대산업개발 건축 아파트 또 ...	4432	453	0	1
k459dB-ldmI	안철수 2014년 교섭단체 대표 명연설 (기초연금법안 통과시킨 주역 #안철수)		61	46	9	1
5joKSo5k7NA	안철수 뿐입니다 #안철수 #시대교체		44	33	6	1
o74-6l3YOUE	국민의힘, 김건희 방송 관련 MBC 항의방문! 안철수 지지율 최고치 갱신	후원 : 우리은행 1005-603-591706 제이에이치 커뮤니케이션.	0	44	0	-1
tsaprTG9mrE	박용진 '김종인, 윤·안 단일화 안될 거라고 전망' / 연합뉴스TV (YonhapnewsTV)	"박용진 ""김종인, 윤·안 단일화 안될 거라고 전망"" 김종인 전 국민의힘 총괄선대위원장은 국민의힘 윤석열 후보와 국민의당 안철수 후보 ..."	436	15	1	1
qH6wXZvVdcI	대신할 수 없는 미래 #안철수		162	95	14	1
FBHAxJxGA08	문 대통령 &#39;제2 국무회의&#39; 첫 주재…중앙지방협력회의 본격 출범 / JTBC 아침&amp;	1. 이재명·윤석열, 양자 TV토론 합의 더불어민주당 이재명, 국민의힘 윤석열 대선후보가 설 연휴 전에 양자 TV토론을 하기로 합의 ...	284	1	1	1
HywfsO4otCQ	안철수와 김영란법 #안철수 #김영란법 #시대교체		56	36	8	1
hTzS7uOykCU	(충격 라이브) 속보 / 윤석열, 갤럽 여론조사 5% 상승 안철수 17% / 2022.01.14	'수개표국민운동' 자발적 구독료 : (국민은행 : 예금주 신혜식 ) 5333-0201-137296 이준석 소환 운동 ...	0	412	0	-1
rAtZ-WGSlzg	[출발 새아침] FULL 다시보기 | 김건희 통화 기록 공개, 변수되나? 이재명X윤석열 1:1 맞토론 성사, 오늘 금리인상 예고 | 220114	"YTN FM 94.5MHz 우리의 이슈가 뉴스를 바꿉니다. 세상을 깨우는 ""황보선의 출발 새아침"" 중심잡힌 시선으로 가장 뜨거운 이슈를 ..."	5532	295	19	1
d18lqmwnbGE	3자토론 가능성확인! 안철수로 대동단결	안철수로 대동단결.	8	4	0	1
Ri1gUfmckWw	‘공약 표절’ 의혹에…이름 바꾼 이재명 | 김진의 돌직구 쇼 911 회	'공약 표절' 의혹에…이름 바꾼 이재명 | 김진의 돌직구 쇼 911 회 안철수가 짝퉁 지적한 날…李 공약 이름 바꿨다 李 신년 기자회견서 ...	534	31	4	-1
AVCbjtyHcIw	신문브리핑 3 '정책대결 시작되자마자…李·尹 &#39;본부 리스크&#39; 진흙탕 싸움' 외 주요기사 [아침&amp;매일경제]	"(매경)신문브리핑 3 ""정책대결 시작되자마자…李·尹 '본부 리스크' 진흙탕 싸움"" 외 주요기사(0114) #아침앤매일경제 #신문브리핑 ..."	986	31	8	1
DqiwGX34gXM	신문브리핑 4 '野 &#39;김건희 7시간 녹취&#39; MBC 방송금지 가처분 신청' 외 주요기사 [아침&amp;매일경제]	"(매경)신문브리핑 4 ""野 '김건희 7시간 녹취' MBC 방송금지 가처분 신청"" 외 주요기사(0114) #아침앤매일경제 #신문브리핑 #이상훈 ..."	2018	63	27	-1
3H6icXT1_aI	1/14(금) 윤석열 &#39;극우 발언&#39; 맘껏 하는 이유…&#39;이준석 매직&#39;_노영희의 뉴스인사이다[쇼미더민심]	1월 14일 (금) 노영희의 뉴스인사이다 ▷ 쇼미더민심 배종찬 인사이트K 연구소장 - 이재명 37%, 윤석열 28%, 안철수 14% - 지지이유 ...	3298	541	24	-1
nTCxpCORlo0	안철수의 두번째 대권도전은?#경천 사주쌀롱 #경천 김상규 #안철수 #국민의당 #대선후보	궁금한 점이나 개인상담은 댓글을 남기시거나 010-7455-1960으로 전화주세요.	2	0	1	1
BAMazgyzmfE	[NIB 뉴스] 신문 속 뉴스-중부일보, 인천일보	지면으로 알아보는 인천 소식, 신문 속 뉴스입니다. 각 신문사 별 헤드라인입니다. 먼저 경인일보는 인천시가 코로나19 장기화 영향 ...	6	0	0	1
nA8KSjmNcXQ	유인태, 송영길에 '가끔 사고 치는 불안한 친구' / 연합뉴스TV (YonhapnewsTV)	"유인태, 송영길에 ""가끔 사고 치는 불안한 친구"" 여권 원로인 유인태 전 민주당 의원이 이른바 '이재명 탄압' 발언으로 논란을 낳은 ..."	268	13	2	-1
jVgMJZzB93Y	속보! 오늘 이준석 사퇴, 소환장 탄핵! 중앙선거관리위원회, 이재명·김혜경 구속 위기 발발! 문재인 정권 붕괴! 윤석열, 안철수 충격 발언!	속보! 오늘 이준석 사퇴, 소환장 탄핵! 중앙선거관리위원회, 이재명·김혜경 구속 위기 발발! 문재인 정권 붕괴! 윤석열, 안철수 충격 발언!	3429	524	13	-1
qdEnCWh9vYY	&#39;이재명 의혹&#39; 제보자 심장질환 사망 추정…정치권 여전히 신경전 [굿모닝 MBN]	【 앵커멘트 】 이재명 더불어민주당 대선 후보의 '변호사비 대납 의혹'을 제기했던 이 모 씨가 심장질환으로 사망한 것 같다는 1차 부검 ...	413	15	4	-1
xoWgG7qBR1Q	1/14(금) 김건희, 언론과 &#39;상습 통화&#39;…논란에도 &#39;현재진행형&#39;_노영희의 뉴스인사이다[대담한 대담]	1월 14일 (금) 노영희의 뉴스인사이다 ▷ 대담한 대담 이언주 전 국민의힘 의원 - '김건희 7시간 통화' 공개 예고…국민의힘 '발칵' ...	5325	881	58	-1
o0fGWCGoUYE	[TV CHOSUN LIVE] 1월 14일 (금) 뉴스퍼레이드 - &#39;모임 6인&#39;…거리두기 완화 전망	[TV CHOSUN LIVE] 1월 14일 (금) '뉴스퍼레이드' 주요뉴스 ○ '모임 6인'…거리두기 완화 전망 ○ 붕괴 현장에서 실종자 1명 발견 ...	4809	215	25	1
0OZulKe4Uyk	물러난 윤핵관 막장드라마는 계속 될까..? (feat.윤석열 김종인 이준석) [정준희의 해시태그 91회]	[정준희의 해시태그 91회] 대선 보도 속 '그들'은 누구인가 ▷진 행 : 정준희 (언론 비평가) 거의없다 (영화 비평 크리에이터) ▷게스트 ...	27575	3383	46	-1
TNQI8yzrJoY	긴급! MBC &#39;100분 토론&#39; 난리났다! 단일화 응답자중 윤석열 61.3% 안철수 31.4%. 김종인 방금 이재명에 충격발언! 박용진 멘붕! 박근혜가 왜 거기서 나와?	긴급! MBC '100분 토론' 난리났다! 단일화 응답자중 윤석열 61.3% 안철수 31.4%. 김종인 방금 이재명에 충격발언! 박용진 멘붕!	13	3	0	-1
QhUQUKL22HU	[시선집중] 박영선 “김건희, 기획력 뛰어나.. 7시간 통화 일방적으로 당했다? 절대 아닐 것' - 박영선 (민주당 디지털대전환위원장), MBC 220114 방송	청취율 조사기간 (01/11~21) 입니다. △ △ 02로 시작하는 전화가 오면 “김종배의 시선집중” 2022년 01월 14일 [김종배의 시선집중] ...	34216	3290	124	-1
NfIZoMwi9jw	국민의힘, 김건희 7시간 녹취록 왜 막나ㅣ김어준의 뉴스공장_류밀희의 이알뉴(20220114)	1월 14일(금) 김어준의 뉴스공장 [이 정도는 알아야 할 아침 뉴스] - 류밀희 기자 (TBS) 00:20 코로나19 주요 뉴스 02:42 이재명 ...	14	0	1	1
ZawmqIamPhY	이준석, 선거판세에서 세대포위론이 강하게 작동하고 있다	KBS1라디오 최경영의최강시사 22.01.14 #이준석 #준스톤 #윤석열 #세대결합론 #세대포위론 #윤핵관 #김종인 #2030지지율 ...	1759	319	66	-1
mh90o6iQCM0	[ FNL 8시 뉴스] PCR검사 72시간 이내만 인정, 문대통령, '통합, 거꾸로 가 걱정..., 安, 北미사일 발사...박전대통령 때 6배 – 21.01.13	자유일보가 일간지로 새롭게 개편되었습니다. 구독자 여러분들의 많은 구독 부탁드립니다. http://jayupresspay.com/bbs/register.php ...	28	22	1	-1
eJMhmFl2Mn4	1월14일 종목브리핑(대선정책토론회테마,LG에너지솔루션연관주,애플카관련주,신라젠 거래재개 수혜주-엠투엔,제일약품)	월 12000원 멤버쉽 가입에 대한 방법입니다 하기 주소 크릭 영상 들어보세요 채널에 가입하여 혜택을 누려보세요.	598	37	11	1
CP9fcWEpQ_0	오늘의 정치이슈 모음_라이브 소통	홍준표 #윤석열 #청년의꿈 #정치 #이준석 #안철수 #이재명.	379	66	0	1
pc6PpjGhX8A	방금,김정은 중요성명 긴급발표!엄청난 4곳 여론조사-윤48%VS이42%!조선-김정은에 내준 '원전 USB'-대통령기록물 꽁꽁 숨겨라!김여정에 “평화의 메신저” 적은 국가철도공단!	윤석열TV: https://www.youtube.com/channel/UCcl16CxYqlbKQJVCfdhSJVw 윤석열 공식 유튜브 주소입니다. 나라를 살리는 모든 ...	35383	8604	250	1
GdfTdJUuPsA	[문틀란 TV]  또 터졌다! 충격의 여론조사! 여권, 쓰러졌다!	'시너지 효과' 무서운 윤석열-안철수의 경쟁적 공조! 대선 판 흔든다!	7582	2269	115	1
JhL1wZth_jU	차기 대통령 대선 전망 - 외로운 싸움 반전이 있다 - 세종시 용한 무당 점집 추천 후기 천향 보살	차기_대통령 #대선_전망 #외로운_싸움 #반전이_있다 #점집추천 #점집후기 #용한무당 #용한점집 #세종시점집 #세종시점집추천 ...	1908	157	10	1
l8j0NBjSUo0	신문브리핑 2 '&#39;연금개혁&#39; 미적대는 대선후보…이대론 90년생부터 못 받는다' 외 주요기사 [아침&amp;매일경제]	"(매경)신문브리핑 2 ""'연금개혁' 미적대는 대선후보…이대론 90년생부터 못 받는다"" 외 주요기사(0114) #아침앤매일경제 #신문브리핑 ..."	373	11	7	1
M1FWzL_8oSA	국회방송국 LIVE, 14일 기자회견장 소통관 일정을 실시간 생중계합니다	국회 기자회견 소통관 LIVE 생중계, 하루동안 국회 기자회견장인 소통관에서 진행되는 한인협의 국회 기자회견장 LIVE 생중계 방송 ...	14	1	0	1
rVT77fpYlls	(긴급)갤럽- 충격적 결과, 31%이37%!이준석,방금 충격입장문!고민정, 허은아와 충격혈투!대납의혹 폭로자 이병철관련,편의점주인 충격발언문!	윤석열TV: https://www.youtube.com/channel/UCcl16CxYqlbKQJVCfdhSJVw 윤석열 공식 유튜브 주소입니다. 나라를 살리는 모든 ...	0	16	0	-1
kjJTvBNZuZQ	22.01.14.금  만평뉴스	대선 #만평뉴스 #안철수.	8	5	0	-1
S2YisXntDGg	긴급! 與 “숨진 이씨가 ‘李 변호사비’ 의혹 제보자라는 건 가짜뉴스” 대신에 이씨는 “녹취 조작 의혹의 당사자”. 윤석열 방금 충격발언!	긴급! 與 “숨진 이씨가 '李 변호사비' 의혹 제보자라는 건 가짜뉴스” 대신에 이씨는 “녹취 조작 의혹의 당사자”. 윤석열 방금 충격발언!	7	3	1	-1
3RE8Jhk960o	긴급! 김건희 &#39;7시간 통화&#39; 방송금지 가처분 신청… 14일 (내일) 곧바로 심리. 김건희씨에게 의도적으로 접근해 몰래 녹음해서 방송하는 것, 이것이 검증인가? 공격인가?	긴급! 김건희 '7시간 통화' 방송금지 가처분 신청… 14일 (내일) 곧바로 심리. 김건희씨에게 의도적으로 접근해 몰래 녹음해서 방송하는 ...	8	3	2	-1
98xF2z6vrLw	국민의힘 MBC 점거 대비, MBC 노조원 긴급 동원공지	"유튜브 이송원TV 1월 14일(금) 오전 9시에 일본 코로나 상황 간담회 온 재건축 주민 ""이재명, 저희보다 전문가같아 유시민 삼프로tv ..."	12118	3770	16	1
