ID	title	description	viewcount	likecount	commentcount	label
Jn5kb6P1M4k	이재명 &#39;강원 매타버스&#39; vs 윤석열 &#39;PK 지지 확장&#39; / YTN	[앵커] 더불어민주당 이재명 대선 후보는 오늘, 강원도를 방문해 강원 지역을 바이오산업 메카로 만들겠다는 구상을 발표합니다.	5391	116	58	1
3OTnERjVCqo	[LIVE] 윤석열 국민의힘 대선후보 신해양강국 비전선포식 참석 / SBS	국민의힘 윤석열 대선후보가 1/15 오전 10시 부산항여객터미널에서 열리는 신해양강국 비전선포식에 참석했습니다. 신해양강국국민 ...	17363	691	53	1
ENLWk5uoGCw	국민의힘 논란 확산, 윤석열측 멘붕 왔다ㄷㄷ 추미애 '언론 탄압을 자행한 국민의힘과 김건희 씨 완패' - 김의성&amp;주진우 &#39;나의 촛불&#39; 영화 예고편에 등장한 배신자 윤석열 근황	김건희7시간논란키운국민의힘 #김의성주진우나의촛불윤석열 #국민의힘김건희저격한추미애 ▣ 황희두 멤버십 후원 ...	38164	17065	355	-1
oU4tuZqNevg	[Live] 1월 15일 부산시 선거대책위원회 필승결의대회		4047	4313	63	1
8c9lxVFsC3c	윤석열, 부산·울산 선대위 필승 결의대회 참석 / 연합뉴스TV (YonhapnewsTV)	윤석열, 부산·울산 선대위 필승 결의대회 참석 국민의힘 윤석열 대선 후보는 부산, 울산, 경남 방문 이틀째인 오늘(15일) 부산 영도의 ...	365	12	6	1
NLn93rSUvBc	윤석열후보님! 김건희 녹취록 들어보셨나요?		73	23	1	1
qNDasEZq5cY	긴급) 윤석열 방금 부산항 여객터미널 도착! 신해양강국 비전 선포식 참석! 엄청난 인파가 몰려 들었다!!	정의구현 멤버십 가입 : https://www.youtube.com/channel/UCUNwNXVrWAHQpc8gPp1c6kw/join 자발적 구독료 : KB국민은행 ...	12442	2397	54	1
Jdst6mPoy3k	(시사점치/무편집)이재명.윤석열.안철수 주간대선운세흐름도	타로점 #윤석열 #이재명 #안철수 #대선 #국민의힘 #시사 #정치 #주역점 ⭐️필립법사 소개⭐️ 불교학과 졸업 불교학 석사 중국 ...	105	9	0	1
s7x2bK5k7_0	긴급) 윤석열 방금 영도다리 건넜다! 순직선원위령탑 참배 &amp; 해상선원 노조 간담회 참석!!	정의구현 멤버십 가입 : https://www.youtube.com/channel/UCUNwNXVrWAHQpc8gPp1c6kw/join 자발적 구독료 : KB국민은행 ...	10972	2035	52	1
35gsbXmTYPA	김건희 채용 청탁? 결국은 밝혀지는 진실 윤석열은 공직선거법 위반	김건희 #김건희허위 #김건희사기 제보 : wprd8794@naver.com 후원계좌 : 국민은행 933502-00-026889 한진희 문자후원 ...	1661	818	43	-1
QJgMMMxGKqA	허경영 ‘이재명 윤석열 찍어라! 그리고...’	허경영 #이재명 #윤석열 이재명 윤석열 찍으세요 그리고 고생 더 하세요.	19	12	0	-1
tDOKT7TPUqE	혼밥하지 않는 윤석열#shorts	제보이메일 raceinvesti28@gmail.com.	1698	460	25	1
N-jtrHFdUKY	AI윤석열 나무위키 생겼던데요?	윤석열#AI윤석열#국민의힘#이준석.	20	8	1	1
lTI7B8rMgV8	윤석열후보! 순직선원위령탑 참배 및 해상선원 노조 간담회!	This stream is created with #PRISMLiveStudio.	3123	594	7	1
A1DyA_VD0Ok	이재명 조롱하던 &#39;이준석 근황&#39; 난감해졌다ㄷㄷ 김건희 7시간 방송 예고에 &#39;친윤 스피커&#39; 진중권 황당 반응 - 이재명 통합 발언 '윤석열 남녀, 세대갈등, 국민 편가르기 우려'	김건희스트레이트예고 #이준석이재명NFT조롱 #이재명윤석열편가르기비판 ▣ 황희두 멤버십 후원 ...	12857	3697	121	-1
cry5Cgna5ko	#윤석열후보부산방문 #국민의힘		16	1	0	1
Y1muv0RkgOA	윤석열 후보의 GTX 3 개노선 추가 건설 공약  김포   삼성  팔당  여주		15	1	0	1
TLqonE5JPK8	윤석열이 달라졌어요	새해 윤석열이 달라진 모습을 전해드립니다.	4	0	0	1
9GkNOu1omcQ	누가 박근혜에게 모든 짐을 지웠나? #윤석열의 주적은 아내 김건희 #표혈을 판 안철수 #성상납 의혹 이준석 경찰서 간다 #손혜원,여의도 떠난다 #홍준표,대구시장 출마!	윤창중칼럼세상은 보수우파의 집권이 목표입니다. 실현 가능한 해법과 방향을 분명히 제시합니다. 윤칼세를 도와주십시오. 윤칼세TV ...	15798	1892	42	-1
atzmFf_U2X4	윤석열후보! 신해양강국 비전선포식	This stream is created with #PRISMLiveStudio.	2633	692	3	1
2fsPfrbdsQo	윤석열 대통령 후보 부산시 선거 대책 위원회 필승결의대회 참석	This stream is created with #PRISMLiveStudio.	643	268	0	1
4iLOjvDuvfA	이준석 '윤석열 후보가 바뀌고 있습니다'	이준석#윤석열#김건희#국민의힘#이재명#안철수 ubc뉴스(22.01.13)	40	9	0	-1
NAinKyR5Gd0	윤석열 대통령 후보 신해양 강국 비젼 선포식 참석	This stream is created with #PRISMLiveStudio.	1139	450	3	1
mOsxkWJBkU8	[2022] 1월 3주차 B tv 주간종합뉴스	"인천뉴스 #btv뉴스 #SK브로드밴드 1월 3주차 B tv 주간종합뉴스 -이재명 “경인선·경인고속도로 지하화… 핵심은 실천” -""4차산업 혁명 ..."	24	1	0	1
afB6Q73Ucl0	심정민 공군 소령 영결식날에? 문재인 이재명 큰일났다! 윤석열 경악!	윤석열 #이재명.	538	18	1	-1
Amg1wtBcLIQ	윤석열 위기대응#shorts	제보이메일 raceinvesti28@gmail.com.	1780	489	22	1
RhORSByk_zQ	윤석열 대통령 후보 순직선원 위령탑 참배	This stream is created with #PRISMLiveStudio.	1110	387	1	1
kSraxY2cGz4	윤석열 ‘신해양강국 비전 선포식’ 참석, 부산		46	22	0	1
wzRAJLoexNI	윤석열 대통령 후보 부산시 선거 대책 위원회 필승결의대회 참석	This stream is created with #PRISMLiveStudio.	144	53	0	1
4ThjGg55dOQ	1월 14일 윤석열 대통령후보 1만 4천 쌍 무료 결혼식 올려준 백낙삼·최필순 부부와의 만남	[국민의힘 중앙당 후원회 안내] * 후원계좌 : 국민은행 067501-04-088071 (예금주:국민의힘 중앙당후원회) [후원시 유의사항] ① 개인 ...	1132	184	27	1
5GV4F_dC3pk	1월 14일 윤석열 대통령후보 국립3 15민주묘지 참배	[국민의힘 중앙당 후원회 안내] * 후원계좌 : 국민은행 067501-04-088071 (예금주:국민의힘 중앙당후원회) [후원시 유의사항] ① 개인 ...	1010	309	25	1
rRSGd1wizsE	윤석열 '고 심정민소령 빈소에 혼자 비공개 조문' (배승희 민영삼 따따부따)		1831	400	14	1
QDv8cdU9dbY	순간포착!광주아파트붕괴현장에 윤석열이 등장했다!(도리도리 윤석열 패러디)		4	1	0	1
Cy8CNNXt_m8	윤석열 후보, 부산 선대위 필승 결의대회	현장 뉴스 방송은 옥탑방 김기자 자율구독료 502-033 203-01-014 기업 박** 언제나 초심!!	239	73	0	1
229EeA1TVBQ	(현장뉴스) 윤석열, 부산 방문! 순직선원 위령비 참배! 여론조사 42.2%, 단일화 시 지지율도 64%!		32426	4113	129	1
PkAxtzLBrTI	방금, 부산항 여개터미널 방문한 윤석열 대통령후보 ‘신해양강국 비전 선포’		13	7	2	1
rhGn0kcgNtQ	(현장뉴스) 윤석열, 부산 방문! 신해양강국 비전 선포식!		14508	2354	91	1
6dHBdTxClWY	연기하고, PT하고…2030 &#39;눈길 좀 주세요&#39; / 연합뉴스TV (YonhapnewsTV)	연기하고, PT하고…2030 '눈길 좀 주세요' [앵커] 대선후보들이 변신을 거듭하고 있습니다. '어떻게 하면 좀 더 쉽게, 더 잘 공약을 알릴 ...	184	1	9	1
yC275pCzNYc	[풀영상] 국민의힘 윤석열, 부산시 선거대책위원회 필승결의대회 (22.01.15)	국민의힘 #윤석열 #부산 #선대위 #필승결의대회 [풀영상] 국민의힘 윤석열, 부산시 선거대책위원회 필승결의대회 (22.01.15) 시사 ...	4011	1108	12	1
W2YlfRgV7Ms	[풀영상] 거리연설 나선 이재명, '변호사비 20억 받았다는 녹취, 내가 한 말 아냐'	(인천=뉴스1) 박혜성 기자 = 이재명 더불어민주당 대선 후보가 14일 오후 매타버스(매주 타는 민생버스) 일정으로 인천 부평구 문화의 ...	3342	167	187	-1
zQhZuj65ySE	윤석열후보, 부산 선대위 필승 결의대회	현장 뉴스 방송은 옥탑방 김기자 자율구독료 502-033 203-01-014 기업 박** 언제나 초심!!	582	193	1	1
Gmz6anuJEWE	멀 해도 어색한 항구의 퇴근길 #shorts	윤석열 #윤석열지하철 #윤석열안철수.	72	30	1	1
kcfxxGy461A	(현장뉴스) 윤석열, 부산 선대위 필승결의 대회 참석!		12162	2446	0	1
qgpoLIHwZpM	윤석열후보, 부산영도 순직 선원 위령탑참배	현장 뉴스 방송은 옥탑방 김기자 자율구독료 502-033 203-01-014 기업 박** 언제나 초심!!	538	159	1	1
tLmw8hYVXAM	[✍🏻사팔랩 브리핑]  MBC 측,  &#39;김건희 7시간 통화 녹취록&#39;  9개중 2개 약속, 윤석열, &#39;QR 미인증&#39;	정치인물분석 #사팔랩 #박대표 #정치인의운명 #더불어민주당 #이재명후보 #국민의힘 #윤석열 #인물심리분석 #윤석열안하무인 ...	0	76	0	-1
N3oPcjXs_kU	與 '윤석열 장모, &#39;남의 땅 대출&#39; 양평 1400평 또 발견'	Listen Music in video here: https://www.youtube.com/channel/UCx_pFntMnemzQOmLMksW7AQ?sub_confirmation=1 기사내용 ...	0	0	0	-1
esIjVfC-iko	윤석열 대통령후보 '부산시 선거대책위원회 필승결의대회 참석'	This stream is created with #PRISMLiveStudio.	1208	626	0	1
XIVigL3yYc0	긴급속보 입수 이재명 설날에 한 번에 뒤집힐 큰 거 터집니다	이재명에 대한 이야기입니다. #이재명 #문재인 #윤석열.	1977	484	23	1
GWaQyXSlqIc	윤석열 대통령후보 신해양 강국 비젼 선포식 참석	This stream is created with #PRISMLiveStudio.	121	68	0	1
jwszDAGmKyo	윤석열 대통령 후보 부산시당 방문 생방송	This stream is created with #PRISMLiveStudio.	4	1	0	1
