ID	title	description	viewcount	likecount	commentcount	label
ZTI5A8y6dh0	[일요진단 라이브] 안철수 후보에게 묻는다 / KBS  2022.01.16.	진행 : 박태서 □ 대담 : 안철수 국민의당 대선 후보 박태서 : 여러분 안녕하십니까? 오늘 일요진단 라이브에 안철수 국민의당 대선후보 ...	1953	186	114	1
o40JvFD44WQ	신년 특별대담 “안철수 대선후보에게 묻는다” I  [광주·목포·여수MBC 공동기획]  2022년 1월 16일	주제 : “안철수 대선후보에게 묻는다” ※ 출연 : 안철수 - 제20대 대통령 선거 국민의당 후보 - 現 국민의당 대표 - 제19·20대 국회의원 ...	917	92	28	1
9HriP2L8wa4	[여론조사 언박싱] 윤석열 39.2%, 이재명 36.9%, 안철수 12.2%, 심상정 3.0%	윤석열 #이재명 #안철수 [조사개요] -의뢰 기관: YTN -조사 기관: (주)리얼미터 -조사지역, 대상 및 크기: 전국 만 18세 이상 남녀 1011명 ...	636	63	23	-1
VMQJgjoMACY	[1.16. Live] #안철수, 대통령이 되려면 / '#김건희 통화보도 내려라' &amp; '내 이야기니까 방송 내려라' / 백조가 되고 싶어요 / 밝은미래를 찾으려는 직업상담가(2부)	[오늘의 에피소드] ep1. 안철수가 대통령이 되려면? 박영선은 의문이라던데 ep2. 내 이야기니까 방송 내려달라는 심리 & 김건희 통화 ...	0	1	0	1
QoUq0T0ZQpc	안철수 이번엔 포기없이 완주 간다! 윤에 안진다 #shorts		135	34	0	1
LPD1Pwh8jgI	단일화, 느긋한 안철수?	원본 영상링크 https://youtu.be/mzDnM9E5KKM.	1573	303	15	1
gUZ6hHmysqo	(대예언) 안철수 대통령 된다  ‘안일화’(안철수로 단일화)	(대예언) 안철수 대통령 된다 '안일화'(안철수로 단일화) #대예언 #안철수 #예언 #국민의당 #안일화.	16	7	1	1
bEshE3On-eY	안철수가 지켜야 할 작은 생명들 그리고 안철수의 눈물?!	출처 : 안철수 유튜브 [안철수] 동물구호단체 편 EP. 4-1 1부 https://youtu.be/Ra76RMZE2Gk EP. 4-2 https://youtu.be/dlQDLplezCY ...	74	0	12	1
W6vl5NqtkOA	꼬리에 꼬리 무는 대선 후보 공약…어디가 닮았나 / 연합뉴스TV (YonhapnewsTV)	꼬리에 꼬리 무는 대선 후보 공약…어디가 닮았나 [앵커] 대선이 다가오면서 각종 공약이 앞다퉈 쏟아지고 있는데요. 후보들 사이 ...	190	3	0	1
yjeV6t6ra5Y	윤석열 안철수 단일화 어려운 진짜 이유! 보이지 않는 손이 방해한다. #shorts		97	34	1	1
Q5Fwcd7u3To	[대선풍향계] DJP연합·문안드림…단일화, 다시 대선 중심에 서다 / 연합뉴스TV (YonhapnewsTV)	[대선풍향계] DJP연합·문안드림…단일화, 다시 대선 중심에 서다 [앵커] '단일화'가 다시 한번 대통령 선거의 중심에 섰습니다.	649	17	2	1
Xh7OaLapdUE	이재명 닮아가는 안철수 영상	사회보험 문제를 해결하고 할 일입니다.	1	0	0	1
O1Ff60m-Yzc	안철수후보 1호 공약 &#39;555 공약&#39; 5분 요약 설명해드립니다		37	17	6	1
OLAyI70p3Os	윤석열. 이재명. 안철수. 심상정을 부통령으로..허경영 대선 후보		28	8	1	1
YsJXHS-v_70	(대예언) 안철수 대통령 된다 안철수는 호랑이다	(대예언) 안철수 대통령 된다 안철수는 호랑이다 #대예언 #안철수 #예언 #국민의당.	7	6	1	1
tSpRfHaytmE	정치공작 , 자질부족 , 청정구역    ! 선택은 ?	안철수 #윤석열 #이재명 안철수 뽑으면 안철수 대통령 됩니다.	6	4	0	1
nI4YKVSbo_g	사적통화 불법 녹취,방송 왜곡 등 정치공작에 정면대응!! 2022.1.16 오전9시	김건희 통화 방송에 대한 윤석열후보의 대응방안 분석 #윤석열#이재명#김혜경#이준석#안철수#김건희#쥴리의혹#서울의소리.	5408	2217	208	-1
DyKkHVialpg	구국메아리tv보수의가치는홍준표로후보교체,안철수가언제터보수의친구였는가?|2022/1/14/금		13	3	0	1
HwAeTEzkZ9E	[정치人싸] 오늘 ‘김건희 7시간 통화’ 방송.. 尹 지지율-安 단일화에 미칠 여파는?｜길어지는 심상정 칩거, 정의당 대책은 있나 - 현근택,장성철,천하람,김준우 &amp; 허일후	인싸를 꿈꾸는 네 남자의 유쾌·상쾌·통쾌 정치 토크쇼! | 시즌 3 PPL을 원하시는 분은 댓글 혹은, mbcradiofocus@gmail.com 으로 메일 ...	26388	3571	185	1
uApv5bIpXaA	'성평등에 찬성하면 페미?' 3:1 토론에도 무쌍 찍는 김은혜	김은혜#장혜영#권은희#이재정#국민의힘#윤석열#이준석#페미니스트#여가부#안철수#이재명 100분토론(22.01.14)	1241	178	66	-1
hc1UxbgBAhA	맥도날드.롯데리아.kfc.맘스터치	shorts#moneygain#부자되는법#서민갑부#돈버는법#잘사는법#억대연봉#연봉1억#빌게이츠#이건희#나훈아#테스형#bts#부자되는 ...	0	0	0	1
Waa5nnnynEI	맥도날드.롯데리아.kfc.맘스터치	shorts#moneygain#부자되는법#서민갑부#돈버는법#잘사는법#억대연봉#연봉1억#빌게이츠#이건희#나훈아#테스형#bts#부자되는 ...	4	1	0	1
Nvjv6cPlkv8	[✍🏻사팔랩 브리핑]  1.16(일)  낮12시  본방송 예고편	정치인물분석 #사팔랩 #박대표 #정치인의운명 #더불어민주당 #문재인대통령역대최고 #이재명후보 #국민의힘 #윤석열 #인물심리 ...	0	97	0	1
2I8gEsZsBc0	김건희 녹취공개 아무런 문제가 없다. 공개를 막는 국힘이 문제! #shorts	윤석열 김건희 녹취 국민의힘 멘붕 안철수 이재명 심상정 허경영은?	286	72	8	-1
D--j-l10OW4	이준석 대표는 가면 뒤에 숨지 말고 당당히 나와라. 즉각 공개사과하고 정신감정을 받아보기 바란다.	안철수 유튜브 https://www.youtube.com/user/jinsimcamp 페이스북 https://www.facebook.com/ahncs111 인스타그램 ...	124	0	43	1
VYdwYIP3nUc	[박대표의 운명돌파]  1.16(일)  오후 1시    라이브방송  김건희 녹취 공개 &#39;초읽기&#39;..윤석열은 '바쁘다·모른다' 대응 자제	정치인물분석 #사팔랩 #박대표 #정치인의운명 #더불어민주당 #김건희7시간통화방송 #이재명후보 #국민의힘 #윤석열 #인물심리 ...	0	49	0	-1
Np2zmkCMDLU	긴급! 김민전 교수의 김건희 응원! 경희대 김민전교수 김건희 옹호 인터뷰!	긴급! 김민전 교수의 김건희 응원! 경희대 김민전교수 김건희 옹호 인터뷰! #윤석열#김용민#내기대#윤희숙#가세연#쥴리하와이# ...	20	8	0	-1
mMr5Ff1Lca4	긴급! 여권,MBC 본방 사수 운동. '김건희 때문에 윤석열 안돼'는 낙선운동! 윤석열 공격!	"긴급! 여권,MBC 본방 사수 운동. ""김건희 때문에 윤석열 안돼""는 낙선운동! 윤석열 공격! #윤석열#김용민#내기대#윤희숙#가세연# ..."	15	2	1	-1
dAOPmr6pTwE	VAPC0215김건희씨의 반전! 녹취록 의 역풍?! 에 대한 영상.	김건희씨의 반전!!녹취록 방영에 따른 역풍?! 에대하여 알아보는 영상.	1183	295	21	-1
rin91Uo8cz0	긴급! 유튜브 하청 방송하는 MBC의 김건희 보도! MBC스트레이트  김건희 방송!	긴급! 유튜브 하청 방송하는 MBC의 김건희 보도! MBC스트레이트 김건희 방송! #윤석열#김용민#내기대#윤희숙#가세연#쥴리 ...	0	1	0	1
_a7D3R2dd44	긴급! TV조선 &#39;허영만 백반기행&#39;에 나온 이재명 일기장 대충격! 어린 나이에 이런 내용을? 윤석열 일기장은? 윤석열,부산을 완전 뒤집었다! 이양수,MBC에 최후통첩문!	긴급! TV조선 '허영만 백반기행'에 나온 이재명 일기장 대충격! 어린 나이에 이런 내용을? 윤석열 일기장은? 윤석열,부산을 완전 뒤집 ...	0	1	0	-1
ZqzB_Y7Qi4w	긴급!  2022 대선은 1997년 데자뷔? 윤석열 지지자들도 급당황! 친문 여성 표심 윤석열에게? '윤석열 계란말이에 한표' 이재명 비상!	"긴급! 2022 대선은 1997년 데자뷔? 윤석열 지지자들도 급당황! 친문 여성 표심 윤석열에게? ""윤석열 계란말이에 한표"" 이재명 비상!"	0	0	0	1
KU5P4UeJXik	(이광필TV)윤석열!! 목숨을 걸었다~단식투쟁 들어간다!!	윤석열단식투쟁#야당투사윤석열#광우뻥MBC선동 구독과 좋아요는 대한민국을 지키는 미사일입니다!! #박근혜보복#박근혜벼락# ...	1715	101	1	-1
-fx8eyJ743o	폭풍흡입 한입만 주세요 5탄 합입의 역사를 쓴다 호로록 짭짭#삼시세끼#잡초#	뿌린만큼 거두리라 칼로베인 상처는 쉽게 아물지만 말로베인 상처는 치유되지 않는다 서로 따뜻한말로 상처주지말아요 인생살이 ...	32	12	13	1
cw7N6WMHIsg	김건희 녹취록 안철수 대선에 미치는?		5	0	0	-1
z4CQVnR2tcM	○●하이로닉○●  이재명, 안철수 탈모 공약, 대선후보, 모발이식, 미용기기관련주	안녕하세요 여러분 수익실현 전문가 고지혜입니다. 오늘도 여러분들에게 확실한 계좌수익 안겨드리겠습니다. 세종메디칼 상한가 적중 ...	4	0	0	1
ScvpxrEB1H8	안철수 대통령 가능성!		1	0	0	1
UFOi9FmhmeU	안철수 분위기가 심상치 않네요!(feat.김건희 녹취록)		26	0	0	1
LaSdtit5vUY	추미애, 尹에 '대선 재수하자' 安에 '끝까지 완주해달라' 쿠팡플레이 &#39;SNL코리아 시즌2&#39;의 &#39;주기자가 간다&#39;에 출연 (흑마이의응징)	흑마이TV는 내가하고 싶은말 | 상대가 듣고 싶은말 | 주어로 | 코믹하고 재미를 주는방송 | NEWS | 흑마이TV | 입니다 | ◇구독.좋아요.	4	1	0	1
