ID	title	description	viewcount	likecount	commentcount	label
0kYmW6SwbXw	이재명 '강원 민심 공략' vs 윤석열 '서울 수복 전략' / YTN	[앵커] 더불어민주당 이재명 대선 후보는 오늘 강원도 방문 이틀째를 맞아 지역 공약을 발표하고 시민과의 소통에 나섰습니다. 1박 2일 ...	12528	434	282	1
vVerDqQrmMQ	[Live] 1월 16일 윤석열 대통령 후보 정책공약 발표		4486	5418	127	1
jeuVxxuC5LI	&#39;퇴물 악플러&#39; 진중권 멘붕, 제대로 망신 당했다ㄷㄷ 최강욱 '윤석열 본부장 사태를 만나며 누추해진 상황' - MBC 스트레이트 김건희 방송 송출 예정.. 당황한 국민의힘	퇴물악플러진중권멘탈붕괴 #최강욱윤석열저격수 #MBC스트레이트김건희7시간 ▣ 황희두 멤버십 후원 ...	21859	13242	597	-1
NanbtAnTuJo	[정책제안] 윤석열후보님 &#39;항문침&#39; 건강보험 적용을 제안합니다	이재명의 탈모치료제 건강보험 적용에 맞불을 놓을 필요가 있습니다. 윤석열 후보님!! '항문침' 건강보험 적용을 건의 드립니다!	572	231	15	1
fbZ3yaWdIZk	[현장연결] 윤석열 '서울 철도와 고속도로 지하화…방역 획기적 개선' / 연합뉴스TV (YonhapnewsTV)	"[현장연결] 윤석열 ""서울 철도와 고속도로 지하화…방역 획기적 개선"" 국민의힘 윤석열 대선 후보가 서울 표심을 겨냥한 정책 공약을 ..."	127	2	1	1
9kvh1xLOIes	이재명 강원, 윤석열 부울경…주말 지역 표심잡기 / 연합뉴스TV (YonhapnewsTV)	이재명 강원, 윤석열 부울경…주말 지역 표심잡기 [앵커] 이번 주말 더불어민주당 이재명, 국민의힘 윤석열 대선 후보는 각각 강원과 ...	143	0	1	1
4R8glQegV0A	PK 찾은 윤석열 '부산은 자존심'…파격 공약도 / 연합뉴스TV (YonhapnewsTV)	"PK 찾은 윤석열 ""부산은 자존심""…파격 공약도 [앵커] 국민의힘 윤석열 대선 후보는 1박 2일간 부울경 곳곳을 누비며 보수표밭 다지기 ..."	349	14	5	1
au3UX1M2RmY	북괴 김정은 미사일도발에 윤석열후보 강력발언! 2030세대 난리났다! (1월12일녹화)#윤석열북괴선제타격 #윤석열안보관	자율적구독후원 : 하나은행 : 106-910488-13707 (박*옥) 해외페이팔 후원링크 : https://www.paypal.me/jungsungsantv 문의 ...	4142	1515	71	-1
kdXmy9KvE_c	뉴스브리핑-이재명VS윤석열 새얼아침대화에서 맞수한판	새얼아침대화#이재명#윤석열 이재명VS윤석열 새얼아침대화에서 맞수한판 진행 성기철 패널 홍순목 해설위원.	35	4	1	1
ah82Y6b1S-w	윤석열후보 서울시 정책공약발표 1월16일	윤석열# This stream is created with #PRISMLiveStudio.	5634	1926	8	1
njDdnOKZo28	윤석열후보! 글로벌 도시 서울~!! 서울시민과의 정책약속	This stream is created with #PRISMLiveStudio.	3798	1093	3	1
AE3K5a4Jr9g	윤석열, 방역패스 폐지 제안 '마스크 쓰고 대화를 나누지 않는 경우 전파 가능성이 낮아'	윤석열 #방역패스 #영업시간 #국민의힘 #정책 윤석열 국민의힘 대선 후보가 22년 1월 16일 서울 여의도 국민의힘 중앙당사에서 ...	1436	281	40	1
9HriP2L8wa4	[여론조사 언박싱] 윤석열 39.2%, 이재명 36.9%, 안철수 12.2%, 심상정 3.0%	윤석열 #이재명 #안철수 [조사개요] -의뢰 기관: YTN -조사 기관: (주)리얼미터 -조사지역, 대상 및 크기: 전국 만 18세 이상 남녀 1011명 ...	636	63	23	-1
h6RfBUXpZjE	문빠들, 윤석열 지지선언!... 이재명-조국 멘붕!! [주말LIVE]	구독, 좋아요는 손상대TV의 힘입니다!	52150	12196	254	1
H2Ou44laQlI	윤석열은 후보사퇴가 답이다 #shorts	몇개월 정치해서 인기투표로 대통령이 된다면, 대한민국은 이보다 더 불행할 수 없다. 나레이션 : 타입캐스트.	36	20	4	1
MWwtvGeWbCQ	이준석의 태세전환... &#39;여성인 건희!&#39;	윤석열 #문재인 #이준석 #김건희.	36919	9766	649	-1
uG6fbv-A6_o	윤석열 대통령 후보 서울시민들과  공약발표	This stream is created with #PRISMLiveStudio.	1503	663	0	1
DDjvL0KMfew	최근 윤석열 후보 지지율 반등요인! 문재인 이재명의 노력 #shorts	윤석열 지지율 상승요인 후보교체 막는 움직임.	212	44	7	1
mMr5Ff1Lca4	긴급! 여권,MBC 본방 사수 운동. '김건희 때문에 윤석열 안돼'는 낙선운동! 윤석열 공격!	"긴급! 여권,MBC 본방 사수 운동. ""김건희 때문에 윤석열 안돼""는 낙선운동! 윤석열 공격! #윤석열#김용민#내기대#윤희숙#가세연# ..."	15	2	1	-1
YTafgSYLsnU	이재명 윤석열		3	0	0	1
nI4YKVSbo_g	사적통화 불법 녹취,방송 왜곡 등 정치공작에 정면대응!! 2022.1.16 오전9시	김건희 통화 방송에 대한 윤석열후보의 대응방안 분석 #윤석열#이재명#김혜경#이준석#안철수#김건희#쥴리의혹#서울의소리.	5404	2215	203	-1
yL1cuIMimzk	&#39;김건희 7시간 통화&#39; 방송 예고…국민의힘, 민심 향배 촉각 / 연합뉴스TV (YonhapnewsTV)	'김건희 7시간 통화' 방송 예고…국민의힘, 민심 향배 촉각 [앵커] 국민의힘 윤석열 후보의 배우자 김건희씨가 인터넷 매체와 7시간 ...	4889	169	56	1
KP5DQ1QHNHc	긴급! 홍준표 방금 충격 발언! 조국 수호 이유가? 나경원 주호영 경악! 윤석열 이준석 격노! MBC 김건희 방송 역풍? (진성호의 융단폭격)		22419	3312	217	-1
aIEk9w2QvzU	(광고차단) 윤석열의 과거 _다시보기	논리적 보수, 리마연은 여러분과 함께 자유대한민국을 지키고 있습니다. **리걸마인드연구소 후원방법 □ 국민은행 ...	259	61	0	1
sWRH2YmI-n8	이재명 닮아가는 윤석열 영상	사회보험 문제를 해결한 다음에 할 일입니다.	1	0	0	1
XBl0VmJ41Y8	긴급! 이재명 충격녹음 나왔다! 윤석열 '변호사들이 이재명에게서 많은 돈을 받았다는 충격적인 증거!' 이재명에 900억 상납? PK 지금 난리났다! 문재인 이재명 충격!	"긴급! 이재명 충격녹음 나왔다! 윤석열 ""변호사들이 이재명에게서 많은 돈을 받았다는 충격적인 증거!"" 이재명에 900억 상납? PK 지금 ..."	384	60	1	-1
OLAyI70p3Os	윤석열. 이재명. 안철수. 심상정을 부통령으로..허경영 대선 후보		28	8	1	1
6Uo6sx-xlE8	윤석열 후보의 서울시 관련 공약	This stream is created with #PRISMLiveStudio.	338	122	0	1
vR1iEGRe8fs	부산 시민 여러분  억수로 사랑합니데이 [내공단] #shorts #윤석열 #부산사랑	내가 공보단이고 내가 윤핵관이다!! 윤석열 힘내라!!! 피아식별합시다!!! 윤석열이 정권교체입니다!! 내부의 적 이준스기 없으니까 이리 ...	12	4	0	1
d4ol32xlPDw	윤석열 대통령 후보 서울신들과  공약발표	This stream is created with #PRISMLiveStudio.	118	73	0	1
qIqdwLuBmMI	후보교체 막기위해 민주당, 이재명 지지자들 윤석열 지지해준다! #shorts	국민의힘 윤석열 후보교체 막기위한 이재명 지지자들의 움직임!	246	55	10	1
W6vl5NqtkOA	꼬리에 꼬리 무는 대선 후보 공약…어디가 닮았나 / 연합뉴스TV (YonhapnewsTV)	꼬리에 꼬리 무는 대선 후보 공약…어디가 닮았나 [앵커] 대선이 다가오면서 각종 공약이 앞다퉈 쏟아지고 있는데요. 후보들 사이 ...	190	3	0	1
VYdwYIP3nUc	[박대표의 운명돌파]  1.16(일)  오후 1시    라이브방송  김건희 녹취 공개 &#39;초읽기&#39;..윤석열은 '바쁘다·모른다' 대응 자제	정치인물분석 #사팔랩 #박대표 #정치인의운명 #더불어민주당 #김건희7시간통화방송 #이재명후보 #국민의힘 #윤석열 #인물심리 ...	0	49	0	-1
KU5P4UeJXik	(이광필TV)윤석열!! 목숨을 걸었다~단식투쟁 들어간다!!	윤석열단식투쟁#야당투사윤석열#광우뻥MBC선동 구독과 좋아요는 대한민국을 지키는 미사일입니다!! #박근혜보복#박근혜벼락# ...	1715	101	1	-1
slh0YUjS9sM	윤석열 대통령후보 '정책공약 발표(서울시 관련)'	This stream is created with #PRISMLiveStudio.	1585	749	0	1
CADxMrcHs3U	윤석열 후보 부산 유세		0	0	0	1
BTg3nBOftMo	북한, 윤석열 당선되면 &#39;한국 직접 도발&#39; 고려할 것'…미국 전문가 주장	"북한, #윤석열 당선되면 '한국 직접 도발' 고려할 것""…미국 전문가 주장."	4	0	1	-1
pjRweW1dRNc	정왕룡의 이재명 브리핑 - 윤석열, 총이라도 만져봤나?	김포대두 정왕룡의 이재명 브리핑 - 정치시사, 일상생활, 여행등 소재에 국한없이 다양한 일상사를 함께 나누는 장입니다.	28	7	0	1
ZqzB_Y7Qi4w	긴급!  2022 대선은 1997년 데자뷔? 윤석열 지지자들도 급당황! 친문 여성 표심 윤석열에게? '윤석열 계란말이에 한표' 이재명 비상!	"긴급! 2022 대선은 1997년 데자뷔? 윤석열 지지자들도 급당황! 친문 여성 표심 윤석열에게? ""윤석열 계란말이에 한표"" 이재명 비상!"	0	0	0	1
ojlopiqFaWg	속보! 이재명은 이준석에게 배신당했다! 투표의 2 3은 윤석열에게 갔다   &#39;대선 당선 전망 완성 된&#39; 여론조사! 윤석열 압도 72% 이재명 18% 김종인 10%	속보! 이재명은 이준석에게 배신당했다! 투표의 2 3은 윤석열에게 갔다 '대선 당선 전망 완성 된' 여론조사! 윤석열 압도 72% 이재명 ...	64	2	0	-1
c7Qg7cnTzD0	윤석열 성대모사 3 경선승리소감(레전드 성대모사)	윤석열#대선후보#대통령#이재명#선거 원제작자의 영상사용 승인을 받았습니다. 원본영상:유튜브채널 최로 ...	4	2	0	1
54qNpXLgbms	[문틀란 TV]  윤석열, 부울경을 다시 찾은 이유!!	수도권과 PK표심 닮아간다?	1324	242	0	1
Np2zmkCMDLU	긴급! 김민전 교수의 김건희 응원! 경희대 김민전교수 김건희 옹호 인터뷰!	긴급! 김민전 교수의 김건희 응원! 경희대 김민전교수 김건희 옹호 인터뷰! #윤석열#김용민#내기대#윤희숙#가세연#쥴리하와이# ...	20	8	0	-1
Qz1rODGkH-I	[영화] 나의 촛불 1분 예고편 : 이재명·윤석열 출연 #shorts	영화 '나의 촛불'은 2월 10일 개봉합니다. #이재명 #윤석열 #박근혜 #이재명박근혜 #윤석열박근혜 #국민의힘 #박근혜사면 #나의촛불 ...	23	4	1	1
BNSdZhGI-Kk	MBC &#39;김건희 녹취&#39;방송? 해일같은 역풍불것! 1년여 고통당한 김건희 선행학습,오히려 윤석열을 도울것!		3950	1375	98	-1
rVY3jR8sBYA	현장취재) 윤후보님 강력한정책드라이브진행된다.	국민의힘#윤석열후보#정책발표.	2955	757	7	1
yjeV6t6ra5Y	윤석열 안철수 단일화 어려운 진짜 이유! 보이지 않는 손이 방해한다. #shorts		97	34	1	1
Znxn9TXCQ2g	윤석열 대통령후보 '정책공약 발표(서울시 관련)'		0	124	0	1
7A-rCIbYXrI	[풀영상] 국민의힘 윤석열, 정책 공약 발표 '서울시 관련' (22.01.16)	"국민의힘 #윤석열 #서울시 #정책 #공약 [풀영상] 국민의힘 윤석열, 정책 공약 발표 ""서울시 관련"" (22.01.16) 시사포커스TV는 창간 35 ..."	4497	1286	10	1
bgXmr6bNs1I	윤석열 대통령후보 '정책공약 발표(서울시 관련)'		0	121	0	1
