ID	title	description	viewcount	likecount	commentcount	label
abtraesjwIw	이재명 32.9% 윤석열 31.6%…단일화 적합도 안철수 50.8% (자막있슈) / SBS	민주당 이재명 후보와 국민의힘 윤석열 후보가 오차 범위 안에서 다시 접전을 벌이는 것으로 나타났습니다. 민주당 이재명 32.9% ...	2133	40	71	1
ysbXDDUtmD0	홍준표 '더 이상 의견 안 낸다'…대선까지 침묵 선언 / JTBC 아침&amp;	1. 정동연 전 의원, 민주당 복당 신청 정동영 전 의원이 더불어민주당에 복당 신청서를 제출했습니다. 참여정부 시절 통일부 장관을 ...	4748	104	48	1
qABBp8Ch1Ag	긴급! 윤석열, 조선 중앙 데일리안 모두 1위 휩쓸었다! 안철수 몰락! 꿔준 표 회수? 이재명 6%P↓ 대폭락! (진성호의 직설)		52229	13445	791	-1
JNXeUCp2o70	쩐주		1134	0	54	1
b3CsbyaptYU	[돌발부록] 토론 연습 / YTN	국민의당 안철수 후보가 높은 지지율에 자신감을 보이고 있습니다. 대선 TV토론에 대해서도 의욕을 보이며, 거대 양당 중심의 양자 ...	11745	666	221	1
8edOwwkGV3Q	다자 대결은 윤석열 42.5%·이재명 37.1%·안철수 10.2%. 윤석열 20대 지지율 역대 최고 51.2%	단일화시 윤석열 53.9% 이재명 29.4% 심상정3.2%	4072	892	48	1
l7-ozEk9ysE	가면쓰고 안철수 까는 이준석ㅋㅋ #shorts	가면토론회 #가면토론 #마라탕#이재명 #더불어민주당 #공약 #국민의힘 #윤석열 #민주당 #국민의힘 #레전드영상 #영상 #더불어 ...	2006	149	26	-1
_W-cq3lqdXc	요동치는 20대 지지율…출렁이는 민심 | 김진의 돌직구 쇼 913 회	요동치는 20대 지지율…출렁이는 민심 | 김진의 돌직구 쇼 913 회 이재명 36.7% 윤석열 40.6% 심상정 2.0% 안철수 12.9% [리얼미터] ...	863	49	16	-1
uecuVmg9U3s	[뉴스라이브] 대선 D-50, 여야 대선후보 지지율 &#39;혼전 양상&#39; / YTN	진행 : 김선영 앵커, 김대근 앵커 □ 출연 : 김수민 / 시사평론가 * 아래 텍스트는 실제 방송 내용과 차이가 있을 수 있으니 보다 정확한 ...	12084	391	202	1
sj_cj_0lB2c	시장을 주도하는 거대한 대선테마 ㅣ 리스크도 감내해야한다 #삼일 #홍준표 #안철수 #써니전자 #까뮤이앤씨	무료종목추천 어디가면 볼수 있나요?◁ *제 유튜브채널 초기화면에서 재생목록을 클릭하시면 무료종목추천 목록이 있습니다 그곳에 ...	124	27	9	1
SFI75iasVCU	단일화 한다면?…尹-安, 경쟁력이냐 적합도냐 | 김진의 돌직구 쇼 913 회	단일화 한다면?…尹-安, 경쟁력이냐 적합도냐 | 김진의 돌직구 쇼 913 회 '尹 단일화 경우' 이재명 37.0% 윤석열 45.2% [리얼미터] '安 ...	329	15	4	1
lSBWvCgQpWs	[시사인터뷰 오늘] 1월 18일(화) 오늘의 인터뷰 1,2  - 화정동 붕괴사고 인근 아파트 주민 &amp; 공감포럼 대표, 정준호 변호사  / 취재리포트 - 신혜빈 리포터	1. [우리지역 사건사고] 화정 아이파크 공사현장 붕괴사고 인근 아파트 주민의 목소리 -주민 A씨 2. [오늘의 인터뷰] 안철수 대선 후보의 ...	75	12	0	1
Z3zruoA6R2w	신문브리핑 4 '李 '개혁 본 고장' 尹 '충혼의 도시' 安 '산업화 성공'' 외 주요기사 [아침&amp;매일경제]	"(매경)신문브리핑 4 ""李 ""개혁 본 고장"" 尹 ""충혼의 도시"" 安 ""산업화 성공"""" 외 주요기사(0118) #아침앤매일경제 #신문브리핑 #이상훈 ..."	417	8	2	1
4Uk7h-aOvJw	[불타는주식 프리미엄] 안철수관련주 종합 검진,안철수관련주주가,안철수관련주전망,안철수관련주주가전망,안철수관련주대응,안철수관련주전략,안철수관련주분석,안철수관련주목표가	"1월 전략 매집주반 폭주中!! 불타오릅니다. 몇 자리 안남았어요 010 - 2290 - 5529 전화번호로 숫자 "" 1 "" 만 문자로 보내주세요. 문자만 ..."	0	0	0	1
Y17RDQ3F2_U	[불타는주식 프리미엄] 까뮤이앤씨 오락가락 안철수 지지율 어떻게 대응해야 할까,까뮤이앤씨주가,까뮤이앤씨전망,까뮤이앤씨주가전망,까뮤이앤씨목표가,까뮤이앤씨대응,까뮤이앤씨대선	"1월 전략 매집주반 폭주中!! 불타오릅니다. 몇 자리 안남았어요 010 - 2290 - 5529 전화번호로 숫자 "" 3 "" 또는 "" 종목명 "" 만 문자로 보내 ..."	0	0	0	1
SsTRizOpt_8	이재명 둘러싼 연속된 죽음…민주당, 사과하고 후보 교체해야	이재명 둘러싼 연속된 죽음…민주당, 사과하고 후보 교체해야 윤석열 32.8% 이재명 31.7% 안철수 12.2% 심상정 2.7% #이재명 ...	263	13	0	-1
gSoQk-K8lM4	까뮤이앤씨 하락하면 땡큐베리 감사! 안철수 대장주   | 까뮤이앤씨 주가,까뮤이앤씨 전망, 안철수대장,	까뮤이앤씨 하락하면 땡큐베리 감사! 안철수 대장주 1월 전략 매집주반 폭주中!! 불타오릅니다. 몇 자리 안남았어요 010 - 4451 - 6293 ...	2	0	0	1
YB6BptmfyrI	○●하이로닉○●  이재명, 안철수 탈모 공약, 대선후보, 모발이식, 미용기기관련주	안녕하세요 여러분 수익실현 전문가 고지혜입니다. 오늘도 여러분들에게 확실한 계좌수익 안겨드리겠습니다. 린드먼 아시아 상한가 ...	2	0	0	1
cy1npga6KMM	“안철수 대선 불출마 종용” 여야 공방 격화	2002-11-23.	0	0	0	-1
REzybb54a28	간호사 다독이고 불심 붙잡고…이재명-윤석열 불꽃경쟁 / 연합뉴스TV (YonhapnewsTV)	간호사 다독이고 불심 붙잡고…이재명-윤석열 불꽃경쟁 [기자] 민주당 이재명 후보와 국민의힘 윤석열 후보는 서울에서 각각 청년 ...	440	26	6	1
z0XAmXfzDLg	스님인줄 알았다? 무속인 건진법사, 윤석열 캠프 실세 논란ㅣ김어준의 뉴스공장_류밀희의 이알뉴(20220118)	1월 18일(월) 김어준의 뉴스공장 [이 정도는 알아야 할 아침 뉴스] - 류밀희 기자 (TBS) 02:34 코로나19 주요 뉴스 04:17 아부다비 공항 ...	66	13	5	-1
MsXt2t5Spfs	박근혜를 파국으로 밀어넣은 21人#김건희의 실체적 진실 또 터졌다#넋빠진 보수들,김건희 승리!#北 피살 공무원 유족의 절규 1년4개월#윤석열 안철수 누가 청와대?#홍카콜라 김 샜다	윤창중칼럼세상은 보수우파의 집권이 목표입니다. 실현 가능한 해법과 방향을 분명히 제시합니다. 윤칼세를 도와주십시오. 윤칼세TV ...	6535	1244	50	1
IWrdQFNUJ6k	프레임 씌우기에도 1도 안넘어가는 이준석	이준석#김건희#노영희#윤석열#안철수 뉴스토마토(22.01.18)	1461	142	24	-1
_qTxTZKwqLk	임승호 '김건희가 제2의 최순실? 민주당 아무말 대잔치 시작됐다'	임승호#신인규#이준석#김건희#윤석열#이재명#안철수 YTN뉴스(22.01.17)	411	41	4	-1
WYxORMTNAGw	대선 후보 여론조사 지지율, 지지도 순위 변화 (1월3주차 KSOI)	2022 차기 대선 후보 여론조사 지지율, 지지도, 선호도 순위 변화(1월3주차) 2020년12월 ~ 2022년1월3주차. 윤석열 유튜브채널 ...	22	4	0	1
2lkJhJCUcKc	이재명, 일자리 공약…윤석열, 사회복지사 간담회 / 연합뉴스TV (YonhapnewsTV)	이재명, 일자리 공약…윤석열, 사회복지사 간담회 [앵커] 대선 레이스 상황 알아보겠습니다. 더불어민주당 이재명 후보는 오늘(18일) ...	116	2	1	1
adft2xijooc	나훈아테스형.테스형나훈아	bts#방탄소년단#설거지#눈오리방탄#방탄눈오리#초코파이먹방#초코파이광고#초코파이브라우니#초코파이에어프라이어#초코파이 ...	18	3	0	-1
N2FUqepHH20	엘에이 코로나 감염 한달만에 열배(01.17.2022) 한국TV 이브닝 뉴스	전국의 코로나 19 신규 확진자는 정체 현상을 보이고 있습니다.하지만 입원 환자는 대유행 이후 최고치인 15만 5천 명대로 올라섰 ...	6	0	0	-1
amXWYyoLHeY	[뉴스포커스] 윤석열 선대위 &#39;무속인 논란&#39;…한자리 모인 여야 대선후보 3인 / 연합뉴스TV (YonhapnewsTV)	[뉴스포커스] 윤석열 선대위 '무속인 논란'…한자리 모인 여야 대선후보 3인 [출연 : 최민희 더불어민주당 선대위 미디어특보단장· ...	107	3	1	1
cBR-UdIaTvY	미래의 품격 위한 대선후보 화법 원포인트 레슨 [김어준의 뉴스공장 풀영상 1/18(화)]	[TBS 유튜브(화) 생방송] ▷7시 6분 : 김어준의 뉴스공장 ▷9시 : 사회실험카메라 순간365(최초공개) ▷10시 50분 : TBS특보 코로나19 ...	332893	32736	268	1
7bnOdvtgphY	이재명 후보의 5·5·5 공약은 뻥 공약?	[출처:판도라_220117] 이재명 의혹 제보자 사망, 벌써 세 명째? 김재원 디스한 오윤혜 ＂일 좀 잘 하시지…＂ 김건희 7시간 통화 ...	15	6	3	-1
hdDyq2g2A3k	오늘장 급등주, 머선 일이GO? SV인베스트 / 재영솔루텍 / 삼화콘덴서 / 휴맥스홀딩스 / 풍강 / 메리츠화재	토마토TV #구독_좋아요 #머선일이고? 머선 일이GO? 캐스터 : 김수경 ==================================== -SV인베스트, ...	85	3	0	1
3HZyxxd9w1w	긴급! 민주당 양산갑·을 당원 집단 탈당 뒤 국민의힘 입당. 제주대 이상이 교수도 민주당 탈당. 민주당 양산갑·을 당원 300명 집단 탈당,국힘 입당. 이상이 교수도 탈당!	긴급! 민주당 양산갑·을 당원 집단 탈당 뒤 국민의힘 입당. 제주대 이상이 교수도 민주당 탈당. 민주당 양산갑·을 당원 300명 집단 탈당, ...	21	4	1	1
uYLzOUK0Tj4	(충격) 대장동사건 4번째 죽음에 대한 충격적사실 ..권영세 아수라발언 ..법사사속으로 도망	(충격) 대장동사건 4번째 죽음에 대한 충격적사실 ..권영세 아수라발언 ..법사사속으로 도망 [뉴스패널] 구독과 좋아요 부탁드립니다 ...	3	2	0	-1
Mrnq22IM25Q	국회방송국 LIVE, 18일 기자회견장 소통관 일정을 실시간 생중계합니다	국회 기자회견 소통관 LIVE 생중계, 하루동안 국회 기자회견장인 소통관에서 진행되는 한인협의 국회 기자회견장 LIVE 생중계 방송 ...	8	1	0	1
GiBGTmg_x0M	명리학 시즌4 고급통변 12강 |형충 사주의 해석 4 |좋다.나쁘다가 아니라 폭넓은 변화를 경험하는 사주(명담재 호신샘)	강의 풀버전은 명담재 홈페이지에서 구입하실 수 있습니다. 명담재 홈페이지 https://www.myoungdamjae.com 명담재 블로그 ...	53	9	0	1
ALdx42ODYDs	김건희 ‘7시간 통화 폭로’와 무속인 논란 그리고 이재명-윤석열 ‘지지율 역전’의 아이러니 [예언해줌]	김건희 '7시간 통화 폭로'와 무속인 논란 그리고 이재명-윤석열 '지지율 역전'의 아이러니 ▷한겨레TV 온라인 쇼핑몰 마켓하니 ...	3822	330	0	-1
rsIzU_JxJew	긴급! “방송보고 팬됐어요”…김건희 팬카페 회원 폭발적으로 증가. 의도하지 않았던 &#39;김건희 효과&#39; .. 김건희 지킴이 되겠다는 사람등 다양한 사람들이 팬카페에 새로 등록!	긴급! “방송보고 팬됐어요”…김건희 팬카페 회원 폭발적으로 증가. 의도하지 않았던 '김건희 효과' .. 김건희 지킴이 되겠다는 사람등 ...	18	8	0	-1
GDB29dLlNrA	폭풍흡입 한입만 주세요 6탄 배추쌈 우걱우걱 씹어불자#삼시세끼#잡초#	뿌린만큼 거두리라 칼로베인 상처는 쉽게 아물지만 말로베인 상처는 치유되지 않는다 서로 따뜻한말로 상처주지말아요 인생살이 ...	41	12	13	1
Vg71PR-MFAk	[말씀] 전도서 │ 우리는 무엇을 위해 사는가 ?	전도서 6 : 1 - 12 말씀입니다. 우리는 무엇을 위해 사는가 ? #구미하나된교회 #전도서 #권문연목사.	0	0	0	1
D_xEIDCukh8	[황보선의 출발 새아침] FULL 다시보기 | 이종석 전 통일부 장관 인터뷰, 더민주 &#39;김건희 비선실세 정체 드러나&#39; VS 국민의힘 &#39;정치공작 멈춰야&#39; | 220118	"YTN FM 94.5MHz 우리의 이슈가 뉴스를 바꿉니다. 세상을 깨우는 ""황보선의 출발 새아침"" 중심잡힌 시선으로 가장 뜨거운 이슈를 ..."	9175	315	5	1
B0AbBulpX1M	'2022년 부동산시장 어떻게 될까' -한문도 연세대 정경대학원  #부동산 /[YTN라디오 슬기로운 라디오생활]	YTN라디오(FM 94.5) [YTN 뉴스FM 슬기로운 라디오생활] 방송 일시: 2022년 1월 18일 (화요일) 진행: 이현웅 아나운서 출연: 안형준 ...	758	40	0	1
p__17V5vw6w	[김건희 녹취 후폭풍] “이럴거면 왜 공개했나” 김건희 녹취록 공개 후 부메랑 효과 _220118	[대선풍향계] “이럴거면 왜 공개했나” 김건희 녹취록 공개 후 부메랑 효과_220118 정도언론 인간존중 인류평화 를 위해 나아가는 ...	705	148	10	-1
LkeFHLRvcJA	220118 #안철수관련주 #안랩 #써니전자 #한국정보공학 #까뮤이앤씨 오르는이유		4	1	0	1
Uv7vuBNm0j4	2022 01 18 Way to Work  전과4범의 이재명  vs 무속인 누가 악질인가?  무당이면 어떻고 목사면 어떻고 중이면 어떠랴.... 좋은 사람과 악질인 놈이 있는 것.	윤석열 캠프를 무당집으로 몰고 가려는 전과4범의 흉악한 인간이 이끄는 이재명의 민주당. 전과4범 이재명과 무속인 누가 과연 이 ...	4	2	0	-1
