ID	title	description	viewcount	likecount	commentcount	label
_6DdSdpU-ZU	더불어민주당 이재명, 중견기업 간담회 - [끝까지 LIVE] MBC 중계방송 2022년 01월 18일	이재명 더불어민주당 대선후보는 오늘 오전 서울 마포구의 상장회사회관에서 중견기업인들을 만나 간담회를 갖습니다. * 본 LIVE 방송 ...	11525	1297	0	1
LUKIyikP7Zw	[최고의 5분] 유권자가 본 이재명-윤석열의 이미지는? MBN 220117 방송	판도라 257회 최고의 5분 [이재명-윤석열 이미지] #판도라 #이재명 #윤석열 #MBN ☞ MBN Entertainment 구독하기 ...	468	27	6	1
y8Yk03THD1w	더불어민주당 이재명, 일자리 공약 발표 - [끝까지 LIVE] MBC 중계방송 2022년 01월 18일	이재명 더불어민주당 대선후보는 오늘 오전 더불어민주당 중앙당사에서 일자리 창출 전략을 담은 '일자리 대전환' 공약을 발표합니다.	5347	597	31	1
iNECW-MmTVM	이재명 일자리 대전환 6대 공약 발표 / SBS	더불어민주당 이재명 대선후보는 오늘(18일) 오전 여의도 당사에서 첨단 신산업의 일자리 창출과 청년 일자리 지원 등이 포함된 ...	1783	38	6	1
JX-uEiBdYWU	대선 D-50...이재명 &#39;정책 행보&#39;·윤석열 &#39;현장 스킨십&#39; / YTN	[앵커] 오는 3월 9일 대선이 오늘(18일)로 50일 앞으로 다가왔습니다. 박빙 구도 속 주자들의 행보도 분주한데요. 더불어민주당 이재명 ...	1902	19	58	1
abtraesjwIw	이재명 32.9% 윤석열 31.6%…단일화 적합도 안철수 50.8% (자막있슈) / SBS	민주당 이재명 후보와 국민의힘 윤석열 후보가 오차 범위 안에서 다시 접전을 벌이는 것으로 나타났습니다. 민주당 이재명 32.9% ...	2133	40	71	1
7gHCXrBXGqI	[현장영상] 이재명, 유승민 공약 수용 '일자리 300만개 이상 창출' / JTBC News	더불어민주당 이재명 대선후보는 18일 일자리 공약을 발표한다. 이 후보는 이날 오전 여의도 당사에서 첨단 신산업의 일자리 창출과 ...	1006	49	17	1
nCrby3JRJik	[현장영상] 이재명 후보, &#39;일자리 대전환&#39; 6대 공약 발표 / YTN	더불어민주당 이재명 대선 후보는 20대 대선을 50일 앞두고 일자리 대전환 6대 공약을 발표합니다. 디지털·에너지·사회서비스 대전환 ...	2682	130	18	1
WqkLyAglbOE	[이재명, 일자리 대전환 공약 발표] 1월 18일 (화) 풀영상 / 디지털 only	더불어민주당 이재명 대선후보는 18일 일자리 공약을 발표한다. 이 후보는 이날 오전 여의도 당사에서 첨단 신산업의 일자리 창출과 ...	877	33	8	1
RKuQ1ooAYQU	대선 D-50...이재명 &#39;정책 행보&#39;·윤석열 &#39;현장 스킨십&#39; / YTN	[앵커] 오는 3월 9일 대선이 오늘(18일)로 50일 앞으로 다가왔습니다. 박빙 구도 속 주자들의 행보도 분주한데요. 더불어민주당 이재명 ...	881	17	20	1
zaSQf7WFrfU	[풀영상] 더불어민주당 이재명 후보, 일자리 대전환 6대 공약 발표/1월 18일	더불어민주당 이재명 대선 후보가 경제와 산업 부문에 일자리 관련 공약을 발표했습니다. 이 후보는 오늘(18일) 오전 민주당사에서 ...	1793	99	9	1
d-AkXS2XWGE	희망을 담은 이재명의 일자리대전환 공약 하일라이트	저는 정책을 알고 실행 방향을 압니다. 아는 만큼, 경험한 만큼 새로움을 창출할 수 있습니다. 일자리정책에 능력과 경험이 많은 제가 ...	582	201	13	1
V3oEEKy-J5g	[감바스] 더불어민주당 이재명 대선후보 강원 방문기 말, 말, 말 220118	더불어민주당 이재명 대선후보 1박2일 강원도 '매타버스' 방문기와 논란의 된 말, 말, 말 오색케이블카 반대냐 찬성이냐 논란의 시작과 ...	13	4	0	1
WQmIWFeRe9A	[감바스] 더불어민주당 이재명 대선후보 강원권 7대 공약(full ver.) 220118	"2022년 1월 16~17일 강원도를 방문한 더불어민주당 이재명 대선후보 ""특별한 희생에는 특별한 보상""이 있어야 마땅하다. 강원권 7대 ..."	8	4	0	1
Lnxyj7xg9E8	[LIVE] 이재명, &#39;대한민국 경제 중심 중견기업을 듣다&#39;  / SBS	이재명 대선 후보가 오늘(18일) 오전 11시부터 서울 마포구의 상장회사회관에서 한국중견기업연합회와 간담회를 엽니다. #SBS뉴스 ...	4897	85	0	1
uecuVmg9U3s	[뉴스라이브] 대선 D-50, 여야 대선후보 지지율 &#39;혼전 양상&#39; / YTN	진행 : 김선영 앵커, 김대근 앵커 □ 출연 : 김수민 / 시사평론가 * 아래 텍스트는 실제 방송 내용과 차이가 있을 수 있으니 보다 정확한 ...	12084	391	201	1
eu-dyM2xiJ4	🔴LIVE - 더불어민주당 이재명 후보, 한국중견기업연합회 간담회/1월 18일	더불어민주당 이재명 대선 후보가 일자리 대전환 6대 공약을 발표한 데 이어 경제 행보를 이어갑니다. 이 후보는 오늘(18일) 오전 중견 ...	3791	208	0	1
7dw13gDKbaA	[LIVE] 일자리 대전환 6대공약 발표	이재명 #일자리_대전환 #6대공약.	6265	2861	81	1
yeuLJJ59K0Q	[생중계] 이재명 후보, ‘성장 앞으로, 일자리 제대로!’ 일자리 대전환 6대 공약 발표 (2022.01.18 오전)	[생중계] 이재명 후보, '성장 앞으로, 일자리 제대로!' 일자리 대전환 6대 공약 발표 (2022.01.18 오전) #이재명 #일자리 #공약발표 ...	6643	0	27	1
bBYQddsmGMY	1980년 이재명의 일기장    이게 김혜경씨가 반했다는 그 일기장 맞죠?	백성문 #김태현 정치 계의 두 절친 법조인 김태현 백성문 변호사의 정치 토크쇼 [정치왓수다] 후원 계좌 우리은행 1005-903-567338 ...	1099	192	16	1
o7_0E8eqtB0	이재명(대장동) 사건 이대로 묻히는거 아닌가요?	국민의힘 한양캠퍼스 개강 총회 22.01.17 #이준석 #준스톤 #대장동특검 #이재명특검 #오세훈생태탕.	1070	209	25	-1
rWpVcQnWWdU	이재명 '간호사 처우 개선·군인 통신비 지원'…윤석열, 불심공략	대선관련 소식 전해드립니다. 대선이 50일 앞으로 다가운 가운데 이재명 후보는 어제 청년 간호사들을 만나 처우 개선등을 약속하고 ...	735	24	10	1
Y68_p8X86OY	stay - 매주타는버스 이재명		152	20	8	1
nFy7fBO3X90	소년 이재명의 섬뜩한 꿈? 그의 과거 트윗 소환한 이준석	이메일 : newsdot724@naver.com(사연/칼럼/뉴스제보-url 첨부) 멤버십 ...	1201	222	19	-1
yIdjPAt68Kg	[현장영상+] '기업은 일할 사람, 청년은 일할 곳 없다고 말해...악순환 끊을 것' / YTN	[앵커] 더불어민주당 이재명 대선 후보는 20대 대선을 50일 앞두고 조금 전 일자리 대전환 6대 공약을 발표했습니다. 디지털·에너지· ...	808	34	35	1
bkOMBdg98_E	저의 눈 코 입~ 그리고 뿔??	shorts #이재명 #국민.	1525	615	57	-1
5XBGXLoNHAs	[현장영상] 국민의힘, 네트워크본부 해산…영화 &#39;아수라&#39; 언급하며 이재명 저격도 / JTBC News	"국민의힘 선거대책본부가 최근 무속인 참여 논란이 벌어진 선대본부 산하 네트워크본부를 해산했습니다. 권영세 선대본부장은 ""후보 ..."	1653	29	67	-1
REzybb54a28	간호사 다독이고 불심 붙잡고…이재명-윤석열 불꽃경쟁 / 연합뉴스TV (YonhapnewsTV)	간호사 다독이고 불심 붙잡고…이재명-윤석열 불꽃경쟁 [기자] 민주당 이재명 후보와 국민의힘 윤석열 후보는 서울에서 각각 청년 ...	436	26	6	1
2lkJhJCUcKc	이재명, 일자리 공약…윤석열, 사회복지사 간담회 / 연합뉴스TV (YonhapnewsTV)	이재명, 일자리 공약…윤석열, 사회복지사 간담회 [앵커] 대선 레이스 상황 알아보겠습니다. 더불어민주당 이재명 후보는 오늘(18일) ...	116	2	1	1
wci-RUcLzg4	&#39;이재명 후보 자격 취소&#39;에 민주 발칵! 당원들 집단 탈당 사태까지 발생! 도대체 어떤 일이 있었길래?!	정의구현 멤버십 가입 : https://www.youtube.com/channel/UCUNwNXVrWAHQpc8gPp1c6kw/join 자발적 구독료 : KB국민은행 ...	9590	2650	114	-1
v7odztvvTKk	[풀영상 다시보기]이재명 “일자리 300만개 창출…135조원 투입”	이재명 #일자리공약 [풀영상 다시보기-이재명 “일자리 300만개 창출…135조원 투입”] 더불어민주당 이재명 대선 후보는 18일 “디지털· ...	362	73	0	1
xu8pCBcu68M	변발헤-UAE 문대통령 안전/이재명 소확행 공약/무속열 김순실	멤버쉽 링크 - https://www.youtube.com/channel/UCkI2g2FvX-haxXqqDMqc96A/join 송작가TV몰 링크 ...	4971	1922	40	1
8zjl3Z23MQU	여론 다시 뒤집혔다, 단일화 시, 이 42.5% vs 윤 33.6%...8.9%p 격차	여론 다시 뒤집혔다, 단일화 시, 이 42.5% vs 윤 33.6%...8.9%p 격차 #서울경제 #엠브레인퍼블릭.	15378	3823	189	-1
tzWOBi9ppng	[생방송] 이재명 후보, &#39;성장 앞으로, 일자리 제대로&#39; 일자리 대전환 6대 공약 발표	[생방송] 이재명 후보, '성장 앞으로, 일자리 제대로' 일자리 대전환 6대 공약 발표 #이재명 #일자리 #경제성장 #대전환 #매타버스 ...	3962	986	10	1
ALdx42ODYDs	김건희 ‘7시간 통화 폭로’와 무속인 논란 그리고 이재명-윤석열 ‘지지율 역전’의 아이러니 [예언해줌]	김건희 '7시간 통화 폭로'와 무속인 논란 그리고 이재명-윤석열 '지지율 역전'의 아이러니 ▷한겨레TV 온라인 쇼핑몰 마켓하니 ...	3822	330	0	-1
tuc-mbCwdGA	속보! 조민 교육청 결정 드디어 나왔다! 조민입학취소 절차돌입! 이재명 장남 고려대 입시비리 의혹! 이재명이 무서워 기절! 윤석열, 이번 사건 조사하겠다고 밝혔다!	공정과 정의가 살아야 한다 #조민 #윤석열 #이재명.	368	29	2	-1
8edOwwkGV3Q	다자 대결은 윤석열 42.5%·이재명 37.1%·안철수 10.2%. 윤석열 20대 지지율 역대 최고 51.2%	단일화시 윤석열 53.9% 이재명 29.4% 심상정3.2%	4072	890	48	1
FXoPQ4ccVjM	1월14일 인천 월미도 이재명 후보 방문	더불어민주당 이재명 후보가 1월 14일 인천에 왔다. 인천 일정 중 월미도에 위치한 사회적기업 더꿈 카페를 찾았다. 보안, 경호로 내부 ...	84	27	4	1
3PjotA5u4Ks	김기현 'MBC 김건희 방송 2탄? 3탄 이재명· 4탄 김혜경 욕설 틀어야'	라이브 방송 안내 뉴스쇼 라이브 방송 | 매주 월~금 오전 7시20분~9시 댓꿀쇼 라이브 방송 | 뉴스쇼 본방송 끝나자마자 이어서 오전 9시 ...	2584	124	71	-1
WLadcyc3TKU	【맨인블랙의 닥치고 이재명 _053】 이재명의 나비효과, 더 많은 소년공의 꿈이 피어나길!	돈과 권력과 편법과 냉소가 판치는 세상입니다. 우리의 대통령 후보 이재명은 이런 세태와 싸우며 컸고, 이제 자신의 힘만으로 우뚝 섰 ...	12	8	0	1
ekvEn70ZTw0	긴급!네티즌들이 뒤집혔다!초비상 민주당,엄청난 '프레임 공작' 음모! 이재명, 스위스 문재인 계좌로 9000억원 이체! 윤석열이 찾은 충격적인 증거! 드디어 밝혀지는 어두운 비밀!	"긴급!네티즌들이 뒤집혔다!초비상 민주당,엄청난 ""프레임 공작"" 음모! 이재명, 스위스 문재인 계좌로 9000억원 이체! 윤석열이 찾은 ..."	549	58	1	-1
SsTRizOpt_8	이재명 둘러싼 연속된 죽음…민주당, 사과하고 후보 교체해야	이재명 둘러싼 연속된 죽음…민주당, 사과하고 후보 교체해야 윤석열 32.8% 이재명 31.7% 안철수 12.2% 심상정 2.7% #이재명 ...	263	13	0	-1
D4g3xV46nCA	민주당 분열하나? / 부활하는 이재명 교체론 [이정훈TV]	한국과 동아시아의 안보 외교 국방 정보 무기 원자력 에너지 항공 대형사건 등을 다룹니다.	281	134	12	1
uLDUljWCVxY	MBC “이재명 녹취는 이미 다 공개”…김재원 “새로운 거 나오면?”	MBC “이재명 녹취파일은 이미 다 공개”…김재원 “새로운 거 나오면?”	20062	5016	442	-1
Bnr2DJtKUrk	(일일뉴스) 이재명 선거 로비 터졌다! 정권교체 여론조사 대박! / 2022.01.18	이재명 #이재명 #변호사비대납 #이재명폭로 #녹취록 #대선 #선대위 #선대위원장 #대장동 #화천대유 #대장동게이트 #이재명게이트 ...	24368	5821	9	-1
TA_Vz-Xgsqw	이재명, 일자리 대전환 6대공약 발표  [LIVE]	이재명 #일자리정책 #이재명정책.	638	349	9	1
2fT9ovddu3c	어설픈 윤석열 &#39;네트워크본부&#39; 해산쇼, 속보 떴다ㄷㄷ 민주당 '무속인 말 듣고 신천지 압수수색 영장 거부했나' - 다급한 이준석 대표 옹색한 물타기 시도.. 준비된 이재명 근황	윤석열건진법사무속인논란 #윤석열김건희녹취록대응 #이준석옹색한물타기시도 #준비된이재명후보 ▣ 황희두 멤버십 후원 ...	28600	15773	786	-1
afVKFdJfuS8	[송국건의 혼술] 김건희 등 뒤에서 물총 쏜 이명수, 뿔난 이재명	서민호 화백 국민만평 대선 D-50 지지율 여론조사 결과는? '무속인' 건진법사가 뭘 어쨌길래 추가 공개된 김건희 발언 보니.	12134	5549	248	-1
GkIc_o3ehxY	시즌 2 : 나를 위해 이재명 - 탈모가 걱정 돼!	이재명 나와, 시즌 2 : 나를 위해 이재명 ! '이재명 나와'가 돌아왔다! 시즌 2 이재명, 이제 나왔지? 우리의 고민에 대한 해답을 줘!	28	21	3	1
BXy1OCar7kA	[LIVE] 이재명 후보 -  ‘성장 앞으로, 일자리 제대로!’ 일자리 대전환 6대 공약 발표 생중계		1034	655	2	1
