ID	title	description	viewcount	likecount	commentcount	label
Vhe2LKQOru0	안철수, 대전지역 기자 간담회  / SBS	SBS뉴스 #8뉴스 #실시간 #안철수 #국민의당 #대전 #기자간담회 로 만나 보세요 라이브 뉴스 채널 SBS 모바일24 ▷SBS 뉴스로 제보 ...	2162	98	14	1
S3ZbudJIeNE	[정치 Hot Clip👀] 안철수 대선후보의 급상승세! 국민의힘 김기현 원내대표가 말하는 안철수후보 위협에 대한 전략은?	정치 #김기현 #안철수 #대선 #국민의당 #국민의힘 #원내대표.	16	0	0	1
MZ1P9XdaDWM	안철수 '가면 쓴 이준석, 까려면 다 까야지 왜 나만?'	양자토론은 불공정·독과점·비호감 토론 * 통화녹음 공방에 한숨, 국가비전 실종돼 * 이준석의 安 때리기, 내가 무서운가? * 안일화 ...	5668	233	166	-1
gw4GNJG9ozw	[안철수] 대전지역 기자간담회 | LIVE	안철수 #코로나19 #기자 #기자간담회 #간담회 #대전 #20대대통령.	4243	0	84	1
VvqmEGcQAvs	김건희 미투발언 향후 파장은? | 윤석열 QR코드 패싱논란 | 안철수 '안일화' 선언 [퀴즈탐험! 시사의 세계 16화]	퀴즈도 풀고! 치킨도 먹고~~~ 시사이슈들이 한가득! 오늘은 특별 진행자가 나온다고 하네요! 막강 시사 바보들이 펼치는 씐나는 시사 ...	54540	4946	75	-1
DMmwADDaQw4	국민의당 안철수, 대전지역 기자 간담회 - [끝까지 LIVE] MBC 중계방송 2022년 01월 19일	국민의당 안철수 대선후보는 오늘(19일) 오전 대전을 찾아 기자 간담회를 진행합니다. * 본 LIVE 방송은 간담회가 끝날 때까지 이어 ...	2011	86	11	1
w5VEivrpPf4	윤석열, 지지율 대박났다! 이게 바로 김건희 효과? 이재명 압도하고 안철수 제압! 야권 단일화 尹 중심으로 간다! 민주 충격! 이재명 '....'	정의구현 멤버십 가입 : https://www.youtube.com/channel/UCUNwNXVrWAHQpc8gPp1c6kw/join 자발적 구독료 : KB국민은행 ...	19429	6773	220	1
M8direUQtYM	긴급! 윤석열 48.9% 압도적 1위! 안철수 대폭락! 김건희 MBC 방송 후 윤석열, 이재명 오차범위 밖 승리! (진성호의 직설)		6824	1285	20	1
xrxNIfZRq2A	윤석열 급상승 44%-이재명 정체 35%,안철수는 하락 9%대 2022.1.19 오전10시	양자토론회 둘러싼 신경전의 배경 분석,김건희 방송에도 윤석열 지지율 급등 #이준석#김혜경#심상정#후보단일화#후보토론회.	3761	1048	44	-1
GzvPUA2IViM	안철수 '대한민국 과학수도 대전, 국가 균형 발전의 주역돼야'	안철수 국민의당 대통령 후보가 19일 대전 중구 대전시당에서 열린 대전지역 기자간담회에서 대전을 대한민국 과학수도로 만들어 ...	29	2	0	1
qKN3gN1Q_d4	이재명·윤석열 가상자산 정책 대결...표심 수습 고심 / YTN	이재명, 가상자산 4대 거래소 대표와 간담회 민주당·국민의힘, 양자 TV토론 날짜 재협상 심상정, 보건의료노동자 간담회…최태원과 ...	1099	19	9	1
tvLFu2Y3i1c	[풀영상] 국민의당 안철수, 대전 지역 기자간담회 (22.01.19)	국민의당 #안철수 #기자간담회 #대전 #지역 [풀영상] 국민의당 안철수, 대전 지역 기자간담회 (22.01.19) 시사포커스TV는 창간 35년 ...	695	82	7	1
EaswhnbDVpM	안철수, 초격차 과학입국		0	0	0	1
Gk1AucqXjcw	MBC 스페셜 - 안철수와 박경철2 (2011.07.29)	안철수 - 서울대학교 융합과학기술대학 원장 박경철 - 안동 신세계연합클리닉 원장.	5	1	0	1
12PrvTgOW7M	#안철수 오늘❗	shorts #국민의심판 #민심의선택.	2	0	0	1
GMzhPnO3LBQ	[LIVE] 0119 안철수 국민의당 대통령 후보 - 대전지역 기자 간담회	[LIVE] 0119 안철수 국민의당 대통령 후보 - 대전지역 기자 간담회 2022.01.19 일요서울 TV 정대웅 기자 *영상제공 - 국민의당.	266	15	0	1
IHiKL1OJShQ	[김종배의 시선집중][FULL] &amp; [사법논담]｜&#39;김건희 녹취록&#39;과 &#39;건진법사&#39; 논란, 이준석 대표에게 묻는다｜[이준석·박지훈·천하람·인명진·곽정수], MBC 220119 방송	청취율 조사기간 (01/11~24) 입니다. △ △ 02로 시작하는 전화가 오면 “김종배의 시선집중” 2022년 1월 19일 수요일 #시선집중 ...	133844	7520	422	-1
lkEElXYP7yY	[2022.1.19(수) 뉴스광장]	광주 붕괴사고 9일째…실종자 수색 재개 영업 피해에 외상 후 스트레스까지…주변 상가도 '속앓이' 공사 감리만 8명…감리 보고서, 2년 ...	11	0	0	-1
4-9MrwQDFPo	윤석열은 국방과 법치, 안철수는 교육과 과학!		1343	346	20	1
WEcGjv7mvww	신문브리핑 2 '與 '27일' 野 '31일' 토론 날짜 싸움…安·沈은 '불공정'' 외 주요기사 [아침&amp;매일경제]	"(매경)신문브리핑 2 ""與 ""27일"" 野 ""31일"" 토론 날짜 싸움…安·沈은 ""불공정"""" 외 주요기사(0119) #아침앤매일경제 #신문브리핑 ..."	345	4	2	1
4ZJUXlpPDyE	2022 대선후보 중 권력욕이 가장 강한 사람은? │이재명, 윤석열, 안철수		11	2	0	1
sh3xX6bJ4Rw	박근혜,노영민 인터뷰 알고있다!황교안 왜 침묵하나#세상을 농락하려는 김건희 승부수였다#왜 청와대 앞 경찰벽?#누가 윤석열 움직이나#이재명 9회말 아웃?#안철수 홈런!윤석열 넘어설까	윤창중칼럼세상은 보수우파의 집권이 목표입니다. 실현 가능한 해법과 방향을 분명히 제시합니다. 윤칼세를 도와주십시오. 윤칼세TV ...	5822	1310	61	-1
0v3uBhUG71E	김건희 7시간 전화 통화 내용은 충격적이었다! #shorts	김건희녹취록 #김건희7시간 #내가정권을잡으면 #윤석열무속인 #윤석열안철수단일화 #윤석열외연확장 #윤석열지지율 #이재명 ...	1515	96	17	-1
N6lIN21EYfM	[특집방송] 김진애 전 의원 출연 &#39;상식의 힘과 대선전망&#39;	[특집방송] 김진애 전 의원 출연 '상식의 힘과 대선전망' #김진애 #이재명 #윤석열 #대선전망 #안철수 #심상정 #열린민주당 #지지율 ...	4921	3098	0	1
a_-XL6-tRkA	[황보선의 출발 새아침] FULL 다시보기 | 박수현 청와대 국민소통수석, 김의겸 열린민주당 의원 인터뷰, 주술의힘 vs 욕설녹음, 尹 vs 李 맞불공격 | 220119	"YTN FM 94.5MHz 우리의 이슈가 뉴스를 바꿉니다. 세상을 깨우는 ""황보선의 출발 새아침"" 중심잡힌 시선으로 가장 뜨거운 이슈를 ..."	4611	346	8	1
iihTWfMMUvQ	이재명·윤석열, 가상자산 투자자 공략…'개미 보호' / 연합뉴스TV (YonhapnewsTV)	"이재명·윤석열, 가상자산 투자자 공략…""개미 보호"" [앵커] 대선까지 50일도 남지 않은 상황, 각 당 대선 주자들 움직임 알아보겠습니다."	84	0	0	1
gtP90apIX6A	살려주세요ㅜㅜ  #shorts #자영업자 #snl코리아 감사합니다	이재명 #윤석열 #안철수 후보님 자영업자 잘 살펴주세요.	60	5	0	1
Ag2XmjP1u38	[에디터픽] TV 토론 신경전·녹취록 폭로전...&#39;대세 후보&#39; 없는 초유의 대혼전 / YTN	국민의힘 윤석열 후보 부인 김건희 씨의 '7시간 통화녹음 파일'이 공개되자, 민주당 이재명 후보의 '욕설녹음 파일'이 공개되는 등 ...	15616	320	21	-1
M-h5nv2LhHk	[✍🏻사팔랩 브리핑]  1.19(수)  낮 12시 본방송 예고편  105만원과 블랙 정장	정치인물분석 #사팔랩 #박대표 #정치인의운명 #더불어민주당 #김건희7시간통화방송 #이재명후보 #국민의힘 #윤석열 #인물심리 ...	0	73	0	1
e4kCqL0B88A	무료 래피드 테스트 온라인 주문 개시(01.18.2022) 한국TV 이브닝 뉴스	전국의 코로나 19 입원 환자가 대유행 이후 최고치를 기록했습니다.캘리포니아 주의 누적 확진자는 7백만 명을 넘었습니다. 연방 정부 ...	4	0	0	-1
zRFD4st3ZGU	#프로텍 #티에이치엔 #안철수 #휴맥스홀딩스 #브이원텍 #아이에이 #코리아써키트 #중앙에너비스 #에이비엘바이오 #오늘의관심주 #개미주방	개미주방 TODAY #외국인수급주/ #기관수급주 외 관심종목 공개 #프로텍 #티에이치엔 #안철수 #휴맥스홀딩스 #브이원텍 #아이에이 ...	8	1	0	1
mFXhEBwK9qY	[백운기의 시사1번지] [실시간 채팅 중] 녹취록에 녹취록? 역대급 안갯속 대선 / TV토론 놓고 신경전 / 인명진 목사 출연 (정기남, 최수영) | 20220119	백운기시사1번지 [정기남 민주당 선대위 대변인, 최수영 메시지 컨설턴트] - 녹취록에 녹취록? 역대급 안갯속 대선 - 여야 대선후보 ...	4461	240	0	1
awaTm1gcVpk	[문틀란 TV]   방금 여론조사!! 윤석열, 지지율 더 올랐다!!	안철수, 상승세 꺾이고 한 자릿수로 하락!!	9230	2036	75	-1
g4-QPhYCrpY	예산군 맛집 소복갈비 막그냥 확그냥 백종원 국밥거리도 울고갈 맛집#갈비탕#삼시세끼#잡초#	뿌린만큼 거두리라 칼로베인 상처는 쉽게 아물지만 말로베인 상처는 치유되지 않는다 서로 따뜻한말로 상처주지말아요 인생살이 ...	48	19	21	1
SM0FdT92v6w	2022 1 19 수요예배		16	1	0	1
F1VZomK8AjM	[최경영의 최강시사]  정치 노장이 말하는 대통령의 자격 - 윤여준 전 환경부 장관｜KBS 220119 방송	[2022 대선 특별기획 인터뷰] [제1편] 정치 노장이 말하는 대통령의 자격 - 윤여준 전 환경부 장관 ----- ▷ #최강시사 홈페이지: ...	5576	389	73	1
pG7C-ob4dCk	[최경영의 최강시사] 정치 野史 &#39;종교와 대선&#39; - 김준일 대표 (뉴스톱)｜KBS 220119 방송	[뉴스탐구생활] 종교와 대선 - 김준일 대표 (뉴스톱) ----- ▷ #최강시사 홈페이지: http://program.kbs.co.kr/1radio/radio/choisisabest/ ...	850	54	6	1
sq4-2LCKpQc	윤석열 캠프 의원, 건진법사 재단에 1억?	방송 : CBS 라디오 '김현정의 뉴스쇼' FM 98.1 (07:20~09:00) □ 진행 : 김현정 앵커 □ 대담 : 김광일 (CBS 기자), 김준일 (뉴스톱 대표) ...	1542	57	5	1
tsQk0Rnf1Gk	2강1중 구도 고착의 정치적 의미/19살 젊은이의 절규가 미 대통령에게로 가는 나라? *자발적구독료 국민은행 820 210 326871	각종 여론조사의 지표는 이제 안철수는 대선의 커다란 상수로서 향후 그가 어떤 선택을 하느냐가 선거판의 주요 변수가 되었다는 ...	27	11	0	1
RQgTLLEiqqM	(ㅋㅋ 양다리 타다가 가랑이가..) 하나부터 열까지 모두가 양다리인 여자! 과거도, 도사도, 정치도 모두 양다리! /윤석열 김건희 /윤석열 이재명 /윤석열 지지도 /김건희 7시간	어쩌면 전부 양다리! 김건희의 양다리 열전! *영상 -ytn/ mbc /jtbc (영상내의 자막은 제작진의 자의적 해석입니다) #윤석열김건희 ...	2679	659	57	-1
bA4OMWTsO18	결승점에 도달했다.	영상 시청하시기 전에 구독과 좋아요     부탁드립니다! ✔️ 알림설정: 라이브를 실시간으로 놓치지 않으려면 구독버튼 오른쪽에 종 ...	5669	1901	81	1
5L5vn4cNhxI	김건희 홍준표 까라 슈퍼챗쏜다 홍준표대노	김건희#홍준표비판#녹취록.	1866	161	16	-1
724QCORUuIQ	'5명 중 1명 우울증, 자살예방 대선 공약은?' -한국생명존중희망재단 황태연 이사장 #자살예방 /[YTN라디오 슬기로운 라디오생활]	YTN라디오(FM 94.5) [YTN 뉴스FM 슬기로운 라디오생활] 방송 일시: 2022년 1월 19일 (수요일) 진행: 이현웅 아나운서 출연: 추민규 ...	1093	37	0	1
mipcF8Xc1z0	안철수 “한국의 빌게이츠” -일본언론-	한국의 빌게이츠 일본경제신문(日本経済新聞) 安氏の存在を知り「そんな政治家が韓国にいるのか」と驚いた日本人は多い。その人気は ...	16	7	2	1
9XwRcjIqNrA	[하이라이트] 우리는 강건너 김정은 미사일 구경만? _220119	[하이라이트] 강건너 미사일 구경만?_220119 정도언론 인간존중 인류평화 를 위해 나아가는 아시아 투데이!!! 정론직필을 추구하고 ...	122	22	4	1
TJ1aroqHSd8	K-코미디, 민주주의 희롱 [2022년 1월 19일(수) 정규재의 텐텐뉴스]	0:00:00 무속이나 역술, 왜 안되나? 0:07:04 K-코미디 / 개헌 0:20:03 국민이 생각하는 외교·안보 0:35:11 바보 공약 남발 / '원점 타격' ...	5641	2342	17	-1
duTzCTWfMFQ	긴급! 성남시 의장,방금 구속! 페북, ‘李 XX통화 녹취’ 삭제했다! 중앙선관위, 안철수에 충격 입장문 냈다! 윤석열 설 민심 장악! 정용진, 멸공 사과 5일만에 ‘필승’!	긴급! 성남시 의장,방금 구속! 페북, '李 XX통화 녹취' 삭제했다! 중앙선관위, 안철수에 충격 입장문 냈다! 윤석열 설 민심 장악! 정용진 ...	13	4	0	-1
6fEUchFyhOU	저는 하루종일 클래식만 들어요 나이트클럽 김건희	김건희나이트클럽#김건희댄스#녹취록.	1184	121	17	1
LG-sSO7VlNU	[11시 김동원의 하이파이브] 다급해진 이재명, 또박또박 말고 똘똘한 거 한방 / 장영하 변호사 공개한 ‘욕설’ 어떻길래 / 군소 후보 죽이기인가? _220119	[11시 김동원의 하이파이브] 다급해진 이재명, 또박또박 말고 똘똘한 거 한방 / 장영하 변호사 공개한 '욕설' 어떻길래 / 군소 후보 ...	1137	337	0	-1
sZIDHBtLe4A	[폴리TV] 야권후보 단일화 가능성은?	국민의힘 성일종 의원이 말하는 야당후보 단일화 그 가능성은? #정치 #여야 #대선 폴리뉴스 / http://www.polinews.co.kr/	8	0	0	1
