ID	title	description	viewcount	likecount	commentcount	label
I6qC_bcCYeo	윤석열 '가상자산 네거티브 규제로 전환해야' / SBS	SBS뉴스 #8뉴스 #윤석열 #국민의힘 #가상자산 #실시간 으로 만나 보세요 라이브 뉴스 채널 SBS 모바일24 ▷SBS 뉴스로 제보 ...	8079	124	12	1
pLeLIlAUlqo	[LIVE] 윤석열 후보, 내게 힘이 되는 세 가지 &#39;생활공약&#39; 발표...홍준표 회동 관련 질의응답. / YTN	국민의힘 윤석열 대선 후보는 3가지 생활 밀착형 공약을 잇따라 선보입니다. 윤 후보는 오늘 오전 중앙당사에서 '내게 힘이 되는 3가지 ...	3221	63	0	1
gRKbBk-lB6Y	윤석열 만난 홍준표, 선대위 참여에 &#39;이 조건&#39; 걸었다 (자막있슈) / SBS	"국민의힘 윤석열 대선 후보는 경선 경쟁자였던 홍준표 의원과 어젯(19일)밤 비공개로 만났습니다. 홍 의원은 윤 후보에게 ""처가 비리를 ..."	2218	47	25	1
jykPc7jarjA	'상임고문 맡아달라'…윤석열·홍준표 비공개 만찬 회동 / JTBC 아침&amp;	윤석열 후보가 어제(19일)저녁에 홍준표 의원을 만났습니다. 선대본부의 상임고문을 맡아달라고 요청을 했고 홍 의원은 그 조건을 ...	2458	58	32	1
k9Q10cyExhc	이재명 '세계 2강 문화 강국'...윤석열·홍준표, 공천 갈등 불거지나 / YTN	[앵커] 더불어민주당 이재명 대선 후보가 문화예술 지원을 대폭 늘려 한국을 미국과 같은 콘텐츠 세계 2강 반열에 올리겠다고 밝혔 ...	3126	58	35	1
fIa9bVoDXcY	이재명 '세계 2강 문화 강국'...윤석열·홍준표 회동 &#39;이상 기류&#39; / YTN	[앵커] 더불어민주당 이재명 대선 후보가 문화예술 지원을 대폭 늘려 한국을 미국과 같은 세계 2강 콘텐츠 강국 반열에 올리겠다고 밝혔 ...	3801	92	34	1
ki5dNuWVpnU	홍준표 '윤석열, 국정능력 담보·처가비리 엄단 선언해야' [굿모닝 MBN]	윤석열 국민의힘 대선 후보가 어제(19일) 서울 강남구의 한 식당에서 홍준표 의원과 2시간 30분가량 만찬 회동을 가졌습니다. 이 자리 ...	2635	99	36	1
6LJqtc6KIpI	신문브리핑 3 '&#39;이재명-윤석열 TV토론&#39; 30일-31일 중 개최 합의' 외 주요기사 [아침&amp;매일경제]	"(매경)신문브리핑 3 ""'이재명-윤석열 TV토론' 30일-31일 중 개최 합의"" 외 주요기사(0120) #아침앤매일경제 #신문브리핑 #이상훈앵커 ..."	288	6	4	1
gsohx5eofyM	이재명-윤석열 양자토론, 설 연휴 중 하루로 | 김진의 돌직구 쇼 915 회	'이재명-윤석열 TV토론' 30일-31일 중 개최 합의 '거대 양당'에 갇힌 TV토론 이·윤 TV토론, 30일 혹은 31일에…이젠 '토론 전략' 싸움 ...	275	12	3	1
9PnYuh_Q--g	[대선 2022] 이재명 '임플란트 건강보험 적용'…윤석열 '안내견 존중해야' [굿모닝 MBN]	【 앵커멘트 】 이재명 더불어민주당 대선 후보가 오후에는 경로당을 찾아 임플란트 건강 보험 적용 등 노년층 맞춤 공약을 제시했습니다 ...	299	5	7	1
hchO10ABpHU	'홍준표의 &#39;두 가지 조건&#39;에 윤석열, 부글부글 끓었다' / YTN	진행 : 김선영 앵커, 김대근 앵커 □ 출연 : 김준일 / 뉴스톱 대표 * 아래 텍스트는 실제 방송 내용과 차이가 있을 수 있으니 보다 정확한 ...	160343	4203	1099	1
KsnNuwFVgZE	1/20(목) - 이준석 “윤석열-홍준표 회동”/ [월간 조응천] “녹취록·무속.. 불교계-정청래”/ 박카스 5만원 약국 폐업/ 신라젠 투자자의 눈물 [김현정의 뉴스쇼]	+++++ 청취율 조사기간(1/11~22) 입니다 +++++ 지금 여러분은 김현정의 뉴스쇼를 듣고 계십니다 +++++ 02번으로 시작하는 전화가 ...	126183	2235	112	-1
d670RKvSQAA	[김종배의 시선집중][FULL] &amp; [천기누설]│윤석열-홍준표 비공개 만찬│김건희 7시간vs이재명 욕설, 지지율에 미칠 영향은?│[박지훈·윤건영·이태규], MBC 220120 방송	청취율 조사기간 (01/11~24) 입니다. △ △ 02로 시작하는 전화가 오면 “김종배의 시선집중” 2022년 1월 20일 목요일 #시선집중 ...	139250	8337	203	-1
giYjvxWJYVM	윤석열 검찰총장은 문재인 대통령을 만들고, 구속할 수도 있다?! (최강욱TV ep-161) #최강욱 #윤석열	영상출처 오마이뉴스 https://youtu.be/xFaWlmsNF8I ------------------ -공식 인스타그램 https://www.instagram.com/choekangwook/ ...	1714	879	39	1
so6_YzcflWM	최강욱이 윤석열 검찰총장 임명을 반대한 이유 (최강욱TV ep-162) #최강욱 #윤석열 #오마이뉴스	영상출처 오마이뉴스 https://youtu.be/xFaWlmsNF8I ------------------ -공식 인스타그램 https://www.instagram.com/choekangwook/ ...	666	378	16	-1
tEJWqgOt5is	홍준표-윤석열 회동결과ㅋㅋㅋㅋㅋㅋ	영상설명 : 홍의원과 윤후보 만남 후속 소식과 함께 YTN 소식등 전해드리겠습니다 감사합니다.	41838	10434	326	1
l-9ceyBzR5c	“윤석열 찍으면 현근택 때문”...문파 음모론 뿌렸다 맹폭당한 이재명 대변인 / YTN	진행 : 김선영 앵커, 김대근 앵커 □ 출연 : 김준일 / 뉴스톱 대표 * 아래 텍스트는 실제 방송 내용과 차이가 있을 수 있으니 보다 정확한 ...	3210	48	16	-1
yiVW7Ib9cNA	[풀영상] 윤석열 대선 후보, 영유아부모·직장인 맞춤공약 발표 / 연합뉴스TV (YonhapnewsTV)	국민의힘 윤석열 대선 후보가 서울 여의도 당사에서 생활 밀착 공약을 직접 발표합니다. 현장모습 함께 보시겠습니다. - 발표 : 윤석열 ...	242	6	0	1
DnGwgm7fgs8	윤석열, 세가지 생활 공약 발표 (연말정산, 반려동물, 양육지원) / SBS	SBS뉴스 #8뉴스 #윤석열 #실시간 #대선 #반려동물 #양육지원 #공약 으로 만나 보세요 라이브 뉴스 채널 SBS 모바일24 ▷SBS 뉴스 ...	3596	103	0	1
4TGNAQDfl58	[풀영상 다시보기]윤석열, ‘내게 힘이 되는 세 가지’ 생활공약 발표	윤석열#생활공약 국민의힘 윤석열 대선 후보는 20일 여의도 당사에서 '내게 힘이 되는 세 가지'라는 주제로 생활공약(연말정산·반려 ...	236	13	1	1
AMbIJ4c-cBY	[경기도 공약 ] 저 윤석열 경기도 제대로 살리겠습니다.	[경기도 공약 ] 저 윤석열 경기도 제대로 살리겠습니다. #윤석열 대통령 #국민의힘으로 정권교체 #살리는 선대위 #직능총괄본부 ...	2	0	0	1
XVhhqk98cHo	[7332] 홍준표 정치거래, 윤석열에 자신과 가까운 인물 공천요구	국민의힘 윤석열 대선 후보가 19일 경쟁자였던 홍준표 의원과 비공개로 만난 자리에서, 홍 의원이 윤 후보에게 오는 3월 9일 대선과 ...	116	14	5	1
-lkNUrzKWEU	[에티터픽] #김건희 #홍준표 #이대녀 #불심...키워드로 보는 대선 정국 / YTN	김준일 뉴스톱 대표와 대선 정국 핵심 키워드를 살펴봤습니다. #김건희 #홍준표 #윤석열 #정청래 #이재명 #YTN실시간.	25934	385	0	1
iio4o8OhBxc	박근혜 탄핵 변호인 김평우,그가 미국에서 보낸 피눈물 편지#윤석열 날벼락 맞았다#김건희 뺨치는 김혜경의 웃음소리#유승민 또 나온다?#윤석열 홍준표 왜 심야회동?#윤석열이냐 안철수냐	윤창중칼럼세상은 보수우파의 집권이 목표입니다. 실현 가능한 해법과 방향을 분명히 제시합니다. 윤칼세를 도와주십시오. 윤칼세TV ...	7552	1510	47	1
mqw69JBFnTQ	&#39;00돈까스&#39; 아저씨! 울지마세여🧆😥		6648	3033	204	-1
sZU_K03kSGM	(시사점치) 부인 김건희 마음속 윤석열	타로점 #윤석열 #김건희 #안철수 #대선 #국민의힘 #시사 #정치 #주역점 #이재명 ⭐️필립법사 소개⭐️ 불교학과 졸업 불교학 ...	105	10	0	1
TfgUWP9Axps	(시사점치)윤석열 마음속 부인 김건희	타로점 #윤석열 #김건희 #안철수 #대선 #국민의힘 #시사 #정치 #주역점 #이재명 ⭐️필립법사 소개⭐️ 불교학과 졸업 불교학 ...	78	10	0	1
BREU8AtsqzY	&#39;선결 조건&#39; 낸 홍준표와 비공개 회동…곧 입장 전달 / SBS	국민의힘 윤석열 대선 후보가 경선 경쟁자였던 홍준표 의원과 어젯(19일)밤 비공개 회동했습니다. 김형래 기자가 전합니다. 원문 기사 ...	2777	67	16	1
H7JtA3COrJM	&#39;김건희 7시간 통화&#39; 유튜브 공개 허용…범위 확대도 / JTBC 아침&amp;	윤석열 국민의힘 대선후보의 부인 김건희 씨의 통화 내용을 방송에서 공개할 수 있는지 법원 판결이 또 나왔는데요. 이번에는 유튜브 ...	3689	146	34	-1
hM7VddOS26E	윤석열후보 조선비즈2022 가상자산 컴퍼런스 1월19일	윤석열# This stream is created with #PRISMLiveStudio.	3998	964	3	1
MLJpePk4oxk	신주호 '이재명, 윤석열 주위 공격... 참 한심한 작태'	신주호 국민의힘 중앙선대본 청년보좌역이 20일 국회에서 열린 선거대책본부-원내지도부 연석회의에서 이재명 후보가 윤석열 후보를 ...	710	57	9	-1
SCb4RdOvYlE	20대 대통령 후보 국민의 힘 윤석열과 함께,  은노병  작사/ 작곡/ 노래	"국민의 힘 20대 대통령 후보 윤석열을 응원하기 위한 선거 로고송 - 은노병이 은퇴 후 인생 이모작으로 작사, 작곡. 노래한 ""천년의 숲 ..."	40	0	6	1
0EEzd1UvW3M	국민의힘 윤석열, 생활공약 발표 - [끝까지 LIVE] MBC 중계방송 2022년 01월 20일	국민의힘 윤석열 대선후보는 오늘 오전 서울 여의도 국민의힘 당사에서 연말정산·반려동물·양육지원 등 생활 공약을 발표합니다.	4547	73	0	1
H2poqn4xSl0	윤석열 망언 전체 모음	윤석열 #윤석열망언 안녕하세요 ! 이슈 레벨업 채널입니다. 이슈를 통한 지식의 레벨업!! 저와 함께 레벨업 하실 파티원 구합니당 !	163	88	12	1
LIdV2WwoDKM	1/20(목) &#39;걸크러쉬 김건희&#39; 호평?…국민의힘 골수층은 흔들린다 / &#39;통나무 왕&#39;이라도 윤석열 뽑는 이유…단전 아래 &#39;복수심&#39;_노영희의 뉴스인사이다[이슈삼합]	1월 20일 (목) 노영희의 뉴스인사이다 ▷ 이슈삼합 신장식 변호사 김필성 변호사 - 열린공감TV '김건희 녹음' 방송 가능…법원 결정문 ...	1752	325	16	1
I0f_GwB95EY	윤석열 '임신부 방역패스 적용 철회돼야' 경기의힘 김영환	임신부방역패스철회 #윤석열대선후보 #국민의힘 #윤석열 #방역패스철회 #백신접종 #김영환 #윤석열김영환 #경기의힘 #김영환 ...	6	2	0	1
22xaY-vcJZ0	신문브리핑 4 '홍준표, 尹에 선대본부 합류 조건 걸어' 외 주요기사 [아침&amp;매일경제]	"(매경)신문브리핑 4 ""홍준표, 尹에 선대본부 합류 조건 걸어"" 외 주요기사(0120) #아침앤매일경제 #신문브리핑 #이상훈앵커 #홍준표 ..."	1538	46	18	1
5pGSL6puzB8	윤석열, 이재명은 손잡고 사퇴하라	윤석열, 이재명 둘은 사퇴하라. 후보교체 = 정상대선 ✓벅스토리 채널, 많은 관심과 사랑 부탁드립니다. 자발적 후원 : 국민 ...	507	137	3	1
Y2NMT-jbyyw	송영길 '윤석열, 무속인 조언에 국정운영... 멸망의 길'	송영길 더불어민주당 대표가 20일 울산 남구 민주당 울산시당에서 열린 울산시당 선거대책위원회의에서 윤석열 대통령 후보와 부인 ...	115	3	17	1
2VlHg8oM5_s	김건희 2차 방송 막는 국민의힘 &#39;이준석 허세&#39; 탄로났다ㄷㄷ 법원 '김건희 제기한 가처분소송, 열린공감tv 사실상 승소' - 윤석열 어설픈 쇼.. 이대남 챙기는 이재명 공약 발표	국민의힘이준석김건희수호 #이재명병사복지공약이대남 #법원김건희열린공감tv ▣ 황희두 멤버십 후원 ...	29842	10884	384	-1
VUgpXzu8lgY	윤석열 대통령 후보님/ 당신을  응원 합니다		15	6	3	1
5fPkRLB8jco	(오전뉴스) 홍준표, 윤석열에 &#39;공천권 달라!&#39; 종로는 최재형, 대구는... 권영세, &#39;홍준표 제명할수도!&#39; 문파도 윤석열로 돌아섰다는데!	공유 https://youtu.be/5fPkRLB8jco 회원가입 https://www.youtube.com/channel/UCtmvuCbpw6_TFbeO4ToTAIw/join.	25121	4916	645	-1
O7gku4mzZWo	토리아빠 윤석열 안내견 동상 찾아 “출입금지 막겠다” 김영환	토리아빠 #윤석열 #삼성화재안내견학교 #안내견보행체험윤석열 #안내견동상 #시각장애인 #추모안내견동상 #국민의힘 #정권교체 ...	5	2	0	1
vrhRrNFD4Ho	2022년 1월 20일 (목) [굿모닝MBN] 다시보기 - 1월 20일 굿모닝 MBN 주요뉴스	1월 20일 굿모닝 MBN 주요뉴스 [코로나 2년] 확진자 급증세…오미크론 확진자 재택치료 허용 유럽 확산세 속 영국 마스크 벗고 백신 ...	208	2	0	1
hJBRxxXVqyY	민계식 전 현대중공업 회장 신년 대담 ① '대선, 이재명, 윤석열, 안철수, 부정선거'	"""이번 대선, 공산화되는 것만 막으면 돼"" ""대선, 이재명, 윤석열, 안철수, 부정선거"" 민계식 전 현대중공업 회장 신년 대담 ①."	26	4	0	-1
s1uEwpfBEKs	윤석열 무속 리스크 취재 기자 “무정스님이 가장 큰 영향끼쳤을 것”(구영식)/‘안네의 일기‘ 안네 가족 밀고자가 유대인? “진실은 이렇습니다”(썬킴)[김어준의 뉴스공장]	1월 20일(목) 김어준의 뉴스공장 ◎ 4부 [인터뷰 제3공장] '천공스승'부터 '건진법사'까지.. 윤석열 '무속 리스크'의 연결고리는?	41010	8209	306	1
lqXh9YegxUQ	윤석열 코인 수익 5천만원까지 완전 비과세 디지털자산 공약 윤석열후보 안철수 이재명 유정복 이학재	"윤석열 ""코인 투자수익 5천만원까지 완전 비과세"" 국민의힘 윤석열 대선 후보는 가상자산인 코인 투자 수익에 대한 과세 기준을 현 250 ..."	2	1	0	1
4LuagPrsVXk	(뭉클- 성우version) 이재명후보 가족의 대국민 호소문- 왜 욕설을 할 수 밖에 없었는지! 효자네! /이재명 형수 /이재명 지지도 /이재명 지지율 /이재명 윤석열	(성우version) 다시 보는 이재명가족의 대국민 호소문 #이재명형수 #이재명가족 #이재명지지도 #이재명김혜경 #이재명윤석열 ...	1316	474	68	-1
mUZ4os05CYg	[대선 야간열차] 김건희 &#39;도이치모터스 사건&#39; 소환 거부, 대체 뭘 믿고?	최근 도이치모터스 주가 조작 사건을 수사하고 있는 검찰의 비공개 소환 통보를 윤석열 국민의힘 대선후보 부인 김건희씨가 거부한 ...	25472	2286	258	-1
mfdQ9H2-qn8	윤석열 ‘일상생활 세가지 공약’ 발표		16	7	0	1
