ID	title	description	viewcount	likecount	commentcount	label
UPuVCVazphs	삼합토론		867	0	54	1
j_2v9YOE1z0	[백운기의 시사1번지] [실시간 채팅 중] 윤석열 오름세, 이재명 안철수 보합.. 이번 주 여론조사 지지율 추이 분석 | 20220121	백운기시사1번지 #여론조사추이 [박진영 민주당 선대위 총괄특보단 상임부단장, 이은영 휴먼앤데이터 소장, 최수영 메시지컨설턴트] ...	4452	242	0	1
qDTH2eAhst4	[2022가상자산콘퍼런스] 안철수 국민의당 대선후보 축사	[2022가상자산콘퍼런스] 안철수 국민의당 대선후보 축사.	30	7	2	1
ASOgJVhlLwQ	허경영, 안철수와 심상정에 3자토론 제의	대통령대학원 1247 – 허경영, 안철수와 심상정에 3자토론 제의 정인태 전 국립한국복지대학교 특임교수 자발적 수강료-농협, 352 ...	1132	363	48	1
sk0x9GV1tjA	긴급)윤석열 유관순열사 기념관 참배 윤석열후보 정권교체 안철수 이재명 이학재 유정복	윤석열, 유관순 열사 추모각 참배 '국민통합' 윤석열 국민의힘 대선후보가 21일 유관순 열사 추모각 참배를 시작으로 1박2일간의 ...	4	2	0	1
IxSnX7bkIZM	[최경영의 최강시사]｜[김종인 출연] 국민의힘 떠난 킹메이커..장외에서 읽는 대선판 - 김종인 전 국민의힘 총괄선거대책위원장｜KBS 220121 방송	[2022 대선 특별기획 인터뷰] [제2편] 국민의힘 떠난 킹메이커.. 장외에서 읽는 대선판 - 김종인 전 국민의힘 총괄선거대책위원장 ...	5074	2382	409	1
Z-qkyPh1KHY	“안철수 대선 불출마 종용” 여야 공방 격화	2010-01-08.	1	0	0	-1
m96fk5nuXMs	이재명, 수도권 집중공략...윤석열, 1박 2일 충청행 / YTN	[앵커] 설 연휴가 한 주 앞으로 다가오자 여야 주자들의 움직임이 더욱 바빠졌습니다. 더불어민주당 이재명 대선 후보는 오늘부터 '매타 ...	1844	24	32	1
d45O6xO9FDA	이재명, 수도권 집중공략...윤석열, 1박 2일 충청행 / YTN	[앵커] 설 연휴가 한 주 앞으로 다가오자 여야 주자들의 움직임이 더욱 바빠졌습니다. 더불어민주당 이재명 대선 후보는 오늘부터 '매타 ...	550	9	15	1
0niamwqDZ70	안철수관련주 - 차트분석(써니전자/안랩/오픈베이스/이루온/까뮤이앤씨)	안랩 #써니전자 #안철수관련주 오늘의 관심종목 (대선관련주 - 안철수편) 써니전자/안랩/이루온 오픈베이스/까뮤이앤씨 - 어디가 바닥 ...	19	0	0	1
urlqO-3OTK0	[다시보기] 1월 20일 (목) 오후 사이언스 투데이 / YTN 사이언스	"""당분간 확진자 증가는 불가피...60세 이상 확진자 비중 9.5%"" □ 文 ""오미크론 우세종 기정사실화...범부처 총력 대응"" □ 동네 의원 ..."	12	0	0	1
IKzWhFy_fjo	박근혜 파면 헌재 이정미,박근혜 그토록 두려운가!#홍준표,윤석열한테 고추가루 뿌렸다#굿바이 박영수 #옛날 안철수 아니다 #미처 버린 &#39;원더 건희&#39; #박근혜,김재원 어떻게 생각할까?	윤창중칼럼세상은 보수우파의 집권이 목표입니다. 실현 가능한 해법과 방향을 분명히 제시합니다. 윤칼세를 도와주십시오. 윤칼세TV ...	9737	1878	62	-1
HQqi6hx75jM	이재명, 서울 청사진 제시…윤석열, 충청 표심 공략 / SBS	이재명 민주당 대선 후보와 윤석열 국민의힘 대선 후보, 두 후보 모두 오늘(21일)은 현장으로 달려가 민심 잡기에 나섭니다. 이 후보는 ...	665	14	9	1
6MfFABOf7V0	윤석열/김건희,도이치모터스 거짓말  김건희/이재명 청권력장악  소름 돋다 안철수 분발하라	김건희 #윤석열 #도이치모터스 #이재명 #안철수 ♥ 후원안내 ♥ ※국내 후원 국민은행, 365202-01-189195 김*원 ※해외 후원 PayPal ...	336	40	8	-1
chKoWCA3dfI	이재명-윤석열, 지지율 30%대 박스권 ‘정체’ | 김진의 돌직구 쇼 916 회	이재명-윤석열, 지지율 30%대 박스권 '정체' | 김진의 돌직구 쇼 916 회 이재명 34%·윤석열 33% [NBS] 심상정 3%·안철수 12% [NBS] ...	338	15	10	-1
y2-_CLwmk_4	이재명은 수도권·윤석열은 충청…'민심확보 총력전' / 연합뉴스TV (YonhapnewsTV)	"이재명은 수도권·윤석열은 충청…""민심확보 총력전"" [앵커] 더불어민주당 이재명 후보가 서울 경기 지역 '매타버스'의 출발을 알리며, ..."	54	2	0	1
1pG2Vga_1Gc	1월 21일 (금) 홍준표, 전략 공천 요구 뇌관 될까?/ 민주당 ‘불심’ 잡아라... 정청래 탈당 논란/ 잔소리 한 친할머니 살해한 10대 형제, 처벌은? [김태현의 정치쇼]	2022년 1월 21일 금요일 SBS 김태현의 정치쇼 생방송 [1부] 뉴스 온더 블록 - 김동인 시사인 기자 [2부] 여의도 정말이야? - 홍준표 ...	279	10	0	-1
51mHEAyCnt4	[황보선의 출발 새아침] FULL 다시보기 l 김재원 국민의힘 최고위원 인터뷰, 녹취록 大戰에 &#39;정영학 녹취록&#39; 하나 더 | 220121	"YTN FM 94.5MHz 우리의 이슈가 뉴스를 바꿉니다. 세상을 깨우는 ""황보선의 출발 새아침"" 중심잡힌 시선으로 가장 뜨거운 이슈를 ..."	3504	137	1	1
l5hp7zfXiPY	심동보 제독/이주천 박사#윤석열 홍준표 돌아올 수 없는 다리 건넜나#3.9 대선,구조적 부정선거 막을 수 없나#윤석열보다 더 유명해진 김건희#해군대위 출신 안철수가 뜨고 있는 이유	윤창중칼럼세상은 보수우파의 집권이 목표입니다. 실현 가능한 해법과 방향을 분명히 제시합니다. 윤칼세를 도와주십시오. 윤칼세TV ...	0	9	0	1
pBeDVssrQ7s	심상정 '여야 후보, 성별 갈라치기 득표 전략에 분노' / JTBC 아침&amp;	1. 한미·한중 북핵수석대표 연쇄 통화 북한이 핵실험과 대륙간탄도미사일 발사 재개를 시사한 것과 관련해 노규덕 한반도평화교섭 ...	922	13	45	1
hrz1jU0sGiI	홍준표 요구에 윤석열 불쾌?/원팀 물건너가나?/홍준표는 원팀하는 명분을 제시했다/안철수 지지율 제자리 혹튼 하락세.../라이브방송	This stream is created with #PRISMLiveStudio.	1606	97	6	-1
8pZiuj8yNQs	김건희 &#39;국감농단&#39; 의혹, 단독 떴다ㄷㄷ 네티즌 '윤석열 후보 부인이 국민의힘을 갖고 놀아' - 이준석 &#39;성상납 의혹&#39;에 불안해진 국민의힘.. 이재명 '연말정산 문제 개선'	김건희정대택국감증인 #윤석열김건희최순실시즌2 #이준석성상납의혹국민의힘리스크 #이재명연말정산공약 ▣ 황희두 멤버십 후원 ...	34720	14043	460	-1
zT4ZfQc3hKM	김건희가 쏘아올린 건진법사 논란..국민의힘 선대위 입장은?	[출처:최경영의 최강시사_220120] [김프로의 정치학] 김건희가 쏘아올린 건진법사 논란..국민의힘 선대위 입장은? - 김재원 최고위원 ...	23	10	0	-1
yFHKKrygRug	1만원으로 2만원을 만들수 있다면 1억으로 2억도 가능하다 #써니전자 #까뮤이앤씨 #안철수 #대선주 #삼일	무료종목추천 어디가면 볼수 있나요?◁ *제 유튜브채널 초기화면에서 재생목록을 클릭하시면 무료종목추천 목록이 있습니다 그곳에 ...	142	28	16	1
Yd7qhuYgO_Q	MBC 김건희 통화 추가 방송 않기로_홍준표 괜히 만났나 공천 요구 파장_이재명 욕설논란 친형은 정신질환 있나!?_현대산업개발 1년 8개월 영업정지_소통하는는 뉴스!쏘뉴! LIVE	소통하는뉴스! 쏘뉴! 당신이 알고는 있었지만, 알고 있던걸 조금 더 쉽게 알려드립니다. 당신의 생각과 함께! 우리가 더 이해 할 수 있게!	12	3	0	-1
CQZbehtUrzQ	한입만 주세요 7탄 꼬막비빔밥#삼시세끼#잡초#샷추가#	뿌린만큼 거두리라 칼로베인 상처는 쉽게 아물지만 말로베인 상처는 치유되지 않는다 서로 따뜻한말로 상처주지말아요 인생살이 ...	32	12	11	1
Pg6z8YVKN8g	[최경영의 최강시사] 앞뒤가 안 맞는 박영수 대장동 자금거래 - 민동기 기자 + 김민하 시사평론가｜KBS 220121 방송	(1부) [뉴스 언박싱] '오늘 아침, 가장 뜨거운 뉴스' - 민동기 기자 + 김민하 시사평론가 [주간 여론조사 리뷰] - 김봉신 대표 (메타보이스) ...	3836	347	25	1
7kBA-ElsGzA	[최경영의 최강시사] &#39;오픈런&#39;까지 이어지는 명품 열광.. 왜? - 김경일 교수 (아주대 심리학과)｜KBS 220121 방송	[뉴스는 심리다] '오픈런'까지 이어지는 명품 열광.. 왜? - 김경일 교수 (아주대 심리학과) ----- ▷ #최강시사 홈페이지: ...	506	39	4	1
7SllgZ02v4Q	[성공예감 김방희입니다] 1부 풀영상 | LG에너지솔류션, 역대급 공모주 청약이 남긴 것 - 원탁의 기자들 | 감정평가 이야기 | KBS 220121 방송	2022년 1월 21일 [성공예감 김방희입니다] KBS 1 Radio1 FM 97.3MHz 월~금 09:05-10:53. 1부 * 원탁의 기자들 - LG에너지솔루션, ...	324	3	0	1
SQfJInFZN5c	충격! 윤석열-홍준표 밀실만남의 내막 [2022년 1월 21일(금) 정군기의 텐텐뉴스]	00:00 김정은과 바이든 14:29 밀실만남, 패자는? 34:14 저급한 단어 오간다 42:48 다급한 안철수·이재명·심상정 54:42 리더십 한계 ...	5416	1297	49	-1
IvrJNUFgv6E	[성공예감 김방희입니다] 2부 풀영상 | 지금 X세대에 다시 주목해야 하는 이유 | 성공예감 A/S | KBS 220121 방송	2022년 1월 21일 [성공예감 김방희입니다] KBS 1 Radio1 FM 97.3MHz 월~금 09:05-10:53. * 심층 인터뷰 - 지금 X세대에 다시 주목 ...	190	1	0	1
cdG5OFUDwc8	'세대가 뭐길래 이렇게 난리? '-김우성 YTN라디오 PD #MZ세대 / [YTN라디오 슬기로운 라디오생활]	YTN라디오(FM 94.5) [YTN 뉴스FM 슬기로운 라디오생활] 방송 일시: 2022년 1월 21일 (금요일) 진행: 이현웅 아나운서 출연: 백기종 ...	728	42	0	1
70Lz0zRWFlY	군대 제대하면 X,XXX만원 지급하겠습니다!	윤석열 후보는 월 200만원 지급을 공약했고 안철수 후보는 제대후 이 금액을 지급하겠다고 공약했습니다. 어느 것이 2022년에 ...	7	1	0	1
tDIALuwSyTc	구글코리아 국내 최대 우파 정치 유튜브 가세연에 경고 날려, 잘못하면 채널 사라질 수도...	가세연#유튜브#경고#함익병#코로나#백신# 저희 채널도 코로나 관련 영상을 뉴스기사를 바탕으로 사실적인 내용을 올렸으나 유튜브 ...	5	4	0	-1
