ID	title	description	viewcount	likecount	commentcount	label
Vs3-pGDy7Pc	윤석열,  충남서 선대위 필승 결의대회 / SBS	윤석열 국민의힘 후보가 오늘부터 이틀 일정으로 충청권을 방문합니다. 오늘 충남과 대전 선대위 발족식에 참석합니다. #SBS뉴스 #8 ...	13499	1027	35	1
m96fk5nuXMs	이재명, 수도권 집중공략...윤석열, 1박 2일 충청행 / YTN	[앵커] 설 연휴가 한 주 앞으로 다가오자 여야 주자들의 움직임이 더욱 바빠졌습니다. 더불어민주당 이재명 대선 후보는 오늘부터 '매타 ...	1844	24	32	1
HQqi6hx75jM	이재명, 서울 청사진 제시…윤석열, 충청 표심 공략 / SBS	이재명 민주당 대선 후보와 윤석열 국민의힘 대선 후보, 두 후보 모두 오늘(21일)은 현장으로 달려가 민심 잡기에 나섭니다. 이 후보는 ...	665	14	9	1
d45O6xO9FDA	이재명, 수도권 집중공략...윤석열, 1박 2일 충청행 / YTN	[앵커] 설 연휴가 한 주 앞으로 다가오자 여야 주자들의 움직임이 더욱 바빠졌습니다. 더불어민주당 이재명 대선 후보는 오늘부터 '매타 ...	549	9	15	1
K8GH8X4ToMs	가다실 9가  접종 비용 지원합니다 #윤석열 #shorts #59초공약짤	윤석열 #shorts #59초공약짤.	5846	1829	153	1
pGrNrDsOFLw	1/21(금) - 무속 윤석열·불교 민심(추미애)/ [말말말] “방자하다” “유동규 음대”(박성준vs김은혜)/ 현직검사가 알려주는 사기꾼 구분법(임채원) [김현정의 뉴스쇼]	+++++ 청취율 조사기간(1/11~22) 입니다 +++++ 지금 여러분은 김현정의 뉴스쇼를 듣고 계십니다 +++++ 02번으로 시작하는 전화가 ...	110702	2088	88	-1
99FuhH3so_U	워킹맘,대디 자녀와의 시간 보장합니다 #윤석열 #shorts #59초공약짤	윤석열 #shorts #59초공약짤.	7580	2566	144	1
cCD5vVUeteA	국민의힘 윤석열, 충남 선대위 필승결의대회 - [끝까지 LIVE] MBC 중계방송 2022년 01월 21일	윤석열 국민의힘 대선후보는 오늘 오전 충남 천안시 아우내실내체육관에서 열리는 충남 선대위 발대식에 참석해 당원들을 만납니다.	4974	199	55	1
Y1Rq10ow5f0	[윤석열 충남 선대위 필승결의대회] 1월 21일 (금) 풀영상 /디지털Only	윤석열 국민의힘 대선후보는 오늘(21일)부터 1박 2일 일정으로 충청권을 찾습니다. 윤 후보는 이날 오전 충남 천안의 유관순 열사 ...	1363	60	5	1
8pZiuj8yNQs	김건희 &#39;국감농단&#39; 의혹, 단독 떴다ㄷㄷ 네티즌 '윤석열 후보 부인이 국민의힘을 갖고 놀아' - 이준석 &#39;성상납 의혹&#39;에 불안해진 국민의힘.. 이재명 '연말정산 문제 개선'	김건희정대택국감증인 #윤석열김건희최순실시즌2 #이준석성상납의혹국민의힘리스크 #이재명연말정산공약 ▣ 황희두 멤버십 후원 ...	34710	14037	460	-1
PlisoNcnHtg	윤석열후보 봉화군 선대위 발대식	국민의힘 윤석열후보 봉화 필승결의대회에서 경북선대위 봉화군 청년본부장으로 임명받았습니다. 50대의 젊고, 역동적인 저에게 딱 ...	9	3	1	1
rMmOflr-cWs	[라이브] 윤석열, 충청권 공략 충남 | 선대위 필승결의대회의 사본	중앙일보 구독하기 https://www.youtube.com/c/JoongAngIlbo?sub_confirmation=1 윤석열 국민의힘 대선후보가 21일 1박2일 일정 ...	211	15	6	1
y2-_CLwmk_4	이재명은 수도권·윤석열은 충청…'민심확보 총력전' / 연합뉴스TV (YonhapnewsTV)	"이재명은 수도권·윤석열은 충청…""민심확보 총력전"" [앵커] 더불어민주당 이재명 후보가 서울 경기 지역 '매타버스'의 출발을 알리며, ..."	53	2	0	1
hEHcyS7Lmnc	불교계는 왜 화났나?| 이재명-윤석열 TV토론 관전 포인트는?|다음 주, SNL 주현영 뉴스쇼 출연	김준일 변상욱 민경남PD | 댓꿀쇼 666회 1월21일(금) 뉴스쇼 별책부록, 댓꿀쇼 좋아요와 구독, 알림까지 꼭.꼭. 눌러주세요! 댓꿀쇼를 ...	36795	1679	72	1
_9kNqcGt0nc	[7348] 홍준표, 윤석열 처갓집 비리 엄단하라	"홍준표 국민의힘 의원은 21일 윤석열 대선후보를 향해 ""문제의 본질은 국정운영 능력 보완 요청과 처갓집 비리 엄단 요구에 대한 ..."	23	6	0	1
IWYvIo2O41Q	변발헤-이재명-짐 로저스 대화/김건희 7천만 수익/윤석열 후퇴 공약	멤버쉽 링크 - https://www.youtube.com/channel/UCkI2g2FvX-haxXqqDMqc96A/join 송작가TV몰 링크 ...	5055	2125	35	1
JcEr9hOqMCE	김건희 역풍! 이재명 떨어지고 윤석열 올랐다!		2157	485	12	-1
GGgeoel43To	나의 촛불 &#39;디렉터스컷&#39; 공개 '윤석열 그땐 다른 사람' [황보선의 출발 새아침] / YTN라디오	YTN라디오(FM 94.5) [황보선의 출발 새아침] 우리의 이슈가 뉴스를 바꿉니다. 세상을 깨우는 황보선의 출발 새아침 중심잡힌 시선으로 ...	98	16	1	1
IKzWhFy_fjo	박근혜 파면 헌재 이정미,박근혜 그토록 두려운가!#홍준표,윤석열한테 고추가루 뿌렸다#굿바이 박영수 #옛날 안철수 아니다 #미처 버린 &#39;원더 건희&#39; #박근혜,김재원 어떻게 생각할까?	윤창중칼럼세상은 보수우파의 집권이 목표입니다. 실현 가능한 해법과 방향을 분명히 제시합니다. 윤칼세를 도와주십시오. 윤칼세TV ...	9732	1878	62	-1
3Nu76vY1Ngc	[11시 김광일 쇼 LIVE] 홍준표 공천 요구에 윤석열 &#39;사실상 거부’ 국힘 원팀 삐그덕 | 이재명 녹취 전방위 옹호 나섰다	조선닷컴 공식 홈페이지 http://www.chosun.com 조선일보 무료 구독 체험 http://bit.ly/2WnNAF7 ◈ 사실에 대한 믿음, 할 말을 하는 ...	29113	9311	40	-1
96h7SE-D3hY	박성준 '윤석열, 홍준표 아웃선언' vs 김은혜 '이재명, 유동규 발탁 인정'	라이브 방송 안내 뉴스쇼 라이브 방송 | 매주 월~금 오전 7시20분~9시 댓꿀쇼 라이브 방송 | 뉴스쇼 본방송 끝나자마자 이어서 오전 9시 ...	3908	113	43	-1
chKoWCA3dfI	이재명-윤석열, 지지율 30%대 박스권 ‘정체’ | 김진의 돌직구 쇼 916 회	이재명-윤석열, 지지율 30%대 박스권 '정체' | 김진의 돌직구 쇼 916 회 이재명 34%·윤석열 33% [NBS] 심상정 3%·안철수 12% [NBS] ...	338	15	10	-1
zrLzsftq1kc	[7346] 윤석열이 당선돼도 참을 수밖에	1. 이명박 정권 = 반대 2. 박근혜 정권 = 반대 3. 문재인 정권 = 속아서.	68	15	4	-1
6MfFABOf7V0	윤석열/김건희,도이치모터스 거짓말  김건희/이재명 청권력장악  소름 돋다 안철수 분발하라	김건희 #윤석열 #도이치모터스 #이재명 #안철수 ♥ 후원안내 ♥ ※국내 후원 국민은행, 365202-01-189195 김*원 ※해외 후원 PayPal ...	336	40	8	-1
kdi6u1-A-nc	성상납 의혹 조사 앞둔 이준석, 탈당 임박! 윤석열 선거 비용 마련 위해 300억 ​‘국민 펀드’ 만든다	윤석열 #이준석.	414	26	0	-1
yxf-gB4-0Cg	추미애 '신천지 압수수색 막은 윤석열, &#39;왜 민주당 도움 주냐&#39;며…”	라이브 방송 안내 뉴스쇼 라이브 방송 | 매주 월~금 오전 7시20분~9시 댓꿀쇼 라이브 방송 | 뉴스쇼 본방송 끝나자마자 이어서 오전 9시 ...	4113	351	73	-1
d4C-IMQLj8k	윤석열, 박정희 박근혜 대통령 관련 웨딩.	변희재의 진실투쟁.	10	4	0	1
LArZIfj4dfo	국민의힘 윤석열 대선후보 가상자산 컨퍼런스 참석 안상수TV	윤석열 #안상수 #국민의힘 #안상수TV #가상자산 #디지털 #투자 #비트코인 #대선공약 #가상자산정책 #경제정책 #디지털문화 #정권 ...	3	1	0	1
YogYlCCxjow	국민의힘 윤석열 &#39;보건증&#39; 발급 무료 공약 내세워 안상수TV	윤석열 #안상수 #국민의힘 #안상수TV #보건증무료발급 #심쿵약속 #대선공약 #윤석열대선후보 #안상수전인천시장 윤석열 국민의힘 ...	3	1	0	1
1mqVTFoxyUU	석열씨의 심쿵공약! 윤석열 식당 카페 서비스직 필수 서류 &#39;보건증&#39; 발급 무료	석열씨의심쿵공약 #보건증발급무료 #윤석열 #건강진단결과서무료화 #국민의힘 #윤석열대선후보 #경기의힘 #김영환 #윤석열 ...	18	3	0	1
s7LYLnbxyr4	바짝 쫄은 마봉춘... 무서운 건희?	김건희 #이명수 #윤석열 #이재명.	26395	7137	439	-1
nsTTuibaRsI	윤석열 홍준표 &#39;원팀&#39; 에 전략공천 요구..尹 '공정하게' 경기의힘 김영환	홍준표전략공천요구 #윤석열 #홍준표윤석열원팀 #전략공천요구 #국민의힘 #윤석열대선후보 #최재형종로공천 #공정과상식으로 ...	22	3	0	-1
k_kZnVG7dI0	[풀영상] 국민의힘 윤석열 &#39;유관순 열사 기념관 참배 및 충남 선대위 필승결의대회' (22.01.21)	윤석열 #국민의힘 #선대위 #충청남도 #필승결의대회 #유관순 [풀영상] 국민의힘 윤석열 '유관순 열사 기념관 참배 및 충남 선대위 ...	5172	1076	10	1
8foD3xv73N0	윤석열 대통령후보 유관순 열사 기념관 참배	This stream is created with #PRISMLiveStudio.	2118	889	0	1
FL_Qs4qe9nA	홍준표(facebook),윤석열 겨냥 공천요구 구태로 까발리고 모략하면 앞으로 어떻게 국정을 논의를 할수 있겠나?	최재욱TV #최재욱튜브 최재욱TV구독하기(컴퓨터에서만 가능한 ...	537	102	21	-1
VhXyIpBKSwI	임승호 '건진법사가 윤석열 일정관리? 그런식이면 이재명은 조폭이 일정관리하나? #shorts	임승호#윤석열#건진법사#김건희#국민의힘#이재명.	7	3	0	-1
FSo6Hij46MM	(일일뉴스) 윤석열 지지율 급등! 민주당 갈등 심화! / 2022.01.21	이재명 #이재명 #변호사비대납 #이재명폭로 #녹취록 #대선 #선대위 #선대위원장 #대장동 #화천대유 #대장동게이트 #이재명게이트 ...	23107	5050	54	-1
-XUuwdsdypE	李 &#39;서울 부동산&#39; 공약‥ 尹 &#39;1박2일&#39; 충청 공략 (2022.01.21/930MBC뉴스)	더불어민주당 이재명 대선 후보는 오늘부터 매주 타는 민생버스, '매타버스' 일정으로 수도권 지역 곳곳을 방문합니다. 이 후보는 오늘 ...	437	24	10	1
haMwgNe3aig	尹 “연말정산 인적공제 1인당 200만 원으로 상향” | 김진의 돌직구 쇼 916 회	尹 “연말정산 인적공제 1인당 200만 원으로 상향” | 김진의 돌직구 쇼 916 회 윤석열 ＂연말정산 인적·카드 공제 확대할 것＂ 윤석열 ...	454	20	4	1
sCrD1g9OUEk	[시선집중] 추미애 '윤석열, 신천지 압수수색 반려하며 &#39;여당 심판&#39; 언급했다' - 추미애 (전 법무부장관), MBC 220121 방송	청취율 조사기간 (01/11~24) 입니다. △ △ 02로 시작하는 전화가 오면 “김종배의 시선집중” 2022년 01월 21일 [김종배의 시선집중] ...	18180	2146	218	-1
iNKVoUSgXkc	[뉴스라이브] 후리스 입은 이재명, 2030 지지율 올리려 &#39;힙합 댄스&#39;를? / YTN	진행 : 김선영 앵커, 김대근 앵커 □ 출연 : 최진봉 성공회대 교수 / 장예찬 시사평론가 * 아래 텍스트는 실제 방송 내용과 차이가 있을 수 ...	945	31	35	1
l5hp7zfXiPY	심동보 제독/이주천 박사#윤석열 홍준표 돌아올 수 없는 다리 건넜나#3.9 대선,구조적 부정선거 막을 수 없나#윤석열보다 더 유명해진 김건희#해군대위 출신 안철수가 뜨고 있는 이유	윤창중칼럼세상은 보수우파의 집권이 목표입니다. 실현 가능한 해법과 방향을 분명히 제시합니다. 윤칼세를 도와주십시오. 윤칼세TV ...	0	9	0	1
8nsT3fY_81s	[7347] 정영학 녹취록에 윤석열 등장 가능성	"대장동 개발의혹 사건을 심리하고 있는 재판부가 '정영학 녹취파일'을 피고인들에게 제공하는 것을 미적거리는 검찰에 ""등사를 허용 ..."	44	15	1	-1
MFw01XX3ENA	※충격 블라인드 테스트※ 윤석열 아내 김건희 사주만 제공했더니...무당이 보자마자...너무 불쌍해...[부천 용한점집]	안녕하세요. 부천점집 금령당입니다. 유익한 소식 많이 전해드릴게요^^ 많은 관심과 시청 부탁드립니다. ☆금령당 ▷ 예약문의 ...	68	0	0	-1
bfeXSqSO_nE	홍준표(facebook),윤석열 겨냥 '공천 꼬투리로 윤핵관 앞세워 구태 몰다니…가증'	최재욱TV #최재욱튜브 최재욱TV구독하기(컴퓨터에서만 가능한 ...	116	27	3	-1
P22lwOt4UkE	홍준표의 합류조건, 윤석열 &#39;안 받는다&#39;	라이브 방송 안내 뉴스쇼 라이브 방송 | 매주 월~금 오전 7시20분~9시 댓꿀쇼 라이브 방송 | 뉴스쇼 본방송 끝나자마자 이어서 오전 9시 ...	2427	120	13	1
9Du5uoEGL3k	&#39;친문&#39; 김종민 '지켜보고 있다'...&#39;친문vs친이 갈등&#39; 폭발 / YTN	진행 : 김선영 앵커, 김대근 앵커 □ 출연 : 최진봉 성공회대 교수 / 장예찬 시사평론가 * 아래 텍스트는 실제 방송 내용과 차이가 있을 수 ...	771	25	19	-1
A7CplEtMzs8	윤석열 ‘체력이 국력이다’		4	1	1	1
-a8lj9ByB60	💥이준석 대표.. 무속인 없다고 했다.. 윤석열 후보.. 무속인 모른다고했다.. 하지만 지금은  우리 옆에 있다..? 국민의힘 상황 난리났다..#shorts	청년의소리 정말 리얼한 청년들의 목소리 여러분의 구독과 좋아요가 큰 힘이됩니다 ...	1	0	0	-1
TwQe_sDNj-0	1/21(금) &#39;김건희 통화 녹취록&#39; 불씨 꺼지지 않았다_노영희의 뉴스인사이다[쇼미더민심]	1월 21일 (금) 노영희의 뉴스인사이다 ▷ 쇼미더민심 배종찬 인사이트K 연구소장님 - 대선 눈앞인데 여전히 접전…지지율 추세 변화는 ...	986	178	6	1
