ID	title	description	viewcount	likecount	commentcount	label
m96fk5nuXMs	이재명, 수도권 집중공략...윤석열, 1박 2일 충청행 / YTN	[앵커] 설 연휴가 한 주 앞으로 다가오자 여야 주자들의 움직임이 더욱 바빠졌습니다. 더불어민주당 이재명 대선 후보는 오늘부터 '매타 ...	1844	24	32	1
d45O6xO9FDA	이재명, 수도권 집중공략...윤석열, 1박 2일 충청행 / YTN	[앵커] 설 연휴가 한 주 앞으로 다가오자 여야 주자들의 움직임이 더욱 바빠졌습니다. 더불어민주당 이재명 대선 후보는 오늘부터 '매타 ...	550	9	15	1
iNKVoUSgXkc	[뉴스라이브] 후리스 입은 이재명, 2030 지지율 올리려 &#39;힙합 댄스&#39;를? / YTN	진행 : 김선영 앵커, 김대근 앵커 □ 출연 : 최진봉 성공회대 교수 / 장예찬 시사평론가 * 아래 텍스트는 실제 방송 내용과 차이가 있을 수 ...	945	31	35	1
HQqi6hx75jM	이재명, 서울 청사진 제시…윤석열, 충청 표심 공략 / SBS	이재명 민주당 대선 후보와 윤석열 국민의힘 대선 후보, 두 후보 모두 오늘(21일)은 현장으로 달려가 민심 잡기에 나섭니다. 이 후보는 ...	665	14	9	1
AeyvadGs8D0	이재명 K방역, 과학 방역으로 / SBS	SBS뉴스 #8뉴스 #이재명 #실시간 #대선 #코로나19 #K방역 으로 만나 보세요 라이브 뉴스 채널 SBS 모바일24 ▷SBS 뉴스로 제보 ...	1147	12	4	1
qwyPRGfr-DQ	만문명답 : 박용만이 묻고 이재명이 답하다 | 1부 : 우리가 직면한 현안과제	이재명 #박용만 #대담 코로나 극복, 오미크론의 창궐, 미중 갈등, 탄소중립 등 선택의 길에 서있는 대한민국의 길(道)를 박용만 전 대한 ...	7231	2432	157	1
j_2v9YOE1z0	[백운기의 시사1번지] [실시간 채팅 중] 윤석열 오름세, 이재명 안철수 보합.. 이번 주 여론조사 지지율 추이 분석 | 20220121	백운기시사1번지 #여론조사추이 [박진영 민주당 선대위 총괄특보단 상임부단장, 이은영 휴먼앤데이터 소장, 최수영 메시지컨설턴트] ...	4452	242	0	1
115-1MSf87A	[생중계] 이재명 후보, ‘K-방역! 과학방역으로 한 단계 진화합니다’ 코로나19 위기대응특위 긴급점검회의 (2022.01.21 오전)	[생중계] 이재명 후보, 'K-방역! 과학방역으로 한 단계 진화합니다' 코로나19 위기대응특위 긴급점검회의 (2022.01.21 오전) #이재명 ...	6998	0	29	1
w8HpbLZsFzk	불교계 오늘 전국승려대회-민주당과 이재명과의 갈등 폭발 2022.1.21 오전8시	민주당 이재명이 불교계와의 갈등,당내 친문 친이 갈등의 겪는 중심에 정청래가 있어 더욱 심각한 이유 분석 #윤석열#홍준표#이준석# ...	5726	1858	107	-1
IWYvIo2O41Q	변발헤-이재명-짐 로저스 대화/김건희 7천만 수익/윤석열 후퇴 공약	멤버쉽 링크 - https://www.youtube.com/channel/UCkI2g2FvX-haxXqqDMqc96A/join 송작가TV몰 링크 ...	5055	2125	35	1
HYcAeXIl3LE	[긴급 생방송] 이재명 후보 기자회견	이재명 #나를위해 #합니다 #기자회견 ✓일시후원: 국민은행 794001-04-154041 서울의소리(강경자) ✓전화후원: 1877-1590 ✓정기 ...	13367	2779	21	1
beHhvXwakdM	[생방송] 이재명 후보, 코로나19 위기대응특위 긴급점검회의 &#39;K-방역! 과학방역으로 한단계 진화합니다&#39;	[생방송] 이재명 후보, 코로나19 위기대응특위 긴급점검회의 'K-방역! 과학방역으로 한단계 진화합니다' #이재명 #코로나19 #위기대응 ...	3446	899	14	1
y2-_CLwmk_4	이재명은 수도권·윤석열은 충청…'민심확보 총력전' / 연합뉴스TV (YonhapnewsTV)	"이재명은 수도권·윤석열은 충청…""민심확보 총력전"" [앵커] 더불어민주당 이재명 후보가 서울 경기 지역 '매타버스'의 출발을 알리며, ..."	54	2	0	1
-XUuwdsdypE	李 &#39;서울 부동산&#39; 공약‥ 尹 &#39;1박2일&#39; 충청 공략 (2022.01.21/930MBC뉴스)	더불어민주당 이재명 대선 후보는 오늘부터 매주 타는 민생버스, '매타버스' 일정으로 수도권 지역 곳곳을 방문합니다. 이 후보는 오늘 ...	437	24	10	1
hEHcyS7Lmnc	불교계는 왜 화났나?| 이재명-윤석열 TV토론 관전 포인트는?|다음 주, SNL 주현영 뉴스쇼 출연	김준일 변상욱 민경남PD | 댓꿀쇼 666회 1월21일(금) 뉴스쇼 별책부록, 댓꿀쇼 좋아요와 구독, 알림까지 꼭.꼭. 눌러주세요! 댓꿀쇼를 ...	36795	1679	72	1
JcEr9hOqMCE	김건희 역풍! 이재명 떨어지고 윤석열 올랐다!		2157	485	12	-1
f61DClxuRP0	세대포위론 뚫을 이재명의 창은? [아침옳소]  0121	마이보험체크 - 정직한 보험전문가 보험리모델링, 보험비교 - 주변 지인통해 가입한 내보험체크하세요 - 김성회의 옳은소리를 통해 ...	11377	5418	29	1
9Du5uoEGL3k	&#39;친문&#39; 김종민 '지켜보고 있다'...&#39;친문vs친이 갈등&#39; 폭발 / YTN	진행 : 김선영 앵커, 김대근 앵커 □ 출연 : 최진봉 성공회대 교수 / 장예찬 시사평론가 * 아래 텍스트는 실제 방송 내용과 차이가 있을 수 ...	771	25	19	-1
chKoWCA3dfI	이재명-윤석열, 지지율 30%대 박스권 ‘정체’ | 김진의 돌직구 쇼 916 회	이재명-윤석열, 지지율 30%대 박스권 '정체' | 김진의 돌직구 쇼 916 회 이재명 34%·윤석열 33% [NBS] 심상정 3%·안철수 12% [NBS] ...	338	15	10	-1
96h7SE-D3hY	박성준 '윤석열, 홍준표 아웃선언' vs 김은혜 '이재명, 유동규 발탁 인정'	라이브 방송 안내 뉴스쇼 라이브 방송 | 매주 월~금 오전 7시20분~9시 댓꿀쇼 라이브 방송 | 뉴스쇼 본방송 끝나자마자 이어서 오전 9시 ...	3928	113	43	-1
yPw7uvIQsms	[생중계] 이재명 후보, &#39;걸어서 민심 속으로&#39; 연남동 거리 걷기 (2022.01.21 오후)	[생중계] 이재명 후보, '걸어서 민심 속으로' 연남동 거리 걷기 (2022.01.21 오후) #이재명 #매타버스 #서울 #연남동 #2022대선 ...	0	0	0	1
rcD2UF-RwoI	[풀영상] 장영하 변호사, &#39;굿바이 이재명&#39; 가처분 기각 및 이재명 후보 관련 기자회견 (22.01.21)	장영하 #이재명 #기자회견 #굿바이이재명 #가처분 [풀영상] 장영하 변호사, '굿바이 이재명' 가처분 기각 및 이재명 후보 관련 기자회견 ...	7708	3537	186	-1
5rvAEckVlw0	장영하 '이재명 국제 거짓말·욕설 대회열면 단연 챔피언이야'	장영하 #굿바이이재명 #거짓말쟁이 굿바이 이재명 저자 장영하 변호사가 22년 1월 21일 국회 소통관 기자회견장에서 기자회견을 ...	787	152	6	1
QHVzOVky-dA	[생중계] 이재명 후보, 서울 매타버스 출발 인사 및 서울 공약 발표 (2022.01.21 오후)	[생중계] 이재명 후보, 서울 매타버스 출발 인사 및 서울 공약 발표 (2022.01.21 오후) #이재명 #매타버스 #서울 #서울공약 #2022대선 ...	0	0	0	1
y1SOiOWiXmQ	이재명, 방역대처 잘했다고? #shorts	shorts.	560	127	7	1
6MfFABOf7V0	윤석열/김건희,도이치모터스 거짓말  김건희/이재명 청권력장악  소름 돋다 안철수 분발하라	김건희 #윤석열 #도이치모터스 #이재명 #안철수 ♥ 후원안내 ♥ ※국내 후원 국민은행, 365202-01-189195 김*원 ※해외 후원 PayPal ...	336	40	8	-1
zAE_k4rj-34	◾01/21(금) 이재명 대통령 후보 일정◾① 10:00 ‘K-방역! 과학방역으로 한 단계 진화합니다’ 코로나19 위기대응특위 긴급점검회의 / 국회 본청 원내대표회의실	우리가언론이다 #후원계좌 국민은행 355-24-0029-673 *지인 #대통령선거 #대선 #본부장_비리 This stream is created with ...	793	308	0	1
lQcMpidr7Sg	이재명을 청와대에 심자 #shorts	shorts #이재명 #심자 #청와대 #탈모 #임플란트 #소확행 #쇼츠 #이재명 #명연설 #대동 #억강부약 #연설 #대통령.	5	3	1	1
aTWuRM0840s	김기현 '박범계, 또 이재명 선대위 자처한 행태 보여…이것이 민주당이 말한 원칙인가'	김기현 #박범계 #이재명 #법사위 #소집 김기현 국민의힘 원내대표가 22년 1월 21일 국회에서 열린 국민의힘 원내대책회의에서 발언 ...	4609	646	47	-1
WpShlIAddnY	이재명 답변에 과학계도 흥분했다 #shorts	이재명 #더불어민주당 #대통령후보 #2030 #어대명 #정책 #공약 #윤석열 #국민의힘 #이준석 #홍준표 #김건희 #김종인.	4	0	0	-1
T3sNf5uJvTY	이재명 녹취록 튼 장영하 &#39;이게 쓰레기가 아니면 무엇이 쓰레기?&#39;		244	81	1	-1
QFbKJyvpyCA	[풀영상] 새로운물결 김동연 '윤석열·이재명 만나자...이대로 가면 나라 망해'  (22.01.21)	"김동연 #새로운물결 #긴급기자회견 #기자회견 [풀영상] 새로운물결 김동연 ""윤석열·이재명 만나자...이대로 가면 나라 망해"" (22.01.21) ..."	1603	142	6	1
g_uRAjmGzK0	장영하 '굿바이 이재명 가처분 기각...이재명 관련 재판 중 처음 본 아름다운 재판'	장영하 #이재명 #기자회견 #굿바이이재명 #가처분 굿바이 이재명 저자 장영하 변호가 22년 1월 21일 국회 소통관에서 굿바이 이재명 ...	5345	2774	256	-1
-EiHJ5mOob4	&#39;朴 탄핵&#39; 선고 이정미, 종부세 소송 대리인에 [이슈분석]	김건희 씨 통화 녹취록에 대한 법적 공방이 계속되고 있는 가운데 MBC가 후속방송을 취소하기로 결정했습니다. 이재명 후보의 형제 ...	6820	3143	397	-1
8BjppY4PeqU	이재명 후보 현장영상, 앞으로 제대로	이재명_후보 #현장영상 #명연설 #신뢰 #앞으로 #국민의삶 #제대로 #행정전문가 #추진력짱 #대한민국대전환.	4	1	0	1
FxgsIuQW4p4	[풀영상] 민주당 이재명, 추경 관련 대선후보 긴급회동 제안...'윤석열 진정성있게 접근해야' (22.01.21)(22.01.21)	"민주당 #이재명 #기자회견 [풀영상] 민주당 이재명, 추경 관련 대선후보 긴급회동 제안...""윤석열 진정성있게 접근해야"" ..."	1376	30	2	1
D-iFPDNWL_0	이재명의 문화예술 공약 - K콘텐츠 밸리 5년간 50조원 일자리 50만개		4	3	0	1
j2AWJ7lqO9w	장영하 변호사 ‘굿바이 이재명’ 가처분 기각 및 이재명 관련’ 기자회견		47	15	1	-1
3Nu76vY1Ngc	[11시 김광일 쇼 LIVE] 홍준표 공천 요구에 윤석열 &#39;사실상 거부’ 국힘 원팀 삐그덕 | 이재명 녹취 전방위 옹호 나섰다	조선닷컴 공식 홈페이지 http://www.chosun.com 조선일보 무료 구독 체험 http://bit.ly/2WnNAF7 ◈ 사실에 대한 믿음, 할 말을 하는 ...	29113	9317	40	-1
NMlFubt5ww0	정청래 부른 불교계 반발에, 친문-친이 갈등까지 / 연합뉴스TV (YonhapnewsTV)	정청래 부른 불교계 반발에, 친문-친이 갈등까지 [앵커] 더불어민주당 정청래 의원의 '이핵관' 논란이 잦아들지 않고 있습니다. 민주당은 ...	461	7	4	-1
VhXyIpBKSwI	임승호 '건진법사가 윤석열 일정관리? 그런식이면 이재명은 조폭이 일정관리하나? #shorts	임승호#윤석열#건진법사#김건희#국민의힘#이재명.	7	3	0	-1
ZItDzEC_mF8	[판도라 외전] 정치인에게 가장 어려운 질문 ｜대선 기간에 상대 당 칭찬하기｜판도라 패널들의 답변은? #강기정 #김재원 #더불어민주당 #국민의힘	네거티브에 지쳤어요 땡벌~땡벌! 너무나도 지쳤어요 땡벌~땡벌! 아름다운 분위기를(?) 위해 던진 질문 ४'ٮ'४ 민주당 인사들이 생각 ...	235	8	0	1
O8Y2jV0NHD8	이재명 녹음파일 4번 이재명  - 박인복(형수) 통화 2	4/34 반말로 형수와 통화 이재명이 친형 이재선, 형수 박인복 등과 통화하며 온갖 협잡과 욕설이 담긴 녹취록 원본 34개 중 4번 대선 ...	24	8	0	-1
ixWRZzgoeLI	이재명, 30% 박스권에 갇혔지만 / 무슨 큰 걱정이 있을까 / 최후의 확실한 수단을 갖고 있는데 / 3.9대선 최종병기  [GongTV]	[ 공병호TV 후원 방법 ] 카카오뱅크 3333-02-3742998 (예금주 : 공병호) / 텔레뱅킹: 090 & 은행코드: 90 하나은행 351-910007-56204 ...	24	9	0	1
0VbxjHUzmEM	[LIVE] 이재명 후보 - ‘K-방역! 과학방역으로 한 단계 진화합니다’ 코로나19 위기대응특위 긴급점검회의 생중계		394	278	0	1
GNSKtKzxykI	【인간이재명】EP.③⑨-② 왜 그렇게 열심히 하는데?	이재명후원회  https://www.ljm4you.com/ ⚜️#이재명플러스OPEN  https://bit.ly/3mCqFnT (소확행정책) 소확행 ...	2	1	0	1
qWsSPFJjgew	[2022가상자산콘퍼런스] 이재명 더불어민주당 대선후보 축사 (우상호 의원 대독)	[2022가상자산콘퍼런스] 이재명 더불어민주당 대선후보 축사 (우상호 의원 대독)	5	0	0	1
yM5pHoBCmkU	(충격속보) 이재명 후보 자격 박탈...		1	0	0	-1
4MCXJRpUFkA	#이재명 #이재명알랴줌 #이재명정책우리 애 병원갈때마다 텅장!!!	이재명 #이재명알랴줌 #이재명정책 우리 애 병원갈때마다 텅장!!! 반려동물 진료비 표준수가제를 도입해 반려인의 부담을 덜어 ...	1	1	0	1
_suC4P6G3LQ	[뉴스포커스] 민주당 &#39;음모론&#39; 내홍…국민의힘 &#39;전략공천&#39; 갈등 / 연합뉴스TV (YonhapnewsTV)	[뉴스포커스] 민주당 '음모론' 내홍…국민의힘 '전략공천' 갈등 [출연 : 최창렬 용인대 교수·김형준 명지대 교수] 상대 후보 진영에 대한 ...	152	4	0	-1
