ID	title	description	viewcount	likecount	commentcount	label
FUweKaVE_eE	이재명, 수도권·청년 집중 공략...윤석열, 충청 구애 2일차 행보 / YTN	[앵커] 대선을 이제 불과 40여 일 앞두고 표심을 얻으려는 여야 후보들의 행보가 분주합니다. 먼저 민주당 이재명 후보는 어제에 이어 ...	1702	29	28	1
8NtpkmbUY7Q	[생중계] 이재명 후보 국민반상회, “나 혼자 산다! 1인 가구 다 모여라!” (2022.01.22 오전)	[생중계] 이재명 후보 국민반상회, “나 혼자 산다! 1인 가구 다 모여라!” (2022.01.22 오전) #이재명 #매타버스 #1인가구 #국민반상회 ...	27820	0	0	1
Kt2O9BqKVu4	[LIVE] '도전 앞으로, 기회 제대로!' 도전하는 청년 국가인재 영입 발표 및 청년 공약발표	이재명 #청년.	9824	4433	80	1
d4n9Ch_Ltq8	[국민반상회] 나 혼자 산다! 1인가구 다 모여라!	이재명 #1인가구_앞으로_제대로 #서울_매타버스.	6389	4818	60	1
D_ET0sONtH4	[생중계] 이재명 후보, 도전하는 청년 국가인재 영입 발표 및 청년 공약 발표 (2022.01.22 오전)	[생중계] 이재명 후보, 도전하는 청년 국가인재 영입 발표 및 청년 공약 발표 (2022.01.22 오전) #이재명 #매타버스 #청년공약 #청년 ...	16697	0	57	1
v4eDUHddJUY	테디 ' 이재명 녹음 파일 찰지데..' 수민 ' 김혜경 이미지 타격 크다' with 김수민	백성문 #김태현 #김수민 정치 계의 두 절친 법조인 김태현 백성문 변호사의 정치 토크쇼 [정치왓수다] 후원 계좌 우리은행 ...	3775	487	37	1
yvOw5AbDT-w	지지율 2주일 연속 급등-이재명 안철수 압도*후보단일화 주도권 2022.1.22 오전8시	윤석열후보가 당내갈등 해결 김건희리스크 해소 청년층 지지율 상승으로 2주일째 지지율 급등하며 대선정국 자신감 주도권 회복, ...	5984	3491	172	1
iOmha1gELI8	[생방송] 이재명 후보, 국민반상회 &#39;나 혼자 산다! 1인 가구 다 모여라&#39;	[생방송] 이재명 후보, 국민반상회 '나 혼자 산다! 1인 가구 다 모여라' #이재명 #1인가구 #혼밥족 #대전환 #매타버스 #나를위해 ...	9452	2333	9	1
z-s00AgG38Y	제가 한다면 하는 거 아시죠??	shorts #매타버스 #서울 #부동산.	2666	1239	129	1
DVCaNpwVolQ	이재명 서울 &#39;매타버스&#39; 이틀째…청년·1인가구 정책 발표 / 연합뉴스TV (YonhapnewsTV)	이재명 서울 '매타버스' 이틀째…청년·1인가구 정책 발표 더불어민주당 이재명 대선 후보는 오늘(22일) 서울지역 '매타버스' 이틀째 ...	152	20	0	1
7yPffzi5e34	김어준 제대로 뒤집어졌다! 이재명형수 파일 인공지능AI로 만들었다! #김어준음모론 #김어준AI #이대명전과4범	자율적구독후원 : 하나은행 : 106-910488-13707 (박*옥) 해외페이팔 후원링크 : https://www.paypal.me/jungsungsantv 문의 ...	5294	1797	95	1
dwch14Ulm-Y	가슴이 웅장해진다 이재명의 문화강국 #shorts		147	47	1	1
pQ2zds23xL4	[LIVE]  이재명 후보 -  '도전 앞으로, 기회 제대로!' 도전하는 청년 국가인재 영입 발표 및 청년 공약 발표 생중계		6092	2279	16	1
ceHyYft23EU	이재명의 매타버스 '나혼자 산다! 1인가구 다 모여라' 국민반상회!!	이재명 #이재명의매타버스 #이재명은합니다 후원 : (국민) 453201-04-048641 한민우 후원금은 현장에서의 활동비로 소중히 사용 ...	530	200	0	1
WU_x5-0U6Sw	망신당한 윤석열 &#39;지지층 분열&#39; 발언 떴다ㄷㄷ '지역인재 의무채용 50%로 높일 수 있을 것' - 김건희 박사 논문&amp;비선실세 논란.. 금융권 임원 100인 이재명 후보 지지선언	무식한윤석열망언 #윤석열지역할당제청년들반응 #김건희윤석열비선논란 #이재명금융권임원100인지지 ▣ 황희두 멤버십 후원 ...	30438	14143	448	-1
QOnRevcFb50	이재명 [국민 반상회] '나 혼자 산다 1인 가구 다 모여라' 왕십리 지웰홈스	이재명 #매타버스#이재명대선 깨어있는 민주시민 정치타파 유튜버 억강부약ㆍ대동세상 나아가는 길 여러분과 함께합니다. 자발적 ...	2270	995	4	1
s8fGcVSjeT0	매타버스, 1월22일,이재명후보,왕십리,1인가구지웰홈즈	This stream is created with #PRISMLiveStudio.	1521	612	0	1
lDP28N7Yz5s	이재명이 떴다! 국민반상회! 나혼자산다! 1인가구 다모여라!	이재명 은 합니다 자발적 시청료 후원 계좌 안내 : 농협 150030-52-139080 진정화 바른소리TV 멤버십 가입하기 ...	999	401	0	1
x8QX_xBbumo	국민 효자 이재명의 진실 이재명의 눈물 이재명의 가족사 웹툰 1편   26편	뉴스엔사람#구독#인터넷신문#유투브#국민효자#이재명의 엄마#인간이재명#이재명의가족을함부로논하지마라#내 가족은 ...	2	1	0	1
jP2sCG3rOiU	◾01/22(토) 이재명 대통령 후보 일정 ② 11:00 [매타버스] [국민반상회] '나 혼자 산다! 1인 가구 다 모여라!' / 지웰홈스 왕십리(서울 성동구 고산자로14길 26)	우리가언론이다 #후원계좌 국민은행 355-24-0029-673 *지인 #대통령선거 #대선 #본부장_비리 This stream is created with ...	1016	394	0	1
yBwPRQD1BZE	장기표 대표, 오늘 발대식 시작으로 전국에 서명 가판대 설치. 특검 압박. 이재명 멘붕.	전국적인 여론조성으로 대장동 특검 요구할 것. 민주당 난리났다.	12895	4378	271	-1
pkxNfvi2vrM	#이재명 #이재선 이재명 형		4	0	0	1
pYvFq3voTOo	[풀영상 다시보기]이재명 '청년기본소득  年 100만원 지급'	이재명 #청년공약 #청년인재발표 #청년기본소득 이재명 더불어민주당 대선 후보는 22일 오전 서울 마포구 미래당사 ' 블루소다'에서 ...	489	78	4	1
4S20rMuzuQU	이재명후보님의 왕십리 [국민반상회] '나 혼자 산다! 1인 가구 다 모여라!'	안녕하십니까 행동하는 양심을 실천하는 민주보수청소년 박찬호입니다. 저는 약 7년을 나경원씨와 맞서 싸웠고 그 과정에서 가족과 친 ...	2896	1104	0	1
FnbUfLaXmEc	1월22일 이재명 국민반상회,나혼자산다! 1인가구 다 모여라		68	47	0	1
dDFo0BFIh3Q	[생방송] 이재명 후보, &#39;걸어서 민심 속으로&#39; 석촌호수 수변무대 걷기	[생방송] 이재명 후보, '걸어서 민심 속으로' 석촌호수 수변무대 걷기 #이재명 #석촌호수 #서울 #거리걷기 #매타버스 #나를위해 ...	0	46	0	1
Bj6zU3hDNHw	국힘이 진짜 큰일난 이유ㄷㄷㄷ (대통령님! 나이스~)	영상설명 : 이재명 후보의 추경 제안 소식과 함께 최배근 교수 분석 등 전해드리겠습니다 감사합니다.	24554	5730	116	1
QEjaKhdVGy0	#서울 #공약 #주택 #자동차 #첨단산업 #탄소중립 #역사 #문화 #이재명	shorts #쇼츠 #이재명 #명연설 #대동 #억강부약 #연설 #대통령.	0	0	0	1
szFN2w2LGqA	더불어민주당 대통령 후보 이재명/ [국민반상회] 나 혼자 산다! 1인가구 다 모여라!	세계타임즈TV.	11	6	0	1
Fu9qKgCgfuk	이재명후보 청년정책발표 미래당사 블루소다		60	23	8	1
tRBFdlnvoJw	#이재명 #짐로저스 #세계5강[생중계] 이재명 후보, ‘대전환의 시대, 세계 5강으로 가는 길’- 세계 3대 투자가, 짐 로저스와의 대담 (2022.01.20 오후)		4	2	0	1
oHQDZ_8RUec	[LIVE] 이재명 후보 - [매타버스] [국민반상회] '나 혼자 산다! 1인 가구 다 모여라!' 생중계		469	306	0	1
nuJ0L08paZw	◾01/22(토) 이재명 대통령 후보 일정 ① 09:30 [매타버스] '도전 앞으로, 기회 제대로!' 도전하는 청년 국가인재 영입 발표 및 청년 공약 발표 / 더불어민주당 미래당사	우리가언론이다 #후원계좌 국민은행 355-24-0029-673 *지인 #대통령선거 #대선 #본부장_비리 This stream is created with ...	3683	730	0	1
F2V0yDJ_Ul8	이해찬의 정치세력  라임, 노조, 불법도박, 그리고 이재명의 외곽조직	유재일의 10분 브리핑입니다. 시청해주시는 모든 분들 감사합니다.   좋아요와 구독, 댓글은 채널 운영에 큰 힘이 됩니다! (더보기를 ...	375	123	5	-1
05uLptpbRb8	긴급! &#39;양심 자백&#39; 김혜경, 충격적인 비밀 폭로! 진정권, 이재명 스위스 통장으로 2000억원 송금 자백! 이재명 방금 충격발언! 문재인 탄핵으로 가는 중대한 상황!	긴급! '양심 자백' 김혜경, 충격적인 비밀 폭로! 진정권, 이재명 스위스 통장으로 2000억원 송금 자백! 이재명 방금 충격발언! 문재인 ...	23	2	0	-1
fiy1WrYXcA0	지지자들에게 구전홍보해달라는 이재명 #shorts	shorts.	1700	361	15	1
Dw_A-9Oy2c8	민주당의 내로남불. 이재명은 옥황상제님 캠프에 영입했네? ㅋㅋㅋ.	유재일입니다. 시청해주시는 모든 분들 감사합니다.   좋아요와 구독, 댓글은 채널 운영에 큰 힘이 됩니다! (더보기를 눌러주세요) ...	1496	369	10	-1
QG6Dsrndnx0	이재명 후보 1인가구 반상회	This stream is created with #PRISMLiveStudio.	176	102	0	1
eqkRG__o4gY	더불어민주당 대통령 후보 이재명/ '도전 앞으로, 기회 제대로!' 도전하는 청년 국가인재 영입 발표 및 청년 공약발표	세계타임즈TV.	29	8	0	1
eNO025G7gtQ	💥이재명 후보 .. 경제가 성장하는 나라 내가 만들겠다.. #shorts	청년의소리 정말 리얼한 청년들의 목소리 여러분의 구독과 좋아요가 큰 힘이됩니다 ...	0	0	0	1
Wx6OuYulaDM	[문틀란 TV]  윤석열, 이재명에 9% 격차 우위!!	안철수 고민 깊어간다! 포기하자니 계속 고 하자니..	7330	2092	69	1
y3bfUbk1YEk	더불어민주당 대통령 후보 이재명/ '도전 앞으로, 기회 제대로!' 도전하는 청년 국가인재 영입 발표 및 청년 공약발표	부자동네타임즈TV.	3	0	0	1
qmca7T0eSr4	이재명과 윤석열 대본을 달라 #이재명 #윤석열 #후보교체 #후보사퇴 #shorts	윤석열로 못이기는 이유.	3	1	1	-1
xuDdK4X4xSI	다시 회자되는 8년전 &#39;이재명 어머니와 형제들&#39;의 호소문 '팔순 노모의 마음을 생각해보십시오.'	"'이재명 어머니와 형제들'의 호소문.. ""팔순 노모의 마음을 생각해보십시오."" 2014년 6월 2일 성남시장 후보였던 이재명 후보의 가슴 ..."	13011	3256	321	1
FpnEoKve6pw	오늘 질문 못하면, 억울해서 잠 못 잔다던 교수, 이재명 답변에 웃음꽃 활짝	대한민국 국민 모두가 민족 자존심을 회복했으면 좋겠습니다. 후원 국민 636102 01 269 108 차태욱 핸드폰 : 010-2200-1159 이메일 ...	5499	1262	55	1
RSZfl5JrRMY	길 위의 생명을 위해 이재명 선대위 동물권위원회(내레이션_김혜경)	이재명#김혜경#길냥이 @후원링크 @투네이션: https://toon.at/donate/637651943728289128 @페이팔: ...	3	1	0	1
QT3TaBh43GA	이재명을 지지하는 목사들의 실체를 밝힙니다. 기장교단 전병금목사/ 헤세드		1100	219	25	1
XrgLYqN7Dfg	세금없이 1년에 20조 원을 국민께 드립니다! | 미래경제위원회 10대 과제	대한민국대전환 선대위 미래경제위원회 발대식 10대 도전 과제 영상입니다. 5. 포인트&마일리지 한 눈에 모아보기 - 김윤이 뉴로 ...	30	0	0	1
ZnzG8p7buiA	정상수 이재명에 대해 말하다  #shorts		108	8	4	1
Qi8xAcysXYQ	이참에 이재명으로 이빨까지 심자!	이재명 #임플란트건강보험확대 #우리가언론사_나도기자단.	8	4	1	1
