ID	title	description	viewcount	likecount	commentcount	label
_9GjAl32W_U	[실시간 현장LIVE] 국민의당 대선후보 안철수  울산방문! 미래 먹거리 이차전지 청년연구자들과의 간담회에서는 어떤 말을?	국민의당 #안철수 #UNIST #대선후보 #이차전지.	0	0	0	1
3CAXiN--USQ	[뉴스돋보기] 계속되는 무속 논란 / 단일화 걸림돌은? / 안철수 가족 등판 임박? [굿모닝 MBN]	【 앵커멘트 】 윤석열 국민의힘 대선 후보 부인 김건희 씨의 무속 논란이 계속되고 있습니다. 홍준표 의원과 유승민 전 의원의 이름까지 ...	6573	371	114	-1
i4Mn4pcJEfM	[핫플]“설희야” 귀국한 딸 마중나간 안철수 | 김진의 돌직구 쇼 917 회	[핫플]“설희야” 귀국한 딸 마중나간 안철수 | 김진의 돌직구 쇼 917 회 경향 PK 방문·딸 귀국…'상승 발판' 찾는 안철수 [2022.1.24 방송] ...	312	14	4	1
XeNN3wW4vEg	윤석열, SNS에 '사퇴할 생각 없다'...갑자기 왜? / YTN	진행 : 김선영·김대근 앵커 □ 출연 : 추은호 / 해설위원 * 아래 텍스트는 실제 방송 내용과 차이가 있을 수 있으니 보다 정확한 내용은 ...	35414	894	483	1
z_MwUwBKCeU	안철수 의 오늘 !	안철수 안철수 뽑으면 안철수 대통령 됩니다.	11	5	0	1
ZAYiuwsT33k	1월 24일 (월) 이재명 '대선 지면 감옥 갈 듯'... 왜?/윤석열 자강론, 안철수·홍준표 없이 될까?/개인자산 줄줄이 하락.. 배경은?/토론은 두근두근 - 현근택 vs 이두아	2022년 1월 24일 월요일 SBS 김태현의 정치쇼 생방송 [1부] 뉴스 온더 블럭 ﻿(뉴스브리핑) - 최형창 세계일보 기자 [2-3부] 뉴스 싹쓰리 ...	444	18	0	1
8sjoWFfOcGw	이재명, 윤석열, 안철수, 그나마 안철수가 가장 &#39;정상인&#39;	윤석열, 이재명 둘은 사퇴하라. 후보교체 = 정상대선 ✓벅스토리 채널, 많은 관심과 사랑 부탁드립니다. 자발적 후원 : 국민 ...	1637	160	3	-1
whGnP2tixKs	이재명 위기인가? 윤석열, 김건희 7시간에도 상승세… 안철수 하락 전환		0	3	0	1
cufPL5MQed4	李 '수도권 30분대 생활권'...尹 외교·안보 &#39;강한 지도자상&#39; / YTN	[앵커] 어제부터 정치적 고향인 경기도를 훑고 있는 더불어민주당 이재명 후보는 '수도권 30분대 생활권'을 목표로 GTX 추가 신설 등 ...	960	36	33	1
p-9Kp5hfiPk	[이슈분석] 비슷한듯 다른…대선 후보들의 일자리노동 공약은?	경제와이드 모닝벨 '이슈분석' - 정용건 사회연대포럼 대표 매주 월요일 이슈분석 시간에서는 주요 대선 후보들의 경제공약을 집중 ...	14	0	0	1
ZNl0EPTgpbo	홍준표 '&#39;차라리 안철수 찍겠다&#39;는 지지자 안말려…당이 많이 변했다'	최재욱TV #최재욱튜브 최재욱TV구독하기(컴퓨터에서만 가능한 ...	563	132	23	-1
DbiMMdN_o3E	[불타는주식 프리미엄] 오픈베이스 안철수 지지율 하락 이대로 몰락하나..?,오픈베이스,오픈베이스주가,오픈베이스목표가,스마트팩토리,보안주,재택근무관련주,네트워크관련주,AI,안철수	"1월 전략 매집주반 폭주中!! 불타오릅니다. 몇 자리 안남았어요 010 - 2290 - 5529 전화번호로 숫자 "" 8 "" 만 문자로 보내주세요. 문자만 ..."	0	0	0	1
ueZLKAnXy_Q	D-44 '20대 대선후보는 지금' 서울신문 강윤혁 기자 [경제발전소_FULL/1월24일(월)]	경제발전소 #이재명 #부동산공약 #윤석열 #충청권주말행보 #안철수 #부울경방문 #심상정 #김동연 #강윤혁 #주식시황 #한지영 ...	180	32	2	1
SzF07i8CNnQ	김진의 돌직구쇼 - 1월 24일 신문브리핑 | 김진의 돌직구 쇼 917 회	김진의 돌직구쇼 - 1월 24일 신문브리핑 | 김진의 돌직구 쇼 917 회 동아 구태 공격당한 홍준표 조선 이재명 내가 대선서 지면 없는 죄로 ...	1018	92	4	-1
2tyBW1XvnQk	박근혜 묻어버린 김기춘 조윤선 블랙리스트!유진룡 배신?#홍준표 말년운세#손석희 아들 잘 나간다#안철수,반 윤석열 보수층 빨아들인다#무속전문 김건희 이걸 어쩌나#말춤 김정숙 달라졌다	윤창중칼럼세상은 보수우파의 집권이 목표입니다. 실현 가능한 해법과 방향을 분명히 제시합니다. 윤칼세를 도와주십시오. 윤칼세TV ...	6314	1272	60	-1
tmqRtw8tM8E	안철수 후보가 23일 귀국한 딸을 위해 공항을 찾았고, ‘완전체’로 모인 가족을 두고 ‘이 가능성’이 대두되고 있다	Listen Music in video here: https://www.youtube.com/channel/UCx_pFntMnemzQOmLMksW7AQ?sub_confirmation=1 안철수 국민 ...	7	0	0	1
nOUzj0cDr_o	[정치직격] '김건희, 국정에 상당한 영향 미칠 것.. 尹, 나중에 영수회담 하고도 딴소리하려고?' 윤석열 리더십에 날리는 이상돈의 직격탄!, MBC 220124 방송	2022년 01월 24일 [김종배의 시선집중] | 출연 : 이상돈 전 의원 #정치직격 #김건희 #윤석열 #홍준표 #김건희통화 #윤석열홍준표회동 ...	25674	2526	243	-1
5kTsp_IXTJQ	[11시 김동원의 하이파이브] 이재명 “없는 죄로 감옥 갈 것 같다” / 이재용,  윤석열 찍을까? 이재명 찍을까? / 김건희 녹취록 ‘홍준표 유승민도 굿’ _220124	[11시 김동원의 하이파이브] 이재명 “없는 죄로 감옥 갈 것 같다” / 이재용, 윤석열 찍을까? 이재명 찍을까? / 김건희 녹취록 '홍준표 ...	678	202	0	-1
yTZ36-RKhyg	[황보선의 출발 새아침] FULL다시보기 | 추미애 전 장관 인터뷰, 홍준표 '윤핵관 출당시켜달라', 여론조사 뭘 믿어야 하나, 정영학 녹취록과 50억 클럽의 진실 | 220124	"YTN FM 94.5MHz 우리의 이슈가 뉴스를 바꿉니다. 세상을 깨우는 ""황보선의 출발 새아침"" 중심잡힌 시선으로 가장 뜨거운 이슈를 ..."	7697	647	18	1
faali_uuGwc	이재명 면전에 '보수랑 협력 좀 해라' 대답은..? #shorts	레전드토론#지지율 #여론조사 #청년 #이재명청년 #민주당 #더불어 #민주당 #김건희 #이정희 #박근혜 # 이명박 #심상정 #홍준표 ...	28	20	0	-1
O-fonPgagsY	야당이 입법을 거세게 반대한다면 이재명은.. #shorts	레전드토론 #논리갑 #지지율 #여론조사 #청년 #민주당 #더불어 #민주당 #김건희 #이정희 #박근혜 # 이명박 #심상정 #홍준표 ...	29	18	0	-1
ySVjPTGC9do	'도지사 시절, 이렇게 열심히 살아본 적 없어' #shorts #이재명	이재명 #이재명도지사 #성남시장 #이재명성남시장 #shorts #공부 #수능 #찢재명 #민주당 #더불어민주당 #국민의힘 #김건희 ...	23	17	0	1
XWTNTi5RMsg	이런 석학을 만나다니! 이재명후보 정책 다읽기!	이재명 #윤석열 #안철수 #심상정 #민주당 #국민의힘 # #대선후보지지율 ☻이은영TV를 후원해주세요! 제주도 해안마을 카페 'stay ...	0	12	0	1
AwEB8H0kmMw	같은 날 조사했는데 다른 결과, 가장 많이 나온 업체는? 설 전 민심은?	이재명 #윤석열 #안철수 #심상정 #민주당 #국민의힘 # #대선후보지지율 ☻이은영TV를 후원해주세요! 제주도 해안마을 카페 'stay ...	0	37	0	1
ZgplxCHIIWI	신문브리핑 3 '딸 귀국·부인은 호남행…安 &#39;가족리스크&#39; 우위 과시하며 차별화' 외 주요기사 [아침&amp;매일경제]	"(매경)신문브리핑 3 ""딸 귀국·부인은 호남행…安 '가족리스크' 우위 과시하며 차별화"" 외 주요기사(0124) #아침앤매일경제 #신문 ..."	1200	55	24	1
d6p6Xycwiek	(속보)전국 17개 시·도 선관위 간부들,엄청난 시위압박!리얼미터 대반란-대박 윤석열 42%vs이재명 36.8%!김오수 총장, 대선 가까워지니 변했어”!은수미 대법원 판결도 거래!	윤석열TV: https://www.youtube.com/channel/UCcl16CxYqlbKQJVCfdhSJVw 윤석열 공식 유튜브 주소입니다. 나라를 살리는 모든 ...	27992	4185	118	1
vJnaT-lLMhc	김건희 녹음 방송이후 윤석열 상승세 굳힌듯, 이재명에 두자리수 앞서는 결과도. 이재명 오늘도 큰절 사과	김건희 녹취 공개에도 불구하고 상승세, 이재명은 형 형수 파일로 타격.	6728	1764	107	-1
dYO1mFmXmns	1/24 (월) 풀영상｜[진성준, 성일종] 이재명 VS 윤석열, 지지율 각축｜오미크론 우세 눈앞..  설연휴 방역 체제 개편 어떻게? ｜KBS 220124 방송	(1부) [뉴스 언박싱] '오늘 아침, 가장 뜨거운 뉴스' - 민동기 기자 + 김민하 시사평론가 [최강 인터뷰 1] 오미크론 우세 눈앞.. 설연휴 방역 ...	1527	74	7	1
MGKFLV0dIhQ	우후죽순 대선 여론조사대체 뭘 믿어야...? 여론조사읽기 변타강사 변상욱 [황보선의 출발 새아침] / YTN라디오	YTN라디오(FM 94.5) [황보선의 출발 새아침] 우리의 이슈가 뉴스를 바꿉니다. 세상을 깨우는 황보선의 출발 새아침 중심잡힌 시선으로 ...	329	40	5	1
kHm1bvn9xQI	[2022/01/24 아침시황] 코로나19 신규 확진자 급증! 진단키트, 원격의료, 재택/원격회의 관련주 강세 예상!	코로나19 신규 확진자 급증! 진단키트, 원격의료, 재택/원격회의 관련주 강세 예상!	64	10	1	1
rCGDUh0-Iwg	안철수팬 “돈 줘 가지고 안 되거든요”  (할머니도 인정하시는 과학대통령)	영상 출처 진주 중앙유등시장 방문인사 | 2022년 01월 22일 https://youtu.be/pJPwQdWlmd8 * 안철수 편 삼프로TV: ...	8	5	0	1
0c28VMp9Rmc	안철수팬 “눈물나도록 감사합니다”	영상 출처 진주 중앙유등시장 방문인사 | 2022년 01월 22일 https://youtu.be/pJPwQdWlmd8 * 안철수 편 삼프로TV: ...	8	6	0	1
TKXxBnkegfs	쌍특검 받고 사퇴해라!	국민의당 #국당 #안철수 #찰스.	0	0	0	1
ApKSesBmuH0	[이시각주요뉴스] 오미크론 국내 우세종 돼, &#39;의료체계 전환&#39; | 22.01.24 | 일간투데이 |	오미크론 국내 우세종 돼, '의료체계 전환' - 윤석열 42% 이재명 36.8% 안철수 10% 접전 - 오늘부터 '희망플러스 특례보증' 신청 ...	3	0	1	1
UgEGoeo7XhI	3월선거! 대선 예언! 윤석열 vs 이재명 대통령 예언합니다! &#39;네 ! 대통령 XXX가 된다구요&#39; [남문정사]	성남점집 남문정사 ▷상담문의 ☎️010-2708-4301☎️ ▷신당위치 : 성남 #이재명 #이재명사주 #화천대유 #대장동 #이재명후보 ...	25	4	3	1
T6AbknwxjHo	'오징어게임 넘는 신작 릴레이' - 박혜은 더스크린 편집장 #ott신작 #오징어게임 / [YTN라디오 슬기로운 라디오생활]	YTN라디오(FM 94.5) [YTN 뉴스FM 슬기로운 라디오생활] 방송 일시: 2022년 1월 24일 (월요일) 진행: 이현웅 아나운서 출연: 강형구 ...	469	19	0	1
b_huBILMzLM	1/24 장 중 실방	투네이션 알림 후원 https://toon.at/donate/637746123362260942 후원 계좌 - 국민 126302 04 192739 종목 추천, 상담 안되요.	36	6	0	1
FC69cIhYOps	1/24 장 중 실방	투네이션 알림 후원 https://toon.at/donate/637746123362260942 후원 계좌 - 국민 126302 04 192739 종목 추천, 상담 안되요.	62	8	0	1
