ID	title	description	viewcount	likecount	commentcount	label
XeNN3wW4vEg	윤석열, SNS에 '사퇴할 생각 없다'...갑자기 왜? / YTN	진행 : 김선영·김대근 앵커 □ 출연 : 추은호 / 해설위원 * 아래 텍스트는 실제 방송 내용과 차이가 있을 수 있으니 보다 정확한 내용은 ...	34842	886	478	1
kVhGHzV4l-s	새로운물결 광주시당 창당대회…김동연, 이재명·윤석열에 토론 제안 / JTBC 아침&amp;	1. 베이징올림픽에 유은혜 참석 가능성 다음 달 4일 중국에서 열리는 베이징 동계올림픽에 유은혜 사회부총리가 한국 정부를 대표해 ...	634	8	4	1
xKhSBGlmv9w	[뉴스라이브] 이재명, 연일 &#39;윤석열 때리기&#39;...이번엔 &#39;감옥&#39; 언급 / YTN	진행 : 김선영·김대근 앵커 □ 출연 : 추은호 / 해설위원 * 아래 텍스트는 실제 방송 내용과 차이가 있을 수 있으니 보다 정확한 내용은 ...	1870	39	63	-1
TQ3wic4kvfU	[LIVE] 윤석열, '북한 완전 비핵화·한미동맹 &#39;포괄적 전략동맹&#39; 재건' / SBS	국민의힘 윤석열 대선 후보는 '경제와 안보의 융합' 등을 골자로 한 외교·안보 공약을 발표합니다. #SBS뉴스 #8뉴스 #윤석열 #대선 ...	11881	665	0	1
fN5TyJCG-t8	[현장영상] 윤석열 '실질적 비핵화 조치시 대북 경제 지원' / JTBC News	윤석열 국민의힘 대선후보가 북한이 실질적 비핵화 조치를 하면 유엔 제재 면제 등을 활용해 대북 경제지원을 할 수 있다고 밝혔습니다 ...	65	0	0	1
fzhP96L5Lu4	'윤석열 부부, 국민 멸시가 똑닮았네' 이번엔 어떤 쉴드 나올까? 제대로 때리는 전용기	김건희씨가 국민은 바보라고 말한 것과 관련해 민주당 전용기 선대위 대변인은 윤석열 후보의 자유 발언과 궤를 같이 하고 있다며 부부 ...	3242	930	54	-1
tLcBz5Tvg4E	대선 D-44, 이재명 “310만호 주택 공급”…윤석열 “육아재택근무 보장”	대선을 44일 앞둔 시점에 주요 후보들의 공약은 역시 부동산 정책에 집중되고 있습니다. 주말 새 나온 후보 공약 관련해 우형준 기자와 ...	13	0	0	1
VOC8wBS7Q_M	국민의힘 윤석열, 외교안보 공약 발표…`안보 경제` 부각 - [끝까지 LIVE] MBC 중계방송 2022년 01월 24일	윤석열 국민의힘 대선후보는 오늘(24일) `경제와 안보의 융합` 등을 골자로 한 외교·안보 공약을 발표합니다. 윤 후보는 오전 11시 ...	3297	61	0	1
POXyJNHxhMw	🔴LIVE - 국민의힘 윤석열 후보, 외교·안보 글로벌비전 발표/1월 24일	국민의힘 윤석열 대선 후보는 오늘(24일) '자유·평화·번영에 기여하는 글로벌 중추국가'라는 주제로 외교·안보 글로벌비전을 발표 ...	1440	55	0	1
ij2h0pLb4oI	[최경영의 최강시사] 비슷한 공약 발표하는 이재명-윤석열 - 민동기 기자 + 김민하 시사평론가｜KBS 220124 방송	[뉴스 언박싱] '오늘 아침, 가장 뜨거운 뉴스' ㆍ빠르게 확산되는 오미크론 변이 ㆍ김건희 녹취록 추가 공개, 내용은? ㆍ이재명, 대규모 ...	1510	87	10	1
A_elEDxNb4s	[생중계] 윤석열 후보, '자유‧평화‧번영의 혁신적 글로벌 중추국가' 외교안보 글로벌비전 발표 (2022.01.24 오전)	"[생중계] 윤석열 후보, ""자유‧평화‧번영의 혁신적 글로벌 중추국가"" 외교안보 글로벌비전 발표 (2022.01.24 오전) #윤석열 #외교안보 ..."	2932	0	0	1
6yc9VIgl_6g	현근택 '윤석열 무속 수렁 빠져' vs 김근식 '이재명 감옥行? 제발 저려'	〈민주당 선대위 현근택 대변인〉 윤석열, 자기한테 맞서면 끝까지 털어 주변에 檢출신 많아, 검찰공화국 우려 무속 논란, 김건희 아닌 ...	5552	205	92	-1
iAhlB6wzHbA	[현장연결] 윤석열 '남북관계 정상화하고 안보 튼튼히 해 평화 지킬 것' / 연합뉴스TV (YonhapnewsTV)	"[현장연결] 윤석열 ""남북관계 정상화하고 안보 튼튼히 해 평화 지킬 것"" 국민의힘 윤석열 대선 후보는 외교안보 분야 대표 공약을 발표 ..."	227	4	3	1
9bgc2NwfHHU	&#39;반려묘 등록 의무화&#39; 하겠습니다 #shorts #윤석열 #59초공약짤	shorts #윤석열 #59초공약짤.	8071	2528	169	1
txGQGRnKUHY	윤석열 &#39;봐주기 수사&#39; 의혹 단독 떴다ㄷㄷ 김건희 '우리가 맘먹고 언론 플레이하면 다 무효화된다' - 호남인들 상처줬던 국민의힘 근황.. 이재명 부동산 공약 &#39;3040 관심&#39;	윤석열삼부토건봐주기수사의혹 #김건희7시간녹취록추가보도 #국민의힘호남비하논란 #이재명부동산공약30대청년 ▣ 황희두 ...	24877	9244	326	-1
nCqZizQtPvY	🔴 [LIVE] 윤석열 국민의힘 대선후보, 외교안보 글로벌 비전 발표 / 디지털 only	윤석열 국민의힘 대선후보가 23일 '자유·평화·번영의 혁신적 글로벌 중추국가'를 키워드로 한 외교안보 글로벌 비전을 발표한다.	1275	39	0	1
uHVfyV36fmY	정치톡톡사이다 48회 - 국민의힘 윤석열후보 대선행보 등	진행: 이승원 시사평론가 출연: 김재원 국민의힘 최고위원, 김형주 前국회의원.	41	2	0	1
dYO1mFmXmns	1/24 (월) 풀영상｜[진성준, 성일종] 이재명 VS 윤석열, 지지율 각축｜오미크론 우세 눈앞..  설연휴 방역 체제 개편 어떻게? ｜KBS 220124 방송	(1부) [뉴스 언박싱] '오늘 아침, 가장 뜨거운 뉴스' - 민동기 기자 + 김민하 시사평론가 [최강 인터뷰 1] 오미크론 우세 눈앞.. 설연휴 방역 ...	1527	74	7	1
xXGJr-B5DjQ	윤석열, &#39;선관위 집단행동&#39;에 엄지척! 전국 선관위 간부들과 직원 2900여명 들고 일어났다! 靑 발칵! 민주 이제 큰일났다! 양심선언은 언제?!	정의구현 멤버십 가입 : https://www.youtube.com/channel/UCUNwNXVrWAHQpc8gPp1c6kw/join 자발적 구독료 : KB국민은행 ...	11816	3087	171	-1
nOUzj0cDr_o	[정치직격] '김건희, 국정에 상당한 영향 미칠 것.. 尹, 나중에 영수회담 하고도 딴소리하려고?' 윤석열 리더십에 날리는 이상돈의 직격탄!, MBC 220124 방송	2022년 01월 24일 [김종배의 시선집중] | 출연 : 이상돈 전 의원 #정치직격 #김건희 #윤석열 #홍준표 #김건희통화 #윤석열홍준표회동 ...	25641	2525	243	-1
MfWL_oLWB1s	유튜브채널, 김건희 녹취록 추가 공개 ＂영빈관 옮길 것＂ [이슈픽]	국민의힘 윤석열 대선후보의 배우자인 김건희 씨의 '무속인 연루 논란'이 확산되고 있는 가운데 김 씨의 '7시간 통화' 녹취 일부가 지난 ...	4763	362	104	-1
dLtNn3hisyQ	[최경영의 최강시사] 이재명 VS 윤석열, 지지율 각축 / 부동산 공약 대결 - 진성준 의원 (더불어민주당), 성일종 의원 (국민의힘)｜KBS 220124 방송	[최고의 정치] ㆍ이재명 VS 윤석열, 지지율 각축 ㆍ지면 감옥가는 대선? ㆍ김건희, 계속되는 무속 논란 ㆍ민주당발 586 용퇴론 - 진성준 ...	993	29	6	1
n3wBuvRSjMw	윤석열 × 삼프로, 금융범죄 대책🤨#shorts	비교 #주식#shorts 출처: 삼프로 TV 링크: https://youtu.be/y6DlTb3t8Bo.	16	7	1	1
efjKrl1UbDA	국민의힘 &#39;원팀&#39; 무산…홍준표 '차라리 출당시켜 달라' / JTBC 아침&amp;	한편 윤석열 후보와 홍준표 의원은 지난주 회동 이후 갈등이 이어지고 있는데요. 홍 의원은 탈당도 언급했습니다. ▷ 기사 전문 ...	6393	194	103	-1
km73E1NqCwE	北·與 ‘원팀’ 공격?…윤석열 “날 전쟁광 호도” | 김진의 돌직구 쇼 917 회	北·與 '원팀' 공격?…윤석열 “날 전쟁광 호도” | 김진의 돌직구 쇼 917 회 동아 송영길 ＂멸공 외치다 6·25 남침 빌미＂ 발언 논란 조선 ...	312	12	7	-1
KawiEQTUgHs	[생중계] 윤석열 대선 후보, 외교·안보 공약 발표 / 연합뉴스TV (YonhapnewsTV)	민의힘 윤석열 대선 후보는 외교안보 분야 대표 공약을 발표합니다. - 장소 : 국민의힘 여의도 당사 - 발표 : 윤석열 국민의힘 대선 후보 ...	1086	44	0	1
vJnaT-lLMhc	김건희 녹음 방송이후 윤석열 상승세 굳힌듯, 이재명에 두자리수 앞서는 결과도. 이재명 오늘도 큰절 사과	김건희 녹취 공개에도 불구하고 상승세, 이재명은 형 형수 파일로 타격.	6728	1747	107	-1
4WJd4XDGHvY	1/24(월) - [인터뷰] 화산 통가 현지/ 이재명 지지율 전략(강훈식)/ [뉴스닥] “김건희 무속 수렁 윤석열”(↓) “제발저린 이재명”(↓)/ 시사 기상도 [김현정의 뉴스쇼]	1월24일(월) 김현정의 뉴스쇼 ▣ 라이브 방송 안내 뉴스쇼 라이브 방송 | 매주 월~금 오전 7시20분~9시 댓꿀쇼 라이브 방송 | 화·금 주 2 ...	119771	2497	106	1
9bpdAuFpIaI	[라이브] 윤석열, 외교안보 공약 발표…키워드는 &#39;자유·평화·번영&#39;	중앙일보 구독하기 https://www.youtube.com/c/JoongAngIlbo?sub_confirmation=1 윤석열 국민의힘 대선후보는 24일 판문점 남·북· ...	440	92	0	1
KUvF0rr19tU	누가 진짜 후보인 건희!	김건희 #이명수 #윤석열 #최순실.	16330	4636	230	-1
ZAYiuwsT33k	1월 24일 (월) 이재명 '대선 지면 감옥 갈 듯'... 왜?/윤석열 자강론, 안철수·홍준표 없이 될까?/개인자산 줄줄이 하락.. 배경은?/토론은 두근두근 - 현근택 vs 이두아	2022년 1월 24일 월요일 SBS 김태현의 정치쇼 생방송 [1부] 뉴스 온더 블럭 ﻿(뉴스브리핑) - 최형창 세계일보 기자 [2-3부] 뉴스 싹쓰리 ...	444	18	0	1
Y1qo_42haCY	[브이라이브]윤석열, 외교안보 글로벌비전 발표 - ‘자유·평화·번영에 기여하는 글로벌 중추국가’	윤석열 #외교안보 국민의힘 윤석열 대선 후보는 24일 서울 여의도 중앙당사에서 '자유·평화·번영에 기여하는 글로벌 중추국가'라는 ...	383	31	0	1
aOpirt7Zz9M	'이정도면 찐사랑이다' 윤석열후보 특별한 동물사랑 #반려견토리 #반려묘	"윤석열 특별한 동물사랑 친문도 인정 ""17번 수술 절대 쉬운 일 아니다"" ""애정 없으면 못할 일"" ""진짜 찐 애견인이었네"""	0	2	1	1
7liGyZRtJ3g	빼주기 도사 윤석열 검사의 민낯 [아침옳소] 0124	"[힐로소피 안내]** ○ 구매링크 : https://healosophy.co.kr ○ 문의전화 : 010-7411-0123 ○ 힐로소피 ""옳은소리"" 이벤트! 1. 3개이상 ..."	14227	5908	20	1
mc6V_y20C48	(일일뉴스) 윤석열 여론조사 대박! 오차 범위 밖 우세! / 2022.01.24	이재명 #이재명 #변호사비대납 #이재명폭로 #녹취록 #대선 #선대위 #선대위원장 #대장동 #화천대유 #대장동게이트 #이재명게이트 ...	14201	2804	20	-1
5FKMxl2526I	#이재명 #윤석열 포퓰리즘 하지마라		20	4	1	-1
bohN-n9KdII	윤석열,홍준표 회동때 홍준표님이 이말도 하지않았을까요?#홍준표성대모사#윤석열성대모사#shorts#성상진tv		1	2	0	-1
wMZf-sHxftE	돌아서는 국민여론, 이재명,윤석열 패륜후보 심판해야...(중앙당사 대회의실 선거대책회의)		3527	976	0	-1
Xpa0VDZuHqo	윤석열 ‘반려묘 등록 의무화’ 하겠습니다…		27	16	2	1
8sjoWFfOcGw	이재명, 윤석열, 안철수, 그나마 안철수가 가장 &#39;정상인&#39;	윤석열, 이재명 둘은 사퇴하라. 후보교체 = 정상대선 ✓벅스토리 채널, 많은 관심과 사랑 부탁드립니다. 자발적 후원 : 국민 ...	1637	160	3	-1
T7NWqZusVBo	&#39;윤석열 때리기’ 송영길 '범죄 가족단에 나라 맡길 수 없어'	송영길 더불어민주당 대표가 24일 창원시 성산구 창원컨벤션 센터에서 열린 경남도당 선거대책위원회에서 윤석열 국민의힘 대통령 ...	0	0	0	-1
x_ZdGb54ImY	윤석열 정치는 정책도 무당의힘 ㅜㅜ무당정치		5	2	0	1
MXwYkTT-F0A	💥윤석열 후보.. 개헌은 신중해야 한다.. 내맘대로 할수 없다..#shorts	청년의소리 정말 리얼한 청년들의 목소리 여러분의 구독과 좋아요가 큰 힘이됩니다 ...	1	0	0	1
VEqfPePW-Og	윤석열 이준석 원희룡!		4	0	0	1
GkEz5ZGJu6U	[미공개 파일] ep.8 김건희·최은순 피의자 시절 윤석열 검사와 혼전동거 사실상 실토 [빨간아재]	"김건희 미공개 파일 해설 특집방송 ep.8 김건희 씨는 이명수 기자와의 통화에서 ""결혼하고는 추워서 집을 옮기려고 보니까 10평 정도 ..."	43747	10871	526	-1
V261klj-82M	긴급! 이재명 방금 충격행동! 오마이뉴스의 놀라운 보도에 의원들집단행동! 윤석열 난리났다! (진성호의 융단폭격)		26293	3788	141	-1
Rfax3TZIAes	[현장영상] 국민의힘 윤석열 외교안보 비전발표 '굴종 아닌 강한 국방력으로 평화 구축'	국민의힘 #윤석열 #외교안보 #공약 #비전 발표 국민의힘 윤석열 대선후보가 22년 1월 24일 자유‧평화‧번영에 기여하는 글로벌 중추 ...	1632	281	18	1
rTziwIObt6k	윤석열 후보 부인 김건희씨, 게임과목 대학강의 팩트체크	무자격 게임과목 강의했다. vs 게임 학력 경력 문제없다?! 현 게임전공 교수들이 긴급 진단에 나섰습니다. 사회 : 김정태 교수 ( 동양 ...	15	2	0	1
ecvvNXyaBxI	신문브리핑 1 '이재명 '내가 대선서 지면, 없는 죄로 감옥 갈 듯'' 외 주요기사 [아침&amp;매일경제]	"(매경)신문브리핑 1 ""이재명 ""내가 대선서 지면, 없는 죄로 감옥 갈 듯"""" 외 주요기사(0124) #아침앤매일경제 #신문브리핑 #이상훈앵커 ..."	609	23	22	1
2tyBW1XvnQk	박근혜 묻어버린 김기춘 조윤선 블랙리스트!유진룡 배신?#홍준표 말년운세#손석희 아들 잘 나간다#안철수,반 윤석열 보수층 빨아들인다#무속전문 김건희 이걸 어쩌나#말춤 김정숙 달라졌다	윤창중칼럼세상은 보수우파의 집권이 목표입니다. 실현 가능한 해법과 방향을 분명히 제시합니다. 윤칼세를 도와주십시오. 윤칼세TV ...	6314	1272	60	-1
