ID	title	description	viewcount	likecount	commentcount	label
hSjVnrlHrwM	더불어민주당 이재명, 광주공약 발표 - [끝까지 LIVE] MBC 중계방송 2022년 01월 27일	이재명 더불어민주당 대선후보는 오늘(27일) `여권의 텃밭` 광주를 찾습니다. 이 후보는 오전 10시 광주공항에서 지역 공약을 발표 ...	5389	691	39	1
kMdTxvjr_Vg	이재명 '군공항 이전, 그린수소트램 지원, 5.18정신 헌법 전문에 명문화' / SBS	이재명 민주당 대선 후보가 설 연휴를 앞두고 오늘 '정치적 텃밭'인 광주광역시를 찾습니다. 이 후보는 오전 10시 광주공항에서 광주 ...	6793	122	28	1
pt5iXeJsXbo	이재명, 텃밭 호남 민심 다잡기...윤석열 '대통령실 정부서울청사로' / YTN	[앵커] 민주당 이재명 후보는 오늘 광주를 찾아 지역 공약을 발표하는 등 텃밭 민심 다잡기에 나섰습니다. 국민의힘 윤석열 대선 후보는 ...	833	19	22	1
ticI0DFyAfA	이재명-윤석열 양자토론 무산…4명 토론 이르면 31일 / JTBC 아침&amp;	이재명-윤석열, 두 후보의 '양자 TV 토론'이 무산됐습니다. 이를 막아달라는 안철수, 심상정 후보의 손을 법원이 들어줬습니다. 네 후보 ...	758	14	27	1
X2ZwsBmOyfU	[LIVE] 이재명 후보 광주 아파트 붕괴현장 방문	이재명 더불어민주당 대통령후보가 설 명절을 앞두고 광주를 방문해 호남 민심 잡기에 나섰습니다. 두 번째 방문지는 광주 화정 아이 ...	1311	144	0	1
EaaGeZ8aBas	[풀영상] 더불어민주당 이재명 후보, 광주 공약 발표/1월 27일	더불어민주당 이재명 대선 후보는 오늘(27일) 광주 지역 공약을 발표합니다. 이 후보는 오늘 오전 광주공항에서 광주 지역 발전을 담은 ...	2552	153	6	1
5aKNHfMyZPU	신문브리핑 1 '이재명-안철수 양자토론 무산' 외 주요기사 [아침&amp;매일경제]	"(매경)신문브리핑 1 ""이재명-안철수 양자토론 무산"" 외 주요기사(0127) #아침앤매일경제 #신문브리핑 #이상훈앵커 #이재명 #윤석열 ..."	490	13	1	1
RD4uOvAH2-M	이재명 정치혁신안 곧바로 입법 발의한 민주당, 과거 찬성했던 국힘 어쩌면 좋나	이재명 후보가 정치혁신을 외치며 내놓은 3선 연임 금지와 불체포특권 폐지등 7가지 사안에 대해 민주당이 입법발의했다. 민주당은 ...	2552	424	57	1
ng-OmOX-QrY	[LIVE] 이재명 후보, 광주 군공항 이전 공약 나오나?	이재명 더불어민주당 대통령후보가 설 명절을 앞두고 광주를 방문해 호남 민심 잡기에 나섰습니다. 첫 번째 방문지는 광주공항!	284	37	0	1
WUc0Z3l0fXM	[생중계] 이재명 후보, 광주 공약 발표 (2022.01.27 오전)	[생중계] 이재명 후보, 광주 공약 발표 (2022.01.27 오전) [생중계] 이재명 후보, 광주 공약 발표 (2022.01.27 오전) #이재명 #광주 #공약 ...	16325	0	138	1
kAPNfawgcos	이재명·윤석열, 양자 TV토론 못 한다 | 김진의 돌직구 쇼 920 회	중앙 법원, 이재명·윤석열 양자 TV토론 제동…설 전후 4자 토론 서울 李·尹 양자 TV토론 못한다…설 연휴 '다자토론' 성사될까 ...	208	4	4	1
3Z1x1ttzvNM	[이재명과 함께, 임오경이 간다] 이재명 On 광명	ep7. 광명 2022.01.26. *이재명 후보 매타버스, 홈커밍31 광명편 #이재명 #매타버스 #홈커밍31.	90	22	1	1
1_LcUGIXEzo	이재명이 그리는 노동의 새아침 [아침옳소] 0127	1월 27일 방송 정오 김성수TV '쌍김시대' 오후 4시 KBS '사사건건' 오후 6시 25분 CBS '한판승부' 밤 9시 한겨레TV '공덕포차' 밤 11시 ...	2028	747	10	1
GphW7NfrUb4	[LIVE] 광주광역시 공약 발표	이재명 #광주광역시_공약발표 #앞으로_제대로_나를위해_이재명.	7601	3705	186	1
zMjateP3DMw	[LIVE] 이재명 후보, &#39;오매오매&#39; 말바우시장 방문	이재명 더불어민주당 대통령후보가 설 명절을 앞두고 광주를 방문해 호남 민심 잡기에 나섰습니다. 세 번째 방문지는 말바우시장 ...	0	0	0	1
JOAcPlEoi5M	❏ 이재명 후보 직속 균형발전위원회 공동위원장ㅣ육동한 인사말	더불어민주당 이재명 후보 직속 균형발전위원회 육동한 공동위원장의 강원지역 출범식 인사말입니다.	31	8	1	1
sfTb8Mx5y58	신문브리핑 2 ''네거티브 않겠다' 선언하며 '정치교체'로 전환한 이재명' 외 주요기사 [아침&amp;매일경제]	"(매경)신문브리핑 2 """"네거티브 않겠다"" 선언하며 ""정치교체""로 전환한 이재명"" 외 주요기사(0127) #아침앤매일경제 #신문브리핑 ..."	451	14	6	1
0sOjNQrrzNw	공약 발표 중 양자토론 질문에 이재명 '처음 듣는 얘기..형식없이 하면 좋은데 자꾸 복잡하게 한다'	2022년 1월 27일 광주공항에서 더불어민주당 이재명 대선후보 광주 공약 발표가 진행되었다. #팩트TV 보도채널 추진 트레일러 방송 ...	1338	251	16	1
AK-cZs-HPWE	이재명, 텃밭 호남 민심 다잡기...윤석열, 정치 쇄신안 발표 / YTN	[앵커] 민주당 이재명 후보는 오늘 광주를 찾아 지역 공약을 발표하는 등 텃밭 민심 다잡기에 나섰습니다. 국민의힘 윤석열 대선 후보는 ...	2764	50	67	1
rYiaV8tIxJY	[생방송] 이재명 후보, 광주 공약 발표 (광주공항 현장)	[생방송] 이재명 후보, 광주 공약 발표 (광주공항 현장) #이재명 #나를위해 #광주 #전라남도 #공약발표 #합니다 ✓일시후원: 국민은행 ...	11705	3007	79	1
KNcmZD3Xc5o	차모 변호사, 이재명과 연수원 동기. 이재명 성남시장 시기 33건 수임. 이재명 개인 사건 4건 맡아	이재명 '개인 사건' 변호사, 성남시 9억5천 수임료 논란. 개인 변호 수임료 적게 주고, 성남시에서 대신 돈을 대납했다는 의혹.	34557	7135	268	-1
OXDlOpD1kQ4	이재명 후보님 형사사건 안 하셨다면서요. 이건 뭐죠?	유재일입니다. 시청해주시는 모든 분들 감사합니다.   좋아요와 구독, 댓글은 채널 운영에 큰 힘이 됩니다! (더보기를 눌러주세요) ...	1643	371	9	1
RUNzx5Wp4Ow	[풀영상] 이재명 대선 후보, 광주광역시 공약 발표 / 연합뉴스TV (YonhapnewsTV)	이재명 대선 후보가 광주공항에서 지역 공약을 발표합니다. #이재명 #광주공약 #대선 ▣ 연합뉴스TV 유튜브 채널 구독 ...	1139	47	4	1
jAqxsOiDzLc	윤석열 장모 논란, 김건희 &#39;국제 망신&#39; 당했다! 이재명 '주 4.5일 근무제 추진.. 전국민 고용, 산재보험 도입' - 정경심 대법 선고 &#39;동양대 PC&#39; 증거능력 주목	윤석열김건희녹취록후폭풍 #이재명노동공약발표 #정경심대법선고동양대PC증거능력 ▣ 황희두 멤버십 후원 ...	34523	9674	340	-1
ji_63P1l37I	이재명 “대선 지면 없는 죄 만들어 감옥 갈 것 같다” 발언에 곤란해진 박범계 법무부 장관	국민의힘 유상범 의원과 조수진 의원이 26일 서울 여의도 국회에서 열린 법제사법위원회 전체회의에서 '대선에서 지면 없는 죄를 ...	8	0	0	-1
OMTXlLK2jsk	이재명 후보 노동공약 발표(2022.01.26)		8	7	0	1
QAMLOYF_hSk	[고산식물 TV] 남양주 다산동~이재명 대통령 후보	이재명후보 #남양주다산동 #초심백은종.	11	2	0	1
njKx4y88KRA	[백운기의 시사1번지] 국민의힘, 양자토론 하자 &#39;역제안&#39; / 윤석열 '청와대 없애겠다' / 이재명 &#39;7인회&#39; 문진석 의원 출연 (정기남, 장성철) | 220127	백운기시사1번지 [정기남 민주당 선대위 대변인, 장성철 대구 가톨릭대 특임교수] - 윤석열 후보 왜 양자토론 원하나? - '이재명 ...	4416	192	0	1
R9JpawyyA6A	이재명 이해찬 문성근이 추진한 북한 공연  이재명의 성남은 NL 들의 터전이었다	유재일의 10분 브리핑입니다. 시청해주시는 모든 분들 감사합니다.   좋아요와 구독, 댓글은 채널 운영에 큰 힘이 됩니다! (더보기를 ...	286	77	2	1
HtG4GSCZbmY	군 복무 중 ‘기록 없는’ 입원…이재명 장남 특혜 의혹 | 김진의 돌직구 쇼 920 회	군 복무 중 '기록 없는' 입원…이재명 장남 특혜 의혹 | 김진의 돌직구 쇼 920 회 박수영 ＂부대서 200km 넘게 떨어진 병원 입원 ...	1455	78	37	-1
eHnJibZzMxY	이재명 후보 경기지역 순회 - 경기도, 민심 속으로 ! ★4일차★	영상 스케치 - 이재명 후보 경기지역 순회 영상] ⠀ 경기도, 민심 속으로! - 4일차   성남시와 경기도를 제가 책임질 때도 수없이 많은 ...	2	1	1	1
5Ohg8oZzsIY	공약 지키는 이재명의 편지 (5년 후 개봉) #SHORTS	SHORTS #이재명 #공약 #더불어민주당 #대통령후보 #공약이행률 #핵높음 #5년후개봉 #이재명편지.	258	75	10	1
pEtZUZfGGBA	[나를위해이재명] 이재명 후보, 남양주에 떴다!	지난 25일, 이재명 후보의 매타버스가 남양주에 도착했습니다! 인파와 열기로 가득했던 후보의 남양주 유세 현장! 그 현장으로 초대 ...	39	5	0	1
RVXm7fkjA_s	“후보님 오신다”…與 의원의 ‘이재명 맞이’ 청소  | 김진의 돌직구 쇼 920 회	후보님 오신다”…與 의원의 '이재명 맞이' 청소 | 김진의 돌직구 쇼 920 회 ＂이재명 오신다길래…＂김용민 글 올렸다 삭제 김용민 ...	654	42	21	-1
bJgNvt2QsV8	[브이라이브]이재명 &#39;호남 민심&#39; 앞으로...광주 공약 발표	이재명 #광주공약 이재명 더불어민주당 대선 후보는 27일 오전 설 연휴를 앞두고 광주광역시를 찾아 지역 공약을 발표할 예정입니다.	280	66	5	1
8uQcktY943U	설 연휴 앞두고 여야 전북 민심 공략 | 전주MBC 220127 방송	대선 민심의 승부처로 여겨지는 설 연휴를 앞두고 여야가 전북 민심에 공을 들이고 있습니다. 더불어민주당은 지난주 이해찬 전 대표 ...	16	1	2	1
-EddPvJ3Bbc	[LIVE] 이재명 후보 - 광주 방문 '광주광역시 공약 발표'		2362	789	9	1
aDCNEzHf-gU	이재명후보 돌려차기,열받은 문통!  22.01.27  [시사파이터]	이재명후보#네거티브공격#돌려까기.	605	322	11	-1
CSOb_S0gQRw	이낙연 전 대표 이재명 후보 지지 연설	2022년 1월 24일 경기도 성남.	108	34	4	1
U-ll_VQOZ94	이재명후보 3명의 죽음 의혹에대해서? 국민들은 의혹이 있는 후보는 찍지않는다!(뉴욕타임즈기자2022.1.25)		17	9	2	-1
hqzwaj01bL8	긴급! 이재명, 스위스 문재인 계좌로 9000억원 이체! 김오수이 찾은 충격적인 증거! 이재명 부동산패밀리 4인방 전격폭로!	긴급! 이재명, 스위스 문재인 계좌로 9000억원 이체! 김오수이 찾은 충격적인 증거! 이재명 부동산패밀리 4인방 전격폭로! 문재인 탄핵 ...	554	28	0	-1
n11MsMLdihI	변발헤-이재명 네거티브 중단/윤장모 변호인과 재판장은 동기동문동료/프랑스 언론, 김건희 조롱	멤버쉽 링크 - https://www.youtube.com/channel/UCkI2g2FvX-haxXqqDMqc96A/join 송작가TV몰 링크 ...	3851	1396	32	-1
KbdoK9FZ9R0	이재명 후보 평택시 5대 공약 '송탄관광특구-고덕국제신도시 간 지하차도 도로망 구축' #Shorts	이재명평택시공약 #이재명_송탄관광특구 #이재명_고덕국제신도시.	2	1	0	1
W9SAlIYEOHw	김기현 '왜 이재명의 성남시에서만 특혜가 끊이지 않나'	김기현 국민의힘 원내대표가 27일 국회에서 열린 선거대책본부-원내지도부 연석회의에서 이재명 후보의 성남FC 후원금 의혹 사건에 ...	298	83	7	-1
cT5Q298lt-g	권영세 '이재명 네거티브 중단?, 두 시간 만에 막말 공세'	권영세 국민의힘 중앙선거대책본부장이 27일 국회에서 열린 선거대책본부-원내지도부 연석회의에서 이재명 후보가 네거티브 중단 ...	474	99	0	-1
r-oulYLfDpU	이재명 후보, 수원시 6대 지역공약 '수원 군공항 이전  마무리' #Shorts	이재명수원공약 #이재명_수원군공항이전 #이재명후보_수원시공약.	1	1	0	1
dPSojfggido	[김용민브리핑]- 이재명 경기지사 시절, 경제 성적표는?	채널에 가입하여 혜택을 누려보세요. https://www.youtube.com/channel/UC1mySWSKdHfheY5rM9zu-Vg/join 최배근TV 후원계좌: ...	397	199	5	1
d_WWoj1q7kk	10:00 이재명 대통령 후보 광주광역시 공약발표	우리가언론이다 #후원계좌 국민은행 355-24-0029-673 *지인 #대통령선거 #대선 #본부장_비리 This stream is created with ...	428	207	0	-1
l2z2h3Flm7c	[위정현 교수의 티타임 #28] '이재명 대선후보 게임메타버스 위정현 특보단장의 향후 행보는?'	P2E, NFT, 메타버스 등 현안이 되고 있는 정책에 대한 논의를 정리하고 방향을 잡아가는 것이 역할이 될 것. 산업 전문가로서의 특보 ...	8	0	0	1
gEwWzOlvqfY	(생중계) 2022.1.27. 이재명 더불어민주당 후보 - 광주 공약 발표	팩트TV 보도채널 추진 트레일러 방송 # 팩트TV플러스 제작비 후원 □후원신청(링크 클릭) : https://forms.gle/UwQ2Fggei8i1VSne7 ...	1078	269	3	1
