ID	title	description	viewcount	likecount	commentcount	label
S3-i7ldGROs	[윤석열, 디지털 경제 비전 발표] 1월 28일 (금) 풀영상 / 디지털 only	윤석열 국민의힘 대선 후보가 디지털 경제 비전을 발표한다. 윤 후보는 28일 오전 11시 서울 여의도 당사에서 디지털 경제 비전을 발표 ...	1674	40	20	1
my3BRa6TBQk	국민의힘 윤석열, 대한민국 디지털 경제 비전발표 - [끝까지 LIVE] MBC 중계방송 2022년 01월 28일	윤석열 국민의힘 대선후보는 오늘(28일) 디지털 경제 비전을 발표합니다. 윤 후보는 오전 11시 여의도 당사에서 글로벌 경제와 산업 ...	4675	90	10	1
VKquVpRkvsE	이재명 소확행, 윤석열 심쿵 경쟁…포퓰리즘 경계한 교황	20대 대선이 40일 앞으로 다가왔습니다. 대선후보들의 표심 잡기 경쟁이 치열한데요. 그런데 이번 대선에선 유독 유권자의 일상을 ...	44	4	0	1
hcRSjze3hmE	[대선 2022] 이재명·윤석열 &#39;양자 토론&#39; 사실상 강행…심상정·안철수 반발 [굿모닝 MBN]	【 앵커멘트 】 이재명·윤석열 두 후보가 오는 31일 양자 토론을 강행하기로 사실상 합의했습니다. 법원이 금지한 방송사 초청 방식이 ...	614	18	9	1
SG9ihzRe-To	윤석열 “대통령실 광화문으로, 靑 부지는 국민께 돌려드릴 것” | 김진의 돌직구 쇼 921 회	한경 尹 ＂기존 청와대 해체…광화문청사에 대통령실 신설＂ 조선 윤석열 ＂청와대 없애고 광화문 근무＂ 이재명 ＂세종에도 ...	319	22	6	1
r2jYr5gGqhs	[백운기의 시사1번지] 이번 주 여론 분석.. 이재명 - 윤석열 다시 초박빙 (최수영, 박진영, 이은영)  | 220128	"백운기시사1번지 [최진석 국민의당 상임선대위원장] - 국민의당 상임선대위원장직 수락.. 배경은? - ""대한민국 정치, 철학 없고 진영만 ..."	4082	181	0	1
eyNzSP2S5nQ	무당이 보는 이재명 후보와 윤석열 후보의 장점과 단점?!! 성향과 기운이 완전히 정반대다?! 누구의 성향이 대통령이 되기에 더 유리할까??	이재명 #윤석열 #장단점 ☆천광궁 함께 해결하는 진실 상담 : 010-5378-5886 카카오톡 : trb49 ☆덕분TV 촬영문의 010-7700-2318 ...	641	73	6	-1
ApkDK94JNdw	뉴스A 라이브 / 윤석열 “새 대통령실은 광화문”, 한동훈·유시민 법정 첫 대면	[뉴스A 라이브] 채널A 뉴스A 라이브 (12:00~13:20) [채널A 뉴스·시사 프로그램 방송시간] 〈평일〉 08시 50분 김진의 돌직구 쇼 12시 00 ...	687	34	0	1
WnoSA7RmNR8	[Live] 1월 28일 '디지털 지구(Digital Earth) 시대' 윤석열 대통령 후보 대한민국 디지털 경제 비전 발표		5107	2169	0	1
1p_Yu_7UAT8	Live-사법부 사망/이재명 광주/윤석열“TV중계 없이 토론”/김재원의 속마음/일본 오미크론/스텔스 변이/韓신용등급 日보다 2단계 높다	멤버쉽 링크 - https://www.youtube.com/channel/UCkI2g2FvX-haxXqqDMqc96A/join 송작가TV몰 링크 ...	3679	4693	0	1
-V0PpBTX-ko	[생중계] 윤석열, &#39;디지털 경제 비전&#39; 발표…AI산업 육성 등 / 연합뉴스TV (YonhapnewsTV)	국민의힘 윤석열 대선 후보가 '디지털 경제 비전'을 발표합니다. 윤 후보는 '디지털 플랫폼 정부'와 더불어 인공지능과 소프트웨어 산업 ...	4078	198	21	1
2UC8gdWYirI	외신, 김건희·윤석열 보도 터졌다!! 국격은 어디로? ㅠㅠ	언론알아야바꾼다 공식 후원(유튜브 멤버십) https://www.youtube.com/channel/UC-VnP-VdGUaIbssXoOhz5OQ/join ◎ 언론알아야 ...	34020	12909	576	1
G7jX1Q1GDys	인공와우 수술 지원 확대합니다 #윤석열 #shorts #59초공약짤	윤석열 #shorts #59초공약짤.	6108	2020	138	1
sksvkpFXfZg	이재명, 군부대 방문…윤석열, 디지털 비전 발표 / 연합뉴스TV (YonhapnewsTV)	이재명, 군부대 방문…윤석열, 디지털 비전 발표 [앵커] 설 연휴를 앞두고 대선 주자들도 바쁘게 움직이고 있습니다. 더불어민주당 ...	417	10	8	1
cTBWF5EDbkw	뻔뻔한 이준석, 선 넘었다! 분노한 이대남 '이수정 재영입? 윤석열 여가부 폐지는 헛소리' - TV토론 도망치는 윤석열.. &#39;준비된 경제 대통령&#39; 이재명 후보	이준석이수정재영입 #윤석열여성가족부폐지 #TV토론도망치는윤석열 #준비된이재명후보 ▣ 황희두 멤버십 후원 ...	22208	8951	730	-1
2cejjzFZAJ4	보육시설 알러지 대처 인력 확대 배치합니다 #윤석열 #shorts #59초공약짤	윤석열 #shorts #59초공약짤.	2097	804	57	1
wEgUHx0dskM	[현장연결] 윤석열 '인공지능 산업 육성…AI는 모든 영역 핵심역할' / 연합뉴스TV (YonhapnewsTV)	"[현장연결] 윤석열 ""인공지능 산업 육성…AI는 모든 영역 핵심역할"" 국민의힘 윤석열 대선 후보가 '디지털 경제 비전'을 발표합니다."	156	5	4	1
Q0GgovTtxh8	1/28(금) 윤석열 무속·주술 논란의 지지율 타격…토론회서 시작된다_노영희의 뉴스인사이다[쇼미더민심]	1월 28일 (금) 노영희의 뉴스인사이다 ▷ 쇼미더민심 배종찬 인사이트K 연구소장 - 다자대결, 이재명 35% 윤석열 34% 안철수 10% ...	2800	646	54	1
LLmROQ8vXvc	윤석열 대통령 후보, 호남 시민 여러분께 드리는 편지		2285	1175	111	1
GGyOAaMe_BA	&#39;윤석열-삼부토건-장모-김건희&#39;로 이어지는 눈썹도사의 연결고리ㅣ김어준의 뉴스공장_류밀희의 이알뉴(20220128)	"1월 28일(금) 김어준의 뉴스공장 [이 정도는 알아야 할 아침 뉴스] - 류밀희 기자 (TBS) 01:06 코로나19 주요 뉴스 05:44 이재명 ""5.18 ..."	34	7	0	1
BCVXUnJLwcc	윤석열은 뽑지 않는게 좋아요 - 허경영	허경영 대통령후보 후원회 후원하기: https://forms.gle/yhpthrxSHUdv4ef69 ※허경영TV의 영상은 악의적인 의도가 아닌 사실보도의 ...	5008	572	56	-1
-GMIKMONgLo	&#39;등판 임박&#39; 김건희, 포털 프로필에 학력도 추가 / YTN	국민의힘 윤석열 대선 후보의 부인 김건희 씨가 인터넷 포털사이트 네이버에 개설한 프로필 페이지에 학력 사항을 추가했습니다.	829	16	46	1
uXs1hyNulRM	전재수 '윤석열, 토론 기피 역풍 분다' vs 성일종 '이재명, 4자 커튼 뒤에 숨었다'	라이브 방송 안내 뉴스쇼 라이브 방송 | 매주 월~금 오전 7시20분~9시 댓꿀쇼 라이브 방송 | 뉴스쇼 본방송 끝나자마자 이어서 오전 9시 ...	4087	116	84	-1
0SXhAIMOPkc	김건희 둘러싼 &#39;무속 논란&#39;...이번엔 &#39;신딸&#39; 의혹? / YTN	"與 최민희 ""김건희, 건진법사 신딸이라는 의혹"" 최민희 ""건진법사 '건'자·김건희 '건'자 일치해"" 與 윤호중 원내대표 ""무속 논란, 네거티브 ..."	19089	1021	373	-1
NLS7OvDKwCw	윤석열후보!! 대한민국 디지털 경제비전 발표!	This stream is created with #PRISMLiveStudio.	1295	528	0	1
GYSDsVylL5Y	박근혜 누굴 주목하고 있을까?이재명 윤석열 안철수 조원진#이재명,전라도 내려가 도발했다#안철수 설연휴 후 핵폭탄 터뜨린다#윤석열 청와대 해체,풍수지리 때문?#안방대통령 김건희 등장	(공지)자유국민전선 토크콘서트/2월6일 일요일 오후 2시 서울 지하철 1호선 종각역 4번출구 바로 오른쪽 보신각 끼고 두 번째 골목 ...	5782	1418	46	1
R6yOA_Y0Bw8	강산에 트윗 대박ㄷㄷ (SBS 윤석열 인터뷰 충격-100분 토론 김재원ㄷㄷ)	영상설명 : 윤후보 인터뷰 내용과 함께 여론조사 분석 등 전해드리겠습니다 감사합니다.	37687	8623	404	1
m1dssQzmTnM	“윤석열 후보님, 4자 토론 왜 피합니까?” [황보선의 출발 새아침] / YTN라디오	YTN라디오(FM 94.5) [황보선의 출발 새아침] 우리의 이슈가 뉴스를 바꿉니다. 세상을 깨우는 황보선의 출발 새아침 중심잡힌 시선으로 ...	34	4	0	1
vFe5KARqUUU	스마트한 &#39;안철수&#39; 클래식한 윤석열, 그럼 이재명은?ㅣ대선후보들의 손목시계ㅣ일요신문U	안철수 #윤석열 #이재명 #심상정 3월 9일 대통령 선거를 앞두고 연일 바쁜 일정을 소화하고 있는 대선 후보들. 바쁜 일정 속에 시간 ...	23	3	0	1
V_c0DF1RGQU	&#39;윤석열 대통령 효과&#39; 벌써 나온다	가로세로연구소 구독 후원 방법 정기구독 후원 ARS 1877-0665 기업은행 655-026629-01-014 (예금주 : (주)가로세로연구소) 국민 ...	8805	2135	39	-1
HkpKTX6lWfY	윤석열 대통령 후보 포스코 지주회사 서울설치 반대 전달문 전달(2022-01-27)	윤석열후보 #포스코지주사서울설치 #포스코서울이전반대 윤석열 대통령 후보 포스코 지주회사 서울설치 반대 전달문 ...	5	0	0	1
tzt7w9-Yd4Y	-@윤석열 _대통령후보_ AI_영상축사_이주영의진심_출판기념회	윤석열 #AI #이주영의진심 #출판기념회.	3	1	0	1
4T0YhkfWCDQ	윤석열 결국 토론 빤스런	유튜브 이송원TV 1월 28일(금) 오전 9시에 '이태원 클라스법' 만들겠습니다 대선에 집중해 주시면 감사 하겠습니다.(조국) 오늘 사법부 ...	6856	3542	8	1
Y1K115q0-1g	[현장영상] 국민의힘 대선 TV토론 협상단 기자회견 / YTN	[현장영상] 국민의힘 대선 TV토론 협상단 기자회견 / YTN.	8888	229	250	1
_inrwcLHSac	[라이브] 윤석열, 대한민국 디지털 경제 비전 발표	중앙일보 구독하기 https://www.youtube.com/c/JoongAngIlbo?sub_confirmation=1 윤석열 국민의힘 대선 후보가 디지털 경제 비전을 ...	236	50	0	1
j8ddIYrO4Bg	울산 중구 터줏대감 정갑윤, 친박? 윤석열 어록? 내가 원조다 이말이야~~ | #울산정치인물열전	울산 중구에서 내리 5번 당선, 국회부의장까지 역임하며 심지어 유명한 어록에 대한 저작권자(?)이기도 한데... 정갑윤의 삶은 어땠을 ...	23	3	0	-1
ZkvUUohzUzM	[Live] 1월 28일 '디지털 지구(Digital Earth) 시대' 윤석열 대통령 후보 대한민국 디지털 경제 비전 발표	[국민의힘 중앙당 후원회 안내] * 후원계좌 : 국민은행 067501-04-088071 (예금주:국민의힘 중앙당후원회) [후원시 유의사항] ① 개인 ...	1828	402	2	1
ER3ofa5IRRU	[Live] 1월 28일 '디지털 지구(Digital Earth) 시대' 윤석열 대통령 후보 대한민국 디지털 경제 비전 발표	클릭해주셔서 감사합니다. 좋아요와 구독은 큰 힘이 됩니다 클립 챕터는 아래 '더보기' 클릭해주세요! TIMESTAMP 김문수 TV는 ...	811	248	1	1
G0u_BZajfP8	[브이라이브]윤석열, 디지털 경제 비전 발표	윤석열 #국민의힘 #디지털경제비전 윤석열 국민의힘 대선 후보는 28일 서울 여의도 당사에서 대한민국 디지털 경제 비전 발표할 예정 ...	287	11	5	1
uEuKlkyYiUs	윤석열 대통령 후보 대한민국 디지털 경제 비전발표	This stream is created with #PRISMLiveStudio.	1127	542	0	1
TO4XX5YlR2E	같은날 내려진... &#39;놀라운 판결들!&#39;	정경심 #조국 #윤석열 #나의촛불.	19240	5313	614	-1
_Uu2_cjKpTM	김석기 '北·與 원팀, 윤석열 &#39;전쟁광&#39;으로 매도'	김석기 국민의힘 의원이 28일 국회에서 열린 원내대책회의에서 북한의 미사일 도발에 대해 윤석열 후보가 선제타격론으로 대응하자 ...	232	21	1	-1
RxSdPnKCiDc	김석기 '민주당, 진짜 전쟁광 북한과 찰떡궁합이 되어서 윤석열 전쟁광이라고 합창해'	김석기 #더불어민주당 #북한 #윤석열 #집중포화 김석기 국민의힘 의원이 22년 1월 28일 국회에서 열린 국민의힘 원내대책회의에서 ...	1071	93	7	-1
9ro3bJ83xJ4	윤석열 ‘디지털 경제 비전 발표		36	22	0	1
xKNh2XvIg5U	연휴 TV토론 기싸움...&#39;코로나19 vs 경제&#39; 설 민심 공략 / YTN	[앵커] 설 연휴가 코앞으로 다가왔지만, 연휴 기간 열기로 했던 대선 후보 토론회 일정은 막판까지 표류하고 있습니다. 이번 연휴는 대선 ...	992	12	30	1
AcqkMVYE3BI	윤석열 ‘의사결정 과정 투명해야 공감받을 수 있어’…		77	8	0	1
G0oWG-4Yl4g	윤석열 ‘리더는 희생과 헌신, 봉사정신 있어야’…		16	8	1	1
DdidY91YZjo	[윤석열의 피의자 화법: 검찰 공화국-무속의 나라-피의 복수]	윤석열은 오래 검사를 하며 피의자 화법을 익혔다. 핵심을 피하고 요점을 흐리고 버럭 화를 낸다. 왜? 비밀이 많아서? 감출 게 많아서?	0	36	0	1
ICPQc3ZcZdE	종로 무공천 송영길, 윤석열에 곽상도·윤희숙 지역구 무공천 입장 요구	[영상] 종로 무공천 송영길, 윤석열에 곽상도·윤희숙 지역구 무공천 입장 요구 송영길 보궐 무공천·의원3인 제명 선언 다음 단계 나왔다 ...	0	3	0	-1
YknzVHTu5PM	이재명 윤석열 양자토론 못보는거야? 그런거야? (feat.가처분신청) #shorts		156	33	0	1
