ID	title	description	viewcount	likecount	commentcount	label
kBvMnm0TmNI	[안철수, 서울외신기자 클럽 초청 간담회] 1월 28일 (금) 풀영상 / 디지털 only	국민의당 안철수 대선 후보는 28일 오전 서울 중구 프레스센터에서 열리는 서울외신기자클럽 초청 기자간담회에 참석한다. 안 후보는 ...	3267	249	0	1
zDi0Rjz_TxU	국민의당 안철수, 서울외신기자클럽 초청 기자간담회 - [끝까지 LIVE] MBC 중계방송 2022년 01월 28일	안철수 국민의당 대선후보는 오늘(28일) 오전 서울 중구 프레스센터에서 열리는 서울외신기자클럽 초청 기자간담회에 참석합니다.	4723	263	0	1
YCtB3xSgaIE	안철수 '北 핵 위협 대항하는  &#39;한미핵공유협정&#39; 체결 추진해야'/ SBS	안철수 국민의당 후보는 오늘(28일) 오전 10시 서울 외신기자클럽 초청 기자간담회에 참석했습니다. #SBS뉴스 #8뉴스 #안철수 ...	9240	417	0	1
3rup62QhCyk	[풀영상] 안철수 후보, 서울외신기자클럽 기자간담회/1월 28일	국민의당 안철수 후보는 오늘(28일) 서울외신기자클럽 초청 기자간담회에 참석했습니다. 안 후보는 오늘 간담회에서 차기 정부의 ...	4866	355	0	1
gqbSZaCRd0Y	[대선후보 초청, 과학기술 정책토론회] 안철수 국민의당 대선후보 / YTN 사이언스	대선후보 초청 과학기술 정책토론회 '과학기술인이 묻고 대선후보가 답하다' 일시: 2022년 1월 27일(목) 오후 2시15분 장소: 한국 ...	169	6	3	1
qhtZ78Cd56Q	[현장영상] 영어로 외교정책 기조 밝힌 안철수 '자주·실용·평화에 기반한 책임 외교로 가야' / JTBC News	신사, 숙녀 여러분, 안녕하십니까? 국민의당 대통령 후보 안철수입니다. 오늘 저를 초청해주신 서울 외신기자클럽 김무선 회장님과 ...	59	8	1	1
hcRSjze3hmE	[대선 2022] 이재명·윤석열 &#39;양자 토론&#39; 사실상 강행…심상정·안철수 반발 [굿모닝 MBN]	【 앵커멘트 】 이재명·윤석열 두 후보가 오는 31일 양자 토론을 강행하기로 사실상 합의했습니다. 법원이 금지한 방송사 초청 방식이 ...	616	18	9	1
6fxQF5NA6n4	[대선 2022] 안철수 '586 운동권, 퇴장해야'…심상정 '여경 무용론, 편견' [굿모닝 MBN]	【 앵커멘트 】 안철수 국민의당 대선 후보가 더불어민주당 쇄신안을 비판하며 586 운동권 세력이 정치 무대에서 퇴장해야 한다고 주장 ...	204	6	2	1
wxkBcBVr-9k	[생중계] 안철수 후보, 서울외신기자클럽 초청 기자간담회 (2022.01.28 오전)	[생중계] 안철수 후보, 서울외신기자클럽 초청 기자간담회 (2022.01.28 오전) #안철수 #외신기자 #외교통일안보 #2022대선 #국민의 ...	12633	0	0	1
yRC6zeIPshM	1/20(목) 이기상의 뉴스공감 I 김미경 l  안철수 씨를 만난 곳은 가톨릭 학생회였어요  I 세상속으로 I &#39;아빠육아 개선 활동가&#39;가 본 대선후보 양육	오프닝 - 이기상 앵커 ◇ 5시 브리핑 - 맹현균 기자, 오창익 인권연대 사무국장 1. 北 ICBM 발사 재개 시사…안갯속 한반도 2. 27일 만에 ...	11	0	0	1
xKNh2XvIg5U	연휴 TV토론 기싸움...&#39;코로나19 vs 경제&#39; 설 민심 공략 / YTN	[앵커] 설 연휴가 코앞으로 다가왔지만, 연휴 기간 열기로 했던 대선 후보 토론회 일정은 막판까지 표류하고 있습니다. 이번 연휴는 대선 ...	992	12	30	1
GYSDsVylL5Y	박근혜 누굴 주목하고 있을까?이재명 윤석열 안철수 조원진#이재명,전라도 내려가 도발했다#안철수 설연휴 후 핵폭탄 터뜨린다#윤석열 청와대 해체,풍수지리 때문?#안방대통령 김건희 등장	(공지)자유국민전선 토크콘서트/2월6일 일요일 오후 2시 서울 지하철 1호선 종각역 4번출구 바로 오른쪽 보신각 끼고 두 번째 골목 ...	5782	1418	46	1
vFe5KARqUUU	스마트한 &#39;안철수&#39; 클래식한 윤석열, 그럼 이재명은?ㅣ대선후보들의 손목시계ㅣ일요신문U	안철수 #윤석열 #이재명 #심상정 3월 9일 대통령 선거를 앞두고 연일 바쁜 일정을 소화하고 있는 대선 후보들. 바쁜 일정 속에 시간 ...	23	3	0	1
WGwBFPZlLXc	연휴 TV토론 신경전...&#39;코로나19 vs 경제&#39; 설 민심 공략 / YTN	[앵커] 설 연휴가 코앞으로 다가왔지만, 연휴 기간 열기로 했던 대선 후보 토론회 일정은 각 후보 측의 신경전으로 표류하고 있습니다.	1323	24	47	1
OVkUO632yys	[에디터픽] &#39;다자&#39; vs &#39;양자&#39;...설 연휴 대선후보 TV토론 못 보나? / YTN	[에디터픽] '다자' vs '양자'...설 연휴 대선후보 TV토론 못 보나? #YTN실시간 #이재명 #윤석열 #안철수 #심상정 #2022대선.	31893	653	33	-1
H0T32IWO7cY	2022년 1월 28일 (금) [굿모닝MBN] 다시보기 - 1월 28일 굿모닝 MBN 주요뉴스	1월 28일 굿모닝MBN 주요뉴스 오늘도 1만 4천 명 넘을 듯…오미크론 '대규모 유행' 현실로 청해부대 6개월 만에 또 집단감염…27명 ...	87	1	0	1
jGnppzdP7_A	설 연휴 윤석열 안철수 운명 갈릴까?#민주당 여의도 당사 앞에서 연일 계속되는 그분 반대 집회들!#김종인, 尹-安 양다리 걸치기인가?#김건희 무속 논란 피할 수 있을까?	(공지)자유국민전선 토크콘서트/2월6일 일요일 오후 2시 서울 지하철 1호선 종각역 4번출구 바로 오른쪽 보신각 끼고 두 번째 골목 ...	0	2	0	-1
D8pUgPWFemA	웃고 갑시다~  안철수후보님은 좌파입니까 우파입니까 #Shorts		4	2	2	1
sksvkpFXfZg	이재명, 군부대 방문…윤석열, 디지털 비전 발표 / 연합뉴스TV (YonhapnewsTV)	이재명, 군부대 방문…윤석열, 디지털 비전 발표 [앵커] 설 연휴를 앞두고 대선 주자들도 바쁘게 움직이고 있습니다. 더불어민주당 ...	417	10	8	1
f5nPQBk5J54	220128 설 앞두고 &#39;호남 민심 잡기&#39;	여야, 설 앞두고 연이은 광주행 '표심 잡기' 설 연휴를 앞두고 여야 정치권이 잇따라 광주를 방문해 표심 잡기에 나서고 있습니다.	4	1	0	1
Q0GgovTtxh8	1/28(금) 윤석열 무속·주술 논란의 지지율 타격…토론회서 시작된다_노영희의 뉴스인사이다[쇼미더민심]	1월 28일 (금) 노영희의 뉴스인사이다 ▷ 쇼미더민심 배종찬 인사이트K 연구소장 - 다자대결, 이재명 35% 윤석열 34% 안철수 10% ...	2804	647	54	1
1IrhI1BwXyM	대선 D-40, 광주·전남 대선 및 지방선거 여론조사	KBS광주방송총국이 대선 40여 일, 지방선거 4개월여 앞두고 광주와 전남 시도민을 대상으로 대선 및 지방선거 여론조사를 실시 ...	286	11	2	1
mydW7_An_4s	대통령 선거 투표 의향은?…반드시 투표 79.8% | 김진의 돌직구 쇼 921 회	대통령 선거 투표 의향은?…반드시 투표 79.8% | 김진의 돌직구 쇼 921 회 가능하면 투표 13.0% [리서치앤리서치] '尹 단일화' 이재명 ...	359	15	5	1
aCzNfLD9hMA	양자토론 4자토론 무슨 선거 전략인가 ?	안철수 #윤석열 안철수 뽑아서 우리나라 바꿔 봅시다. 과학기술 중심 국가 미래먹거리 만들 적임자 초격차 안철수 This stream is ...	40	14	0	1
V4XIMiF-JOU	[뉴스포커스] 설 연휴 &#39;TV 토론&#39; 불투명…이 &#39;광주행&#39;·윤 &#39;정치공약 발표&#39; / 연합뉴스TV (YonhapnewsTV)	[뉴스포커스] 설 연휴 'TV 토론' 불투명…이 '광주행'·윤 '정치공약 발표' [출연 : 최창렬 용인대 교수, 김형준 명지대 교수] 이번 설, 기대 ...	148	2	0	1
_1ZtObvnkEw	야당 후보 단일화 원하시면 좋아요! 구독! [자유일보] #Shorts	안철수후보 #안철수욕심 #단일화방해 #정권교체 #멸공 #할렐루야TV #자유일보 안일화? 웃기시네... 『할렐루야TV』는 『자유일보』의 ...	32	9	0	-1
0nd8tcTP0L4	김종인, 이재명과 만나나? 중도외연확장을 위한 민주당 특단의 조치 [황보선의 출발 새아침] / YTN라디오	YTN라디오(FM 94.5) [황보선의 출발 새아침] 우리의 이슈가 뉴스를 바꿉니다. 세상을 깨우는 황보선의 출발 새아침 중심잡힌 시선으로 ...	47	6	0	1
kO7kmAfc06s	대선 D-40, 광주·전남 대선 및 지방선거 여론조사	KBS광주방송총국이 대선 40여 일, 지방선거 4개월여 앞두고 광주와 전남 시도민을 대상으로 대선 및 지방선거 여론조사를 실시 ...	12	3	0	1
JhGV3gACr6A	오늘은 웃고 갑시다~ 안철수를 멕여버린 홍준표 #shorts		7	1	0	1
rHEo2ZQmDpk	누나들 마음 녹이는 배런 #joebiden #harris	트럼프 #문재인 #대통령 #미국 #생일 #정치 #joebiden #harris #obama #오바마 #대선 #선거 #홍준표 #안철수 #윤석열 #김건희 ...	12	5	0	1
zLcu82YN2xg	서울은 빨간색으로 돌아섰다? 김건희 무속논란 '관상보고 총리뽑나?' [황보선의 출발 새아침] / YTN라디오	YTN라디오(FM 94.5) [황보선의 출발 새아침] 우리의 이슈가 뉴스를 바꿉니다. 세상을 깨우는 황보선의 출발 새아침 중심잡힌 시선으로 ...	101	6	1	1
m1dssQzmTnM	“윤석열 후보님, 4자 토론 왜 피합니까?” [황보선의 출발 새아침] / YTN라디오	YTN라디오(FM 94.5) [황보선의 출발 새아침] 우리의 이슈가 뉴스를 바꿉니다. 세상을 깨우는 황보선의 출발 새아침 중심잡힌 시선으로 ...	34	4	0	1
iZjYnZSONN8	설 연휴 기간, 대선후보 4자 TV토론 성사 가능성은? / JTBC 아침&amp;	설 연휴 밥상머리 민심 최대 변수가 될 대선후보 TV토론을 놓고 후보 간 치열한 신경전이 펼쳐지고 있습니다. 오늘(28일) 오후, 대선 ...	2177	53	111	1
v1R3UaRkmFY	[문틀란 TV]  방금 여론!! 윤석열, 양자대결서 50% 접근!!	안철수, 3주 연속 하락!	5399	2206	71	1
ns-uHEgWNYg	[풀영상] '제대로 된 검증 위해서는 양자토론이 적합'/'31일 양자토론 먼저 해야'/국민의힘 대선 토론 협상단 기자회견/1월 28일	국민의힘 대선 토론 협상단이 오늘(28일) 기자회견을 열고 대선 후보 토론에 대한 입장을 밝혔습니다. 자세한 내용, 현장 영상으로 확인 ...	3357	66	46	1
lfi2T6-IZeU	허경영 4자토론금지 가처분신청 (LIVE) 2022.01.28	허경영#이재명#심상정#윤석열#안철수 This stream is created with #PRISMLiveStudio.	2663	937	90	-1
T2v9iuLy8pI	대파문-문재인 3일칩거,코로나 확진 숨겼다!홍준표 “곧 힘든 결정 시점!”네이버 성남FC 40억 후원, 대검이 ‘금융자료 조사’ 방해!경찰,성남FC 영장 받고도 계좌추적 &#39;부실&#39;!	윤석열TV: https://www.youtube.com/channel/UCcl16CxYqlbKQJVCfdhSJVw 윤석열 공식 유튜브 주소입니다. 나라를 살리는 모든 ...	13139	1438	62	-1
oAwMXAKpC1k	한동훈,충격적 첫 육성 인터뷰!조선 대폭로-이재명의 과거는 왜 반복 재생되는가?	윤석열TV: https://www.youtube.com/channel/UCcl16CxYqlbKQJVCfdhSJVw 윤석열 공식 유튜브 주소입니다. 나라를 살리는 모든 ...	5096	628	4	1
myyPiTudXm4	#미국 경찰도 포기한 범죄도시 LA#코로나로 사람이 없는거리#Wilshire Blvd Koreatown LA#금발미녀#이지영상#코리아타운#흑형#	뿌린만큼 거두리라 칼로베인 상처는 쉽게 아물지만 말로베인 상처는 치유되지 않는다 서로 따뜻한말로 상처주지말아요 인생살이 ...	62	17	13	1
OYH91euvDtA	이&amp;편 시민기자의 취재노트 - 청년정치인이 말하는 MZ세대가 대선후보에 거는 기대	국민의당#대학생위원장#이윤혁 이&편 시민기자의 취재노트 - 청년정치인이 말하는 MZ세대가 대선후보에 거는 기대 진행 편지혜 ...	90	20	0	1
T74P7SCQqcI	[김종배의 시선집중][FULL] &amp; [언중유골]｜[박지훈·천하람] 정경심 징역 4년 확정..&#39;동양대 PC&#39; 증거 인정│법원 결정에도 다자토론 무산?, MBC 220128 방송	2022년 1월 28일 금요일 #시선집중 #언중유골 #MBC라디오 1부 [JB TIMES] #의원징계안 #김건희 #아동학대 · 국회 윤리특위, ...	79521	5136	238	-1
LIqIaJkJp8g	[최경영의 최강시사] 정치인의 비언어 - 김경일 교수 (아주대 심리학과)｜KBS 220128 방송	[뉴스는 심리다] 정치인의 비언어 - 김경일 교수 (아주대 심리학과) ----- ▷ #최강시사 홈페이지: ...	2026	151	8	1
eYck_nXukW0	1/28 (금) 풀영상｜[강훈식] 민주당 ‘반성과 변화’ 이재명 지지율 반등 끌어낼까? ｜[김은혜] 윤석열, ‘다자토론’ 왜 고민하나?｜정치인의 비언어｜｜KBS 220128 방송	(1부) [뉴스 언박싱] '오늘 아침, 가장 뜨거운 뉴스' - 민동기 기자 + 김민하 시사평론가 [주간 여론조사 리뷰] - 김봉신 대표 (메타보이스) ...	2479	170	47	1
KljEd9wzjg4	[성공예감 김방희입니다] 2부 풀영상 | 증시, 잠깐의 조정인가? 긴 터널인가? | 성공예감 A/S | KBS 220128 방송	2022년 1월 28일 [성공예감 김방희입니다] KBS 1 Radio1 FM 97.3MHz 월~금 09:05-10:53 2부 * 심층 인터뷰 - 증시, 잠깐의 조정인가 ...	291	8	0	1
KVhfmnA2JsM	[성공예감 김방희입니다] 1부 풀영상 | 원탁의 기자들 - 대선후보들의 GTX 공약 비교 | 핫이슈 인터뷰 | KBS 220128 방송	2022년 1월 28일 [성공예감 김방희입니다] KBS 1 Radio1 FM 97.3MHz 월~금 09:05-10:53 1부 * 원탁의 기자들 - 월 1300만원 라이더 ...	187	3	0	1
TRLtoUmW9A0	[황보선의 출발 새아침] FULL 다시보기 | 박용진 민주당의원 인터뷰, 정경심 유죄 확정, 조국은? 서울이 &#39;빨간색&#39;으로 돌아섰다? 윤석열 왜 4자 토론 피하나? | 220128	"YTN FM 94.5MHz 우리의 이슈가 뉴스를 바꿉니다. 세상을 깨우는 ""황보선의 출발 새아침"" 중심잡힌 시선으로 가장 뜨거운 이슈를 ..."	3753	224	12	-1
xMUckYPmviQ	[대선풍향계/이재명] 2층(성남시장실) 뜻이라며 현금 빼갔다? 성남FC ‘후원금 의혹’ 확산_220128	[대선풍향계/이재명] 2층(성남시장실) 뜻이라며 현금 빼갔다? 성남FC '후원금 의혹' 확산_220128 정도언론 인간존중 인류평화 를 ...	369	69	2	-1
YknzVHTu5PM	이재명 윤석열 양자토론 못보는거야? 그런거야? (feat.가처분신청) #shorts		156	33	0	1
xPa9NQkzvp8	1+6 대장동이 열리다. 왜? 박정희 대통령은 경상도에 먼저 투자했나?	채널에 가입하는 방법 https://www.youtube.com/channel/UC242xa78h95GOvuM8UhRS1w/join ✔️ 영상 시청하시기 전에 구독과 ...	4326	1251	0	1
TJv7jn3fbLk	사실로 드러난 추미애의 저주도 무속?_1.28(금)	OAO 오직 한분, 박근혜 대통령 [페이팔 만들었습니다] paypal.me/culturewar https://www.paypal.me/culturewar?locale.x=ko_KR.	166	45	0	1
