ID	title	description	viewcount	likecount	commentcount	label
Ahxjj8pyy6Q	더불어민주당 이재명, 김포 해병대 2사단 방문 - [끝까지 LIVE] MBC 중계방송 2022년 01월 28일	이재명 더불어민주당 대선후보는 오늘(28일) 오전 경기 김포에 주둔한 해병대 2사단을 방문해 고강도 경계 작전을 수행하는 장병들을 ...	6534	828	107	1
sI4tarBc5BY	이재명 &#39;경계구역 100km, MZ세대 장병과의 만남&#39; / SBS	SBS뉴스 #8뉴스 #이재명 #더불어민주당 #김포 #해병대 #2사단 #실시간 으로 만나 보세요 라이브 뉴스 채널 SBS 모바일24 ▷SBS ...	2370	31	35	1
4qLvfsbbPng	[뉴스라이브] 이재명 &#39;호남 소외론&#39; 카드에...이준석 '불량 정치인' / YTN	진행 : 김선영·김대근 앵커 □ 출연 : 추은호 / 해설위원 * 아래 텍스트는 실제 방송 내용과 차이가 있을 수 있으니 보다 정확한 내용은 ...	2530	33	111	-1
oZl4kZSR80o	[풀영상] 더불어민주당 이재명 후보, 해병대 2사단 방문/MZ세대 장병과의 만남/1월 28일	더불어민주당 이재명 대선 후보는 오늘(28일) 해병대 2사단을 방문해 MZ세대 장병들을 만납니다. 이 후보는 평화의 종을 타종하고 설 ...	583	36	21	1
hcRSjze3hmE	[대선 2022] 이재명·윤석열 &#39;양자 토론&#39; 사실상 강행…심상정·안철수 반발 [굿모닝 MBN]	【 앵커멘트 】 이재명·윤석열 두 후보가 오는 31일 양자 토론을 강행하기로 사실상 합의했습니다. 법원이 금지한 방송사 초청 방식이 ...	616	18	9	1
UlKI0p4WpiE	광주 간 이재명 “박정희, 경상도 집중 투자…전라도 소외시켜” | 김진의 돌직구 쇼 921 회	한국 '호남 달래기' 마음 급한 李 조선 이재명 ＂박정희, 경상도 집중투자…전라도 소외시켰다＂ [2022.1.28 방송] 김진의 돌직구쇼 921 ...	1242	75	48	1
VKquVpRkvsE	이재명 소확행, 윤석열 심쿵 경쟁…포퓰리즘 경계한 교황	20대 대선이 40일 앞으로 다가왔습니다. 대선후보들의 표심 잡기 경쟁이 치열한데요. 그런데 이번 대선에선 유독 유권자의 일상을 ...	44	4	0	1
CZTP1Tyrf2Y	영호남 대학 교수·연구자 1,200명 이재명 지지 선언 | 전주MBC 220128 방송	더불어민주당 이재명 대선 후보 지지 선언이 잇따랐습니다. 영호남 102개 대학 교수와 연구자 천2백 명은 오늘(27) 전주와 부산 ...	11	0	0	1
3njQR1VEKa4	[대선 2022] 이재명, 광주 피해가족 위로…광주군공항 이전 약속 [굿모닝 MBN]	앵커멘트 】 이재명 더불어민주당 대선 후보는 광주 붕괴사고 현장을 찾아 피해자 가족을 위로했습니다. 그제(26일) 송영길 대표가 광주 ...	272	5	2	1
eyNzSP2S5nQ	무당이 보는 이재명 후보와 윤석열 후보의 장점과 단점?!! 성향과 기운이 완전히 정반대다?! 누구의 성향이 대통령이 되기에 더 유리할까??	이재명 #윤석열 #장단점 ☆천광궁 함께 해결하는 진실 상담 : 010-5378-5886 카카오톡 : trb49 ☆덕분TV 촬영문의 010-7700-2318 ...	641	73	6	-1
r90y0e3ZslQ	원희룡 '이재명 성남FC 의혹, 바퀴벌레 잡을 회로도 있다'	라이브 방송 안내 뉴스쇼 라이브 방송 | 매주 월~금 오전 7시20분~9시 댓꿀쇼 라이브 방송 | 뉴스쇼 본방송 끝나자마자 이어서 오전 9시 ...	8020	506	136	-1
XmqCQOhgENk	이재명의 tears 이제 한 가지만 남았다｜핫이슈 006 #이재명	시청 감사합니다 ㅡㅡㅡㅡㅡㅡㅡㅡㅡㅡㅡㅡㅡㅡㅡㅡㅡㅡㅡㅡㅡㅡ *영상 배경 출처: https://youtu.be/rc6WAV_M_S0 ㅡㅡㅡㅡㅡㅡㅡ ...	1271	772	32	1
1KaKw1GUlfg	세대포위론 뚫을 이재명의 창은? [아침옳소]  0121	"[휴닉 리얼 그래놀라 안내 ]** ○ 구매링크 : www.huenic.com ○ 문의전화 : 010-7272-6717 ○ 베지어트 ""옳은소리"" 이벤트! 1. 쇼핑몰 ..."	9465	5995	21	1
fMgHVDvccUI	이재명 형수 욕설파일 조작정황증거 새누리당과 공모	이재명 #새누리당 #욕설조작 이재명 형수 욕설파일 조작정황증거가 있습니다!	555	245	16	-1
6LjHhwh8vHs	[최경영의 최강시사] 민주당 ‘반성과 변화’ 이재명 지지율 반등 끌어낼까?  - 강훈식 의원 (더불어민주당 선대위 전략기획본부장)｜KBS 220128 방송	[최강 인터뷰 1] 민주당 '반성과 변화' 이재명 지지율 반등 끌어낼까? - 강훈식 의원 (더불어민주당 선대위 전략기획본부장) ...	4696	327	33	1
1p_Yu_7UAT8	Live-사법부 사망/이재명 광주/윤석열“TV중계 없이 토론”/김재원의 속마음/일본 오미크론/스텔스 변이/韓신용등급 日보다 2단계 높다	멤버쉽 링크 - https://www.youtube.com/channel/UCkI2g2FvX-haxXqqDMqc96A/join 송작가TV몰 링크 ...	3679	4698	0	1
MJ_7pucgIWw	필승! 해병대 공약 발표		5457	2094	122	1
8pFzsDy6lrg	[에디터픽] 사표 내던진 &#39;성남FC 후원금&#39; 담당 검사…사건의 실체는? / YTN	사표 내던진 '성남FC 후원금' 담당 검사…사건의 실체는? (김광삼 변호사) #YTN실시간 #성남FC #후원금 #이재명 #사표.	30295	971	30	-1
ssYLKghjuig	충격! 이재명이 진짜 찢었다 [2022년 1월 28일(금) 정군기의 텐텐뉴스]	0:00:00 오프닝 0:02:37 대선후보 여론조사 0:06:20 이재명의 영호남 차별 발언 0:25:01 윤석열 후보 '청와대 해체' 0:32:34 대선후보 ...	5356	1663	37	-1
sksvkpFXfZg	이재명, 군부대 방문…윤석열, 디지털 비전 발표 / 연합뉴스TV (YonhapnewsTV)	이재명, 군부대 방문…윤석열, 디지털 비전 발표 [앵커] 설 연휴를 앞두고 대선 주자들도 바쁘게 움직이고 있습니다. 더불어민주당 ...	417	10	8	1
glO8lbEnCWs	이재명 장남, 성남 국군병원 입원 전 ‘청원휴가’ 기록 확인 안돼서 논란...	이메일 : newsdot724@naver.com(사연/칼럼/뉴스제보-url 첨부) 멤버십 ...	5616	1398	165	-1
eYck_nXukW0	1/28 (금) 풀영상｜[강훈식] 민주당 ‘반성과 변화’ 이재명 지지율 반등 끌어낼까? ｜[김은혜] 윤석열, ‘다자토론’ 왜 고민하나?｜정치인의 비언어｜｜KBS 220128 방송	(1부) [뉴스 언박싱] '오늘 아침, 가장 뜨거운 뉴스' - 민동기 기자 + 김민하 시사평론가 [주간 여론조사 리뷰] - 김봉신 대표 (메타보이스) ...	2479	170	47	1
007WXb1ocA4	[생방송] 이재명 후보, 해병대 공약 발표	일시후원: 국민은행 794001-04-154041 서울의소리(강경자) ✓전화후원: 1877-1590 ✓정기후원: ...	6689	1940	57	1
WGwBFPZlLXc	연휴 TV토론 신경전...&#39;코로나19 vs 경제&#39; 설 민심 공략 / YTN	[앵커] 설 연휴가 코앞으로 다가왔지만, 연휴 기간 열기로 했던 대선 후보 토론회 일정은 각 후보 측의 신경전으로 표류하고 있습니다.	1323	24	47	1
AI30FPtZvlc	대박난 동영상! ‘가족 3대의 이재명 응원하기’	박인영 전 부산시의장 유튜브 채널 '598부산행'에서 대박난 영상 가족 3대가 함께하는 이재명 응원하기 #1. 환상적인 라면 ...	5565	2831	178	1
k_7HiM5pgNQ	김혜경 전격 인터뷰…이재명 형수 녹취,김건희 7시간 녹음에 대해 입을 열었다.	이재명 부인 김혜경씨의 인터뷰.	15917	6338	475	1
kr6wTEh06_0	드디어 이재명의 여동생 의문터졌다! #이재명여동생 #이재명전과4범	자율적구독후원 : 하나은행 : 106-910488-13707 (박*옥) 해외페이팔 후원링크 : https://www.paypal.me/jungsungsantv 문의 ...	2083	570	26	-1
AQFLuQ3-R2I	더불어민주당 이재명 대통령 후보, 광주 광산구 5대 공약 발표	앞으로! 제대로! 나를위해 이재명! 이재명 후보가 광주 광산구 5대공약을 발표했습니다. 1. 영산강 황룡강 Y프로젝트 추진으로 생태 ...	14	8	0	1
J8VkobUK_ZU	이재명 후보가 네거티브 안한다니까 그걸 믿냐 &amp;  여동생 이용하기	유재일의 10분 브리핑입니다. 시청해주시는 모든 분들 감사합니다.   좋아요와 구독, 댓글은 채널 운영에 큰 힘이 됩니다! (더보기를 ...	279	92	5	-1
v7N2E-POgaw	이재명 조용히 덮으려다가 딱 걸렸다. FBC뉴스가 적발 단독 보도합니다.	채널에 가입하여 혜택을 누려보세요. https://www.youtube.com/channel/UCULYn1zisR91e3tZZ4tFi1A/join #이재명 #대장동 ...	1052	357	9	1
VdpgP8sLPA4	김윤덕의 할까말까 송~~ #이재명_새로운_대한민국 #김윤덕_전북의_변화 #전북_전주	김윤덕이 부릅니다 할까 말까 고민하지 마세요~ 이재명을 믿으세요!!	1572	224	46	1
0nd8tcTP0L4	김종인, 이재명과 만나나? 중도외연확장을 위한 민주당 특단의 조치 [황보선의 출발 새아침] / YTN라디오	YTN라디오(FM 94.5) [황보선의 출발 새아침] 우리의 이슈가 뉴스를 바꿉니다. 세상을 깨우는 황보선의 출발 새아침 중심잡힌 시선으로 ...	47	6	0	1
uXs1hyNulRM	전재수 '윤석열, 토론 기피 역풍 분다' vs 성일종 '이재명, 4자 커튼 뒤에 숨었다'	라이브 방송 안내 뉴스쇼 라이브 방송 | 매주 월~금 오전 7시20분~9시 댓꿀쇼 라이브 방송 | 뉴스쇼 본방송 끝나자마자 이어서 오전 9시 ...	4087	116	84	-1
ayyaAfgaK0A	이재명의 진심 〈5년 후에도 꼭, 열어봐주십시오〉	공약과 편지영상 : https://forwardjm.co.kr 예비후보자 홍보 영상과 정책공약은 홈페이지(https://forwardjm.co.kr)에서 만나보실 수 ...	347	207	27	1
GYSDsVylL5Y	박근혜 누굴 주목하고 있을까?이재명 윤석열 안철수 조원진#이재명,전라도 내려가 도발했다#안철수 설연휴 후 핵폭탄 터뜨린다#윤석열 청와대 해체,풍수지리 때문?#안방대통령 김건희 등장	(공지)자유국민전선 토크콘서트/2월6일 일요일 오후 2시 서울 지하철 1호선 종각역 4번출구 바로 오른쪽 보신각 끼고 두 번째 골목 ...	5782	1418	46	1
uviidzs4KI4	(오전뉴스) 윤석열 양자, 다자 초대박! 김혜경, &#39;남편 스킬이 모자라&#39; 이재명 고개 숙였다! 한겨레, 추가 선물 공개! 홍준표, 윤 지원 임박! 백운산, 이재명 고문 임명!	공유 https://youtu.be/uviidzs4KI4 회원가입 https://www.youtube.com/channel/UCtmvuCbpw6_TFbeO4ToTAIw/join.	12396	2819	0	1
vFe5KARqUUU	스마트한 &#39;안철수&#39; 클래식한 윤석열, 그럼 이재명은?ㅣ대선후보들의 손목시계ㅣ일요신문U	안철수 #윤석열 #이재명 #심상정 3월 9일 대통령 선거를 앞두고 연일 바쁜 일정을 소화하고 있는 대선 후보들. 바쁜 일정 속에 시간 ...	23	3	0	1
rbXvoPfeG1I	김기현 '이재명 성남시장 시절, 8명의 변호사 수입료 50억 원'	김기현 국민의힘 원내대표가 28일 국회에서 열린 원내대책회의에서 이재명 후보 변호사비 대납 의혹에 대해서 말하고 있다.	616	110	10	-1
_lJs7LzyTVo	(일일뉴스) 이재명 성남FC 측근 연루! 민주당 집단 탈당 충격! / 2022.01.28	윤석열 #이재명 #녹취록 #대선 #선대위 #선대위원장 #대장동 #화천대유 #대장동게이트 #이재명게이트 #특검 #대장동특검 #정권 ...	24984	4814	20	-1
I2Yh5lpsvzw	대한민국 제 20대 대통령후보 이재명 지지영상 예술문화계 인사	문화강국을 꿈꿉니다□ 문화로 아름답고 풍성한 나라 모든 국민이 문화예술을 자유롭게 향유하고 창작 활동이 존중받는 나라를 약속 ...	4	4	0	1
1Tj1dOa3UZc	[송국건의 혼술] “이재명의 지역감정 조장은 치명적 자충수” 왜?	이재명 “박정희가 경상도에 집중투자, 전라도는 소외” 이재명 호남 지지율 비상 운석열 국정운영 비전 발표 “청와대 해체” 정경심 ...	12014	4324	209	-1
aZgzEKgKn3E	유의동 '이재명 공약, 국민를 위한 일?... 또 다른 화천대유?'	유의동 국민의힘 정책위의장이 28일 국회에서 열린 원내대책회의에서 이재명 더불어민주당 대통령 후보의 대장동 의혹에 관련해 ...	285	48	4	-1
OQ5hCO-oxTU	변발헤-광주 이재명/사법부 사망/윤&#39;TV없는 토론&#39;/김재원의 속마음	멤버쉽 링크 - https://www.youtube.com/channel/UCkI2g2FvX-haxXqqDMqc96A/join 송작가TV몰 링크 ...	4344	2020	53	-1
WJ0bz989138	유의동 ' 이재명이 자화자찬했던 치적들? 사실상 &#39;특혜의 대잔치&#39;로 드러나'	유의동 #이재명 #특혜 #대잔치 #국민 유의동 국민의힘 신임 정책위의장이 22년 1월 28일 국회에서 열린 국민의힘 원내대책회의에서 ...	1455	192	19	-1
0qQgElw0_uM	0127(목) 이재명의 눈물 vs 윤석열의 7글자	청년대책본부LIVE [청백리] 청백리淸白吏 : 성품과 행실이 올바르고 무엇을 탐하는 마음이 없는 관리 한 주간 정치인들의 말을 통해, ...	490	99	0	1
TcojdGTxgNY	결국 이재명 민노총에 항복선언! 급이슈 이재명 한상균 노동부장관 임명소식! #윤석열민노총박살 #이재명민노총항복 #이재명전과4범	자율적구독후원 : 하나은행 : 106-910488-13707 (박*옥) 해외페이팔 후원링크 : https://www.paypal.me/jungsungsantv 문의 ...	5567	2191	63	-1
G60P30BBDdg	또 돈 이야? 이재명'섬 주민들에게  &#39;1천원 여객선&#39; 월5회'		200	40	1	1
XL91OFWqHj8	이재명의 눈물....??(#Shorts)	이재명 #대선후보 #대선.	155	36	12	-1
jHaPWYaCmSg	성남FC 후원금 의혹, 이재명 정경유착 냄새 물씬? 검사 사표 배경은? 경기의힘TV 김영환	성남FC의혹 #이재명재벌 #이재명정경유착 #성남FC후원금논란 #대검금융자료 #경찰계좌추적부실조사 #김오수검찰총장 #신성식 ...	15	3	0	-1
0SXhAIMOPkc	김건희 둘러싼 &#39;무속 논란&#39;...이번엔 &#39;신딸&#39; 의혹? / YTN	"與 최민희 ""김건희, 건진법사 신딸이라는 의혹"" 최민희 ""건진법사 '건'자·김건희 '건'자 일치해"" 與 윤호중 원내대표 ""무속 논란, 네거티브 ..."	19156	1024	373	-1
