ID	title	description	viewcount	likecount	commentcount	label
ZSCBnC4slM0	국민은 절박하다. 정치인은 야비하다.후보단일화 국민대회	전광훈 #윤석열 #안철수 #후보단일화 #한국교회방송 #이은재tv #남북통일 #미스바 성회 This stream is created with ...	319	119	3	1
jE6oCJa2qyU	이재명·윤석열, 공식일정 없이 &#39;토론 준비&#39; 매진 / 연합뉴스TV (YonhapnewsTV)	이재명·윤석열, 공식일정 없이 '토론 준비' 매진 [앵커] 더불어민주당 이재명 대선후보와 윤석열 국민의힘 대선후보가 설 연휴 첫날인 ...	915	13	13	1
xeIJ2MYcOl4	두툼한 대선 공약집? 이제는 &#39;클릭, 클릭&#39; / 연합뉴스TV (YonhapnewsTV)	두툼한 대선 공약집? 이제는 '클릭, 클릭' [앵커] 이제 39일 남은 대선전에, 점차 불이 붙고 있습니다. 특히 이번 대선은 코로나19 탓에 ...	167	4	3	1
vgiQhR4KaOA	이재명과의 맞짱토론 앞두고 &#39;윤석열 원팀&#39; 선언 2022.1.29 오전10시	홍준표의원이 원희룡 최재형에 이어 선대본부 참여,유승민도 합류 예상되면서 설연휴 윤석열원팀 선언의 의미 분석 #안철수#이재명# ...	3626	1127	71	1
9NAh4l2wn94	박근혜 중병설 중대 진실 취재했다#윤석열의 좌경화,안철수의 우경화#김건희 뺨치는 김혜경#김재원,박근혜 두렵지않나#홍준표 김종인 어디로 붙을까#안방대통령 김건희에 줄서는 수박보수들	(공지)자유국민전선 토크콘서트/2월6일 일요일 오후 2시 서울 지하철 1호선 종각역 4번출구 바로 오른쪽 보신각 끼고 두 번째 골목 ...	7889	1657	45	-1
gFJskLKwFxU	이재명·윤석열, 일정 비우고 양자토론 준비 집중 / 연합뉴스TV (YonhapnewsTV)	이재명·윤석열, 일정 비우고 양자토론 준비 집중 더불어민주당 이재명 후보와 국민의힘 윤석열 후보는 오늘(29일) 공개 일정을 줄이고, ...	365	14	4	1
h56PBvcnLdY	이낙연 단호박 레전드ㅋㅋㅋㅋ #shorts	이재명 #토론 #대선토론 #토론회 #방송토론 #이재명윤석열토론 #코로나#shorts #홍준표 #윤핵관 #국민의힘 #싸움 #안철수 #안철수 ...	4	3	0	-1
Gj8oHNUvU9w	대선후보 연설은 이정도는 해야지..;; #shorts	이재명 #토론 #대선토론 #토론회 #방송토론 #이재명윤석열토론 #코로나#shorts #홍준표 #윤핵관 #국민의힘 #싸움 #안철수 #안철수 ...	3	4	0	-1
tUxdznYRlug	20대 대선 임박! 후회 없는 선택 도울 6가지 포인트! (이재명, 윤석열, 안철수, 심상정, 김동연, 허경영)	이재명 #윤석열 #안철수 #심상정 #김동연 #허경영 #대선공약 #대선정책 #대선후보 #문재인 #홍준표 #이낙연 #나경원 #오세훈 ...	12	1	0	1
ciSE9kDysVs	- 백령도에서 긴급대담-  대한민국, 제명이 될수도? (김정은에게 속은 게 아니라, 정작 속인 사람은 따로 있다는?)	북한 #문재인정부 # 문재인정부대북정책 #대북정책 #손기웅원장 #김정은 #문재인 #한반도운전자론 #평화경제 #신한반도경제지도 ...	188	36	2	1
s5GDrVF_zls	2022 설날 새해 복 많이 받으십시요~ 홍준표 대표님 존경합니다. #홍준표#윤석열#김건희#이준석#국민의힘#정권교체#원팀#이재명#민주당#안철수#국민의당#문재인#박근혜	2022 설날 새해 복 많이 받으십시요~ 홍준표 대표님 존경합니다. #홍준표#윤석열#김건희#이준석#국민의힘#정권교체#원팀# ...	139	24	0	1
fjVNFngGYQ4	토론왕 원희룡지사 민주당 사회자 말 한마디도 못해 ..전 정권핑계대도 소용없다	토론왕 원희룡지사 민주당 사회자 말 한마디도 못해 ..전 정권핑계대도 소용없다 [뉴스패널] 구독과 좋아요 부타드립니다 구독은 무료 ...	15	6	0	-1
6zMYP8LNj1g	각본없는 사주풀이 조상이 스님!(석우당 논상탐구)	유튜브 월정액 회원님 혜택 * 필독공지!!! 유튜브 월정액 회원 결제제도는 개인정보법상 구글에서 관리하오니 석우당과는 무관함을 ...	811	89	1	1
3rwrG9D21sQ	■[지분경매 조홍서] 2-32강 배우자·직계혈족 또는 형제자매는 법원의 허가 없이 소송대리인이 가능(소액사건)/법원 조정실!!!	지분경매 해결 프로세스 4단계를 체계적으로 배울 수 있는 공간 입니다 문의 010 5967 2768.	10	1	0	1
StHHoVhWFmU	이재명 양자토론말고 다자토론하자!!	"시청해주셔서 감사합니다. ""채널중심""은 여러분의 관심으로 진실을 보도합니다 구독과 좋아요 꾹~ 부탁드립니다 후원: 신한 ..."	3	0	0	1
AxaAnOZCdac	이재명 양자토론말고 다자토론하자!!  #shorts	"시청해주셔서 감사합니다. ""채널중심""은 여러분의 관심으로 진실을 보도합니다 구독과 좋아요 꾹~ 부탁드립니다 후원: 신한 ..."	4	0	0	1
9_S4-_A2pwY	[1/29] 비트코인 아침 실시간 방송~!! 지지라인 정확한 반등~!! 주말은 CME 갭 확인하고 매매~!! 보라, 샌박, 폴리곤,  체인링크, 니어는 이뻐지고 있다~!!	비트코인 #비트코인방송 #비트코인 실시간방송 #비트코인시황방송 #비트코인전망 #비트코인 실시간종목상담 #리플 #이더리움 ...	5842	919	0	1
n56mC_7O-zA	(긴급)홍준표,방금 극단적 최종조치!김건희, 尹권유로 기독교 원로 김장환 목사 두차례 면담!갤럽,윤석열과 이재명 35% 동률!홍준표,선대본 합류 충격입장문!	윤석열TV: https://www.youtube.com/channel/UCcl16CxYqlbKQJVCfdhSJVw 윤석열 공식 유튜브 주소입니다. 나라를 살리는 모든 ...	2557	389	5	1
iRSfyGV4OHk	[주식강의] KEC.인성정보.써니전자.인트로메딕.후성.보성파워텍	채널에 가입하여 혜택을 누려보세요. https://www.youtube.com/channel/UCswZvtKxLZ0lK6X7i0VpQEw/join 옆집형 ...	16	4	0	1
sfWqeFSBNXg	국민은 절박하다. 정치인은 야비하다.후보단일화 국민대회  2022.1.29	전광훈 #윤석열 #안철수 #후보단일화 #한국교회방송 #이은재tv #남북통일 #미스바 성회 국민혁명당 당원가입 ...	593	148	0	1
X0mZoJ4BHIg	#충청도사투리#예산군#추억이 있는 장구경 3일 8일 없는거빼고 다있는 예산 역전장 덤은기본 흥정은 능력 #볼거리#먹거리#시골인심#백종원 국밥거리#3차부스터샷#샷추가#잡초#아귀가	뿌린만큼 거두리라 칼로베인 상처는 쉽게 아물지만 말로베인 상처는 치유되지 않는다 서로 따뜻한말로 상처주지말아요 인생살이 ...	33	7	6	1
lPCGuv7lsgA	안철수 안설희박사의 오미크론 극복 연구   안설희 브이로그	안철수 #안설희박사의오미크론극복연구 #안설희 브이로그.	1	0	0	1
YUKoAg87dhE	The number of corona confirmed in the Blue House.Presidential Candidate Yun&#39;s Political Promise	이준석을 빨리 쳐내라. 윤석열 안철수 단일화 #윤석열#안철수#단일화#정권교체# 즐거운 연휴 보내십시오. 시청해 주셔서 감사합니다 ...	2	2	0	1
tjAGttbD8bE	[칸트TV] 홍준표 힘든 결정을 해야할 시점 거취결정 임박 / 이준석 이수정 젠더 강사로 다시 모셔온다 여가부 폐지는?!	청년의꿈* 모두 모여라~!! http://theyouthdream.com/ 상단의 링크를 클릭~!! 회원가입 ㄱㄱ~!! *아름다운 세상을 꿈꾸는 유튜브 채널* ...	522	148	1	1
