ID	title	description	viewcount	likecount	commentcount	label
DzbVP39DjzU	李·尹, 사흘째 토론 협상...개최 안갯속 토론 준비 &#39;올인&#39; / YTN	[앵커] 더불어민주당 이재명 대선 후보와 국민의힘 윤석열 후보 측은 오늘도 사흘째 '양자 토론' 협상을 이어갑니다. 양강 후보의 양자 ...	3508	89	125	1
_8t-S23ApfE	[천기누설4탄] 안철수 후보 사주만 주었는데 소름돋는 사주풀이 한마디로 '낙장불입'	2022년 임인년 액운소멸 홍수맥이(음력1월14일) 상담,신청받습니다.문의주세요! #안철수 #안철수사주 #사주풀이 #대통령 #연예인 ...	106	8	1	1
nekyGcWlzv4	국민이 안철수를 불러냈다 이전과 다르다 중도포기는 없다	2022대선 #안철수 #윤석열 #이재명 #이준석 ♥ 후원안내 ♥ ※국내 후원 국민은행, 365202-01-189195 김*원 ※해외 후원 PayPal ...	306	69	9	1
gc3msHFgA5E	설 연휴 벽두 부터 이준석, 안철수 비판하다가 되려  '엄청난 &#39;성상납 의혹&#39; 밝히라!' 역공받고 있다!/2020130		1637	545	19	-1
TRfowL3mEzo	안철수 의 외신기자클럽 기자간담회 보시면 준비된 대통령 후보를 알게 됩니다.	안철수 #윤석열 #이재명 안철수 뽑으면 안철수 대통령 됩니다.	16	2	0	1
mWjFN7ug_aM	경제 대통령 안철수 #메타버스 #가상화폐 #안철수 #삼프로TV		179	88	16	1
Qr2Gfzwri08	#안철수 발성변화 과정.. (발성학원 어디냐ㅡㅡ) #shorts	국민의힘 #민주당 #뉴스 #지지율 #토론 #대선 박근혜 # 이명박 #심상정 #홍준표 #안철수 #토론 #대선토론 #레전드토론 #MB아바타 ...	22	5	4	-1
q-CznCKpeD4	'누군가는 국가의 미래를 위해 나서야 하지 않겠습니까?' #안철수		45	36	4	1
nP290S6etzc	안철수 '양당 모두 적폐 세력이다!'	"시청해주셔서 감사합니다. ""채널중심""은 여러분의 관심으로 진실을 보도합니다 구독과 좋아요 꾹~ 부탁드립니다 후원: 신한 ..."	2	1	0	1
-STw6dGu7Iw	7년 전, #공정성장 원조 #안철수(2015)		60	32	3	1
OLl1RIoa5SU	안철수 '양당 모두 적폐 세력이다!' #shorts	"시청해주셔서 감사합니다. ""채널중심""은 여러분의 관심으로 진실을 보도합니다 구독과 좋아요 꾹~ 부탁드립니다 후원: 신한 ..."	2	0	0	1
p8CREKYavl8	류근일, 피를 토하며 윤석열ㆍ안철수에게 고한다!		301	58	0	1
uu_pMojkBfs	사실인가? 윤석열 받았나?	안철수 #윤석열 #이재명 안철수 뽑으면 안철수 대통령 됩니다.	0	1	0	-1
3_RNUWmS0Gs	안철수 처신은 악마자체, 서울시장후보로 나와서, 자기는 대선에 절대 나오지 않겠다고 하고서도 교활하고 뻔뻔하게 대선에 출마, 정권교체의 가장 큰 걸림돌이 된 역사의 죄인이다!		4	1	0	-1
S4Bruzu0Erk	긴급기자회견	안플릭스 https://ahnflix.kr/videoMain/selectMainList 블로그 https://blog.naver.com/star0919star/222634608930 삼프로TV 안철수편: ...	8	5	0	1
TBpPzf4QWDs	대선후보들, 현정부 대북정책 &#39;때리기&#39;·&#39;차별화&#39; / 연합뉴스TV (YonhapnewsTV)	대선후보들, 현정부 대북정책 '때리기'·'차별화' [앵커] 여야 대선후보들의 대북정책 공약은 대중의 주요 관심사 중 하나입니다.	292	10	10	1
8PxT1DPss70	[대선풍향계] 오미크론발 &#39;5차 대유행&#39; 시작…대선 영향은? / 연합뉴스TV (YonhapnewsTV)	[대선풍향계] 오미크론발 '5차 대유행' 시작…대선 영향은? [앵커] 오미크론 변이가 무서운 기세로 확산하고 있습니다. 파고가 정점에 ...	493	9	6	1
TebH_qSqcnI	안, 이-윤 양자토론 강행시 &#39;야외 철야농성&#39; 나설듯 / 연합뉴스TV (YonhapnewsTV)	안, 이-윤 양자토론 강행시 '야외 철야농성' 나설듯 국민의당 안철수 대선 후보가 더불어민주당 이재명, 국민의힘 윤석열 후보의 양자 ...	487	16	16	1
FEBgV7aiHnI	문재인 정권의 특목고 폐지를 전면 백지화하겠습니다	안철수 유튜브 https://www.youtube.com/user/jinsimcamp 페이스북 https://www.facebook.com/ahncs111 인스타그램 ...	47	0	5	1
l6j0ZzAgb_U	부동산 유튜버가 왜 누구를 찍으라마라야?	부동산 투자자문(유료) : moboohouse@gmail.com​ ​ ※ 모두의부동산 카페 : https://cafe.naver.com/moboohouse ​ ​※ 모두의 ...	10292	773	164	1
x6eyzCyi19M	내로남불 정말 참을수 없어서 지켜보다가 민주당 패널 조용히시켜버리는 주영진앵커	내로남불 정말 참을수 없어서 지켜보다가 민주당 패널 조용히시켜버리는 주영진앵커 [뉴스패널] 구독과 좋아요 부탁드립니다 구독은 ...	38	5	1	-1
IFZGtrT0C1Y	대선승리 이후에 맞딱드릴 적폐들과 윤석열시대의 고난들.	채널에 가입하는 방법 https://www.youtube.com/channel/UC242xa78h95GOvuM8UhRS1w/join ✔️ 영상 시청하시기 전에 구독과 ...	6752	1813	19	1
UB8gpKgqH4k	배상훈 정종권의 막장토론 1.29 : 콜센터 상담사의 삶, 은수미에 보고서 전달 경찰관 중형 선고	배상훈 정종권의 막장 또는 난장토론 1월 29일 △ 사건사고 -콜센터 노동자 상담사와 80년대 구로공단 여공 -화려한 실리콘밸리의 ...	571	116	0	1
vXpjNxkF0fY	#속보#미국마트에도 한국 막걸리가 있다 #United States of America#이지영상#한국막걸리#실시간#잡초#korea mart#이지영상#샷추가	뿌린만큼 거두리라 칼로베인 상처는 쉽게 아물지만 말로베인 상처는 치유되지 않는다 서로 따뜻한말로 상처주지말아요 인생살이 ...	86	24	28	1
zrKWsOqmcvM	세종대왕 vs 안종대왕	안철수가답이다뉴스(안답뉴)는 시청자분들의 소중한 댓글로 제작되는 안철수 후보 순수 지지자운영채널입니다. 진정성있고 자유 ...	4	1	0	1
IiiJp6R2ph4	세종대왕 vs 안종대왕 #shorts	안철수가답이다뉴스(안답뉴)는 시청자분들의 소중한 댓글로 제작되는 안철수 후보 순수 지지자운영채널입니다. 진정성있고 자유 ...	1	0	0	1
