ID	title	description	viewcount	likecount	commentcount	label
YuTecD_AFl8	[대선콕콕] 이재명 탈모 공약은 포퓰리즘?...현실화까지 첩첩산중 / YTN	[앵커] 민주당 이재명 후보가 내놓은 탈모 치료제 건강보험 적용 공약은 많은 지지와 함께 포퓰리즘이란 비판도 동시에 받고 있습니다.	1417	20	74	1
KIF4e7bb4Y4	이재명-윤석열 양자토론 실무협상 또 결렬…진행방식 이견 / 연합뉴스TV (YonhapnewsTV)	이재명-윤석열 양자토론 실무협상 또 결렬…진행방식 이견 [앵커] 민주당 이재명, 국민의힘 윤석열 대선후보의 31일 양자토론이 협상 ...	2870	71	95	1
DzbVP39DjzU	李·尹, 사흘째 토론 협상...개최 안갯속 토론 준비 &#39;올인&#39; / YTN	[앵커] 더불어민주당 이재명 대선 후보와 국민의힘 윤석열 후보 측은 오늘도 사흘째 '양자 토론' 협상을 이어갑니다. 양강 후보의 양자 ...	3508	89	124	1
JUlBD0ae66Y	이런데도 정신 못 차리고 이재명, 윤석열 뽑겠습니까?	허경영 1억 지급 가능한가? ↓↓↓ [1억.com] 접속 https://hkygame.com 허경영 대통령후보 후원회 후원하기: ...	1289	225	48	1
4BxRB3P-LMw	이재명 윤석열 / 욕사과 개사과 비교 / 조선일보 횡포	제이피팡 바로가기 http://biz79.com/ 쇼핑도 후원도 즐겁게.... 즐기자구요 ~	223	63	5	1
ydEUktEiDUo	최민희 전우용...만일 녹취록에서 김만배가 '이재명을 확실히 죽일 수 있는 카드를 가지고 있다'했다면 검찰과 언론은 어떻게 했을까요?	"만일 녹취록에서 김만배가 ""이재명을 확실히 죽일 수 있는 카드를 가지고 있다""했다면 검찰과 언론은 어떻게 했을까요? 최민희 ㅡㅡㅡ ..."	648	239	19	-1
MAvKSKh18Tc	[박대표의 운명돌파]  1.30(일) 이재명-윤석열 양자토론 실무협상 또 결렬..진행방식 이견, 중고차 허위매물 뿌리 뽑겠다	정치인물분석 #사팔랩 #박대표 #정치인의운명 #더불어민주당 #이재명후보 #국민의힘 #윤석열 #인물심리분석 #이재명후보공약 ...	0	28	0	1
qxA_Otwu2xo	♥이재명 후보교체? #shorts	이재명 후보교체? 석열오빠를 지지하는 우빨들은 어떡하면 재명오빠를 난도질할까 어떡하면 재명오빠를 쫒아낼까 오직 이 일념으로 ...	43	2	0	1
I4vP_NVl1u8	[신지호의 쿨-톡] 조국사태를 놓고 갈라진 이재명과 이해찬		14215	5933	237	1
D8sB5KnmmFg	강성 문파內 들끓는 ‘反이재명’ 운동… 李 ‘文과 차별화’에 대한 공포	강성 문파內 들끓는 '反이재명' 운동… 李 '文과 차별화'에 '친문 절멸' 공포.	25403	9065	432	-1
hru5wMuzjkM	[짤] 국민의힘, 입만 열면  가짜뉴스! #이재명아들	새날마켓 바로가기 : https://www.saenalmarket.com 새날패밀리 구독하기 ...	6212	1658	92	1
P6K2SY1n4LA	'나를 위해 이재명!  20대 대선 정책세미나 메니페스토링'		3	2	0	1
kwuC272XkZg	'나를 위해 이재명!  20대 대선 정책세미나 메니페스토링'		3	1	0	1
BqPIMEamvF0	이재명 후보 전과 4범의 진실은?	1, 특수공무집행방해 2, 무고 및 공무원 자격 사칭 3, 음주운전 4, 선거법위반 이재명 형 이재선씨 '정신과입원 확인서'와 '존속협박 ...	11623	2876	255	-1
uxFO0C0xz0U	7번만 클릭하면...? 두둥탁!	JMBTI #안귀령 2022년 행복해지고 싶은 여러분~  ‍  ‍  ‍   JMBTI 소확행 테스트 함께해요!   약속하면 지킨다! 이재명 후보의 여러 ...	6340	3434	266	1
vMt9_vSxFeo	이재명 후보 '검찰공화국 우려'	"이재명 후보의 석촌호수 연설 중 ""대선에서 지면 감옥에 갈 것 같다""라는 말은 검찰공화국이 다시 열리지 않을까 하는 우려의 표현 ..."	5	3	0	-1
EfnM8rlrYDk	이재명 후보 '권한행사에 영향을 미칠 수 있는 요소들은 검증해야'	"""대선 D-44 이재명 후보에게 듣는다"" YTN 인터뷰 이재명 후보님의 인터뷰를 쇼츠로 간략하게 소개합니다. 'YTN news' 인터뷰 전체 ..."	4	2	1	1
VHbCXdoehto	이재명 후보 '윤석열, 특정인을 확정적 범죄자로 단정하는 건 황당'	"""대선 D-44 이재명 후보에게 듣는다"" YTN 인터뷰 이재명 후보님의 인터뷰를 쇼츠로 간략하게 소개합니다. 'YTN news' 인터뷰 전체 ..."	7	6	1	-1
UTk7JqLboKE	긴급! 김혜경이 이재명의 큰 비밀을 처음으로 공개한다! 이재명 드디어 끝났다!	긴급! 김혜경이 이재명의 큰 비밀을 처음으로 공개한다! 이재명 드디어 끝났다!	452	16	4	1
oB73ExmyNuc	이재명 후보 '윤석열, 국가의 운명을 우연적 요소에 의해 결정하지 않을까 하는 국민의 우려... 명확한 해명 필요'	"""대선 D-44 이재명 후보에게 듣는다"" YTN 인터뷰 이재명 후보님의 인터뷰를 쇼츠로 간략하게 소개합니다. 'YTN news' 인터뷰 전체 ..."	4	4	0	1
k5230-3GvqE	이재명 후보 '없는 죄 만드는 게 특수부 검사들이 해왔던 일... 윤석열, 국가권력을 사적 이익 위해 남용할 가능성 많아'	"""대선 D-44 이재명 후보에게 듣는다"" YTN 인터뷰 이재명 후보님의 인터뷰를 쇼츠로 간략하게 소개합니다. 'YTN news' 인터뷰 전체 ..."	11	6	0	-1
bwfOw6TPods	이재명 후보 '청년들이 저성장 피해 받아... 더 나은 상황 만들 후보 선택해 달라'	"""대선 D-44 이재명 후보에게 듣는다"" YTN 인터뷰 이재명 후보님의 인터뷰를 쇼츠로 간략하게 소개합니다. 'YTN news' 인터뷰 전체 ..."	3	3	0	1
eJbC2Hg47PY	이재명이 대통령이 된다면 저는 홍길동이 되겠다 이 좌파리들을 때려잡겠다		5	1	0	1
TBpPzf4QWDs	대선후보들, 현정부 대북정책 &#39;때리기&#39;·&#39;차별화&#39; / 연합뉴스TV (YonhapnewsTV)	대선후보들, 현정부 대북정책 '때리기'·'차별화' [앵커] 여야 대선후보들의 대북정책 공약은 대중의 주요 관심사 중 하나입니다.	292	10	10	1
E_eBz2i5yWg	이재명 후보 '국민 삶이 개선되는 게 중요... 실력, 실적, 실행, 국민께서 판단해 주실 거라 믿어'	"""대선 D-44 이재명 후보에게 듣는다"" YTN 인터뷰 이재명 후보님의 인터뷰를 쇼츠로 간략하게 소개합니다. 'YTN news' 인터뷰 전체 ..."	3	2	0	1
gscWwWoZdcU	[✍🏻사팔랩 브리핑]  1.30(일) 자유토론하자? 이로다 토론 무산, 김만배, 한 방에 죽일 수 있는 카드!!  김종인 나는 허수아비였다	정치인물분석 #사팔랩 #박대표 #정치인의운명 #더불어민주당 #이재명후보 #국민의힘 #윤석열 #인물심리분석 #김건희 #4자토론 ...	811	381	7	-1
LN2mpXeMgn8	범 시민사회단체연합, 이재명 후보 부부 감사청구 기자회견		5	2	0	1
Qjpg_SWr6D8	유시민, 벌구 서결이...	유시민, 벌구 서결이...	5446	1627	88	-1
Ny7wU6L8e58	2부 강준만 전북대교수의 충격적인 이재명 과거행적! #이재명전과4범	자율적구독후원 : 하나은행 : 106-910488-13707 (박*옥) 해외페이팔 후원링크 : https://www.paypal.me/jungsungsantv 문의 ...	2026	392	5	-1
NiaTPy1FlD4	이재명의 별마을	사진,영상,글 - 이원규시인.	1	0	0	1
RnDs-SZ3ceY	[7471] 이명박이 노무현 죽였다던 놈들아, 니들 논리라면 검찰이 죽인 게냐?	1. 대장동 수사 = 이재명 죽이기 + 윤석열 보호 2. 검찰과 문재인의 분리인식 3. 검찰과 이명박의 분리인식 = 이명박은 관계 없고 검찰이 ...	39	5	0	-1
tgJqhIbwAnU	尹 후보의 ‘개 사과’보다 李 후보의 ‘욕 사과’에 더 화가 난 이유	서민, 이재명의 욕사과는 대상도 틀리고 사실관계도 잘못됐다. 그런데도 왜 화 내지 않나?	14847	3095	89	-1
Ig4uGLWCi2U	설명절 가족과 함께 건강요리 먹방~^^	이재명은합니다 #우리가언론이다 #이거보고이재명찍기로했다 자발적 후원계좌 국민은행 355 24 673 0029 *지인 이메일 ...	1407	339	0	1
H8_fn9YA8qg	[정치人싸] “윤석열 자필 편지? 또 무슨 사고 쳤길래?”｜대구 무공천에 ‘김재원 탈당 후 출마’ 곤혹스러워진 이준석? - 이준석, 현근택, 천하람, 김준우 &amp; 허일후 아나운서	인싸를 꿈꾸는 네 남자의 유쾌·상쾌·통쾌 정치 토크쇼! | 시즌 3 PPL을 원하시는 분은 댓글 혹은, mbcradiofocus@gmail.com 으로 메일 ...	27851	2148	425	-1
-goKIZskp8g	형수 형님 조카에게 욕한죄 사과하러 이재명 김혜경 가다	이재명대통령되면 #김혜경국모가되면 #문재인배신에눈물 #욕쟁이이재명김혜경 #역적들이대통령되면 #박근혜대통령청와대 #역적 ...	1725	414	63	-1
8PxT1DPss70	[대선풍향계] 오미크론발 &#39;5차 대유행&#39; 시작…대선 영향은? / 연합뉴스TV (YonhapnewsTV)	[대선풍향계] 오미크론발 '5차 대유행' 시작…대선 영향은? [앵커] 오미크론 변이가 무서운 기세로 확산하고 있습니다. 파고가 정점에 ...	493	9	6	1
z4cpY1O2YOg	진중권의 이재명 손절 과정	시사저널TV 시사끝짱 https://youtu.be/a0gNjYmRkpE.	0	0	0	1
kFHm7Sos4FM	이재명은 합니다.	민주당 권리당원으로써 3월9일 대선에서 꼭 승리합시다. 곶감농사도 대박나서대둔산골에서 잘살고 싶습니다. 대한민국 화이링~	0	0	0	1
G6BdOoPjy3w	1.28. YTN 변상욱기자  뉴잇져, 김만배 녹취 방송 불방 예고편-  &#39;윤&#39;언급 보도 '내가 가진 카드면 윤 끝장나'	"[특별 원격 생방송] 김만배,정영학 녹취록 단독 공개! - “윤석열이는 형이 가지고 있는 카드면 죽어!"" - 화천대유 김만배 - 열린공감TV ..."	41	7	0	1
TRfowL3mEzo	안철수 의 외신기자클럽 기자간담회 보시면 준비된 대통령 후보를 알게 됩니다.	안철수 #윤석열 #이재명 안철수 뽑으면 안철수 대통령 됩니다.	16	2	0	1
Qr2Gfzwri08	#안철수 발성변화 과정.. (발성학원 어디냐ㅡㅡ) #shorts	국민의힘 #민주당 #뉴스 #지지율 #토론 #대선 박근혜 # 이명박 #심상정 #홍준표 #안철수 #토론 #대선토론 #레전드토론 #MB아바타 ...	22	5	4	-1
CKlrIxkVWeM	김종인 '나는 허수아비였다'	김종인 #이재명 #윤석열 채널에 가입하여 촛불동지로서 대선승리를 위해 함께 해요 ...	806	207	6	1
PAETrYwBzj4	윤석열 저격한 &#39;김만배 녹취록&#39; 열린공감 해냈다! 김의겸 '검찰, 당장 수사해야' - 이재명 후보 페북에 댓글 남긴 이준석 '안철수 측의 성상납 의혹 질문부터 답하길'	윤석열김만배녹취록열린공감 #이재명페북에어그로끈이준석 #안철수측이준석성상납의혹질문 ▣ 황희두 멤버십 후원 ...	24054	11934	538	-1
Y8NU7rA2mKc	D-39 사남하 지역위원회 당원 아침 출근인사	간절한 마음 없이 그 어느 것도 이룰 수 없다.... 좀 더 나은 대한민국의 발전을 위해 우리는 이재명을 선택했고, 이재명의 당선을 위해 ...	0	0	0	1
uu_pMojkBfs	사실인가? 윤석열 받았나?	안철수 #윤석열 #이재명 안철수 뽑으면 안철수 대통령 됩니다.	0	1	0	-1
kBToWY6AYtw	[짤] 이재명 촉법소년 나이 낮춘다!	새날마켓 바로가기 : https://www.saenalmarket.com 새날패밀리 구독하기 ...	1685	429	22	1
iXMfCFzDvyM	대박	"이재명 #이준석 Music provided by : ""Keys of Moon - The Epic Hero"" is under a Creative Commons license (CC BY-SA 3.0) ..."	5753	3990	308	1
OK44Eb_REPQ	[꿀잼 핵심요약] 윤희숙 스페셜/ 의원직 사퇴 하루전 마지막 인터뷰/대선에 도전한 이유  _220130	[꿀잼 핵심요약] 윤희숙 스페셜; 초선인 내가 대권에 도전한 이유 정도언론 인간존중 인류평화 를 위해 나아가는 아시아 투데이!	305	96	4	1
LEtckWRE3AI	💥더불어민주당 김종민의원.. 🔹권력 주변이 권력의 핵심이 되어서 권력을 '독점'하고있다.#shorts	청년의소리 정말 리얼한 청년들의 목소리 여러분의 구독과 좋아요가 큰 힘이됩니다 ...	1	1	0	1
nekyGcWlzv4	국민이 안철수를 불러냈다 이전과 다르다 중도포기는 없다	2022대선 #안철수 #윤석열 #이재명 #이준석 ♥ 후원안내 ♥ ※국내 후원 국민은행, 365202-01-189195 김*원 ※해외 후원 PayPal ...	306	69	9	1
