ID	title	description	viewcount	likecount	commentcount	label
XpWvSdNrV2U	이재명·윤석열 양자 토론 협상 표류...자료 반입 두고 &#39;팽팽&#39; / YTN	[앵커] 오늘 저녁으로 예고됐던 대선 후보 양자 토론 개최가 불투명해지고 있습니다. 토론회에 '대장동 자료' 반입을 두고 더불어민주당 ...	8051	240	333	1
JFcheHC_CUQ	도전! 인싸템 라임 VS 잼 아저씨의 웃기는 말랑이 &amp; 어몽어스 팝잇대결  among us Pop-It Showdown	말랑이 #팝잇 #어몽어스 도전! 인싸템 라임 VS 이재명 잼 아저씨와 함께하는 웃기는 말랑이 & 어몽어스 팝잇대결 among us Pop-It ...	6881	1649	253	1
N8Vab56CqbA	홍진경에게 수학 가르치러 온 대선 후보 3명(이재명,윤석열,안철수) [공부왕찐천재]	찐천재에 특별한 선생님들이 찾아오셨네요 어떤 선생님을 먼저 공개할지 고민하다가 주사위를 던져보았습니다 앞으로 공개될 수업들 ...	22158	1004	198	1
GolBfgQjkBg	위기 극복과 일상 회복에 온 힘을 쏟겠습니다	즐거워야 할 설 연휴임에도 코로나로 마음이 무겁습니다. 오미크론 확산으로 어려움을 겪고 계신 소상공인 자영업자분들을 볼 때면 ...	5585	5007	938	1
iRm3bf2VhlI	1월27일 이재명 후보 광주 방문	이재명 후보의 말은 버릴 것이 없습니다. 진정한 말에 따른 우리의 미래 One of the penalties for refusing to participate in politics is ...	162	63	8	1
Lfhg1Gp9FpA	[뉴스트라다무스] 이재명이 성남시장 당시 부시장을 바라봤던 충격적인 태도 Ep.14 #shorts	이재명 #이재철 #부시장.	328	68	2	-1
5ryx-6UMOaI	양자토론 사실상 불발‥李 '사시 부활', 尹 '사드 추가' (2022.01.31/12MBC뉴스)	오늘로 예정됐던 더불어민주당 이재명 후보와 국민의힘 윤석열 후보의 양자 TV토론이 사실상 불발된 가운데, 두 후보는 온라인을 통해 ...	357	15	15	1
trW5FZrDyPI	전라도 시인 정재학님의 이재명 지지자 30%들에게 성토함! #정재학 #이재명전과4범 #윤석열필승	자율적구독후원 : 하나은행 : 106-910488-13707 (박*옥) 해외페이팔 후원링크 : https://www.paypal.me/jungsungsantv 문의 ...	4927	1229	78	-1
tVWPptfm6T4	이재명 '이긴 전쟁보다 더러운 평화가 낫다' (+ 민주당 불가수)	인라이트 스쿨 구독계좌 : 하나은행 403-910045-18704 주식회사 인라이트스쿨.	1423	196	1	1
C4BfSe428R0	이재명과 윤석열의 종이 되려는 국민이 많다.	이재명과 윤석열의 종이 되려는 국민이 많다. #이재명 #윤석열 #이재명대장동 #윤석열무속논란 #이재명형수욕설 #이재명아들 ...	29	9	2	-1
eDY6VIj9G20	이재명 부인 김혜경 &#39;몸종 공무원&#39; 사태 일파만파! &#39;허위사실&#39;이라더니 제가 사과? 제보자가 벌벌떠는 이유! 놀라운 사실이 드러났다! 이런 인간 이었어?!	정의구현 멤버십 가입 : https://www.youtube.com/channel/UCUNwNXVrWAHQpc8gPp1c6kw/join 자발적 구독료 : KB국민은행 ...	16144	4222	167	-1
LkU-lLCYBcw	【맨인블랙의 닥치고 이재명 _054】 분발하라, 민주당! 판검사들에게 당하지는 말아야지!	정경심 교수 판결이나 최은순 씨 판결에서 보듯, 이제 문정권 말기에 판검사들이 제식구 감싸기에 나섰습니다. 사법부나 검사들은 서민 ...	22	16	1	-1
un9bwPsF5Ik	[7482] 김만배 손아귀 윤석열, 이재명 되면 대장동은 윤석열 무덤	1. 대장동 사건 정밀수사(O) 2. 노회찬 타살혐의 재수사(△) 3. 노무현 타살혐의 재수사(?)	137	25	3	-1
vV553TEKwLg	이재명 측 무제한 토론.. 프라임 시간대 거부.... 자신감 어디 갔어?	이메일 : newsdot724@naver.com(사연/칼럼/뉴스제보-url 첨부) 멤버십 ...	4157	869	80	-1
x-oSh0QAzdg	성남 시민들을 울린 역사에 남을 이재명의 감동 연설 (feat. 김어준)	성남 상대원 시장에서 연설하는 이재명.	24	10	2	1
zudFwit4MNA	속보! 윤석열, 심야 충격적인 입장 발표, 75% ! 이준석, 사임 후 이재명의 죄책감 고발! 이재명 자택 긴급체포·수색…	속보! 윤석열, 심야 충격적인 입장 발표, 75% ! 이준석, 사임 후 이재명의 죄책감 고발! 이재명 자택 긴급체포·수색…	3692	474	17	-1
csLH6csrbYE	1월 31일 (월)  오늘 李-尹 양자토론 무산되나?/이재명 호남 소외론, 파장은?/북한 올해들어 7번째 발사/설 밥상 민심 총력전, 여야 전략은?	[1부] 뉴스 온더 블럭 #최형창 세계일보 기자 [2-3부] 뉴스싹쓰리 -오늘 李-尹 양자토론 무산되나 -국힘, 무공천 논란! 무늬만 쇄신인가 ...	17093	718	8	1
f8bnri9uYv4	[2022] 설날 특집 B tv 인천뉴스	인천뉴스 #btv뉴스 #SK브로드밴드 설날 특집 B tv 인천뉴스 -[설특집-대선 주택 공약] ① 이재명, 양도세 중과 한시적 유예…4종 주거 ...	56	5	0	1
Uo3CZ2RoZ_8	【인간이재명】EP.④②-① 부동산마피아의 역린을 건드리다	이재명알리기【FACT CHECK】가짜뉴스요약    https://m.blog.naver.com/jaemyunglee?categoryNo=72 #이재명은했습니다【FACT ...	4	4	0	1
r6UmFEBX9zw	이재명 녹음파일 22번 이재명－이재선(친형) 통화	22/34 6분 통화, 통화 내내 일방적 욕설 이재명이 친형 이재선, 형수 박인복 등과 통화하며 온갖 협잡과 욕설이 담긴 녹취록 원본 34개 ...	66	16	2	-1
uo51sjEwlew	【인간이재명】EP.④②-③ 부동산마피아의 역린을 건드리다	이재명알리기【FACT CHECK】가짜뉴스요약    https://m.blog.naver.com/jaemyunglee?categoryNo=72 #이재명은했습니다【FACT ...	4	4	0	1
eaU991u0dw8	[마음을 얻는 토론: 이재명 vs 윤석열] 설 라이브	"마음을 얻는 토론이라면 ""누가 더 대통령다울까? 누가 더 내 삶을 낫게 만들까? 누가 더 믿음직할까?"" 라는 미래지향적 질문에 다가 ..."	0	52	0	1
xXYILN1bprU	이재명-윤석열 토론 &#39;자료지참&#39; 놓고 평행선…사실상 무산 수순 / 연합뉴스TV (YonhapnewsTV)	이재명-윤석열 토론 '자료지참' 놓고 평행선…사실상 무산 수순 [앵커] 더불어민주당 이재명 후보와 국민의힘 윤석열 후보 측이 오늘(31 ...	4942	151	151	1
X03t4H0XokM	[7484] 이재명, 사법시험 일부부활 + 대입 정시확대	"이 후보는 ""사법시험을 일부 부활시키겠다""며 ""법학전문대학원(로스쿨)과 병행해 예외적으로 학력 제한 없이 법조인이 될 수 있는 길을 ..."	47	11	1	1
jc_goLW4Tac	[짤] 이재명의 놀라운 공약 천원 여객선	새날마켓 바로가기 : https://www.saenalmarket.com 새날패밀리 구독하기 ...	1453	322	8	1
XdpkknP5q-4	양자토론 과연! (feat.이재명, 윤석열) #shorts		884	90	7	1
3j4CM1PmHH4	“일과 90%가 이재명 아내 심부름” 경기도 前공무원 주장! [사이다 in #Shorts] 이렇게 논란 많은 후보 있었나요? 절레절레	일과 90%가 이재명 아내 심부름” 경기도 前공무원 주장! [사이다 in #Shorts] 이렇게 논란 많은 후보 있었나요? 절레절레 더불어민주당 ...	5	1	0	-1
ogzwFSVzZqQ	【인간이재명】EP.④②-② 부동산마피아의 역린을 건드리다	이재명알리기【FACT CHECK】가짜뉴스요약    https://m.blog.naver.com/jaemyunglee?categoryNo=72 #이재명은했습니다【FACT ...	7	5	0	1
s4q-Fm5VQ2A	긴급! 윤석열 검사가 이재명 피의자를 취조하는 모습? 민주당이 양자토론 겁내는 충격 이유! 수사로 드러난 이재명 윤석열 의혹의 실체!	긴급! 윤석열 검사가 이재명 피의자를 취조하는 모습? 민주당이 양자토론 겁내는 충격 이유! 수사로 드러난 이재명 윤석열 의혹의 실체!	40	19	1	-1
0JbNbByN7oM	이재명후보 형 이재선씨 &#39;정신과입원 확인서&#39;와 &#39;존속협박 폭행&#39; 등 법원 판결문	"영상출처 : @서울의소리 Voice of Seoul #이재명형 #이재선 #정신과입원확인서 #존속협박 #폭행 #법원 #판결 ""오직 국민의 더나은 ..."	180	83	15	-1
CRkDUh-Hwhs	나늘 위해, 이재명	나를위해 #이재명 #앞으로 #제대로 #대한민국대전환.	0	0	0	1
ttdmqg_WtDg	ARS 조사도 폭등 추세...20대, 이 9.2%P 상승, 윤 11.9%P 폭락	ARS 조사도 폭등 추세...20대, 이 9.2%P 상승, 윤 11.9%P 폭락 #KSOI조사.	4825	1429	66	-1
QhYTjGzi-OI	대통령은 이재명		1	0	0	1
CBgs7FOKQnM	&#39;양자토론&#39; 도망친 이재명, &#39;내로남불 지존&#39; 비판에 얼굴 구겼다! 윤석열 작심발언에 민주 충격! 김건희, &#39;올바른 언론관&#39;에 찬사 이어져!!	정의구현 멤버십 가입 : https://www.youtube.com/channel/UCUNwNXVrWAHQpc8gPp1c6kw/join 자발적 구독료 : KB국민은행 ...	4	138	0	-1
qQdOP-28PKg	나를 위해, 이재명		0	0	0	1
fd983XMCN8A	이재명 후보 사법시험 부활 청년 공약 발표	이재명 후보가 청년 공약으로 사법시험 부활을 약속하였다 로스쿨의 폐지는 언급하지 않은듯 하므로 사법시험과 로스쿨 변호사 시험 ...	5	2	0	1
TcNGO5TGIoQ	국힘의 마지막 요구 사항 충격 (SBS 왜 이러나ㄷㄷ)	영상설명 : 토론 비하인드 내용과 함께 이재명 후보 공약 등 전해드리겠습니다 감사합니다.	39292	8725	325	1
0OMfvByVLFw	이재명 컨디션 아주 좋은 날 / 그 부부 진짜 모습 TOP #화질개선판 #shorts	자율시청료: 국민은행 680402-00-108021 예금주 권* 멤버십 가입 링크: ...	1870	685	30	1
qOBtCm2k98s	윤석열 이재명 양자토론 무산		14	2	0	1
TJT-qeXI6sw	이름감정원 제 206회  20대 대통령후보 이재명(더불어민주당)  이름감정	이름으로 새로운 미래를 디자인하다.	6	2	0	1
mT5bvVbVv7c	이재명은 합니다		1	0	0	1
DKuAqSOP8Fg	문대통령이나 김정숙여사님께 전달해 주세요.1백만원 드리겠습니다.	농어촌민박은 농가소득 증대 차원에서 시행하고 있는 것으로 알고 있습니다.농어촌민박은 농가소득 증대 차원에서 시행하고 있는 ...	19	0	0	1
w2HVzyObltc	이재명 욕설에 대한 허경영의 입장	허경영 #틱톡 #1950hky #롸잇나우 #shorts #대통령 #후보 #정책 #국가혁명당 #정치인 #공약 허경영 틱톡 시작했어요~ 롸잇나우 ...	3	0	0	-1
cY1GPSL1jjU	[특집] 2022 설맞이 사주풀이 (feat.이재명, 윤xx, ???, 송작가)	[특집] 송작가는합니다#2- 2022 설맞이 사주풀이 (feat.이재명, 윤xx, ???, 송작가) 멤버쉽 링크 ...	5779	4819	75	1
Vhe9vNE1AlI	도망치는 &#39;윤석열 꼼수&#39; 탄로났다! 최강욱 '밑천이 없으니 갖은 꼼수.. 희대의 저질 후보' - 사드 추가배치 황당 주장에 뼈때린 이재명.. &#39;375만 라임튜브&#39; 출연	토론도망치는윤석열꼼수 #윤석열사드추가배치황당주장 #이재명375만라임튜브출연 ▣ 황희두 멤버십 후원 ...	24963	9008	405	-1
8olRsSjv5d0	긴급! 해병 간 이재명, 군복 입고 호주머니 손 넣고 다닌 장면 포착. 원래 입수보행 금지. 민간인 군복도 안돼..군부대 방문에서 군복 호주머니에 손 넣고 다니다가 딱 걸렸다!	긴급! 해병 간 이재명, 군복 입고 호주머니 손 넣고 다닌 장면 포착. 원래 입수보행 금지. 민간인 군복도 안돼..군부대 방문에서 군복 ...	38	13	1	-1
YL7FMTHFuFg	공약 타임캡슐 (feat.이재명) #shorts		482	239	16	1
BT-3Egh6Sew	대선토론요약(feat.억지)	대선토론 #대선토론협상 #대선토론협상요약 #윤석열토론 #이재명토론 #이재명 #윤석열 잼갤펌입니다.	454	190	26	1
dO8gQ20qTwo	그들의 속마음은 “토론은 싫어” [2022년 1월 31일(월) 정규재의 텐텐뉴스]	0:00:00 오프닝 0:01:07 윤석열·이재명, 양자토론 무산? 0:06:24 안철수 철야 농성 0:12:37 서울 아파트 거래 급감 0:18:47 북한 미사일 ...	5652	1915	31	-1
fdfbE2QSCvU	저는 절대 자살하지 않습니다 부정선거 대장동 이재명 끝까지간다	출처:황교안 https://youtu.be/KwYK3vSWjb8 구독은 원출처에서.	1	0	0	-1
