ID	title	description	viewcount	likecount	commentcount	label
XpWvSdNrV2U	이재명·윤석열 양자 토론 협상 표류...자료 반입 두고 &#39;팽팽&#39; / YTN	[앵커] 오늘 저녁으로 예고됐던 대선 후보 양자 토론 개최가 불투명해지고 있습니다. 토론회에 '대장동 자료' 반입을 두고 더불어민주당 ...	8038	240	333	1
wqr2DYh8RUQ	영유아 발달장애 정밀검사 비용 확대 지원합니다  #윤석열 #shorts #59초공약짤		4543	1499	73	1
2m4mTGiVWws	스쿨폴리스! 학교전담 경찰관 제도 개선합니다  #윤석열 #shorts #59초공약짤		5072	1673	77	1
e-y64yyxP8Q	[이슈] 무속 중독 논란 김건희, 김장환 목사 찾은 이유는? | 파울로의 이슈 | (Feat. 김장환 목사, 김건희, 윤석열 후보, 윤석열 후보 부인 김건희)	무속 중독 논란을 사고 있는 국민의힘 윤석열 대선 후보 부인 김건희씨가 최근 극동방송 이사장 김장환 목사와 두 차례 만난 것으로 ...	1632	67	50	-1
5ryx-6UMOaI	양자토론 사실상 불발‥李 '사시 부활', 尹 '사드 추가' (2022.01.31/12MBC뉴스)	오늘로 예정됐던 더불어민주당 이재명 후보와 국민의힘 윤석열 후보의 양자 TV토론이 사실상 불발된 가운데, 두 후보는 온라인을 통해 ...	357	15	15	1
C4BfSe428R0	이재명과 윤석열의 종이 되려는 국민이 많다.	이재명과 윤석열의 종이 되려는 국민이 많다. #이재명 #윤석열 #이재명대장동 #윤석열무속논란 #이재명형수욕설 #이재명아들 ...	29	9	2	-1
un9bwPsF5Ik	[7482] 김만배 손아귀 윤석열, 이재명 되면 대장동은 윤석열 무덤	1. 대장동 사건 정밀수사(O) 2. 노회찬 타살혐의 재수사(△) 3. 노무현 타살혐의 재수사(?)	137	25	3	-1
S1K8V2JWjPo	[위클리이슈] 윤석열 반려동물 표준수가제 공약, 태종 이방원 말학대 논란 등(22.01.31.)	지난주 수의계 이슈를 빠르게 돌아보는 '위클리이슈'입니다. 2022년 1월 넷째주에는 어떤 일들이 있었을까요? 00:00 인트로 00:11 ...	5	0	0	1
ak-26hHkOW8	김만배 녹취 윤석열 언급 YTN 입수 (feat.오함마) #shorts		4960	1242	69	1
NuH89vAhRds	김만배 “윤석열은 형 카드면 다 죽어” 녹취에...與 “金 손아귀에 든 尹” 野 ' 金 허풍”	김만배 녹취록이 사실이라면 조사하면되는데, 또 김만배가 일찍 이용했을텐데, 가만히 있다가 갑자기 선거 직전에 이런 말을 들고 나선 ...	14936	5469	323	-1
XdpkknP5q-4	양자토론 과연! (feat.이재명, 윤석열) #shorts		884	90	7	1
f8bnri9uYv4	[2022] 설날 특집 B tv 인천뉴스	인천뉴스 #btv뉴스 #SK브로드밴드 설날 특집 B tv 인천뉴스 -[설특집-대선 주택 공약] ① 이재명, 양도세 중과 한시적 유예…4종 주거 ...	56	5	0	1
eaU991u0dw8	[마음을 얻는 토론: 이재명 vs 윤석열] 설 라이브	"마음을 얻는 토론이라면 ""누가 더 대통령다울까? 누가 더 내 삶을 낫게 만들까? 누가 더 믿음직할까?"" 라는 미래지향적 질문에 다가 ..."	0	52	0	1
-O5X6mpltag	윤석열 '중국인 33억 건강보험 혜택...국민 법감정 고려해 해결할 것'	"윤석열 ""중국인 33억 건강보험 혜택...국민 법감정 고려해 해결할 것"""	1	0	0	1
A-CDZ3VAiNE	[칸트TV] 김만배 녹취록 논란 윤석열 형 카드면 죽어?! / 북한 한달에 7번 미사일 도발 김정은 집권 후 월간 최다	아름다운 세상을 꿈꾸는 유튜브 채널* 투네이션 후원 : https://toon.at/donate/kant 후원 : 농협 302-1329-8793-61 (예금주 배*훈) ...	474	114	0	-1
JnjrbiXZuz4	윤석열 왜 이러나? 안철수를 뺀 양자토론에 집착!	회원가입→ https://www.youtube.com/channel/UCq2Ld6DYPkq_61vKvL7EFiw/join.	1734	400	23	1
s4q-Fm5VQ2A	긴급! 윤석열 검사가 이재명 피의자를 취조하는 모습? 민주당이 양자토론 겁내는 충격 이유! 수사로 드러난 이재명 윤석열 의혹의 실체!	긴급! 윤석열 검사가 이재명 피의자를 취조하는 모습? 민주당이 양자토론 겁내는 충격 이유! 수사로 드러난 이재명 윤석열 의혹의 실체!	40	19	1	-1
WdiuF9vdXAI	달라진 선거 운동...&#39;쇼츠&#39;에 &#39;밈&#39;까지, 짧고 강하게! / YTN	[앵커] 여야 대선 후보들의 선거 운동, 대규모 인력과 조직을 동원하던 과거와는 달라진 모습을 보이고 있습니다. 짤막한 영상이나 ...	9064	149	122	1
xXYILN1bprU	이재명-윤석열 토론 &#39;자료지참&#39; 놓고 평행선…사실상 무산 수순 / 연합뉴스TV (YonhapnewsTV)	이재명-윤석열 토론 '자료지참' 놓고 평행선…사실상 무산 수순 [앵커] 더불어민주당 이재명 후보와 국민의힘 윤석열 후보 측이 오늘(31 ...	4942	151	151	1
x5M0bM5GK9Y	[문틀란 TV]   방금 여론! 윤석열, ARS와 kbs등  전화면접 우위 상황이나..	ARS와 전화면접 조사에서 일부 추세의 불일치점도 나타나!	6070	1446	57	1
fYAVfXlSsIs	[특집방송]국민의횜 윤석열 부인 김건희 7시간 녹취, 자백과 거짓 '김건희와 검찰권력' 미공개 파일 공개	부자동네타임즈TV.	4	1	0	-1
Mp_9o3k1-kg	[윤석열과강신업] D-37 김건희, 그 사유와 예술/ 건희사랑(페이스북 팬클럽) 대한민국 최고의 고품격 정통 정치시사 방송!	김건희 #페이스북팬클럽 #건희사랑.	20	178	1	1
Vhe9vNE1AlI	도망치는 &#39;윤석열 꼼수&#39; 탄로났다! 최강욱 '밑천이 없으니 갖은 꼼수.. 희대의 저질 후보' - 사드 추가배치 황당 주장에 뼈때린 이재명.. &#39;375만 라임튜브&#39; 출연	토론도망치는윤석열꼼수 #윤석열사드추가배치황당주장 #이재명375만라임튜브출연 ▣ 황희두 멤버십 후원 ...	24963	9001	397	-1
3oVqpfcgWrc	💥 안철수 후보.. 🔸윤석열 후보님 나랑 토론 하는게 그렇게 무섭습니까? 발언에 시끌 시끌~#shorts	청년의소리 정말 리얼한 청년들의 목소리 여러분의 구독과 좋아요가 큰 힘이됩니다 ...	6	2	0	-1
LkIbfH30Zf0	윤석열 이재명 오차범위안에서 선두 다툼인데, 사드추가배치공약 윤석열에게 독일까?약일까 ?안철수이재명 어떻게 받아치는가가 대선판도 바꿀수있다.	사주,운명,정치,사회, 철학,과학를 이야기하고 논하는 채널 구독과좋아요는 방송의 힘이됩니다. limcloud@daum.net.	0	0	0	1
CBgs7FOKQnM	&#39;양자토론&#39; 도망친 이재명, &#39;내로남불 지존&#39; 비판에 얼굴 구겼다! 윤석열 작심발언에 민주 충격! 김건희, &#39;올바른 언론관&#39;에 찬사 이어져!!	정의구현 멤버십 가입 : https://www.youtube.com/channel/UCUNwNXVrWAHQpc8gPp1c6kw/join 자발적 구독료 : KB국민은행 ...	0	130	0	-1
9ZE7OJYQwKg	설 맞이 ‘윤석열의 달걀말이’ 보여드립니다 🙏😀	윤석열 #Shorts#석열이형_달걀말이.	2	2	1	1
trW5FZrDyPI	전라도 시인 정재학님의 이재명 지지자 30%들에게 성토함! #정재학 #이재명전과4범 #윤석열필승	자율적구독후원 : 하나은행 : 106-910488-13707 (박*옥) 해외페이팔 후원링크 : https://www.paypal.me/jungsungsantv 문의 ...	4927	1229	78	-1
RC39TzY4ilk	[오연호가 묻다] 오마이뉴스-리얼미터 여론조사 결과 생방송 발표, 최후의 승자는 누구? (2022.01.31 오전)	[오연호가 묻다] 오마이뉴스-리얼미터 여론조사 결과 생방송 발표, 최후의 승자는 누구? (2022.01.31 오전) #대선여론조사 #리얼미터 ...	131175	0	26	1
OPNKUzqRmV4	💥김종인 전 위원장.. 🔸내가 분명 경고했다.. 그런데 윤석열 후보가 문제 없다고 말했다.. 🔸도대체 무슨 일이 있었길래..?#shorts	청년의소리 정말 리얼한 청년들의 목소리 여러분의 구독과 좋아요가 큰 힘이됩니다 ...	10	1	0	-1
qOBtCm2k98s	윤석열 이재명 양자토론 무산		14	2	0	1
iXH5ZF457DQ	윤석열 '김건희 포털프로필 올렸다고 방금 들어..더 상세히 올릴 듯'	Listen Music in video here: https://www.youtube.com/channel/UCx_pFntMnemzQOmLMksW7AQ?sub_confirmation=1 윤석열( ...	0	0	0	1
Et6Uy7emo34	KakaoTalk 20220131 112439971 윤석열을 지지하는 박채순	호남 출신으로 윤석열을 지지하는 박채순.	1	0	0	1
1VbcfeLvmOY	부동산 📌 윤석열 공약 준수시 6천평 농지 소유한 노인의 혜택 합산하면 13.1억이 나온다	농지의 위치, 소유기간, 상속인의 수에 따라 다르겠으나 제가 가정한 상황에서는 13.1억의 혜택금액이 산출되었습니다. 아마 이런 ...	60	3	3	1
bpVIgmxdtzs	즐거운 귀성길 윤석열 김건희 새해인사 쫌! #윤석열 #김건희 #쥴리 #후보교체 #후보사퇴 #shorts	쫌!	10	3	0	1
4HQaVMia_OA	1.30윤석열 처의부정행위 서울에소리방송		7	2	0	-1
rCKyvs__44Q	[420회] 윤석열. 평화를 원한다면 전쟁을 준비하라. 힘을 통한 평화! PEACE THROUGH STRENGTH! Si vis pacem, para bellum! 사드추가배치.	1. 한강의 문명(The civilization of the Han-River) 한국기독교는 인류 문명사적 기적인 '한강의 문명'의 바탕이자 견인차, 선구자 ...	6	2	0	1
MdGfd7oki8g	남태현 교수 '윤석열 선제타격 발언 무책임하고 선동적'	Read More: #JNCTV.	0	1	0	-1
jV4H5ebQ0jA	‘여성가족부 폐지’ 국민의힘·정의당 관계자 찬VS반 인터뷰	윤석열 국민의힘 대통령선거 후보의 선거대책본부는 여성가족부 폐지를 공약으로 내건 뒤 강력한 추진 의지를 내비치고 있습니다.	98	15	8	1
zudFwit4MNA	속보! 윤석열, 심야 충격적인 입장 발표, 75% ! 이준석, 사임 후 이재명의 죄책감 고발! 이재명 자택 긴급체포·수색…	속보! 윤석열, 심야 충격적인 입장 발표, 75% ! 이준석, 사임 후 이재명의 죄책감 고발! 이재명 자택 긴급체포·수색…	3692	474	17	-1
BT-3Egh6Sew	대선토론요약(feat.억지)	대선토론 #대선토론협상 #대선토론협상요약 #윤석열토론 #이재명토론 #이재명 #윤석열 잼갤펌입니다.	454	190	26	1
kUY8E92ial4	HEB방송 -조우석의 만루홈런!!! 박근혜는 선물을! 윤석열은 사과를!!(국민회의/220129)	HEB방송 -조우석의 만루홈런!!! 박근혜는 선물을! 윤석열은 사과를!!(국민회의/220129)	42	11	0	-1
ELBJny-ydbo	최한욱의 독썰라이브 12화 '윤석열은 형 카드면 죽어'	대장동에 무슨 일이? 북한은 왜 탄도미사일을 쐈을까? 오늘의 여론은?	704	241	21	1
6ickaw1OQDs	2022대선 여야 대선후보 사주는 윤석열은 녹슨칼을 쥐고 있다 이재명후보는?                   송작가 tv 영상캡쳐사용		0	1	0	1
hVBcuLjDUtM	김건희 욕설 등장! '정대택 그새끼 X2'	충격의 김건희 7시간 녹취록 #윤석열 #국민의힘 #김건희 #녹취록 #7시간 #욕설 #정대택 ✓일시후원: 국민은행 794001-04-154041 ...	5209	929	57	-1
dO8gQ20qTwo	그들의 속마음은 “토론은 싫어” [2022년 1월 31일(월) 정규재의 텐텐뉴스]	0:00:00 오프닝 0:01:07 윤석열·이재명, 양자토론 무산? 0:06:24 안철수 철야 농성 0:12:37 서울 아파트 거래 급감 0:18:47 북한 미사일 ...	5648	1915	31	-1
FhVHc0x8JtY	[정영호TV] 윤석열의 청와대 해체! 국민주권시대를 열다!		24	7	0	1
BtSQmr_wq0s	완전제압,윤45%VS이39%!이준석,김종인 회동추진!김민전교수,이준석에 일격!미국,군사적대응강화!	윤석열TV: https://www.youtube.com/channel/UCcl16CxYqlbKQJVCfdhSJVw 윤석열 공식 유튜브 주소입니다. 나라를 살리는 모든 ...	31743	4782	224	1
KzDxohR5Aoc	귤스톤콤의 &#39;학교전담경찰관&#39;, &#39;영유아발달장애&#39; 지원 59초공약짤	이준석 #원희룡 #윤석열 #준스톤 #귤스톤 #투스톤 #스쿨폴리스 #학교전담경찰관 #영유아발달장애정밀검사.	513	125	21	-1
5GTq4lEiPtc	[정권교체] 야권단일화 왜 해야 하는가 ? #안철수 #윤석열	안철수 , 윤석열 ,허경영 등을 지지하는 모두의 공통목표는 무엇인가? '정권교체' 이다.	4	0	0	1
