ID	title	description	viewcount	likecount	commentcount	label
9uI2aV8M3Yo	이재명-윤석열, 토론 무산 뒤로하고 설 민심 공략 / YTN	[앵커] 더불어민주당 이재명 후보와 국민의힘 윤석열 후보가 양자 토론 무산을 뒤로하고, 오늘은 설 민심 공략에 나섰습니다. 이 후보는 ...	8436	208	260	1
NrP2iDaOkfs	이재명, 고향 안동으로…윤석열, 강화도 최북단 방문 / 연합뉴스TV (YonhapnewsTV)	이재명, 고향 안동으로…윤석열, 강화도 최북단 방문 [앵커] 설날 대선레이스 상황 알아보겠습니다. 더불어민주당 이재명 후보는 명절 ...	1970	65	33	1
AhoS78hXQrI	윤석열 선두유지.이재명 정체속 정권교체 54.4% 정권연장 38.2% 격차 더 벌어졌다. 공정여론조사	윤석열 43.5%·이재명 38.1%…안철수 7.8% 정권교체 54.4% vs 정권연장 38.2%	34241	8712	587	1
igH8QK8xNg8	윤석열, 강화평화전망대 방문…풍물시장서 새해인사 / 연합뉴스TV (YonhapnewsTV)	윤석열, 강화평화전망대 방문…풍물시장서 새해인사 국민의힘 윤석열 대선 후보는 오늘(1일) 설날을 맞아 강화평화전망대를 찾습니다 ...	822	30	6	1
gFK39vFVCUg	윤석열 '서해 피격 진실 규명…사드 배치는 자위권' / 연합뉴스TV (YonhapnewsTV)	"윤석열 ""서해 피격 진실 규명…사드 배치는 자위권"" [앵커] 역시 일정을 재개한 국민의힘 윤석열 대선 후보는 서해에서 북한군 총격에 ..."	562	30	14	1
pEcacW-Tqow	EP7 Clip | 석열이형에게 벽이 보인다... 완벽☆	낯선 주방에 불까지 말썽... 그러나 장인은 도구를 탓하지 않는다! 어떠한 악조건 속에서도 완벽히 해내는 석열이형! 스테인리스 팬에서 ...	4646	957	94	-1
3BgK1dPKaP4	윤석열 대통령후보 안양역 지하상가 방문		3817	1356	113	1
bBYXqayR29A	1번 평화 2번 전쟁 등 이재명 vs 윤석열 한방에 정리(안진걸 소장)	이재명 #윤석열 #대선 #안진걸 #대선후보 #민주당 #국민의힘 #더불어민주당 ✓일시후원: 국민은행 794001-04-154041 서울의소리( ...	3426	837	44	1
s7UCv5mWK5k	이재명 후보측 어느 두뇌가 36계를 이리 현란하게! 윤석열 하나라도 낚인다면 《새해맞이 36계 전문》	"후원계좌 신한은행 304 04 253850"" 평가 This stream is created with #PRISMLiveStudioㄴ."	7087	2285	40	1
RDPE3naZb3w	[석열이형네 레시피] #4 달걀말이 정식	석열이형네 레시피 #4 석열이형네 밥집 7회에서 선보인 네 번째 요리 레시피 공개! 달걀말이 정식 간단한 레시피인 만큼 한 번씩 따라 ...	2851	1224	99	1
DITZpABWWp8	국내최대 여성카페 난리났다! 윤석열의 진심에 감동의 눈물바다 터졌다! #윤석열필승 #윤석열파다미여리 #이재명전과4범	자율적구독후원 : 하나은행 : 106-910488-13707 (박*옥) 해외페이팔 후원링크 : https://www.paypal.me/jungsungsantv 문의 ...	3409	1279	43	1
0EKH_7kX97s	다급해진 &#39;이준석 어그로&#39; 망신 당했다! 이소영 '어설프게 반중코인 탑승 시도.. 번지수 잘못 찾아' - 윤석열 사드 배치 주장에 맞선 이재명 '통합과 평화'	이준석이재명페이스북댓글 #민주당이소영이준석비판 #윤석열사드배치이재명통합과평화 ▣ 황희두 멤버십 후원 ...	24813	8810	441	-1
EkQP3XiunWs	양심없는 이재명 지지자 VS 윤석열 지지자 개망신	이재명지지자 #윤석열지지자 #문재인지지자 #박근혜대통령님 #여러분새해복 #이삿갓티비 #이삿갓신문고 #이삿갓뉴스 #돌아온 ...	2154	484	82	-1
NxqH--8CNxs	(오전뉴스) 윤석열 압도적 결과 나왔다! 정권교체 찬성자 절대 다수, 단일후보는 윤석열! 이재명, 안철수 끝났다!	공유 https://youtu.be/NxqH--8CNxs 회원가입 https://www.youtube.com/channel/UCtmvuCbpw6_TFbeO4ToTAIw/join.	27373	7350	143	1
Nd8ZIJWibyY	윤석열 반중노선! 반중정서 심한 2030세대에겐 맞춤 전략이다 - 앞으로 국민의힘도 적극 반중해야	윤석열 #반중 #2030 #mz세대 #2030세대 #반중정서 #건강보험 #무임승차 #외국인 #중국 #북한 #국민의힘 #김진태 #이언주 ...	149	18	14	-1
rdSo0UF4hI8	김진애 '윤석열 화법은 피의자 화법, 핵심을 대답 안 해'	전체보기 : https://youtu.be/ApfnibeN2SE 오마이TV '박정호의 핫스팟'은 26일 오전 김진애 전 열린민주당 의원과 생방송 인터뷰를 ...	36082	0	323	1
AVuPh5uJh3A	#윤석열 #가짜보수 #속는개돼지들	윤석열 #가짜보수 #속는개돼지들#나경원#장제원#김진태#국민의힘.	4	0	0	-1
c0JNW_xphvg	윤석열 마히야히		13	1	1	1
9xNr_tCyGyA	#김건희 #넘잘된성형 #윤석열 #짭보수	김건희 #넘잘된성형 #윤석열 #짭보수.	1	0	0	-1
XKW5a8YoUGc	긴급! 관상학적으로 윤석열의 미래, 치세에는 모르지만 난세에 필요한 인물이라는데...윤석열, 시대가 부르는 &#39;악어 관상’	긴급! 관상학적으로 윤석열의 미래, 치세에는 모르지만 난세에 필요한 인물이라는데...윤석열, 시대가 부르는 '악어 관상' **제 방송은 ...	52	13	0	1
tvninN8ATlU	김건희 '윤석열, 文 정권 구하려다 배신당했다'	Listen Music in video here: https://www.youtube.com/channel/UCx_pFntMnemzQOmLMksW7AQ?sub_confirmation=1 윤석열 국민 ...	2	0	0	1
vSV-vuj6z7k	윤석열·안철수 단일화 결단 임박! 이번 설 민심이 분수령으로 작용! 이재명·민주 지금 난리났다!!	정의구현 멤버십 가입 : https://www.youtube.com/channel/UCUNwNXVrWAHQpc8gPp1c6kw/join 자발적 구독료 : KB국민은행 ...	4836	1371	83	1
s96yNgKJkik	'더 나은 삶 약속'…여야 대선주자들 대표 공약은 / 연합뉴스TV (YonhapnewsTV)	"""더 나은 삶 약속""…여야 대선주자들 대표 공약은 [앵커] 여야 대선 주자들이 유권자들의 표심을 잡기 위한 치열한 공약 경쟁을 ..."	502	10	10	1
cTas8h-f8ps	#당신의#아버지는#누구인가#재명#윤석열#김혜경#김부선#어느말이#진실인가?	Who is your father #JaeMyeong #YoonSeokYeol #KimHyeKyung #KimBuseon #Which one #Truth? #제주도#대정읍#돌고래#대 ...	2	0	0	-1
Bkel7fH6cfo	&#39;나의 촛불&#39;과 윤석열	원본 영상링크 https://youtu.be/8BKm03yj02o.	1173	312	21	1
ysgaq5v8UBM	속보! 이재명-김혜경의 충격적인 녹음이 유출됐다! 서울경찰청, 이준석 5000억 뇌물에…속전속결 사형 집행.문재인 이재명 큰일났다! 윤석열에 충격 입장문!	속보! 이재명-김혜경의 충격적인 녹음이 유출됐다! 서울경찰청, 이준석 5000억 뇌물에…속전속결 사형 집행.문재인 이재명 큰일났다!	1093	72	1	-1
AHFV87UeDp4	국민의힘  윤석열 대통령 후보님 따라 강화도 가는길ᆢ	This stream is created with #PRISMLiveStudio.	1	1	0	1
Gh9ZUYIGHa4	이름감정원 제 207회 20대통령후보 윤석열(국민의힘) 이름감정	이름으로 새로운 미래를 디자인하다.	3	3	0	1
-KtFX5qXP2E	설날아침 날아든 낭보.야권단일후보 윤석열73.7% 거짓말제일 잘할 후보 이재명52.8% 격차 더 벌어졌다.	채널에 가입하는 방법 https://www.youtube.com/channel/UC242xa78h95GOvuM8UhRS1w/join ✔️ 영상 시청하시기 전에 구독과 ...	9279	4286	243	1
zlmeuNGiwjc	윤석열 토론 땡깡		2	1	0	-1
QAVMZA9Zz_8	[짤] 윤석열 막말을 다 모아봤다!	새날마켓 바로가기 : https://www.saenalmarket.com 새날패밀리 구독하기 ...	5297	1391	62	1
cCVCOHmEq5U	윤석열 한동훈 사주 궁합 2022년 운세 사주팔자	전화 010 7572 3200 김현삼.	2	0	0	1
4_5GP7J44sA	윤석열 다메다메		0	0	0	1
8ADyEd_Ci5o	주필로그_&#39;尹&#39;의 예대금리 공시?	정규재 #윤석열 #금융공약.	441	89	3	-1
6x0M_hGXZUY	김건희 실제로 본 진중권! 국힘 당내 면접 끝나고 윤석열과 같이 셋이서 처음봤는데	김건희 실제로 본 진중권! 국힘 당내 면접 끝나고 윤석열과 같이 셋이서 처음봤는데 [뉴스패널] 구독과 좋아요 부탁드립니다 구독은 ...	14	3	0	1
76C9ZpZkfL4	긴급! 양자토론 무산 후 윤석열 방금 문재인에 충격발언! 여의도 당사 난리났다! 윤석열 “사드 추가배치” 공약하자…이재명 “중국 보복 감수할 건가”	긴급! 양자토론 무산 후 윤석열 방금 문재인에 충격발언! 여의도 당사 난리났다! 윤석열 “사드 추가배치” 공약하자…이재명 “중국 보복 ...	20	14	0	-1
1ki8zTXlWFM	키키스타방송 라이브 생방송에 출연/2022년2월2일대한민국 제20대  대통령 윤석열후보/안상수 총괄선대위원장/SBS웃찻사 김선정의 진행 국민과의 소통의시간	대한민국제20대대통령윤석열후보#안상수총괄선대위원장#SBS웃찻사김선정진행#키키스타방송 대한민국 제20대 대통령 윤석열 ...	19	1	0	1
eBSduwPFLPo	[2022년 2월 1일 화요일 오전 방송]	2022년 2월 1일 화요일 오전 방송] 정론일침 [대선판읽기] 이종근실장 * 자율구독료: 490701-01-183911 국민(고성국) * 정기구독 계좌 ...	52354	11146	79	1
GACP7kGQIsY	최한욱의 독썰라이브 13화 '리얼역전, 청와대 가즈아~'	여론분석 리얼미터도 마침내 역전! 설 이후 치고 나간다. 뉴스체크 토론바보 윤석열의 꼼수. 정권교체 이슈탐구 정권교체 여론이 높은 ...	1184	428	5	1
6MNsEq3IpyE	윤석열 안철수 단일화해야 이긴다는데…'安 싫다' 이준석 극복해도 남는 변수	"윤석열 #안철수 단일화해야 이긴다는데…""安 싫다"" #이준석 극복해도 남는 변수."	4	0	0	-1
3X3cSjY6zdU	국민통합 안철수 대한민국 의 살길 !	안철수 #윤석열 #이재명 안철수 뽑으면 안철수 대통령 됩니다.	15	8	0	1
la1_hHSb4yw	[경주 박병훈] 2022년 임인년 설날 인사	사랑하는 경주시민 여러분 박병훈입니다. 길고 어두운 터널을 지나고 있습니다. 이 고통의 끝은 언제인지 고민입니다. 그러나 우리는 ...	45	18	6	1
47Z6BPbv5Go	[✍🏻사팔랩 브리핑]  2.1(화)  본방송 예고편,   미국 CNN, 선무당 윤석열은 부적합, '윤석열.이준석 기이해” 윤석열 토론을 입만 갖고 하나? 사드배치 하자?😱	정치인물분석 #사팔랩 #박대표 #정치인의운명 #더불어민주당 #이재명후보 #국민의힘 #윤석열 #인물심리분석 #바디랭귀지 #핫이슈 ...	0	65	0	-1
n-248cFlYo0	[#굿]그것이 알고싶다 굿의 세계	Let's go : go! 채널 굿쟁이 구독하기! : 굿쟁이☞https://www.youtube.com/user/bestkang80/featured 굿쟁이 매거진 ...	238	6	7	1
cayP-Z3tXH0	윤석열 “양자토론은 왜 자료 지참이 안 되는 건가. 누구도 납득하기 어렵다 트럼프 바이든도 자료 가지고 토론한다 [영상 첨부] 자료 없이 아가리만 털고 씨부리는게 토론인줄 ?	윤석열 “양자토론은 왜 자료 지참이 안 되는 건가. 누구도 납득하기 어렵다 #트럼프 #바이든 도 자료 가지고 토론한다 [영상 첨부] 자료 ...	2	0	0	-1
9mClg4TbweI	[박대표의 운명돌파]  2.1(화)  보고 싶은 얼굴 vs 위험인물, 희대의 저질 후보	정치인물분석 #사팔랩 #박대표 #정치인의운명 #더불어민주당 #이재명후보 #국민의힘 #윤석열 #인물심리분석 #이재명후보공약 ...	0	26	0	1
lZHTaxrTMgY	💥이재명 후보.. 국민여러분 계속 속으실 겁니까..?#shorts	청년의소리 정말 리얼한 청년들의 목소리 여러분의 구독과 좋아요가 큰 힘이됩니다 ...	5	1	0	1
VCPj0IwPKH8	'곧 내려옵니다?!'..이준석 사주를 제공했더니 계속되는 소름돋는 결과가.. [부천점집] [천신도령] ☎️010 4682 1913☎️	부천 천신도령⭐ ▷상담문의 ☎️010 4682 1913☎️ ▷신당위치 : 부천 #이준석 #이준석사주 #국민의힘 #윤석열 #이재명 #이준석 ...	68	8	0	-1
BD5Fip7Xc8U	💥이준석 대표.. 이재명 후보.. 비리가 자꾸 파헤처 지니까.. 🔸내거티브 중단선언..! 웃긴다#shorts	청년의소리 정말 리얼한 청년들의 목소리 여러분의 구독과 좋아요가 큰 힘이됩니다 ...	15	1	0	-1
hhXbmPgdAwo	[현대바이오] 급등나옵니다! #현대바이오 #경구용치료제 #오미크론 #긴급승인 #화이자#삼프로 #주식 #급등주 #주가 #추천종목 #주린이 #찌라시 #급등 #상한가 #추천주	"종목분석 전문 윤차장의 무료 추천종목을 한번 확인해보세요! 010-9549-3538   문자로 ""1""이라고 위 번호로 문자 남겨주시는 분들 ..."	68	3	0	1
