ID	title	description	viewcount	likecount	commentcount	label
rrbm3mZ5cEc	이재명-김동연 오늘 양자 토론…윤석열, 내일 토론 준비 / SBS	이재명 민주당 대선 후보는 설 연휴 마지막 날인 오늘(2일) 저녁, 새로운물결 김동연 대선 후보와 양자 정책 토론을 펼칩니다. 이 후보와 ...	1851	21	34	1
Ae7Kra2s1BA	#국민의힘제20대대통령후보윤석열강화풍물시장방문# 제공 한류앤뉴스통신 (옥탑방tv	국민의힘제20대대통령후보윤석열강화풍물시장방문# 제공 한류앤뉴스통신 (옥탑방tv.	585	39	28	1
xk1aBC8fUMM	EP8 | 정계 입문 전 석열이형의 비하인드 ssul	사 왔다고 해도 믿을 정도의 퀄리티 자랑하는 석열이형표 달걀말이&베이컨 김치찌개! 가게 메뉴로 판매할 수 있다 VS 없다 과연 모두 ...	5310	3278	187	1
c28sjWAYZd0	[개판언론] 윤석열, 계란말이 레시피 공개	제 1야당의 대통령 후보께서 계란말이와 김치찌개 레시피를 공개했다고 합니다. 무슨 공약도 아니고 정책도 아니고... 계란말이 레시피 ...	460	220	22	1
Gmu5nLdaD2c	허세부린 윤석열 &#39;사드 논란&#39; 네티즌 뼈 때렸다! 마삼중 이준석 '한 대 맞으면 두 대 돌려주는 성격' - &#39;층간소음 제로사회&#39; 소확행 공개.. 이재명-김동연 정책토론회 예고	허세부린윤석열망신 #마삼중이준석어설픈비단주머니 #이재명소확행층간소음제로사회 #이재명김동연정책토론회 ▣ 황희두 멤버십 ...	26816	10130	422	-1
07K93Ljdd68	[구영식 기자의 단독취재] 김건희-윤석열-조국 청와대서 만나던 날	전체영상 : https://youtu.be/GmTgdwxwWCM 오마이TV '박정호의 핫스팟'은 30일 오후 구영식 오마이뉴스 기자와 전화 인터뷰를 진행 ...	3045	0	58	1
kWCAaXLsIZs	대선 윤석열쪽으로 가닥 잡혔다! 이것만 잡으면 승리가 보인다! #윤석열필승 #부정선거 #황교안 #민경욱	자율적구독후원 : 하나은행 : 106-910488-13707 (박*옥) 해외페이팔 후원링크 : https://www.paypal.me/jungsungsantv 문의 ...	880	247	17	1
jv1pvvLqTPQ	박근혜, 대국민 메세지에 대선 판 요동친다! 윤석열, 입장발표 나왔다! 이재명 기겁! 민주 이제 큰일났다!!	정의구현 멤버십 가입 : https://www.youtube.com/channel/UCUNwNXVrWAHQpc8gPp1c6kw/join 자발적 구독료 : KB국민은행 ...	35107	13290	313	-1
bHBjRPjAHp4	이재명-김동연 오늘 양자토론...尹, 내일 4자 토론 준비 / YTN	[앵커] 설 연휴 마지막 날, 대선 후보들 소식 알아보겠습니다. 더불어민주당 이재명 후보는 오늘 저녁 새로운물결 김동연 후보와 양자 ...	8857	316	235	1
kIPAQe-s7y8	박근혜 부활 이제부터다!#김건희 충격고백!윤석열 과거#윤석열 날릴 한방 이재명 깐다#김혜경도 안방 대통령#우리에겐 왜 싱글러브장군 없나#새가 된 홍준표 김재원#안철수,윤석열 꺾을까	윤창중칼럼세상은 보수우파의 집권이 목표입니다. 실현 가능한 해법과 방향을 분명히 제시합니다. 윤칼세를 도와주십시오. 윤칼세TV ...	8142	1464	41	1
ff5CXVR_ip4	(현장중계) 윤석열 후보 강화 풍물시장 방문	클릭해주셔서 감사합니다. 좋아요와 구독은 큰 힘이 됩니다 클립 챕터는 아래 '더보기' 클릭해주세요! TIMESTAMP 김문수 TV는 ...	2467	540	8	1
lKXLgb56Xu0	문재인은 체포하고 윤석열 검찰총장 지켜내자! #Shorts	윤석열 #윤석열신년사 #문재인체포 #문재인퇴진 #문재인탄핵 #전광훈목사.	592	123	0	-1
XnFXhhcnJpQ	윤석열 대통령 후보, 강화 평화전망대  방문	클릭해주셔서 감사합니다. 좋아요와 구독은 큰 힘이 됩니다 클립 챕터는 아래 '더보기' 클릭해주세요! TIMESTAMP 김문수 TV는 ...	384	90	5	1
Us4vQ5Mv3gI	[윤석열과강신업] D-35 김혜경 갑질, 황제의전!!/대한민국 최고의 고품격 정통 정치시사 방송!	김건희 #김혜경 #황제의전.	15	9	0	1
JAR-xkSHo6s	[정치이슈] 윤석열의 생활밀착형 '59초공약짤' 모아보기2탄 / #윤석열 #59초공약짤 #우리가윤석열이다 #내가윤석열이다	"국민의힘 윤석열 대통령 후보의 생활 밀착형 공약을 모았습니다. 생활밀착형 ""59초 공약짤"" 2탄 #춘천시의원_김운기 #김운기 #민원 ..."	140	11	3	1
_wBvNyA3bXE	(AI윤석열) 여러분의 MBTI 유형은?… 무엇인가요?	윤석열 #Shorts#MBTI.	44	15	3	1
UJKL0aPUzR4	윤석열 대통령 후보, 강화  풍물시장 방문	클릭해주셔서 감사합니다. 좋아요와 구독은 큰 힘이 됩니다 클립 챕터는 아래 '더보기' 클릭해주세요! TIMESTAMP 김문수 TV는 ...	270	67	3	1
H3e7za3rVOc	#아수라 #성남시장 #국민의힘 #가짜보수 #썩은검사 #윤석열	윤석열#장제원#국민의힘 그들은 알고서도 후보로 내세웠다 권력을 나눠먹기ㅡ하기 위해 제발 맑고 밝은 정신으로 앞으로 제대로 ...	1	0	0	-1
WXOHPxW5ruE	윤석열, 양자토론 대장동 10분만 하자 이재명에 '허세 말았어야'	"윤석열 , #양자토론 #대장동 10분만 하자 #이재명에 ""허세 말았어야"""	4	1	0	-1
ma-kKqXPZCo	벼랑 끝에 몰린 이재명 충격 자백 실토	채널에 가입하여 혜택을 누려보세요. https://www.youtube.com/channel/UCULYn1zisR91e3tZZ4tFi1A/join #이재명 #문재인 ...	3949	913	38	1
riafXDXTd3M	여의도  간다  #윤석열 #안철수 #이재명	턴라이트 - 구독 턴라이트  자발적후원 계좌   중소기업은행 341-108033-04-010 ❤ 문자응원 #70794296 ✓✓해외용페이팔 ...	565	174	3	1
xsSrryBV8o8	윤석열이 대통령이 되면 검찰 공화국이 될 거라고 선동하는 이재명과 그 지지자들을 묵직한 팩트 한 마디로 손쉽게 제압해버린 정치천재 김민규의 통쾌한 논평!		4	0	1	-1
xuUWg-gOsAs	이재명이 윤석열을 크게 앞섰다!		1980	478	26	1
XmkYH7gyAKk	2/2. 윤석열후보 수도권방어 추가 사드설치 대 환영한다. 이정부 못믿겠다.	사단법인 인천광역시 의정회(전회장) 사회복지사 소방안전기사 현대건설 근무 인천광역시 의회 초대 시의원 인천광역시 민선 초대 ...	12	4	5	1
mSeLc7u3gac	💥민주당 우상호 의원..🔸 윤석열 후보가~  홍준표 의원을.. 구태정치인으로 몰고 가면서.. 🔸구태와 맞서는 윤석열 모습을 보이려고 연출한것이다..#shorts	청년의소리 정말 리얼한 청년들의 목소리 여러분의 구독과 좋아요가 큰 힘이됩니다 ...	2	1	0	-1
1iFeecEBGSg	'박근혜 떨어뜨리려'·'MB아바타'…대선판 흔든 TV토론 / 연합뉴스TV (YonhapnewsTV)	"""박근혜 떨어뜨리려""·""MB아바타""…대선판 흔든 TV토론 [앵커] 더불어민주당 이재명, 국민의힘 윤석열, 정의당 심상정, 국민의당 안철수 ..."	1153	22	5	1
c7cM3Sg_qJg	#윤석열#김건희#폭탄을안고앞장서나라지켜		0	0	0	1
KW0Z5q69_oQ	긴급! YS의 부모 묘소 공매(公賣)처분.. ‘김영삼기념도서관’에 전재산 넣고 증여세 폭탄! 김영삼 도서관 건립위해 YS 재산 팔아 넣었는데, 증여세를 내라고 통보.	긴급! YS의 부모 묘소 공매(公賣)처분.. '김영삼기념도서관'에 전재산 넣고 증여세 폭탄! 김영삼 도서관 건립위해 YS 재산 팔아 넣었 ...	8	7	1	-1
INiivPPHVZ8	긴급! 윤종용 “정치인들 기업 경영 쉽게 봐… ‘억지 일자리’ 文정권 뒷수습 잘해야” ..삼성신화의 주역 윤종용, &#39;문재인 정권의 소득주도 성장, 부채, 기업관&#39; 등에 대해 질타!	긴급! 윤종용 “정치인들 기업 경영 쉽게 봐… '억지 일자리' 文정권 뒷수습 잘해야” .. 삼성신화의 주역 윤종용, '문재인 정권의 소득주도 ...	48	12	0	-1
niOAPwQJgPs	이재명을 지지하는 사람들이 붕신인 이유	이재명#윤석열#안철수#대선.	3	1	0	-1
VInj8dZFBII	윤석열 설날 민심 잡았다! 43.5% 급상승! 안철수 대폭락 7.8% 이재명 소폭하락! (진성호의 직설)		28307	4127	164	-1
l5DBtj4HNd4	윤석열과 안철수 후보단일화? (국민 단일화 필수!)	공인중개사시험 핵심 과외 특강!! 수업내용 만이라도 반드시 반복 숙달할 각오가 있는 분. 서울지역 스터디(독서실.카페,모임방)등 독립 ...	2	1	0	1
oHCXV_prZWY	윤석열 후보의 국민건강보험 정책(외국인 피부양자 혜택)	국민건강보험은 국민이 받는 것입니다. 외국인 피부양자의 등록 조건을 강화하여야 합니다.	0	0	0	1
WjOQuWaHLjI	2월 3일 / 인성정보 / 유바이오로직스 / LIG넥스원 / 한화에어로스페이스 / K9  / 진단키트 / 대선주 / 이재명 / 윤석열 / 안철수 / 작전주 / 삼표산업	실전투자대회 우승 경험으로 예뻐지는 차트를 찾아 소개하는 오공주차트룸! 오공주 멤버십을 시작합니다. 채널에 가입하여 혜택을 ...	20	2	0	1
WsHcw3F9DVQ	[지역민방공동기획] 지역이 대한민국입니다_이재명 후보에게 듣는다	방송일시 2022.02.02(수) 08:40 #이재명#민주당#더불어민주당#대선#대통령선거#선거#대담#민영방송#지역민방#지역민방공동 ...	28	5	1	1
-k0XC8YFkyA	안철수로 국민통합 부민강국 !	안철수 #윤석열 #이재명 안철수 뽑으면 안철수 대통령 됩니다.	9	6	0	1
PxFs-5s0iA0	악질 이재명이는 뺀질이 화법, 역적 윤석열이는 피의자 화법, 빨갱이 문통은 막가파 화법?	안녕하세요 행복연구소TV 입니다. 올해는 경자년 2020년 이에요 매년마다 다시 돌아온 많은 콘텐츠 준비하고 다양한 재미있는 채널로 ...	26	9	4	-1
0AiXB5EVNsA	[59초 단숨공약]통신자료 제공 시 본인 알림 의무화! #shorts #윤석열 #59초단숨공약	[국민의힘 중앙당 후원회 안내] * 후원계좌 : 국민은행 067501-04-088071 (예금주:국민의힘 중앙당후원회) [후원시 유의사항] ① 개인 ...	358	76	4	1
qdVwumJUoDc	이런모습)강화풍물시장 떠날때까지. . . . 22.02.01.	윤석열후보#풍물시장#뜨거운배웅.	1222	456	13	1
ixDsOrnaXDs	윤석열 후보가 직접밝힌 양자토론이 무산된이유....충격! 대장동 몇분??	윤석열 후보가 직접밝힌 양자토론이 무산된이유....충격! 대장동 몇분?? [뉴스패널] 구독과 좋아요 부탁드립니다 구독은 사랑입니다 ...	6	3	1	-1
zZiRR37Qu0k	정월달에 절대로 산소를 가지 말아야 할 사람이 있다?!💥 이런 분들은 산소 가지 마시고 마음으로만 보내세요!	산소 #산소가면안되는사람 #정월달 ☆천광궁 함께 해결하는 진실 상담 : 010-5378-5886 카카오톡 : trb49 ☆덕분TV 촬영문의 ...	428	42	2	1
kp1Ekd0FLac	윤석열, 입장 발표 나왔다! 이재명·김혜경 부부, 사이좋게 몰매 맞았다! 문재인이 사라진 이유는? 민주 지금 난리났다!!	정의구현 멤버십 가입 : https://www.youtube.com/channel/UCUNwNXVrWAHQpc8gPp1c6kw/join 자발적 구독료 : KB국민은행 ...	0	47	0	-1
roi5umbNBOo	천하람 '안철수 후보는 정치혐오를 먹고 사는 화초 같다'	천하람#현근택#윤석열#이재명#안철수 KBS1라디오 열린토론(22.02.01)	1272	111	16	1
uehKAK9NWmU	[박대표의 운명돌파]  2.2(수)   '어대명' 함께 할때 우리는 강해진다 vs 5무 윤구라는 거니 꼭두각시	정치인물분석 #사팔랩 #박대표 #정치인의운명 #더불어민주당 #이재명후보 #국민의힘 #윤석열 #인물심리분석 #이재명후보공약 ...	0	25	0	1
LklqJSvkquE	사드 추가 배치로 청년만 죽어? 헐~	윤석열 #Shorts#59초공약짤#사드추가배치의_당위성.	14	3	1	1
oKDif40Ous0	찢재명 이재명 찢노스 형보수지 박제 #찢노스 #이재명 #혜경궁김씨 #윤석열 #김건희 #형보수지#안철수	구독과 좋아요는 사랑입니다.	3	0	0	-1
8pJig-4udm0	2월 3일 / 심텍 / SK하이닉스 / 아이에이 / 이수페타시스 / 프로이천 / 진단키트 / 대선주 / 이재명 / 윤석열 / 안철수 / 작전주 / 우크라이나 / 삼표산업	실전투자대회 우승 경험으로 예뻐지는 차트를 찾아 소개하는 오공주차트룸! 오공주 멤버십을 시작합니다. 채널에 가입하여 혜택을 ...	5	0	0	1
ijumU0L-q18	산 정상에 혼자사는 고양이ㅋㅋ	윤석열 vs 이재명.	0	0	0	1
yB-wrSh2OC4	쥴리 목격자가 또 나왔다	"유튜브 이송원TV 2월 2일(수) 오전 9시에 한국축구 10회 연속 월드컵 진출 이재명 ""홍준표 경북 공약 수용..안동에 육사 이전"" 미친 ..."	12866	4939	27	1
efhD7-ufUOY	건진법사 코바나 &#39;고문&#39; 명함..김재원 '친했든 말든, 무슨 의미'	[이데일리 장영락 기자] 김재원 국민의힘 최고위원이 논란의 무속인 '건진법사' 전모씨가 윤석열 국민의힘 대선 후보 배우자 김건희씨 ...	3	0	0	-1
