ID	title	description	viewcount	likecount	commentcount	label
2MLTvABpTkc	사드 이어 중국 건보까지…中 견제 나선 윤석열? | 김진의 돌직구 쇼 922 회	사드 이어 중국 건보까지…中 견제 나선 윤석열? | 김진의 돌직구 쇼 922 회 이주노동자·중국…혐오정치 또 꺼낸 윤석열 ＂중국인 건보 ...	1286	71	21	-1
SCfpDtO1AM0	#68 - 토론을 겁내는 후보 드디어 토론하게 되다, 윤석열 임명 때 김건희가 했던 이해 못할 행동, 김건희에는 침묵했던 언론 김혜경에는 분노 폭발, 윤석열의 황당한 사드배치 주장	양지열 #거의없다 #민동기 ① 긁지말고 뿌리세요, 가려움 완화제 글루타셀 https://smartstore.naver.com/stemdr/products/530822713 ...	7309	4690	4	-1
aY5pYiCCepA	박영수 대장동 변호가 윤석열 후보에게 미칠 영향 feat. 김만배 [아침옳소] 0203	2월 3일 방송 오전 11시 김용민TV '북콘서트' feat. 김용민, 이동형, 강진구 오후 1시 20분 김성수TV '쌍김시대' 오후 4시 KBS ...	14206	4835	30	1
iUGvPmGEUWA	VAPC0226윤석열 후보!! 4자 토론 우세 확실 하다 ! !	윤석열 후보 4자 토론 우세가 확실 하다 라는 영상!!	800	189	18	1
UwqX3k-DO34	국힘도 손절한 윤석열	"""윤석열 후보는 절대로 대통령이 되면 안될 사람이죠"" - 국민의힘 김재원 의원의 명언 ㅋㅋㅋㅋㅋㅋㅋㅋㅋㅋ #윤석열 #이재명 #100분 ..."	471	45	3	-1
77OdXtvhfig	[집중분석] 윤석열의 정권교체 VS 이재명의 정치교체 - 유용화 교수 (2022.02.03 오전)	[집중분석] 윤석열의 정권교체 VS 이재명의 정치교체 - 유용화 교수 (2022.02.03 오전) #윤석열 #이재명 #정권교체 #정치교체 #2022 ...	14036	0	25	1
bfKS3xkfBdA	이재명-윤석열 양자토론 무산...니 탓? 내 탓? 자료 탓? (최민희, 김용남)[김어준의 뉴스공장]	2월 3일(목) 김어준의 뉴스공장 ◎ 3부 [입 대 입] 양자 토론 불발 원인 · 4자 토론 전략은? & 김혜경 '황제의전' vs. 김만배 녹취록 ...	27281	2785	585	-1
ZlGcFcKZDP4	[천기누설] 123화 - “윤석열이는 죽어” 김만배 녹취록 효과! 취조 한다더니 취조 당하겠네? (김종배 &amp; 박지훈)	2022년 02월 03일 [천기누설] 멋털도사 김종배와 얼쑤무당 박지훈이 풀어놓는 놀라운 이슈분석! 매주 화, 목요일 오전 8시 30분에 ...	40476	4609	263	-1
HSWmhj1rzy8	“형 카드면 윤석열은 죽어” 김만배 녹취록 파장은? [김어준의 뉴스공장 풀영상 2/3(목)]	[TBS 유튜브(목) 생방송] ▷7시 6분 : 김어준의 뉴스공장 ▷9시 : 짤짤이쇼 라이브 ▷10시 50 : TBS특보 코로나19 ▷18시 6분 : 신장식 ...	281882	30162	310	-1
Lhxa3eGmT8I	특집 유튜북콘서트 &#39;이재명 윤석열을 말하다&#39; (강진구, 이동형, 박진영, 김성회)	책제목 : 출연자 (가나다순) 윤석열X파일 : 강진구 [책구매 좌표] https://url.kr/ylo73f 이재명의 9회 말 끝내기 : 이동형 박진영 김성회 [책 ...	10375	3906	0	1
inYkHERpttI	2/3(목) 윤석열 사드배치 논란…혐오 조장 전략 / 김만배의 &#39;윤석열 카드&#39; 발언, 진짜 의미는?_노영희의 뉴스인사이다[이슈삼합]	2월 3일 (목) 노영희의 뉴스인사이다 ▷ 노영희의 [대담한 대담] 신장식 변호사 김필성 변호사 - 사드 재배치 논란‧토론 무산…설 명절 ...	951	162	1	-1
HtJMSMi4ors	변발헤-k9 이집트 수출/이재명-김동연/김만배, “윤석열이는 형 카드면 죽어”	멤버쉽 링크 - https://www.youtube.com/channel/UCkI2g2FvX-haxXqqDMqc96A/join 송작가TV몰 링크 ...	4805	1970	35	1
Ps8mAx3knrQ	짝퉁트럼프 윤석열?		1	1	0	-1
BntOW-lMcTE	Live-k9 이집트 수출 2조원/이재명-김동연/김만배, “윤석열이는 형 카드면 죽어”/윤석열 장모, “돈 싫어하는 판사 보셨습니까?”	멤버쉽 링크 - https://www.youtube.com/channel/UCkI2g2FvX-haxXqqDMqc96A/join 송작가TV몰 링크 ...	3630	3925	0	-1
muvfVNSriZQ	류근일선생 작심칼럼! 윤석열후보와 안철수후보에게 고함! #류근일칼럼 #윤석열필승	자율적구독후원 : 하나은행 : 106-910488-13707 (박*옥) 해외페이팔 후원링크 : https://www.paypal.me/jungsungsantv 문의 ...	1899	384	16	1
wZBkZK3sOMk	윤석열 사드는 미국 일본 방어 중국미사일요격용	윤석열이 주장한 사드는 미국 일본을 방어하기위해 중국 중장거리 미사일 요격용 중국의 경제보복을 불러 일으킴 북한과 무관.	58	6	3	-1
iRcNq2M3WKM	[유튜브 북콘서트] &#39;이재명, 윤석열을 말하다&#39;	열린공감TV 탐사보도전문언론매체 공식채널 열린공감TV는 정의를 찾아 진실의 바다를 항해하는 탐사보도 전문 언론 매체입니다.	30301	9374	0	1
OFFNEOkKevI	#달성의힘으로 #윤석열로 #갑시다 #59초공약짤 #달성군버전 #윤석열 #최재훈 #달성군#총괄선대본부장 #shorts #달윤갑1편	달성의힘으로 #윤석열로 #갑시다 #달윤갑1편 #59초공약짤 #달성군버전 #윤석열 #최재훈 #달성군#총괄선대본부장 #shorts 달성군 ...	74	7	2	1
kSeUL-confU	윤석열 ㅡ원희룡이가 지원을?		293	18	3	1
mhPt5_C1po4	김의성 X 주진우 등판 | 윤석열도 촛불시민? | 김건희씨에게 강력 추천하는 영화 &#39;나의촛불&#39; [짤짤이쇼 라이브 66화]	고기는 3일, 영양제는 3개월, 비너폴로 온열찜질벨트는 3년! 구매처 : https://bit.ly/3mrGmhF 겨울 선물은 뭐~다? 당연히 비너폴로죠!	59417	7260	150	1
v1ZcOOgYGDo	윤석열 ㅡ이준석과의 불편함. 그속내는?		78	13	0	-1
hFOEP2ln0es	오늘 첫 &#39;4자 TV토론&#39;‥ 120분간 생방송 (2022.02.03/930MBC뉴스)	이재명 윤석열 안철수 심상정 후보 간의 첫 TV토론이 우여곡절 끝에 오늘 저녁 열립니다. 대선판의 큰 변곡점이 될 수 있는 만큼, ...	3032	92	79	1
Rahkha4_fZo	윤석열 김건희 최은순...홈택스도 모르는 무식함에..세금체납 처와 장모를 둔 이가 저러니 그냥 웃지요~박성민	이래서 해동이 덜됐다는 말이….나왔구나!! 윤석열하고 국힘당 선대위 구성원 들에게 국세청 홈택스 URL좀 놔드려야 겠음! 후보가 ...	258	100	6	-1
s31jGjh9fc4	김만배...내가 입열면 윤석열은 죽어!!	대장동 몸통이 이재명이라는 분들아! 누가 돈을 먹었는지? 누가 혜택을 보았는지? 제발 실체를 봐라! 윤석열에 입닫고, 이재명 욕하는 ...	340	160	17	-1
wRM94laH9TA	김기현 '송영길, 대장동 의혹 핵심 인물은 윤석열? 그럼 민주당 특검법 막을 이유가 무엇인가'	김기현 #송영길 #이재명 #윤석열 #프레임 김기현 국민의힘 원내대표가 22년 2월 3일 국회에서 열린 국민의힘 선거대책본부-원내 ...	4977	1084	64	-1
e9yDXubkaxc	[뉴스라이브] 양자토론 불발...4자 토론, 공격의 화살은 어디로? / YTN	진행 : 김선영 앵커, 김대근 앵커 □ 출연 : 김준일 / 시사평론가 * 아래 텍스트는 실제 방송 내용과 차이가 있을 수 있으니 보다 정확한 ...	2103	40	30	1
lHwVMiLPClY	윤석열 검찰총장 임명식에서 김건희를 보았다 '보통 배우자와 달라' [황보선의 출발 새아침] / YTN라디오	YTN라디오(FM 94.5) [황보선의 출발 새아침] 우리의 이슈가 뉴스를 바꿉니다. 세상을 깨우는 황보선의 출발 새아침 중심잡힌 시선으로 ...	33	4	1	1
ogMRADQT-fU	유의동 '이재명, 윤석열 후보 전쟁광으로 호도해'	유의동 국민의힘 정책위의장이 3일 국회에서 열린 선거대책본부-원내지도부 연석회의에서 이재명 더불어민주당 대선후보가 국민의 ...	236	13	3	-1
ab8O_7fTWBU	[고영신TV]윤석열, 단일화보다 자장론 주력/김동연, 이재명 들러리 양자토론(출연: 이종근 전데일리안편집국장)	[고영신TV] 인기동영상 바로보기 ...	10186	1594	81	1
qeRDckmta7k	[4자 토론] 이재명의 한방과 윤석열의 딜레마	김동연과의 토론 관전평과 금일 4자 토론 관전 포인트 This stream is created with #PRISMLiveStudio.	1270	539	0	1
c9XCj48J_O8	북콘서트 라이브! 이재명 &amp; 윤석열을 말하다!	출연 : 이동형 김용민 김성회 박진영 강진구 * 자발적 시청료 후원 계좌 안내 : 신한은행 110-484-473344 이동형 (미르미디어) * 광고문 ...	17340	4742	0	1
S1AaLpH2VPM	이준석 허세, 결국 망신 당했다! '슬슬 마삼중 트롤링의 부작용이 여기저기서 드러날 것' - 이재명&amp;김동연 정책 토론회 &#39;17만 동시 시청&#39; 역대급 흥행 '윤석열과 수준 차이'	망신당한이준석허세 #이재명김동연정책토론회흥행 # ▣ 황희두 멤버십 후원 ...	20444	6809	330	-1
C87AhwMBJQg	[최경영의 최강시사] 김만배 녹취록, 윤석열 관련성은? - 송영길 대표(더불어민주당)｜KBS 220203 방송	[특별기획 - 여야대표 설 민심 인터뷰] ㆍ설 민심 청취 어땠나 ㆍ오늘 4자 TV토론, 대선 변곡점 될까? ㆍ남은 한 달, 표심 공략 어떻게?	4353	404	41	1
nCHdFjjGu6g	박근혜 묻어버린 3대 거짓의 산!김평우,누가 헌재 판결문 썼나#진짜 김혜경 리스크 터졌다#윤석열의 사드 팔이#안철수,난 보수다#주진우의 청담동 아파트#이준석,또 박근혜 모욕했다	윤창중칼럼세상은 보수우파의 집권이 목표입니다. 실현 가능한 해법과 방향을 분명히 제시합니다. 윤칼세를 도와주십시오. 윤칼세TV ...	5340	1195	37	-1
aqw3Zgdp37w	김혜경 의전 논란 윤석열, 이재명 공방전 안상수TV	윤석열 #이재명 #김혜경 #안상수TV #국민의힘 #더불어민주당 #의전논란 #경기도지사 #원일희대변인 #최지현부대변인 #외국인건강 ...	1	1	0	-1
xOYUU2bLhXI	[문화강국위원회] 윤석열의 TV토론 생떼쓰기와 김건희 녹취록 분석	뮨화강국TV에서 분석하는 윤석열의 토론거부 생떼쓰기와 김건희녹취록 분석 #유정주의원 #노정열방송인 #윤석열김건희.	27	13	0	-1
c-Qm4dfnQak	2022년 2월 3일 (목) JTBC 아침&amp; 다시보기 - 이틀째 2만명대…신속항원검사 도입	2월 3일 (목) 아침& 주요뉴스 □ 01:05 이틀째 2만명대…신속항원검사 도입 설 연휴 코로나19 확진자가 급증하면서 오늘(3일)도 2만 ...	2701	30	7	1
8q5MpveY120	윤석열 어록 '돈없는 사람들은 불량식품 먹게 하자'	대단하다.	2	1	0	-1
Y32QQLBiI20	나를 위한 윤석열의 약속 #shorts	나를 위한 윤석열의 약속 https://yunseokyeol.smartidea.wiki/ 윤석열 후보님의 공약을 한눈에 볼 수 있어요. 모두 윤후보님의 공약 ...	93	33	2	1
NmVEDwBMGyI	[생방송 THE 인사이드] 오늘N &amp; 시사 N 이슈 / G1방송 20220127	오늘N 오늘 하루를 뜨겁게 달군 사건 사고부터 놓치지 말아야 할 주요 뉴스를 한눈에 정리해드립니다. @시사N이슈 [ 20대 대선, ...	17	1	0	1
ptHlIz1e-nY	충청권 與 의원들 “윤석열, ‘충청의 아들’이라더니 ‘사드배치’가 설 선물이냐”	【팩트TV】충청권 더불어민주당 의원들이 3일 윤석열 국민의힘 대선 후보의 충청권 사드(THAAD,고고도 미사일 방어체계) 추가배치 ...	1400	437	44	1
YYlC-VyIhcc	[조간브리핑] 연휴 끝, 확진자는 얼마나?…“다음 주 4만명 넘을수도”	"경제와이드 모닝벨 '조간 브리핑' - 손석우 조간브리핑입니다. ◇ 이 ""호감도 높이며 정책 각인"" 윤 ""대장동 특혜 등 의혹 검증"" 첫 소식은 ..."	21	0	0	1
boltTStYHMU	김건희 '조국이 말 잘못해 딸 고생.. 윤석열은 배신당했다'	[이데일리 정시내 기자] “객관적으로 조국 장관이 참 말을 잘 못 했다고 본다. 나는 딸 저렇게 고생을 보면 속상하더라고. 애들한테 그게 ...	0	0	0	-1
WGR8qytNxU8	귀여운 석열이 ?  #윤석열 #shorts		9	2	0	1
0pbeDvC7tj8	[천심민심] 긴급편성! 설 연휴, 무슨 일이 있었나?	대통령 선거가 대략 한 달 가량 남은 시점에 무섭게 확산되는 오미크론으로 대선 정국은 새로운 국면에 당면했습니다. 특히 이번 설은 ...	39	6	1	1
ESPMBSkb9kk	홍준표 “상임고문 수락”…洪-尹 ‘원팀’ 성사  | 김진의 돌직구 쇼 922 회	홍준표 “상임고문 수락”…洪-尹 '원팀' 성사 | 김진의 돌직구 쇼 922 회 홍준표 ＂정권교체 대의 위해 상임 고문직 수락＂ 홍준표 ＂윤 ...	502	19	5	1
9ocOldO-GjU	김혜경 황제의전 법인카드 유용 관련 이재명 해명 사과?? 2022.2.3 오전9시	이재명 김혜경 부부의 공무원 개인비서 활용,예산 생활비 유용 관련 갖가지 의문에 대한 정밀한 해설 #윤석열#이재명#김건희#김혜경.	5182	1830	140	-1
MeA-VqeDZ6I	신문브리핑 2 '李·尹 TV토론 불발…국민 우롱한 샅바싸움' 외 주요기사 [아침&amp;매일경제]	"(매경)신문브리핑 2 ""李·尹 TV토론 불발…국민 우롱한 샅바싸움"" 외 주요기사(0203) #아침앤매일경제 #신문브리핑 #이상훈앵커 #TV ..."	974	26	20	1
RuNyi210QIk	설 연휴 검색 전쟁 누가 이겼나…李-尹 양강 대결 구도 | 김진의 돌직구 쇼 922 회	설 연휴 검색 전쟁 누가 이겼나…李-尹 양강 대결 구도 | 김진의 돌직구 쇼 922 회 이재명 38.1%·윤석열 43.5% 심상정 2.8%·안철수 ...	584	42	9	1
KIcztfxYcx8	신문브리핑 4 ''중국인 건보 제한, 사드 추가'…尹 중국 견제 노선 강화' 외 주요기사 [아침&amp;매일경제]	"(매경)신문브리핑 4 """"중국인 건보 제한, 사드 추가""…尹 중국 견제 노선 강화"" 외 주요기사(0203) #아침앤매일경제 #신문브리핑 ..."	788	27	13	1
