ID	title	description	viewcount	likecount	commentcount	label
z5ZSQ85nZso	이재명, 김혜경 씨 과잉 의전 논란 사과...'부적절한 법인카드 사용 있는지 감사해달라' / YTN	진행 : 김선영 앵커, 김대근 앵커 □ 출연 : 김준일 / 뉴스톱 대표 * 아래 텍스트는 실제 방송 내용과 차이가 있을 수 있으니 보다 정확한 ...	6674	254	298	-1
H9aAqaHHxJY	[속보] 이재명, 김혜경 씨 과잉 의전 논란 공식 사과 / YTN	"이재명, 김혜경 씨 과잉 의전 논란 공식 사과 ""경기도 재직 당시 근무하던 직원 일로 심려 끼쳐 죄송"" ""배우자 문제 될 수 있는 일 사전에 ..."	2781	81	209	-1
bfKS3xkfBdA	이재명-윤석열 양자토론 무산...니 탓? 내 탓? 자료 탓? (최민희, 김용남)[김어준의 뉴스공장]	2월 3일(목) 김어준의 뉴스공장 ◎ 3부 [입 대 입] 양자 토론 불발 원인 · 4자 토론 전략은? & 김혜경 '황제의전' vs. 김만배 녹취록 ...	27281	2785	585	-1
9ocOldO-GjU	김혜경 황제의전 법인카드 유용 관련 이재명 해명 사과?? 2022.2.3 오전9시	이재명 김혜경 부부의 공무원 개인비서 활용,예산 생활비 유용 관련 갖가지 의문에 대한 정밀한 해설 #윤석열#이재명#김건희#김혜경.	5182	1830	140	-1
45nt83QUrmE	대선 후보 오늘 TV토론...김혜경 &#39;과잉 의전&#39; 논란에 李 사과 / YTN	[앵커] 오늘 저녁, 대선후보 4명이 TV 토론에서 여러 정책과 현안을 두고 격돌합니다. 이런 가운데 민주당 이재명 후보의 부인 김혜경 씨 ...	1384	17	45	1
fx9exCG8QCc	[최병묵의 팩트] 이재명 유체이탈 해명	경기도 공무원이 도 예산으로 이재명 후보 부부의 소고기 사주기 등을 했다는 의혹 등과 관련해 이재명 후보가 입장문을 냈는데 곳곳을 ...	13779	3734	239	-1
lJqLxJSFGII	이재명 “배우자 문제 송구… 법카 감사 받고 문제 땐 책임질 것”	이재명 자신의 법인 카드를 사용한 것으로 드러났는데 몰랐다? 직원의 문제라고 했지만 결국 자신의 문제, 형에 대해서는 시정 개입 ...	18792	4165	456	-1
77OdXtvhfig	[집중분석] 윤석열의 정권교체 VS 이재명의 정치교체 - 유용화 교수 (2022.02.03 오전)	[집중분석] 윤석열의 정권교체 VS 이재명의 정치교체 - 유용화 교수 (2022.02.03 오전) #윤석열 #이재명 #정권교체 #정치교체 #2022 ...	14036	0	25	1
hFOEP2ln0es	오늘 첫 &#39;4자 TV토론&#39;‥ 120분간 생방송 (2022.02.03/930MBC뉴스)	이재명 윤석열 안철수 심상정 후보 간의 첫 TV토론이 우여곡절 끝에 오늘 저녁 열립니다. 대선판의 큰 변곡점이 될 수 있는 만큼, ...	3032	92	79	1
uZ50tLz1jGY	'지지율 반등 시작됐다'.. 이재명, TK 이어 PK &#39;외연 확장&#39; 가속	유튜브 이송원TV 2월 3일(목) 오전 9시에 한판승부 사회자도 고품격 토론 인정 기울어진 운동장 기레기들의 행태가 도를 넘었습니다 ...	11640	3860	14	1
jocmp_gRoVA	이준석하고 이재명하고 싸우면 이준석 편들어야지 뭐  (feat  태양광 셀, 모듈)	유재일의 10분 브리핑입니다. 시청해주시는 모든 분들 감사합니다.   좋아요와 구독, 댓글은 채널 운영에 큰 힘이 됩니다! (더보기를 ...	253	78	4	-1
HtJMSMi4ors	변발헤-k9 이집트 수출/이재명-김동연/김만배, “윤석열이는 형 카드면 죽어”	멤버쉽 링크 - https://www.youtube.com/channel/UCkI2g2FvX-haxXqqDMqc96A/join 송작가TV몰 링크 ...	4805	1970	35	1
f3td27uaMu0	폰평_이재명,김동연 대선후보 토론을 보고...(정규재 주필 전화 인터뷰)	정규재 #이재명 #김동연.	484	102	5	-1
nYNej4d5YTk	[백운기의 시사1번지] 오늘 &#39;120분&#39; 첫 4 자토론 / 김혜경 &#39;황제의전&#39; vs 김만배 녹취록 / 이재명-김동연 토론 평가 (정기남, 장성철) | 220203	백운기시사1번지 [정기남 민주당 선대위 대변인, 장성철 대구 가톨릭대 특임교수] - 이재명 윤석열 양자토론 무산.. 누구 때문?	3057	117	0	1
vSH0VveslYY	울산지역 2030 청년, 이재명 후보 지지 선언 220202	"울산지역 2030세대 청년들이 오늘(2) 기자회견을 열고 민주당에 입당해 이재명 후보를 지지하겠다고 밝혔습니다. 이들은 ""청년의 ..."	11	0	0	1
ab8O_7fTWBU	[고영신TV]윤석열, 단일화보다 자장론 주력/김동연, 이재명 들러리 양자토론(출연: 이종근 전데일리안편집국장)	[고영신TV] 인기동영상 바로보기 ...	10186	1594	81	1
WZ-P5Y5iGSA	이재명 공약 진짜 지렸다,,;; #SHORTS	SHORTS #이재명 #공약 #진짜미안한데나그렇게까지찐따는아니야 #찐따는아니야 #진짜미안한데 #그렇게까지찐따는아니야.	160	42	1	-1
Adhc9SPKgdQ	토론이 끝난 후 김동연이 이재명에 해준 말 두 가지 [황보선의 출발 새아침] / YTN라디오	YTN라디오(FM 94.5) [황보선의 출발 새아침] 우리의 이슈가 뉴스를 바꿉니다. 세상을 깨우는 황보선의 출발 새아침 중심잡힌 시선으로 ...	44	7	0	1
5_s4KtKcKzI	인간미 넘치는 이재명 후보	[인간미 넘치는 이재명 후보] 박정 위원장의 꿀벌 머리띠를 본 이재명 후보의 반응은?     #매타버스 #이재명 #인간미 #나를위해 ...	0	0	0	1
4qXSTd-LWr4	이재명,김동연 정치권이 풀어야#shorts	이재명,김동연 정치권이 풀어야#shorts.	44	7	2	1
ogMRADQT-fU	유의동 '이재명, 윤석열 후보 전쟁광으로 호도해'	유의동 국민의힘 정책위의장이 3일 국회에서 열린 선거대책본부-원내지도부 연석회의에서 이재명 더불어민주당 대선후보가 국민의 ...	236	13	3	-1
Lhxa3eGmT8I	특집 유튜북콘서트 &#39;이재명 윤석열을 말하다&#39; (강진구, 이동형, 박진영, 김성회)	책제목 : 출연자 (가나다순) 윤석열X파일 : 강진구 [책구매 좌표] https://url.kr/ylo73f 이재명의 9회 말 끝내기 : 이동형 박진영 김성회 [책 ...	10393	3910	0	1
yg5CAHoVfIk	Four-way presidential debate to be televised on Feb. 3 at 8 PM	오늘 첫 4자 TV토론... 이재명-윤석열 양자토론 무산 후 첫 대결 Tens of millions of South Koreans will head to the polls to vote for ...	37	1	0	1
D3UPaCIHbzs	갑질? 아니다!  직권남용 국고손실죄다! 이재명 김혜경 고발당했다!!	가로세로연구소 구독 후원 방법 정기구독 후원 ARS 1877-0665 기업은행 655-026629-01-014 (예금주 : (주)가로세로연구소) 국민 ...	107949	15086	104	-1
qAzFiB4NBZ4	[ FNL NEWS ] 여러분의 반려동물은 이재명을 지지합니까? - 22.02.03	자유일보가 일간지로 새롭게 개편되었습니다. 구독자 여러분들의 많은 구독 부탁드립니다. http://jayupay.com/ TV 자유일보는 구독자 ...	131	26	5	1
JBcqslp_TZM	과감한 방역을 부탁해! (feat. 보건,경제,심리방역)	알랴쥼 #이재명 #방역.	469	198	10	1
c9XCj48J_O8	북콘서트 라이브! 이재명 &amp; 윤석열을 말하다!	출연 : 이동형 김용민 김성회 박진영 강진구 * 자발적 시청료 후원 계좌 안내 : 신한은행 110-484-473344 이동형 (미르미디어) * 광고문 ...	17340	4742	0	1
nZHBjl3eaos	김기현 '이재명, 거짓말 그만... &#39;대장동 특검법&#39; 지시해라'	김기현 국민의힘 원내대표가 3일 국회에서 열린 국민의힘 원내지도부 연석회의에서 이재명 더불어민주당 대통령 후보의 부인 김혜경 ...	228	31	3	-1
Uu5cmhu2PRs	이재명 토론에 가장 눈에 띈 부분은?...권영세 '토론하면서 컨닝하더라'	권영세 #국민의힘 #이재명 #토론 #김동연 #컨닝 국민의힘 권영세 선대본부장이 22년 2월 3일 회의가 끝난 후 밖으로 나와 기자들의 ...	1443	248	12	1
kcaxCeCOQxQ	이재명...전쟁 나면 누가 피해를 입습니까? 이재명 대북 외교정책...연두의 오늘그림	전쟁 나면 누가 피해를 입습니까? #이재명 #대북 #외교정책 전쟁 나면 누가 피해를 입습니까? ------------------------- 윤석열이 선제타격 ...	65	27	1	1
DU6BP436zKg	[2022 대선포커스] 국무총리급 의전 받은 이재명 부인 김혜경씨 | 전지현 변호사 | 22.02.03	대선 #이재명 #윤석열 #전지현 #픽앤톡 #경제사회TV #정치 ▷ 직접 후원하기: 하나은행 189-910044-34204 ▷ 후원 바로가기: ...	0	9	0	1
IxR1wio6XoI	유의동 '민생을 위한 진심마저 선동으로 일삼는 이재명, 국민의 삶에 책임을 다할 수 있나'	유의동 #이재명 #김혜경 #선동 #민생 유의동 국민의힘 정책위의장이 22년 2월 3일 국회에서 열린 국민의힘 선거대책본부-원내지도부 ...	1091	161	12	-1
dCTk3C_JDp4	&#39;굿바이, 이재명&#39; 시리즈 #5 : 검사 사칭	장영하 변호사님 측 영상을 함께 공유합니다! 시사뉴스 우동균 멤버십으로 함께해주세요!	992	302	12	-1
S1AaLpH2VPM	이준석 허세, 결국 망신 당했다! '슬슬 마삼중 트롤링의 부작용이 여기저기서 드러날 것' - 이재명&amp;김동연 정책 토론회 &#39;17만 동시 시청&#39; 역대급 흥행 '윤석열과 수준 차이'	망신당한이준석허세 #이재명김동연정책토론회흥행 # ▣ 황희두 멤버십 후원 ...	20444	6817	330	-1
eTHyyJI67Mw	사라진 건희!	김혜경 #김건희 #이재명 #김동현.	8656	2512	198	-1
aqw3Zgdp37w	김혜경 의전 논란 윤석열, 이재명 공방전 안상수TV	윤석열 #이재명 #김혜경 #안상수TV #국민의힘 #더불어민주당 #의전논란 #경기도지사 #원일희대변인 #최지현부대변인 #외국인건강 ...	1	1	0	-1
q2M2XF1GCoo	[풀영상] 국민의힘 이재명 비리 국민검증특위-김경율 회계사 초청 간담회 (22.02.03)	국민의힘 #김진태 #이재명 #국민검증 #특위 #김경율 [풀영상] 국민의힘 이재명 비리 국민검증특위-김경율 회계사 초청 간담회 ...	4845	1040	22	1
JKIG4UBNYJE	권영세 '공무원 몸종 부리듯 갑질한 이재명 부인, &#39;김혜경 방지법&#39;이라도 나와야'	권영세 #김혜경 #공무원 #방지법 #센터 권영세 국민의힘 선거대책본부장이 22년 2월 3일 국회에서 열린 국민의힘 선거대책본부-원내 ...	6725	2135	203	-1
yq3CtwJa7eM	[이재명 연천 공약] 접경지역에서 동북아 평화교류 협력의 중심지역으로!	존경하는 연천군민 여러분, 연천은 유네스코 지정 세계지 질 공원으로 선정된 한탄강이 있고, 30만년전 구석기 유물인 아슐리안 주먹 ...	22	18	6	1
OtDYsuM49C0	[이재명 양주 공약] 경기북부의 중심 양주, 살기 좋은 양주시!	존경하는 양주시민 여러분, 더불어민주당 대통령 후보 이재명입니다. 과거에는 사대문 북동쪽은 전부가 양주 땅이었고, 양주는 경기 ...	24	21	6	1
-oiSn7nbi2Q	김혜경, 의혹 제기 5일만에 '저의 불찰'  [아침에 이슈]	3월 9일 대선이 34일 앞으로 다가왔습니다. 오늘 저녁에 있을 대선 주자들의 첫 4자 토론이 민심의 분수령이 될 것으로 보이는데요.	6611	791	256	-1
EIGBc7M7ywM	최한욱의 독썰라이브 15화 '문재인이 이재명을 청와대로 보낸다'	여론분석 - 역대급 문제인 대통령 지지율, 역대 대통령은? 뉴스체크 - 김혜경의 황제의전? 진실은? - 이재명 영업시간 규제 무의미 ...	1469	395	3	-1
Q5sMA4oeMLI	[Live]_이재명의 문화강국TV_유정주 노정렬의 K-핫이슈 (서승만,김성수,남태우,김승현,유민아 출연)	이재명 #문화예술 #노정렬 #유정주 #서승만 #김성수 #남태우 #유민아 #김승현 ☆범 진보민주 개혁을 위한 방송입니다. 많은 구독과 ...	1915	750	2	1
kl6CiShmNPM	이재명 녹음파일 27번 이재명－이재선(친형) 통화	이재명 녹취록 27/34 이재명 욕설파일 이재명이 친형 이재선, 형수 박인복 등과 통화하며 온갖 협잡과 욕설이 담긴 녹취록 원본 34개 ...	61	14	1	-1
eBnn1tHxSsA	긴급속보)이재명 김혜경 경기도 법인카드 ‘바꿔치기 결제 사적 유용 kbs 윤석열 김혜경 이준석	[단독] 김혜경 측, 경기도 법인카드 '바꿔치기 결제'사적 유용 이재명 경기도지사 의전에만 쓰게 돼 있는 비서실 법인카드를 김 씨가 ...	6	3	0	-1
ETZnqkTx_oU	[이재명 광주 공약] 교통이 편리하고 교육, 문화로 향기로운 광주!	존경하는 광주시민 여러분, 경기도 동부권의 중심, 천년 역사의 광주는 오랜 세월 수십 년 전의 낡은 규제에 묶여 희생해왔습니다.	6	6	0	1
8vSc7q-46F4	오늘밤 4자 TV토론 격돌…이재명 &#39;김혜경 논란&#39; 사과 / 연합뉴스TV (YonhapnewsTV)	오늘밤 4자 TV토론 격돌…이재명 '김혜경 논란' 사과 [앵커] 여야 대선후보들의 첫 4자 TV 토론이 오늘 저녁 8시에 열립니다. 후보들은 ...	335	7	2	1
Z34IfAmmjqc	(긴급)대충격-김정숙,극비리 이집트 황제관광!이재명 송영길,긴급 충격입장문!원희룡 “2018년 김혜경 ‘불법 비서’ 고발 있었다!김어준,해궤한 충격입장문!	윤석열TV: https://www.youtube.com/channel/UCcl16CxYqlbKQJVCfdhSJVw 윤석열 공식 유튜브 주소입니다. 나라를 살리는 모든 ...	8955	955	43	-1
RrWuWK68EJ8	대선 후보 오늘 TV토론...김혜경 &#39;과잉 의전&#39; 논란에 李 사과 / YTN	[앵커] 오늘 저녁, 대선후보 4명이 TV 토론에서 여러 정책과 현안을 두고 격돌합니다. 이런 가운데 부인 김혜경 씨의 과잉 의전 논란을 ...	1686	39	48	-1
CQPXsdQbk34	(오전뉴스) 이재명 도지사 퇴임 후에도 속옷 빨래 심부름! 국민의힘, 김혜경 방지법 만든다! 윤희숙, 원희룡, 김기현, 정의당까지 하나 됐다! 김어준의 이상한 해명!	공유 https://youtu.be/CQPXsdQbk34 회원가입 https://www.youtube.com/channel/UCtmvuCbpw6_TFbeO4ToTAIw/join.	24551	4322	165	1
