ID	title	description	viewcount	likecount	commentcount	label
MsimXkkJZy0	이준석 '토론 1등 윤석열...안철수, 평가하고 싶지 않다'	라이브 방송 안내 뉴스쇼 라이브 방송 | 매주 월~금 오전 7시20분~9시 댓꿀쇼 라이브 방송 | 뉴스쇼 본방송 끝나자마자 이어서 오전 9시 ...	9149	229	149	1
i966hQCfIw8	2/4(금) - 심상정·이준석 인터뷰/ 이재명-윤석열-심상정-안철수 4자토론 집중분석/ 김혜경 횡령 아웃/ [말말말] 이소영vs김은혜 [김현정의 뉴스쇼]	2월4일(금) 김현정의 뉴스쇼 ▣ 라이브 방송 안내 뉴스쇼 라이브 방송 | 매주 월~금 오전 7시20분~9시 댓꿀쇼 라이브 방송 | 화·금 주 2 ...	147092	2688	328	1
ceV5wEGbihA	안철수 '국민연금 개혁 모두 동의'	"이재명 #윤석열 #안철수 #심상정 #TV토론 [안철수 ""국민연금 개혁 모두 동의""]더불어민주당 이재명, 국민의힘 윤석열, 국민의당 ..."	107	18	2	1
9nFYAt6U7Yo	안철수 '청약 만점 몇점인지 아냐?'...윤석열 '40점..!'	일시후원: 국민은행 794001-04-154041 서울의소리(강경자) ✓전화후원: 1877-1590 ✓정기후원: ...	5109	968	77	-1
MWCrfSkKEDE	이상돈 “안철수가 달라졌다? 지난 10년을 봐라” [황보선의 출발 새아침] / YTN라디오	YTN라디오(FM 94.5) [황보선의 출발 새아침] 우리의 이슈가 뉴스를 바꿉니다. 세상을 깨우는 황보선의 출발 새아침 중심잡힌 시선으로 ...	97	6	0	1
s8ZbR9imE6Y	대선후보 첫 4자 TV토론…이재명-윤석열 &#39;대장동&#39; 격돌 / JTBC 아침&amp;	20대 대선을 한 달여 앞두고 여야 후보들이 어제(3일) 첫 TV토론을 벌였습니다. 이재명, 윤석열 후보는 특히 대장동 의혹을 놓고 격돌 ...	3171	31	108	1
NAnlfKpKhZc	치열한 #대선레이스 #후보단일화 #안철수후보 어느쪽과 손잡을까? [천기자의 이슈깨기]	막바지로 치닫는 대선레이스, 후보단일화 이뤄지나? 국민의힘, 더불어민주당 서로 단일화 해야한다고 주장하고 나서. 단일화의 아이콘 ...	15	2	0	1
8IeJcBIIYsY	공과 사 구별		1112	0	68	1
V-cNxssSO0M	이재명 안철수 대선토론 공감합니다.#shorts	이재명 안철수 대선토론 공감합니다.#shorts.	574	27	2	1
ZHWfLHrTFrI	윤석열토론 또 청약점수 몰라당황, 안철수질문	윤석열토론#안철수토론#윤석열실수모음.	2695	299	49	1
6ooi9qhPbi8	[LIVE] 다시 보는 라이브 - 대선후보 4인 첫 TV 토론 / SBS	SBS뉴스 #8뉴스 #실시간 #대선후보 #토론 #이재명 #윤석열 #심상정 #안철수 로 만나 보세요 라이브 뉴스 채널 SBS 모바일24 ...	3345	41	0	1
CXQT95pwMKM	[풀영상] 국민의당 안철수·김미경·안설희 가족 총출동-대한민국 미래주역 '청소년들과의 대화' (22.02.04)	국민의당 #안철수 #김미경 #안설희 #대한민국 #청소년 #대화 [풀영상] 국민의당 안철수·김미경·안설희 가족 총출동-대한민국 미래 ...	1975	347	20	1
GCKDoHPkb7Y	우크라이나 사태질문 안철수 윤석열 비교영상	윤석열아몰랑#안철수외교.	737	124	18	1
4sWycdnTAT4	이준석 'TV토론 평가표. 이재명 3등. 윤석열과 안철수는?	이준석,과거 윤석열 TV토론 2번만 하면 낙마한다고 했는데 이번에 그의 채점표를 보니....	19665	8191	396	-1
VDsZWH4ycac	첫 TV토론, &#39;배우자 리스크&#39; 없이 &#39;대장동&#39; 집중공세 [이슈픽]	3일 지상파 방송 3사가 주최한 첫 대선 후보 합동 TV 토론회가 열렸습니다. 두 시간의 토론 중 가장 열띠게 오갔던 주제는 단연 이재명 ...	388	10	10	1
yVxjBerkOV8	[생중계] 2022 대선후보 농정비전 발표회｜이재명·윤석열·심상정·안철수	대선후보 #정의당 #심상정 [선택 2022! 제20대 대통령 선거 후보자 농정 비전 발표회] ○ 일 시 : 2022.02.04.(금) 14:00~16:00 ○ 장 소 ...	0	0	0	1
Jv7x7yIp3nE	첫 4자 토론 한 장면|이재명 대장동 난타전|윤석열 청약만점 RE100|심상정 '미투 사과하라'|안철수 연금개혁	김준일 민동기 민경남PD | 댓꿀쇼 668회 2월4일(금) 뉴스쇼 별책부록, 댓꿀쇼 좋아요와 구독, 알림까지 꼭.꼭. 눌러주세요! 댓꿀쇼를 ...	44263	1897	96	1
E4Ku8JEWRuA	안철수의공약_전역병들에 사회진출지원금지원	안철수#안철수공약#대선후보#대선후보공약#미래먹거리#코로나예방법#교육개혁.	1	0	0	1
FHC3Rfdjz88	안철수의공약_정신건강 국가책임제	안철수#안철수공약#대선후보#대선후보공약#미래먹거리#코로나예방법#교육개혁.	1	0	0	1
zEVnWTfNx38	안철수공약_탈모	안철수#안철수공약#대선후보#대선후보공약#미래먹거리#코로나예방법#교육개혁.	1	0	0	1
Qbb7meXd08U	[에디터픽] '尹 초짜' vs '李 동문서답' 대선 첫 TV토론 후보 성적표는? / YTN	1. 첫 대선 후보 TV토론...대장동 의혹·부동산 격돌 (조성호 기자) 2. 사드 배치·선제타격론 등 난타전...에너지·추경도 설전 (김승환 기자) ...	80969	1917	0	1
LebqnySzMi0	신문브리핑 1 '李-尹, 서로 부인 공격 자제…&#39;김혜경 법카&#39; &#39;김건희 통화&#39; 언급 없어' 외 주요기사 [아침&amp;매일경제]	"(매경)신문브리핑 1 ""李-尹, 서로 부인 공격 자제…'김혜경 법카' '김건희 통화' 언급 없어"" 외 주요기사(0204) #아침앤매일경제 #신문 ..."	1524	31	6	-1
AW13zyu1o74	[시사인터뷰 오늘] 공감포럼 대표 정준호 변호사 “2022 대선 후보 첫 토론회, 쟁점과 민심에 미치는 영향”_220204 오늘의 인터뷰	대선토론 #대선 #이재명 #윤석열 #안철수 #심상정.	10	0	0	1
wg4-_ypk-wg	심상정 '안희정 편이냐' 윤석열 '사과하겠다'	"이재명 #윤석열 #안철수 #심상정 #TV토론 [심상정 ""안희정 편이냐"" 윤석열 ""사과하겠다""]더불어민주당 이재명, 국민의힘 윤석열, 국민 ..."	74	5	1	-1
jhVBfsfbTkU	이재명 'RE100 대응은?'...윤석열 '그게 뭐죠?'  / YTN	"RE100·블루수소…갑자기 '장학퀴즈' 된 TV토론 윤석열, TV토론서 '에너지 정책' 질문에 진땀 尹 ""RE100이 뭐죠?""…李 ""재생에너지 ..."	9468	317	276	1
dxBgLrXH2fE	윤석열 '이 후보가 대장동 설계'	"이재명 #윤석열 #안철수 #심상정 #TV토론 [윤석열 ""이 후보가 대장동 설계""]더불어민주당 이재명, 국민의힘 윤석열, 국민의당 안철수, ..."	216	6	8	1
c21w2H3rfiI	[뉴스라이브] 대선후보들 120분 &#39;4자 토론&#39;...시작부터 '대장동' / YTN	진행 : 김선영 앵커, 김대근 앵커 □ 출연 : 추은호 / 해설위원 * 아래 텍스트는 실제 방송 내용과 차이가 있을 수 있으니 보다 정확한 내용 ...	1648	18	29	1
bep4LFEaKXw	&#39;4자 토론&#39; 장외 신경전 계속...국회 추경안 논의 시작 / YTN	[앵커] 어젯밤 대선 후보들의 첫 '4자 TV' 토론이 열린 가운데 여야 장외 신경전은 여전히 이어졌습니다. 국회에서는 오늘부터 본격적인 ...	602	15	17	1
WebwIwgMdzg	대놓고 촛불 탄핵이 키운 윤석열!박근혜 어떤 구상해야하나#이재명,이대로 무너질까#안철수,윤석열 단일화 매달릴 필요있나#KBS MBC,尹한테 줄섰나#송영길 히든카드#성접대의혹 이준석	윤창중칼럼세상은 보수우파의 집권이 목표입니다. 실현 가능한 해법과 방향을 분명히 제시합니다. 윤칼세를 도와주십시오. 윤칼세TV ...	6067	1164	28	-1
bWitwIRA4t0	&#39;4자 토론&#39; 장외 신경전 계속...국회 추경안 논의 시작 / YTN	[앵커] 어젯밤 주요 대선 후보들의 첫 '4자 TV토론'이 열린 가운데 여야의 장외 신경전은 계속 이어지고 있습니다. 국회에서는 오늘부터 ...	786	12	26	1
dLuAB4Dnk98	’코로나19‘ 중앙재난안전대책본부 브리핑 - [끝까지 LIVE] MBC 뉴스특보 2022년 02월 04일	'코로나19' 오미크론 변이의 급속 확산으로 오늘 신규 확진자수가 2만7천명대를 기록했습니다. 하루만에 4천500여명이나 급증한 ...	2894	73	0	-1
-NJgg1h6sbE	[LIVE] 누가 대통령이 될 상인가?｜방송 3사 합동 초청 대선 후보 4자 토론회｜KBS 220203	"""대선 D-34, 최초로 열리는 후보 4자 토론!"" 더불어민주당 이재명, 국민의힘 윤석열, 정의당 심상정, 국민의당 안철수 등 여야 대선 후보 ..."	360	0	2	1
3B803SU2Pf8	대장동·사드·미투·연금개혁…4인 후보 2시간 &#39;불꽃공방&#39; / 연합뉴스 (Yonhapnews)	대장동·사드·미투·연금개혁…4인 후보 2시간 '불꽃공방' (서울=연합뉴스) 여야 대선후보 4인은 3일 밤 KBS·MBC·SBS 등 방송 3사 ...	124	7	1	1
GtOC-6LdvRE	이재명 '당선되면 100조 지원, 옳지 않아'	"이재명 #윤석열 #안철수 #심상정 #TV토론 [이재명 ""당선되면 100조 지원, 옳지 않아""]더불어민주당 이재명, 국민의힘 윤석열, 국민의 ..."	96	10	3	-1
jGoWfHUsaKc	2022 대선후보토론|이재명 윤석열 안철수 심상정	이재명#윤석열#안철수#심상정.	37	5	0	1
iAfDD9l7ZVI	[대구·경북 여론조사] 중남구 국회의원 적합도는? / KBS  2022.02.04.	대구 중남구 국회의원 보궐선거가 국민의힘 무공천 결정으로 더 많은 관심을 받고 있는데요, 유권자들이 바라보는 국회의원 적합도를 ...	1267	15	9	1
jYWHTWpFtM0	[뉴스포커스] 여야 대선후보 첫 &#39;TV 토론&#39;…대선 영향은? / 연합뉴스TV (YonhapnewsTV)	[뉴스포커스] 여야 대선후보 첫 'TV 토론'…대선 영향은? [출연 : 최창렬 용인대 교수·김형준 명지대 교수] 우여곡절 끝에 어제 여야 대선 ...	128	3	0	1
IgVuUEd6CwQ	이준석의 토론평가 - 1등 윤석열, 2등 심상정, 3등 이재명, 안철수는?	CBS라디오 김현정의뉴스쇼 22.02.04 저작권 관련하여 배경음악 추가했습니다 이어지는 내용은 아래 링크에서 확인해 주세요 ...	2142	374	72	1
gF-oh-tmrug	[백운기의 시사1번지] 이준석 전화연결 / 이번주 여론조사 동향 파악 | 220204	백운기시사1번지 [라이브 방송 안내] 라이브 방송 | 매주 월~금 오전 11시~12시 - 첫 TV토론... 한방·자책골·결정타도 없었다. - TV토론 ...	3915	166	0	1
3B73omFvuPw	예언적중했던 이재명 사주...그것 때문에 또 죽는다?! 죽음의 그림자가 보이는 사주..큰일입니다.. [부천점집] [천신도령] ☎️010 4682 1913☎️	부천 천신도령⭐ ▷상담문의 ☎️010 4682 1913☎️ ▷신당위치 : 부천 #이재명 #이재명사주 #화천대유 #대장동 #이재명후보 ...	112	17	2	-1
EoYYqaDqQbU	대선후보 4인, 농업 비전 경쟁…엇갈린 TV토론 평가 / 연합뉴스TV (YonhapnewsTV)	대선후보 4인, 농업 비전 경쟁…엇갈린 TV토론 평가 [앵커] 대선이 한달여 앞으로 다가온 가운데 관련 상황도 알아보겠습니다.	148	1	0	1
TSYEXTz_x4I	2022년 창일방송 대선후보토론 이원방송	윤석열 후보님 압승 1등 이재명.안철수 바짝긴장 얼었다~	69	7	4	1
daLBdtAjKn0	윤석열이 토론 폭망한 이유	"유튜브 이송원TV 2월 4일(금) 오전 9시에 윤석열 '청약 만점' ""40점"", 안철수 ""청약 만점은 84점이다"" 충청 지역 與 의원들 ""'충청의 ..."	10830	4019	12	1
5sWFWfIKPoY	[라이브] 대선토론 이재명 윤석열 안철수 심상정, 핸우의 해설	ㆍ2/3 (목) 오후 20시 ~ 22시 후보 : 이재명, 윤석열, 안철수, 심상정 [제20대 대통령 선거 정책토론회, 4자토론] 정치, 사회, 경제, 외교 등 ...	70	9	0	1
4UPtAeNAr-A	대선토론 후 청년들의 반응 #shorts	전국청년연합 #바로서다 #윤석열 #각하 #대통령 #이재명 #안철수 #심상정 #국민의힘 #대선토론 #4자토론 #TV토론 #청년 #2030 ...	110	11	1	1
13a0JK9Bphg	우종학...대선 후보 4자 토론... 우종학 교수의 후보별 &#39;관전평&#39;...1 토론 태도..2 논리 전개..3. 대통령 후보로서 자질..4. 종합 평가	대선 후보 4자 토론... 우종학 교수의 후보별 '관전평' 1 토론 태도 이재명 후보는 점잖게 토론에 임했다고 봄. 상대방의 말을 짜를 수도 ...	281	106	1	1
iv5xerw-W60	[생중계] &#39;대선후보 첫 4자 토론&#39; 국민의힘 원내대책회의 / 민주당 선대위 본부장단회의 (2022.02.04 오전)	[생중계] '대선후보 첫 4자 토론' 국민의힘 원내대책회의 / 민주당 선대위 본부장단회의 (2022.02.04 오전) #이재명 #윤석열 #안철수 ...	16069	0	136	1
_-PnSP-WV-c	안철수 사주를 본 무당. 갑자기 내려오라고?! [부천점집] [천신도령] ☎️010 4682 1913☎️	부천 천신도령⭐ ▷상담문의 ☎️010 4682 1913☎️ ▷신당위치 : 부천 #안철수 #안철수사주 #안철수대선 #안철수후보 #안철수무당 ...	83	11	2	1
vl1djqF5Z5k	사드배치? 본인 지역구는 어떠세요 물어본 앵커에 두 의원 반응은 [황보선의 출발 새아침] / YTN라디오	YTN라디오(FM 94.5) [황보선의 출발 새아침] 우리의 이슈가 뉴스를 바꿉니다. 세상을 깨우는 황보선의 출발 새아침 중심잡힌 시선으로 ...	240	20	3	1
Ish4gm_ecsg	RE100? 조해진 “발음 이상해, 나도 못 알아들었다” vs 전재수 “몰랐던 것보다 ‘불가능’ 더 심각” [황보선의 출발 새아침] / YTN라디오	YTN라디오(FM 94.5) [황보선의 출발 새아침] 우리의 이슈가 뉴스를 바꿉니다. 세상을 깨우는 황보선의 출발 새아침 중심잡힌 시선으로 ...	180	10	7	1
