ID	title	description	viewcount	likecount	commentcount	label
bA_pJJtcsB0	더불어민주당 이재명, 울산과학기술원 방문 및 울산 공약 발표 - [끝까지 LIVE] MBC 중계방송 2022년 02월 05일	더불어민주당 이재명 대선 후보는 오늘 오전 10시 30분 울산과학기술원(UNIST)을 방문하고 울산지역 공약을 발표합니다. * 본 LIVE ...	8416	744	25	1
HwDG-2DXtrI	이재명 &#39;부울경&#39; 윤석열 &#39;제주·광주&#39;...요충지 민심 잡기 / YTN	[앵커] 대선이 한 달여 앞으로 다가온 가운데, 주말을 맞은 대선 후보들은 전략적 요충지를 찾아 1박 2일간의 민심 잡기에 나섭니다.	1270	20	34	1
IFSMxho2S2U	이재명, 울산 지역 공약 발표…울산 의료원 설립 추진 / SBS	SBS뉴스 #8뉴스 #실시간 으로 만나 보세요 라이브 뉴스 채널 SBS 모바일24 ▷SBS 뉴스로 제보해주세요 홈페이지: ...	2711	52	26	1
wJmnc5HsdT4	[생중계] 이재명 후보, 울산과학기술원 방문 및 울산 공약 발표 (2022.02.05 오전)	[생중계] 이재명 후보, 울산과학기술원 방문 및 울산 공약 발표 (2022.02.05 오전) #이재명 #매타버스 #울산 #2022대선 #민주당 #대선 ...	21413	0	30	1
7wWWrBHFNTU	더불어민주당 이재명, 경남 지역공약 발표 - [끝까지 LIVE] MBC 중계방송 2022년 02월 05일	이재명 더불어민주당 대선후보는 오늘(5일) 1박 2일 일정으로 부산·울산·경남을 방문합니다. 이 후보는 오늘 오전 울산 관련 지역공약 ...	0	7	0	1
sasVSSvbbdc	[LIVE] 울산과학기술원 방문 및 울산 공약 발표	이재명 #울산.	6226	6748	47	1
up5SEzz5inA	친인척 선물 준비 지시 논란…이재명 측 '사비 결제' / 연합뉴스TV (YonhapnewsTV)	"친인척 선물 준비 지시 논란…이재명 측 ""사비 결제"" 이런 가운데, 이재명 후보가 지난해 경기도지사 재임 시절, 도 소속 공무원들에게 ..."	937	45	16	-1
76wz8Me0YuY	5일 오전 10시 30분 시작! [실시간 현장LIVE🎥] 주말 울산 찾은 이재명! 울산 대선공약 발표! 울산과의 약속은? 그리고 이어지는 기자들의 질문들!	더불어민주당 #이재명 #유니스트 #대선 #토론회 #김혜경 #공약.	1305	0	4	1
4E-Jyew71_s	전과 4범 이재명 VS 전 검찰총장 윤석열 [대선후보 토론]	이재명 #윤석열 #대선후보토론.	318	62	28	1
10Q-r4qdSwA	방금 상도 학교갔다 (토론 이재명 잘했다 89%, 윤석열 6% ㄷㄷ, 김혜경 여사 팩트체크)	채널에 가입하여 혜택을 누려보세요. https://www.youtube.com/channel/UCXizVvs2c7LtFZAu25sK5Fg/join [이재명 후원회 홈페이지] ...	73609	20074	1058	1
luf32fBb9Kc	이재명 대선 후보의 성향 (2021. 09.07 방송분 발췌) - 부천 부산 용한 무당 점집 추천 후기 연화암 이보 #Shorts	이재명 #대선_후보의_성향 #2021년_9월_7일_방송분_발췌 #용한무당추천 #부산점집 #부천점집 #근처점집 #점집추천 #점집후기 ...	240	22	0	1
WDcn9FzULQ8	[생방송] 이재명 후보, 울산 과학기술원 방문 및 울산공약 발표	[생방송] 이재명 후보, 울산 과학기술원 방문 및 울산공약 발표 #이재명 #울산 #과학기술 #미래공약 #나를위해 #합니다 #앞으로 ...	7089	1945	18	1
auksfCA48x8	이재명 후보 매따버스2  울산 현장live	This stream is created with #PRISMLiveStudio.	4055	1683	5	1
HYBuWSyuj3c	이재명 성남, 네이버로부터 10억?? [주말LIVE]	구독, 좋아요는 손상대TV의 힘입니다!	15979	11541	175	1
puUPE9FTOsI	(여론분석)이재명의 눈물쇼 제대로 터졌다! 정청래도 울었다! #정청래사퇴 #이재명전과4범	자율적구독후원 : 하나은행 : 106-910488-13707 (박*옥) 해외페이팔 후원링크 : https://www.paypal.me/jungsungsantv 문의 ...	483	132	8	-1
ZB2Pe5Y_WYw	이재명, 1박 2일 부울경 방문…지역공약 발표 / 연합뉴스TV (YonhapnewsTV)	이재명, 1박 2일 부울경 방문…지역공약 발표 더불어민주당 이재명 대선 후보가, 오늘(5일)부터 1박 2일 일정으로 부울경 지역 방문을 ...	288	20	8	1
vZOTCoiYHC0	친박 단체의 이재명 지지선언	"유튜브 이송원TV 2월 5일(토) 오전 9시에 '아들 50억 퇴직금' 곽상도 결국 구속..법원 ""혐의 소명"" 이해찬 ""여론조사에 휘둘리지 말아야."	12418	4976	26	-1
1ikuBOM2cZU	재밍 : A. I. 이재명이 온다 #shorts	ai #이재명 #커밍순 #앞으로 #제대로 #나를위해 #이재명재밍 #재밍.	2109	158	42	1
xxKuJZJd9bo	이재명의 1패! 윤석열 환호! 유시민, JTBC서 충격발언! 질문 이해 못한 윤석열, 감싸는 국힘…“RE100, 비전문가는 몰라”		470	15	2	-1
TpwY4gqQorE	1박 2일 민심 공략‥李 부울경, 尹 제주·광주로 (2022.02.05/12MBC뉴스)	이재명 더불어민주당 대선후보가 1박2일 일정으로 부산·울산·경남 지역 방문에 나섰습니다. 이 후보는 오늘 오전 울산과학기술원을 ...	128	9	1	1
j3MRb8oLegQ	이·안·심 연대 뜬다...지지자 중 약 50%가 노무현 좋아해	이·안·심 연대 뜬다...지지자 중 약 50%가 노무현 좋아해.	7916	2299	80	1
yo0KAKw3xxI	매타버스, 울산  과기원 , 이재명후보님 방문	수고하고 무거운 짐 진자들 반드시 이겨야하는 비로서 우리가 자유를 얻는 시간 #이재명 #매타버스 #더불어민주당 This stream is ...	2686	1143	6	1
0p4y8z1WyMI	이재명 후보 서대문 공약 발표!	[서대문 앞으로! 발전 제대로!] 강북횡단선, 서부경전철 추진 사업이 국회의원 김영호의 공약을 뛰어 넘어... 이제 이재명 더불어민주당 ...	16	3	0	1
2iSqVWy0CrI	(ㅋㅋ 핵사이다 한소리기자가 떴다!) 대한민국 최고의 사이다 기자의 대선 토론 총평! /4자토론 /대선토론 /윤석열토론 /이재명 토론 /이재명지지도 /윤석열 지지도 /	못참아어벤져스의 시즌 2 첫 영상입니다) 이재명 윤석열의 토론을 평가하는 사이다 기자! 기레기는 저리 가라! 출동 한소리기자!	741	327	57	1
gLAtZBVOXnI	[Shorts] #AI이재명 #나를위해이재명 #AI이재명ComingSoon	정치직격, 심경수TV는 대한민국의 기울어진 언론환경 속에 올바른 정치, 시사 등에 대한 소신을 옳고 그름에 기인하여 이념적 진영에 ...	39	23	1	1
LdHQjtMkHbE	매따버스시즌2 '울산과학기술원'  #나를위해이재명 #이재명은합니다 #우리가언론이되겠습니다	This stream is created with #PRISMLiveStudio.	1353	602	4	1
eQDjmMakRLA	[대선 머선129] 민주당 의원에게 &#39;86용퇴&#39; 왜 안하냐 물었더니 / JTBC News	지난 1월 27일 더불어민주당 의원 총회장 앞에 서서 무작위로 13명의 의원들을 붙잡고 기습 릴레이 인터뷰를 진행했습니다. 민주당이 ...	2908	29	16	-1
jNxe3UujHQw	하도영TV.그래도 이재명이다.	하도영TV.그래도 이재명이다. This stream is created with #PRISMLiveStudio.	33	6	0	1
wxE2KpdAD2k	[실시간] 이재명 더불어민주당 대선후보, 울산지역 대선공약발표		848	32	0	1
gPtW5G_PVyY	런던 김인수 라이브/22년2월4일/이재명 공약 - 저렴한임대료, 30년이상 임대,일부 청년우선/영국 평생임대 카운슬 하우스, 소셜하우징 정책과 비교	1. 안녕하세요? 2. 이재명 대통령 후보께서 무주택자를 위한 저렴한 임대료의 30년 이상 임대 공약을 발표했습니다. 3. 또한 일부 임대 ...	1145	556	10	1
pX95Wli5dWQ	RE100의 전재조건과 답은 이재명 후보님께	이재명 #대선후보 #토론가 #나를위해_이재명 #명언 #앞으로제대로 #이재명은합니다 #대한민국 #대전환시대 #대구청년 #효재명 ...	1	2	0	1
mtl78hv-qZU	[#361] 속보! ‘횡령한우 먹는 전과4범’ 이재명과 ‘법카초밥 먹는 갑질러’ 혜경궁김씨 구속수사가 답!!  이재명 폭로 또 터지다!민주당 내부 회의론까지 등장!	후원계좌(국내) : 신한은행 110-532-395014 이** □ 후원계좌(해외) : WOORI BANK (SWIFT CODE : HVBKKRSEXXX) ...	570	172	15	-1
4190jouipH0	&#39;굿바이, 이재명&#39; 시리즈 #6 : 무상 연애의 전말	장영하 변호사님 측 영상을 함께 공유합니다! 시사뉴스 우동균 멤버십으로 함께해주세요!	1807	701	18	1
a0PK_43VSUY	김동연의 따끔한 일침, &#39;650개 공약, 얼마나 드는지 계산해보셨습니까?&#39;  (한판승부 대선토론 김동연vs이재명)	드디어 치뤄진 첫 대선 토론! 김동연은 이재명의 포퓰리즘 공약에 예산이 가능한지 의문을 제기했는데요. 가용 재원 내에서 했다는 ...	122	35	10	1
FmySblkLA1k	이재명은 약속을 지킵니다 | 감동주의!	이재명 #대선후보 #약속을지킵니다 #공약이행 #최고 #감동주의 #이재명_스토리 #가장낮은곳에서 #정의를배우다 #정의_앞으로 ...	41	2	0	1
qZKO6h-TRfg	이재명 떴다! 울산과학기술원 방문및 울산 공약발표!	억강부약 대동세상 #나를위해이재명 자발적 시청료 후원 계좌 안내 : 농협 150030-52-139080 진정화 바른소리TV 멤버십 가입하기 ...	3959	1080	10	1
tno4HJVrjns	대선기간 인터넷세상 구경 -뻑가 잼미 신남성연대 박근혜 이재명 윤석열 김혜경 7급공무원 A씨 5급사무관 배씨 등	[투네이션 후원 녹봉][:https://toon.at/donate/mlstv 채널에 가입하여 혜택을 누려보세요. https://url.kr/tcqpyr 좋아요와 구독 꾹 눌러 ...	23	4	0	1
kTExMz5mogY	[생방송] 이재명 후보, 창원 현대로템 방문 및 경남 지역공약 발표	[생방송] 이재명 후보, 창원 현대로템 방문 및 경남 지역공약 발표 #이재명 #창원 #중공업 #매타버스 #나를위해 #합니다 #공약발표 ...	0	80	0	1
GowEPvavnao	긴급특보)이재명 김혜경 과잉의전 나 네가 한일을 알고 있다  윤석열 이준석	민주당 이재명 후보 부인 김혜경 씨의 개인적인 일에 경기도 소속 공무원이 동원됐다는 논란이 가라앉질 않는 가운데, 지난해 추석을 ...	4	1	0	-1
F_LFaat7tKM	[LIVE]  이재명 후보 - 울산과학기술원(UNIST) 방문 및 울산 공약 발표 생중계		4872	1381	4	1
LD0tHQIvepo	이재명 대통령 후보 ① 10:30 울산과학기술원(UNIST) 방문 및 울산 공약 발표 / 울산과학기술원	이재명후보 ① 10:30 울산과학기술원(UNIST) 방문 및 울산 공약 발표 / 울산과학기술원 제5공학관/학술정보관(울산시 울주군 언양읍 ...	2218	704	0	1
sWNgXZcIO5Y	#이재명은약속을지킵니다	이약지.	15	1	0	1
tJ0ZH2vJaKM	💥이준석  대표.. 이재명 후보.. 공부좀 하고와라!! #shorts	청년의소리 정말 리얼한 청년들의 목소리 여러분의 구독과 좋아요가 큰 힘이됩니다 ...	4	2	0	1
SZ3hUv6s0qc	이재명 울산과학기술원 방문 및 울산 공약 발표 [LIVE]	이재명 #울산공약 #매타버스 깨어있는 민주시민 정치타파 유튜버 억강부약ㆍ대동세상 나아가는 길 여러분과 함께합니다. 자발적 ...	1656	744	6	1
i6ae0xjh9Tw	(이재명) ‘정육점 아닌, 정육식당을… 이런? ~헐~	Shorts#이재명#김혜경#배소현.	7	7	1	1
TdaZacG-Ovg	이재명은 확실히 다릅니다	이재명 #대선후보 #나를위해_이재명 #앞으로제대로 #이재명은합니다 #대한민국 #대전환시대 #대구청년 #효재명 #게임산업 #바른 ...	1	1	1	1
JvuA0S2qEc8	한준호 국회의원 | 나를 위한 이재명 유세단	나를위한 #유세단 #이재명 #스마트하게 #지지하자 #국회의원 #한준호 #앞으로 #제대로.	5	0	0	1
KtRnS9-9JBc	이재명 ‘국민을 개, 돼지로 보는 것’… ~헐~	Shorts#이재명#김혜경#배소현.	5	4	1	1
y6MnJ8FDOZQ	(이재명) 친인척 추석 선물 ‘경기지사 의전팀이 준비 ~할~	Shorts#이재명#김혜경#배소현#경기지사의전팀.	8	5	2	1
1bkINEcjiVM	제10대 최연소 경기도의원 황대호 출판기념회영상#가슴뛰는 삶#베스트셀러#수원특례시#MZ세대#대한민국대전환#이재명은합니다	출판기념회에 함께 해주신 635명의 지지자분들과 지역이라는 학교에서 정치인황대호를 성장시켜주신 위대한 시민분들께 이 영상을 ...	83	8	0	1
