ID	title	description	viewcount	likecount	commentcount	label
JI85uCDvImQ	조선일보 뼈 때리는 칼럼 '윤석열이든 안철수든, 단일화 놓치면 恨 될 것'	조선일보 양상훈 칼럼, 단일화만 살길이다. 승패는 간발의 차이다.	22387	5367	517	-1
JAfmjDbUAvk	취임 후 정상회담 순서는?		1163	0	58	1
bVbx7Dmtvf4	심상정, 광장시장 방문…안철수, 청년들과 달리기 / 연합뉴스TV (YonhapnewsTV)	심상정, 광장시장 방문…안철수, 청년들과 달리기 정의당의 심상정 후보는 오늘(5일) 민생 행보를 이어갑니다. 심 후보는 오늘(5일) ...	452	38	2	1
g2sVR-WwNqs	연금개혁 공동선언		1649	0	73	1
WMnHVz9wKZ4	안철수 조기은퇴자? 평생봉사?	안철수#안철수공약#대선후보#대선후보공약#미래먹거리#코로나예방법#교육개혁.	6	3	0	1
phX4-JYE7cY	식량주권확보, 안철수가 독일에 있을 때 스페인 농림부 직원 직접 찾아간 이유 #안철수 #농업정책 #스페인 #대선후보 #글로벌리더 #준비된후보		241	137	26	1
_Q8sWNrKPx0	언행일치 안철수  선한영향력 전국민에게로	안철수#안철수공약#대선후보#대선후보공약#미래먹거리#코로나예방법#교육개혁.	2	2	0	1
JLbx1f5kNg0	안철수의공약 주취 감형 전면 폐지	안철수#안철수공약#대선후보#대선후보공약#미래먹거리#코로나예방법#교육개혁.	1	1	0	1
yUz-3LFycD8	윤석열 후보 의미없는 정책 지적한 것 #안철수 #군가산점 #청년주택 #국방정책 #부동산정책 #청약점수만점		100	47	7	1
TDG0ygtZyEs	안철수의공약 촉법소년연령 조정	안철수#안철수공약#대선후보#대선후보공약#미래먹거리#코로나예방법#교육개혁.	0	0	0	1
9SIgHUu2ImQ	대선후보 농정비전 발표회 안철수 국민의당 대통령 후보 모두발언(2022.02.04./15:00) 잠실종합운동장 학생체육관	국민의당 홈페이지 https://peopleparty.kr/#anchor2 안철수 유튜브 https://www.youtube.com/user/jinsimcamp 페이스북 ...	55	0	7	1
hLIf1ijCqj0	안철수 범 내려온다	안철수#안철수공약#대선후보#대선후보공약#미래먹거리#코로나예방법#교육개혁 #황신영#에나스쿨#범의해#범내려온다.	1	1	0	1
sTqXj3y696M	[협상클라쓰](11)2022대선후보_협상전술	혼전으로 빠져든 20번째 대통령선거는 '정권교체'와 '이재명'의 대결구도로 예상되었으나 안철수 후보의 상승으로 다소의 불확실이 ...	15	2	0	1
OLPntD9fjME	[2022] 2월 1주차 B tv 주간종합뉴스	인천뉴스 #btv뉴스 #SK브로드밴드 2월 1주차 B tv 주간종합뉴스 -① GTX-D Y자 노선 '불씨'…이재명·윤석열 '공약 반영' -② GTX-D 'Y ...	29	3	0	1
wQROxrix-Jg	[대선토론] 안철수, '미래를 준비할 수 있는 대통령 후보가 필요합니다.'		2	1	0	1
2MGFqq51VWw	#윤석렬#이재명#안철수#허경영#대선#대통령		1	0	0	1
dZMGn8Ykf3M	이, PK 찾아 '국토 균형발전'…윤, 제주서 '통합 정치' / 연합뉴스TV (YonhapnewsTV)	"이, PK 찾아 ""국토 균형발전""…윤, 제주서 ""통합 정치"" [앵커] 주말에도 여야 대선주자들의 발걸음이 분주합니다. 대선 한달 앞두고 ..."	245	8	3	1
lHRxMT4dzMM	배상훈·정종권의 막장토론 2.5 : 조주빈 블로그 운영? 김건희와 김혜경 변수 커지나	배상훈 정종권의 난장 또는 막장토론 2월 5일 △ 사건사고 - 조주빈 옥중 블로그 운영? - 기준미달 경찰 디지털포렌식 프로그램에 '이상 ...	543	101	0	-1
zaq7ge0S37Y	단일화 반대의 주역, 이준석 / 도대체 왜 저럴까? / 대다수 시민들은 단일화 해야 한다고 믿는데 [공병호TV]	공병호TV는 신규영상에 대해 '전면 노란딱지'를 받고 있습니다. 그리고 전체 노출의 약 80%를 차지하는 추천영상이 2020년 9월부터 ...	4738	1458	204	-1
2iSqVWy0CrI	(ㅋㅋ 핵사이다 한소리기자가 떴다!) 대한민국 최고의 사이다 기자의 대선 토론 총평! /4자토론 /대선토론 /윤석열토론 /이재명 토론 /이재명지지도 /윤석열 지지도 /	못참아어벤져스의 시즌 2 첫 영상입니다) 이재명 윤석열의 토론을 평가하는 사이다 기자! 기레기는 저리 가라! 출동 한소리기자!	741	327	57	1
m5ahkf4CYdU	북한과 중국에는 한마디도 못하는 민주당에 일침하는 속시원한 천아람	북한과 중국에는 한마디도 못하는 민주당에 일침하는 속시원한 천아람 [뉴스패널] 구독과 좋아요 부탁드립니다 #김혜경 #김건희 ...	38	10	0	1
YdvdPM63EA0	박근혜,반 윤석열 콘크리트 보수 결집시키고 있다#이재명 30년 공든탑#윤석열의 친중 본색#이준석의 무덤-성접대 의혹#홍준표,숟가락 들고나왔다#조선일보 양상훈의 궤변#안철수의 꽃놀이	윤창중칼럼세상은 보수우파의 집권이 목표입니다. 실현 가능한 해법과 방향을 분명히 제시합니다. 윤칼세를 도와주십시오. 윤칼세TV ...	7867	1580	45	-1
dycwfprkE24	얼굴에 이런 주름이 있으면 대박난다 💰💰 [이런 주름은 절대 없애지 마세요!!] ​[동자법당 ☎010-4946-4328	전북군산점집 동자법당⭐ ▷상담문의 ☎️010-4946-4328☎️ ▷신당위치 : 전북 군산시 영화동 #관상 #얼굴주름 #이마주름 #재물운 ...	29	1	0	1
oUy49kj_ERE	윤석열, 니 어디보노? 대선후보 TV토론 후토크 [시사금광]	대선후보 #TV토론 #윤석열 #이재명 #안철수 #심상정 - 2월 3일 밤 8시 방영된 대선후보 4자 tv토론회 후토크 및 각 후보들에 대한 평가 ...	5076	706	15	1
SHS5P7dHBLg	청약점수 만점은? 윤석열 40점? 땡! 정답은 84점! 집문제 어떻게 해결할 건희? #shorts #청약점수 #윤석열	윤석열 #청약점수 #40점 #대선토론 - 안철수의 수수께끼. 아는 척하다 죄다 틀린 윤석열 - 청약가점 만점은 84점 만점인데 40점 답 ...	32	14	0	-1
XbKyBZ54-ec	소름돋는 예언! 동자법당이 대선후보 관상을 보더니 생각지도 못한 반전 결과가!?..이거 대박입니다 [동자법당 ☎010-4946-4328]	전북군산점집 동자법당⭐ ▷상담문의 ☎️010-4946-4328☎️ ▷신당위치 : 전북 군산시 영화동 #대선 #대선후보 #대통령후보 ...	75	0	0	1
QnlaFD0wQuQ	윤석열은 대한민국 후보인가  일본 후보인가  일본 정부와 같은 논리로 말하는 윤석열  윤석열 이재명  윤석열 지지도  이재명 윤석열  윤석열 일본  윤석열 부인  윤석열 아버지	최근 토론과 몇몇 인터뷰에서 드러난 윤석열의 친일 본능! *영상 - YTN/ 오른소리 / #윤석열후보 #윤석열지지율 #윤석열친일 #윤석열 ...	3	1	0	-1
mFlzBPBfvDI	(ㅋㅋ 원초적바보) RE100 과 EU 택소노미 앞에서 처참하게 무너진 윤석열 결국 바보 인증! /대선토론 /이재명 윤석열 /이재명 지지도 /윤석열지지도 /eu taxonomy /	대선4자토론 하일라이트 영상입니다 / 이재명 윤석열 하이라이트 (못참아어벤져스 시즌 1 마지막 영상입니다-곧 시즌2 시작합니다) ...	33	14	3	-1
dC33ov6SV94	(ㅋㅋ망했다) 외신 기자들 회견 하는데 어버버, 횡설수설! 준비도 안 했고, 질문도 이해 못하고, 대답도 못하고!  윤석열 지지도 윤석열 이재명  윤석열 외신기자  윤석열 부인	외신 기자 클럽에서 회견하는 윤석열후보! 대답도 못하고 질문 이해도 못하고! * 영상 -오른소리 #윤석열외신기자 #윤석열기자간담회 ...	1	0	0	-1
5MyJcn5dhko	(ㅋㅋ후보야  양아치야?)  대선 후보라는 사람의 성질 머리! 과연 고쳐 질 수 있을까   윤석열 지지도  윤석열 김건희  윤석열 이재명  윤석열 성격  윤석열 와이프	지도자와 전혀 어울리지 않는 윤석열의 성깔 모음 #윤석열버럭 #윤석열지지도 #윤석열김건희 #윤석열간담회 # #윤석열김건희 ...	1	0	0	-1
KC1_I0TvjMM	(ㅋㅋ오줌 지렸나)  횡설수설, 어버버, 멍   이 상태로 이재명 이길 수 있을까   토론 해  말아   윤석열 지지도 윤석열후보  윤석열 이재명  윤석열 김건희  윤석열 이준석	(짝version- 마지막회) 최종 후보 결정되고 본선에 올라간 약점 투성이 윤석열 /장점이 하나도 없네! *영상 -mbc/ jtbc/ytn/ 연합뉴스 ...	0	0	0	-1
nmCWSDxoSx8	ㅋㅋ처참하다 방송 인터뷰에서도 어버버  버벅버벅  정책이 있긴 있나  묻는 말에 대답 못하고  멍  윤석열 최종후보   윤석열 지지도  윤석열 전두환  윤석열 와이프	최종 후보로 선출되고 인터뷰하는 윤석열 *영상 -jtbc #윤석열 #윤석열인터뷰 #국힘최종후보 #윤석열선출 #국민의힘전당대회 ...	0	0	0	1
26NBlSnzbB4	(ㅋㅋ 멧돼지 사냥) 머리가 돌인가  새인가  며칠 전 절하는 사람 비난하더니 지지율 떨어지자 넙죽 큰절!   윤석열지지도  윤석열 이재명  윤석열 김건희  윤석열 큰절	당의 전통인가? 지지율 떨어지자 큰절 올리는 윤석열 *영상 -오른소리 /ytn/ 민중의소리 #윤석열지지도 #윤석열지지율 #윤석열 ...	0	0	0	-1
4J7p-6LK4OE	(토론 배틀)  이재명vs 윤석열 같은 질문에 답변하는 내용, 철학, 지식이 하늘과 땅 차이!  이 정도면 비교된다!  비교 분석 이재명 윤석열   윤석열 부인  이재명 부인	(비교 분석) 이재명 후보와 윤석열 후보의 국방 외교에 대한 토론회 답변 모음! *영상 -mbc /오른소리 #이재명윤석열 #이재명지지도 ...	0	0	0	1
hrRxVKYCO7I	(ㅋㅋ연기가 어색해) 어버버, 어버버   대선 후보로서 연기를 시작한 윤석열, 그런데 발연기!  윤석열 연기  윤석열 김종인  윤석열 김건희  윤석열 지지도  윤석열 지지율	발 연기를 막 시작한 윤석열, 차라리 하지 말지! *영상 -SBS ,오마이뉴스 (영상 내의 자막은 제작진의 임의적 해석입니다) #윤석열 ...	0	0	0	-1
KNpisxYaF2E	(ㅋㅋ 누가 후보야)  질문만 나오면 마이크를 이준석에게 전달하는 윤석열  마이크 딜리버리   마이크 패싱  윤석열 이준석  윤석열 마이크 셔틀  윤석열 지지도  윤석열 김건희	청년문화인과의 감담회중에 대답을 못하고 이준석에게 마이크를 넘기는 윤석열 *영상 -오른소리 (영상속 자막은 제작진의 자의적 해석 ...	3	0	0	-1
0JKjBG_EaQ0	(ㅋㅋ제 정신이야)  횡설수설 어버버   상속세와 종부세를 폐지해야 노동자가 행복하다는 윤석열 망언!  누구를 위한 후보   윤석열 종부세  윤석열 상속세 윤석열 이재명	지역의 기업인과의 간담회에서 나온 윤석열의 충격적인 세금정책 *영상- kbs (영상내의 자막은 제작진의 자의적 해석입니다) #윤석열 ...	2	0	0	-1
EwtfpPcWzJ0	헐! 518 망언과 왜곡도 표현의 자유라고   아무도 보도 안 하는 윤석열 광주 망언!  윤석열 인터뷰  윤석열 1일1망언  윤석열 이재명  윤석열 전두환  윤석열 지지도	(망언 영상) 광주에 사과하러 가서 기자들과 인터뷰 중에 터져 나온 윤석열 망언! *영상 -오마이tv #윤석열 #윤석열광주 #윤석열전두환 ...	0	0	0	-1
tSHI3DeIAtw	(ㅋㅋ 무식해서 미안해용)   어버버, 질문 실종, 황당 답변! 교수들 앞에서 정책 발표하다가 무식 입증한 윤석열  윤석열 토론  윤석열 김건희  윤석열 지지도  윤석열 지지율	교수들과 토론하다 이번에도 빈 머리 입증한 윤석열 영상 - kbs / (영상내 자막은 제작진의 자의적 해석입니다) #윤석열토론 #윤석열 ...	0	0	0	-1
Hdc5FPfqZpY	(ㅋㅋ 양다리 타다가 가랑이가)   하나부터 열까지 모두가 양다리인 여자! 과거도, 도사도, 정치도 모두 양다리!  윤석열 김건희  윤석열 이재명  윤석열 지지도  김건희 7시간	어쩌면 전부 양다리! 김건희의 양다리 열전! *영상 -ytn/ mbc /jtbc (영상내의 자막은 제작진의 자의적 해석입니다) #윤석열김건희 ...	1	0	0	-1
OiAwPcHAw3U	(ㅋㅋ오만방자하구나!) 어버버  버벅버벅   기자 간담회 하면서 무식하고, 오만하고, 질문에 삐지고!  윤석열 지지도  윤석열 지지율  김건희무속논란  윤석열 무속	대전 지역 기자 간담회 하면서 무식함, 오만함 드러낸 윤석열 *영상 -sbs (영상 내의 자막은 제작진의 자의적 해석입니다) #윤석열오만 ...	1	0	0	-1
AD-oNhn1QLg	(ㅋㅋ김건희부터 구속하세요)  이렇게 부르짖어야 윤석열이 말하는 공정과 상식에 어울린다!  윤석열 김건희  윤석열 지지도  윤석열 지지율  김건희 정경심  김건희 신정아	김건희를 조사안하고 공정과 상식이라고? 웃긴다! #김건희조사 #김건희출두 #윤석열김건희 #김건희검찰 #윤석열지지도 #윤석열 ...	0	0	0	-1
9bRPmkGxNgI	(ㅋㅋ 국제망신) 젠더 갈등의 해결책에 대한 윤석열의 답변은    윤석열 간담회  윤석열 이재명  윤석열 실언  윤석열 사과	주한미 상공회의소 간담회 영상 #윤석열지지도 #윤석열간담회 # #윤석열김건희 #윤석열 #윤석열망언 #윤석열실언 ##윤석열 ...	0	0	0	-1
AiZj4wHn4A4	(ㅋㅋ 헐  총장 출신이라는 사람이) 검찰 중립화 방안은 뭔데  대학생의 질문에 어버버, 무능과 무식 드러내는 윤석열의 기절초풍 답변  윤석열3무  윤석열 무지  윤석열 무능	(성우version) 대학생들과의 간담회에서 나온 윤석열의 검찰 중립 방안! *영상 -오른소리 #윤석열대학생 #윤석열지지도 #윤석열 ...	0	0	0	-1
CfOqqtG9LII	(ㅋㅋ 숨길 수 없는 얄팍한 속마음) 횡설수설ᆢ관훈 토론에서 나온 역대급 망언!  노동자 표가 많아서 노동자 편들어!  윤석열 토론  윤석열 관훈토론  윤석열 실언  윤석열 망언	윤석열이 노동자 편을 드는 이유는 표가 많아서! *영상 -국회tv *윤석열토론 #윤석열노동 #윤석열김건희 ##윤석열이재명 #윤석열 ...	0	0	0	-1
YBBoJBwrGe4	(ㅋㅋ 너무 심하네) 어버버   동문서답을 넘어서 묻는 사람도 황당하게 만든 윤석열의 무식 인터뷰!  포털 입법 어떻게 생각하냔 질문에 엉뚱 대답  윤석열 인터뷰 윤석열 이재명	연합tv 10주년 인터뷰에서 보여준 윤석열의 수준! 기대를 저버리지 않는 딱 그 수준! 영상 -연합뉴스tv (본 영상 속 자막은 자의적 해석 ...	0	0	0	-1
2fgao-0XFTM	(ㅋㅋ헐 이걸 말이라고)  소극장 관람료 50만원이 정상  문정부가 코미디와 사극을 없앴어!  마이크 셔틀  윤석열 망언  윤석열 실언  윤석열 마이크  윤석열 이준석	청년 문화인과의 대화에서 나온 윤석열후보의 문화 인식 *영상 - 오른소리 (영상내의 자막은 제작진의 자의적 해석입니다) #윤석열 ...	2	0	0	-1
RMgXJXkDeEw	(ㅋㅋ나라 망칠 바보!) 무식하고 무능해서 나라 말아 먹은 철종과 윤석열이 똑같네!  윤석열을 철종과 비교한 류근 시인님!  윤석열 지지도   윤석열 이재명  유석열 와이프	(성우 version)그때나 지금이나 똑같다! 무식하고 무능함의 대명사인 철종 임금과 윤석열의 공통점! *영상 -kbs(TV조선왕조실록) /오른 ...	1	0	0	-1
CLdmEy4vMas	(모두 가짜인 건희)  허위 경력 보도에 벌벌 떠는 김건희  검증이 두려우면 그만두던가! 김건희 허위경력  김건희 경력  윤석열 김건희  김건희 이력서  김건희 ytn  김건희사과	(성우version) YTN 보도로 드러난 김건희의 가짜 경력과 그에게 돌려주는 측근들의 어록! *영상 -YTN /KBS/ MBN #김건희YTN ...	0	0	0	-1
xddDQ_Y9A2Y	(ㅋㅋ 코믹버전 연기가 왜 저래 !) 김건희의 어설픈 사과를 지켜보던 현장 감독과 조연출의 대화!   김건희 패러디  김건희 사과  김건희 기자회견  김건희 웃음	김건희 허위 경력 사과 기자회견 영상 *영상-kbs #김건희사과 #김건희기자회견 #김건희윤석열 #김건희과거 #김건희웃음 #김건희 ...	2	0	0	-1
