ID	title	description	viewcount	likecount	commentcount	label
HwDG-2DXtrI	이재명 &#39;부울경&#39; 윤석열 &#39;제주·광주&#39;...요충지 민심 잡기 / YTN	[앵커] 대선이 한 달여 앞으로 다가온 가운데, 주말을 맞은 대선 후보들은 전략적 요충지를 찾아 1박 2일간의 민심 잡기에 나섭니다.	1270	20	34	1
4E-Jyew71_s	전과 4범 이재명 VS 전 검찰총장 윤석열 [대선후보 토론]	이재명 #윤석열 #대선후보토론.	318	62	28	1
aRWbK7WReUU	윤석열, 1박 2일 제주·광주 방문 / 연합뉴스TV (YonhapnewsTV)	윤석열, 1박 2일 제주·광주 방문 한편, 국민의힘 윤석열 대선 후보는 오늘(5일)부터 1박 2일간의 일정으로 제주와 광주 지역을 방문 ...	336	21	2	1
ifyl6OsU7CA	윤석열과 김만배. 그리고 최강욱의 대선후보 토론 관전평 (최강욱TV ep-167) #최강욱 #윤석열 #김건희 #김만배	출처 - YTN 이동형의 뉴스정면승부 https://youtu.be/r7DaLWMm9SQ.	2313	1085	38	1
JI85uCDvImQ	조선일보 뼈 때리는 칼럼 '윤석열이든 안철수든, 단일화 놓치면 恨 될 것'	조선일보 양상훈 칼럼, 단일화만 살길이다. 승패는 간발의 차이다.	22376	5367	517	-1
hDVBiltSu2Q	윤석열 상식이란 #shorts	윤석열 상식이란 #shorts.	1911	202	12	1
xxKuJZJd9bo	이재명의 1패! 윤석열 환호! 유시민, JTBC서 충격발언! 질문 이해 못한 윤석열, 감싸는 국힘…“RE100, 비전문가는 몰라”		470	15	2	-1
TpwY4gqQorE	1박 2일 민심 공략‥李 부울경, 尹 제주·광주로 (2022.02.05/12MBC뉴스)	이재명 더불어민주당 대선후보가 1박2일 일정으로 부산·울산·경남 지역 방문에 나섰습니다. 이 후보는 오늘 오전 울산과학기술원을 ...	128	9	1	1
enyNk-yCzqA	TV 토론 후 윤석열 발언이 화제... 이재명 도망가더라... 2차전 확정	이메일 : newsdot724@naver.com(사연/칼럼/뉴스제보-url 첨부) 멤버십 ...	4358	1174	101	-1
22hq6ypd5Tc	아들의 응원, 기호 2번 윤석열 대통령	영상 제공 : 국민소통단 윤택배, https://www.v0815.kr/ 국민이 키운 윤석열, 내일을 바꾸는 대통령 #윤석열대통령 #국민의힘으로정권 ...	24	5	0	1
Pl6s5Sx4dUM	윤석열 후보, 사드 추가배치 노노! #Shorts		8	7	0	1
v3ha0fT6DHs	[문경현국티비] 윤석열, 문경 9090 프로젝트 ep.1 돈달산 도시공원 조성사업	윤석열#국민의힘#문경시장 안녕하세요. 오늘은 윤석열, 문경 9090 프로젝트 ep.1 돈달산 도시공원 조성사업 이라는 주제로 유튜브를 ...	4	1	0	1
E3bvGH_diDA	박근혜 大統領.. '조원진 윤석열 단일화' 이율배반!		355	69	4	-1
IAeo8MCNe-4	#shorts #달성의힘으로 #윤석열로 #갑시다 #달윤갑 #달성군 #최재훈 #윤석열 #국민의힘 #대통령선거		4	1	0	1
10Q-r4qdSwA	방금 상도 학교갔다 (토론 이재명 잘했다 89%, 윤석열 6% ㄷㄷ, 김혜경 여사 팩트체크)	채널에 가입하여 혜택을 누려보세요. https://www.youtube.com/channel/UCXizVvs2c7LtFZAu25sK5Fg/join [이재명 후원회 홈페이지] ...	73609	20071	1058	1
VpDdwpFpUpY	2022 농정비젼 발표회, 윤석열 직불금 2배로 늘리겠다!	윤석열.	9	3	0	1
NaXHbr8YsPU	윤석열의 강남스타일		16	5	1	-1
yUz-3LFycD8	윤석열 후보 의미없는 정책 지적한 것 #안철수 #군가산점 #청년주택 #국방정책 #부동산정책 #청약점수만점		100	47	7	1
zaq7ge0S37Y	단일화 반대의 주역, 이준석 / 도대체 왜 저럴까? / 대다수 시민들은 단일화 해야 한다고 믿는데 [공병호TV]	공병호TV는 신규영상에 대해 '전면 노란딱지'를 받고 있습니다. 그리고 전체 노출의 약 80%를 차지하는 추천영상이 2020년 9월부터 ...	4738	1457	204	-1
xMI1C40AbLI	긴급! ‘김혜경 리스크’ 때문? 호남에서 윤석열 지지율 폭발. 윤 또 광주 방문 '호남발 대세 굳힌다'. 호남의 지지율 폭발적 상승에 윤석열 화색.	"긴급! '김혜경 리스크' 때문? 호남에서 윤석열 지지율 폭발. 윤 또 광주 방문 ""호남발 대세 굳힌다"". 호남의 지지율 폭발적 상승에 윤석열 ..."	104	21	3	1
BLsbzUPIjbM	헛발질 윤석열 안돼! #윤석열 #후보사퇴 #후보교체 #shorts		7	3	0	-1
LpzYCRt77NY	윤석열 안돼 ! #윤석열 #4자토론 #후보사퇴 #후보교체 #shorts		12	3	0	1
AmaBs2TaTO8	RE100 뒤끝 설전…'후보라면 알아야지' '모를 수도 있지' / 연합뉴스TV (YonhapnewsTV)	"RE100 뒤끝 설전…""후보라면 알아야지"" ""모를 수도 있지"" [앵커] 기후위기 대응을 위한 탄소중립 관련 전문용어 RE100. 사실 국민들 ..."	749	24	53	1
YdvdPM63EA0	박근혜,반 윤석열 콘크리트 보수 결집시키고 있다#이재명 30년 공든탑#윤석열의 친중 본색#이준석의 무덤-성접대 의혹#홍준표,숟가락 들고나왔다#조선일보 양상훈의 궤변#안철수의 꽃놀이	윤창중칼럼세상은 보수우파의 집권이 목표입니다. 실현 가능한 해법과 방향을 분명히 제시합니다. 윤칼세를 도와주십시오. 윤칼세TV ...	7759	1580	45	-1
IeWnf4WWAx4	윤석열 당선되면 홍준표.이준석 팽 당할것.(송영길)		0	0	0	-1
DCfg09N7Yd8	윤석열이 최초로 나라지키는 &#39;보훈 공약&#39;에 열정을 보였다!		136	39	0	1
FtuTaycRQiQ	[이슈]다섯개의 짧은 장으로 된 자서전	자서전 ㅣ촛불혁명 ㅣ대통령선거 ㅣ스토리텔링 ㅣ선택 ㅣ구멍 ㅣ노무현 ㅣ김대중 ㅣ문재인 ㅣ윤석열 ㅣ만주주의 ㅣ인생 ㅣ 또 한번의 ...	22	4	0	1
_TYyj88UNS4	윤석열의 말 바꾸기. (민주정부 천년동안 구독 좋아요 부탁드립니다.)		1	1	0	-1
dZMGn8Ykf3M	이, PK 찾아 '국토 균형발전'…윤, 제주서 '통합 정치' / 연합뉴스TV (YonhapnewsTV)	"이, PK 찾아 ""국토 균형발전""…윤, 제주서 ""통합 정치"" [앵커] 주말에도 여야 대선주자들의 발걸음이 분주합니다. 대선 한달 앞두고 ..."	245	8	3	1
tno4HJVrjns	대선기간 인터넷세상 구경 -뻑가 잼미 신남성연대 박근혜 이재명 윤석열 김혜경 7급공무원 A씨 5급사무관 배씨 등	[투네이션 후원 녹봉][:https://toon.at/donate/mlstv 채널에 가입하여 혜택을 누려보세요. https://url.kr/tcqpyr 좋아요와 구독 꾹 눌러 ...	23	4	0	1
jmRLBCHCg8g	긴급! 한동훈,송영길 박영선에 직격탄. 한동훈, &#39;김혜경 갑질' 문제 심각해지니까 여권이 &#39;김건희와 한동훈의 통화&#39;를  이슈 삼으려고 돌아가며 물타기 시도.	"긴급! 한동훈,송영길 박영선에 직격탄. 한동훈, '김혜경 갑질"" 문제 심각해지니까 여권이 '김건희와 한동훈의 통화'를 이슈 삼으려고 ..."	48	22	4	-1
oUy49kj_ERE	윤석열, 니 어디보노? 대선후보 TV토론 후토크 [시사금광]	대선후보 #TV토론 #윤석열 #이재명 #안철수 #심상정 - 2월 3일 밤 8시 방영된 대선후보 4자 tv토론회 후토크 및 각 후보들에 대한 평가 ...	5076	706	15	1
kxA2EI46JfQ	(낮 12시) 윤석열, 홍카콜라에서 홍준표와 대담! 이제야 곽상도 구속! 이재명 측, 불법 공무원 동원 정황!	후원 : 우리은행 1005-603-591706 제이에이치 커뮤니케이션.	0	36	0	-1
tavMqE9g_xA	언론인 한석동 '대선 임박한 지금 야당에 가장 중요한 선거운동은?'[권순활TV]	[자율구독료] 신한은행 110 183 108360 권순활 #대선 #선거운동 #한석동 #야당 #윤석열 #이재명 #칼럼 #데일리안.	686	348	25	1
I5rTPIVNaw0	이재명, 김혜경 극딜하는 이준석 '내로남불 민주당 스스로 몰락 자초'	이준석#윤석열#이재명#김혜경#국민의힘.	120	30	4	-1
do0vw_ypzPM	솔로지옥 끝판왕 프리지아! 홀리는 인기 이유 사주를 보면 다 나와있다 (대구점집)	안녕하세요. 대구점집 명신도령입니다. 저는 신뢰를 정말 중요하게 생각하고 한분한분 정성을 다하는마음으로 매일 기도합니다. 사주 ...	23	0	0	1
SHS5P7dHBLg	청약점수 만점은? 윤석열 40점? 땡! 정답은 84점! 집문제 어떻게 해결할 건희? #shorts #청약점수 #윤석열	윤석열 #청약점수 #40점 #대선토론 - 안철수의 수수께끼. 아는 척하다 죄다 틀린 윤석열 - 청약가점 만점은 84점 만점인데 40점 답 ...	32	14	0	-1
835mRkSyzyo	&#39;122만 유튜버&#39; 뻑가 만행, 대형 사고쳤다! 친박단체 '가짜 보수는 더 망하고 사라져야.. 이재명 지지' - 아들 50억 퇴직금 논란 곽상도 이제야 구속.. 윤석열 후폭풍	유튜버뻑가펨코BJ잼미논란 #친박단체이재명후보지지 #무능한윤석열 #아들50억퇴직금논란곽상도구속 ▣ 황희두 멤버십 후원 ...	20683	9019	359	-1
VNcZciiouMU	박근혜 구속한 윤석열이 보수 대통령 후보? 우파 활동 동지들, 이재명 지지!		4	1	3	-1
tJ0ZH2vJaKM	💥이준석  대표.. 이재명 후보.. 공부좀 하고와라!! #shorts	청년의소리 정말 리얼한 청년들의 목소리 여러분의 구독과 좋아요가 큰 힘이됩니다 ...	4	2	0	1
4a0-DujU3vU	[대선토론] 윤석열, '국민께서 저를 불러주시고, 이끌어 주시고, 가르쳐 주셔서오늘 제가 여기까지 왔습니다.'		1	1	0	1
PMkLoq6rUrk	💥 정동영..  이재명 후보.. 일정좀 줄여라~ 🔸 내가 떨어저 봐서 안다 ..#shorts	청년의소리 정말 리얼한 청년들의 목소리 여러분의 구독과 좋아요가 큰 힘이됩니다 ...	8	1	0	1
S28kMSSGHvg	김만배는 허풍쟁이 #shorts | 국민의힘 원희룡	원희룡의도전 #국민의힘 #정책 #정책총괄본부장 #제20대대통령선거 #윤석열 #대선전략 #대선 #전략 #이재명 #김만배 #정영학 ...	572	155	10	1
JkSC2snnyj0	송영선시사360# &#39;사드 3불&#39;,  중국과의 &#39;협약&#39;&#39;이 아니라 문 정부 혼자의 입장 일 뿐이다.	[후원계좌] 신한은행 110-457-634459, 예금주: 송영선 송영선 미래전략연구소 슈퍼챗은 방송 유지를 위해 사용합니다. 후원해 주셔서 ...	419	123	0	-1
rJQNZkQaSsA	고해성사 ㅅㅊㅎ 전모를 직접  자수했다. #현장검증 #수갑차고 #옆에년 #같이검증 #애초에 #깜방동기 #둘이서모의 #한패년들 #짜이찌엔~ #흑룡강 #조선족	이재명지지율 #후보사퇴 #후보교체 #한줌욕영상 #김거희tv #장준호tv #윤석열지지율 #대장동 #아스팔트 #김상진tv #짝지tv #서울의 ...	67	9	3	-1
2_qSU7Jq9_k	최한욱의 독썰라이브 17화 '우기면 이기냐?'	여론분석 - 널뛰는 여론조사 뉴스체크 - 홍남기의 저주 - 박사모의 합류 - 윤석열의 억지 최한욱의 썰 - 영부인의 대선.	1138	326	4	-1
oXWvs7pYHRs	(망했다!) 윤석열 고발 사주, 청부고발 사건을 깔끔하게 정리해서 보도한 mbc뉴스와, 윤석열의 어설픈 변명과, 홍준표의 따끔한 한마디와, 강병원의 단호한 사퇴요구까지! 뉴스버스	사면초가 윤석열을 둘러싼 고발사주를 알기 쉽게 정리한 뉴스와 홍준표의 따끔한 한마디까지 모은 영상 *영상 -mbc/오마이뉴스 ...	0	0	0	-1
CVS9nYY3dnI	윤석열 후보 비판하는 국민의힘 관계자(?)의 한탄 | 여의도 옆 대나무숲	국회 보좌관과 정당 사무국 관계자 등이 활동하는 익명게시판인 여의도 옆 대나무숲에 대통령 선거 첫 TV토론회에 참석한 윤석열 후보 ...	1	0	0	-1
QnlaFD0wQuQ	윤석열은 대한민국 후보인가  일본 후보인가  일본 정부와 같은 논리로 말하는 윤석열  윤석열 이재명  윤석열 지지도  이재명 윤석열  윤석열 일본  윤석열 부인  윤석열 아버지	최근 토론과 몇몇 인터뷰에서 드러난 윤석열의 친일 본능! *영상 - YTN/ 오른소리 / #윤석열후보 #윤석열지지율 #윤석열친일 #윤석열 ...	3	1	0	-1
kMuICv1Konk	(ㅋㅋ 막상막하 묘하게 닮았네!) 박근혜와 윤석열 전격 비교! 아몰랑 vs 어버버	역대급 대통령이었던 박근혜와 역대급 후보인 윤석열 비교 영상 *영상 -kbs. mbc. ytn, jtbc, #윤석열토론 #윤근혜 #윤석열지지도 ...	1	0	0	1
