ID	title	description	viewcount	likecount	commentcount	label
lBd_P66hl3E	이재명, 이틀째 부·울·경...윤석열, 호남 민심 공략 / YTN	[앵커] 더불어민주당 이재명 대선 후보는 경남 봉하마을에서 고 노무현 전 대통령 묘역을 참배하는 등 이틀째 부산·울산·경남 일정을 ...	2408	48	100	1
V2ZDx53Zgag	부울경 찾은 이재명·제주 찾은 윤석열 / KBS  2022.02.06.	TV토론을 마친 양강 후보, 이번 주말엔 각 당의 열세지역을 돌며 지지를 호소하고 있습니다. 민주당 이재명 후보는 부산·울산·경남 지역 ...	332	3	12	1
Tbeqrwa1agE	VAPC0227윤석열 후보 !! 대통령 앞으로! 에 대한 영상.	윤석열 후보 ! 대통령 선거 승리를 예측 해보는 영상!!	485	109	13	1
DSOmHUKGUQs	[주말특집] 대장동의 몸통이 드러나고 있다! 윤석열, 토론 거부하는 이유	"방송3사대선토론 #이재명후보 #윤석열과대장동 ""시사의품격"" 2022년 2월 6일 일요일 아침 방송입니다. ◼︎ 후원계좌 : 국민은행( ..."	41728	8344	91	1
8ZePdePy_DI	일요 윤석열 난리났다, 토론거부 대역풍! 네이버도 뒤집어졌다, (윤석열 토론 거부 핵심짚은 추미애 최강욱 페북 해냈다)	채널에 가입하여 혜택을 누려보세요. https://www.youtube.com/channel/UCXizVvs2c7LtFZAu25sK5Fg/join [이재명 후원회 홈페이지] ...	65037	24300	2596	-1
7oaO-Gu1m2k	제주도 동문시장 상인들 윤석열 영업방해 되니 나가라!!!	유튜브 이송원TV 2월 6일(일) 오전 9시에 이재명 부산 해운대 광장 유세 구름떼 인파 삼한제일검 배우 박혁권의 이재명 지지선언!	18705	6614	41	1
mteSCATWads	손석희 생트집 윤석열 대장동 끝났다ㄷㄷ (JTBC 이준석 충격)	영상설명 : TV토론 후속 내용과 함께 열린공감 후속 내용들 전해드리겠습니다 (인용=허재현 기자 및 JTBC 뉴스룸) 감사합니다.	36765	10412	496	1
W3YBRHHsueI	윤석열 대통령후보, 제주 4.3 평화공원 참배		1356	642	66	1
mIyrgEKtzZI	윤석열 대통령후보, 제주 강정 해오름노을길 및 강정마을 방문		1655	811	54	1
E9tEFCsH24c	윤석열 처가의 쩐의 전쟁, 선라이즈 게이트 제보자의 충격 진술 [특별 생방송·개판검증]	본 방송은 개판검증 시리즈 첫 번째 방송입니다. 많은 공유와 출처를 남긴 재가공을 매우 환영합니다! 흔쾌히 출연해 주신 '김세연' 님께 ...	2763	1681	95	1
7n0ZIvzfhJ8	윤석열 후보, 게임산업 공약 발표 레벨 급상승의 비밀	윤석열스토리   LV.12 → LV.20 레벨 급상승한 그 비밀은? . . . #쩔 : 온라인 게임 내에서 고수가 초보를 돕는다는 뜻. (네이버 오픈사전) ...	25	1	0	1
nqnDBGuFh44	이재명 윤석열은 결국 한패거리 #shorts	대통령선거 #윤석열 #이재명 #안철수 제20대통령선거 농업인 이승우 출마 기자회견 2022년 1월 26일, 13:00 제주도의회 도민까페.	12	1	0	1
6LQkR0-S5mA	TV토론에서 윤석열 선전, 이재명 부인 &#39;김혜경 사태&#39; 등에도 변동없는 여론조사 왜?	TV토론 뒤 여론조사 “尹 37.2%, 李 35.1% 安 8.4%”[KSOI]	19310	7167	543	-1
KjjFcHNfyrU	노무현 외치며 울먹연기 윤석열, 열받은 박근혜	윤석열울먹#방송사고#박근혜대노.	2507	207	77	-1
W5N7WTR0FPo	윤석열의 좌파본색,노무현에 울컥/울먹,보수우파 멘붕도 없다	좌파본색 윤석열 #노무현에 눈물 #보수우파는 어디로 가는가 ♥ 후원안내 ♥ ※국내 후원 국민은행, 365202-01-189195 김*원 ※해외 ...	150	24	2	-1
SfWdRp9b46k	[생중계] 윤석열 후보, 광주 선거대책위원회 필승결의대회 (2022.02.06 오후)	[생중계] 윤석열 후보, 광주 선거대책위원회 필승결의대회 (2022.02.06 오후) #윤석열 #광주 #필승결의대회 #2022대선 #선대위 ...	0	0	0	1
9Ma04IYMcBs	윤석열... 대통령이 그런 용어까지 알아야 하냐며 모르니까 가르쳐 달라던 당당하게 말했던 그 주제...	제 채널에 올라오는 윤석열 관련 영상들은 그저 재밌자고 올리는 영상들이 아니라 많은 분들이 제대로 판단을 하고 소중한 한 표를 ...	4	1	0	-1
C-P2hujv5S4	노무현을 사랑한 문재인과 윤석열! 둘의 만남은 우연이 아니다!	국민의힘 윤석열 문재인의 검찰총장 민주당 이재명 긴장.	317	93	15	1
5ydD95z2V0M	[Live] 2월 6일 광주 선거대책위원회 필승결의대회		0	435	0	1
iVX_g6Ofas8	대선토론회 초격차 요약 | 이재명 VS 윤석열	대선토론 #대선후보 #초격차요약 #이재명 #윤석열 #이재명은합니다 #앞으로 #제대로.	2	0	0	1
HvA4QaCacxY	윤석열이 오월 광주의 아들이랜다 KILSB	막말.	6	2	0	1
S5PDChIoC0E	쫒겨나는윤석열 #윤석열 #국민의힘		1238	41	9	1
rk2NZpkdvcA	이준석 &#39;내부 저격&#39;에 멘탈 나갔다! 국민의힘 의원 '이준석 최근 언행 오만하게 보일 수 있어' - 준비된 이재명 야구인 3009명 지지.. 토론 또 도망치는 윤석열 망신	이준석국민의힘내부저격 #이재명야구인3009명지지 #윤석열토론도망망신 ▣ 황희두 멤버십 후원 ...	24664	11769	535	-1
XljjjlVVipM	윤석열 이재명 유기견 보호차이.		25	3	0	1
zacP-Y10Fd8	TV토론 뒤 여론조사 “尹(윤석열) 37.2%, 李(이재명) 35.1% 安 8.4%”[KSOI]	최재욱TV #최재욱튜브 최재욱TV구독하기(컴퓨터에서만 가능한 ...	329	35	9	1
bFGsq6kV4Uk	[정치人싸] TV토론 또 무산, 윤석열 밑천 드러날까봐?｜곽상도 이제야 구속, 떨고있는 국민의힘? - 현근택, 장성철, 천하람, 김준우 &amp; 전종환 아나운서	인싸를 꿈꾸는 네 남자의 유쾌·상쾌·통쾌 정치 토크쇼! | 시즌 3 PPL을 원하시는 분은 댓글 혹은, mbcradiofocus@gmail.com 으로 메일 ...	28386	2506	283	1
TUCNbFMmxpw	(라이브) 윤석열 대통령후보 '국립 5.18민주묘지 참배'	This stream is created with #PRISMLiveStudio.	3281	1111	0	1
x9d5tbYiDIs	윤석열 후보 5.18 참배에 대진연 난리 극성	This stream is created with #PRISMLiveStudio.	1420	256	0	-1
IPzVqa96xKA	윤석열 님 독일하고 다른건 아시죠		3	0	0	1
MXlcqCdLo-4	#대장동 #김만배 #윤석열충격적인 김만배-정영학 녹취록! '나는 윤석열이하고 욕까지 하고 싸우는 사람이야! 에이X새끼! X같은 소리하네”	"대장동 #김만배 #윤석열충격적인 김만배-정영학 녹취록! ""나는 윤석열이하고 욕까지 하고 싸우는 사람이야! 에이X새끼! X같은 소리 ..."	18	4	0	-1
l6PzlB351Ik	우리가 윤석열이다 국민의 힘! 승리 2022! 2분 동영상 많은 시청 바랍니다.구독 좋아요 잊지 마세요.	우리가 윤석열이다 국민의 힘! 승리 2022! 2분 동영상 많은 시청 바랍니다.구독 좋아요 잊지 마세요.	8	2	1	1
KXt1uFs5Pmg	2월 7일 / LS네트웍스 / 엠에스씨 / 네오오토 / 영화테크 / 노랑풍선 / 리오프닝 / 위드코로나 / 세력주 / 진단키트 / 대선주 / 이재명 / 윤석열 / 김건희 / 안철수	실전투자대회 우승 경험으로 예뻐지는 차트를 찾아 소개하는 오공주차트룸! 오공주 멤버십을 시작합니다. 채널에 가입하여 혜택을 ...	100	11	0	1
T_OgQg2fehU	2월 7일 / 하이스틸 / 문배철강 / 특수건설 / 사조동아원 / 피앤씨테크 / 진단키트 / 대선주 / 이재명 / 윤석열 / 김건희 / 안철수 / 작전주 / 우크라이나	실전투자대회 우승 경험으로 예뻐지는 차트를 찾아 소개하는 오공주차트룸! 오공주 멤버십을 시작합니다. 채널에 가입하여 혜택을 ...	77	16	0	1
NYCM-VNmbbM	[Live] 국민의힘 윤석열 '광주 선대위 필승결의대회' 참석 (22.02.06)	"국민의힘 #윤석열 #광주 #선대위 #필승결의대회 #참석 [Live] 국민의힘 윤석열 ""광주 선대위 필승결의대회"" 참석 (22.02.06) 시사 ..."	0	16	0	1
mu1wi7NapgY	영유아 발달장애 정밀검사 비용 확대 지원합니다 [내공단] #윤석열 #shorts #59초공약짤	내가 공보단이고 내가 윤핵관이다!! 윤석열 힘내라!!! 피아식별합시다!!! 윤석열이 정권교체입니다!! 내부의 적 이준석 out!!!	31	7	0	1
ZZX_jwHsAho	[여론조사 언박싱] 윤석열 41.6% 이재명 37.9% 안철수 10.6%	[조사개요] -조사방법: 구조화된 설문지를 이용한 자동응답(ARS)조사 -모집단: 전국 만 18세 이상 성인 남녀 -표본수: 전국 1000명 ...	431	50	13	1
lM_FfmkkYyE	석열의 숲(윤석열 토론 요약) #shorts	윤석열 #검사 #비밀의숲 #취조 #이재명 #shorts.	2	0	0	-1
zygrNxNXN-I	광주518민주묘지참배2월6일	윤석열#이재명#안철수#심상정#허경영#	4797	1850	0	1
bwgKbRcLVCI	너도살고 대한민국도 살자,김희자화백의 외침 #윤석열야권단일화토론하자#정권교체는 #야권단일화부터..223차 태극기집회	채널에 가입하여 혜택을 누려보세요. https://www.youtube.com/channel/UCUApotq3wunwlP071V2dw_Q/join.	43	22	0	1
VSIg8dDa9Wk	'가짜우파는 진짜우파가 두려워'임덕기고문님,#윤석열야권단일화토론하자#정권교체는 #야권단일화부터..223차 태극기집회	채널에 가입하여 혜택을 누려보세요. https://www.youtube.com/channel/UCUApotq3wunwlP071V2dw_Q/join.	180	75	1	1
rJOGnDSheQo	윤석열아웃#조원진의 키즈#청년우무성#우리공화당#shorts		45	27	0	1
kAxtz2LrzUQ	이요한...국회의원이라기보다 국회의원의 면책특권을 이용해 전문고발꾼으로 시도 때도 없이 문재인 대통령의 가족들을 고발해오던 곽상도가 구속되었다는 소식에 시원하기도 했지만,이것 또한	국회의원이라기보다 국회의원의 면책특권을 이용해 전문고발꾼으로 시도 때도 없이 문재인 대통령의 가족들을 고발해오던 곽상도가 ...	270	120	7	-1
0HW_DunvWDc	이재명 취조하는 윤석열 (검찰총장 모드)	윤석열 #이재명 #토론 #검찰총장 #취조.	2	0	0	-1
wfrvuyn0_rY	정준희 분노, '윤석열 좀 그만 빨아라!' #Shorts		1336	363	22	-1
Z0aHIa0MyAM	윤석열 지하철 (짱구 아빠) #shorts	윤석열 #지하철 #짱구 #아빠 #shorts.	4	0	0	1
nLrrE9SQJS0	이재명 취조하는 윤석열 #shorts	윤석열 #이재명 #검찰총장 #취조 #검사 #토론 #shorts.	3	0	0	-1
qvb4lnJ1iIA	[팩트폭격] 천만동학개미 윤석열 리스크로 패가망신한다	천만동학개미 '윤석열 리스크'로 패가망신한다 ✓일시후원: 국민은행 794001-04-154041 서울의소리(강경자) ✓전화후원: 1877-1590 ...	3422	902	34	1
GRB5FbD3qvo	대선 토론회 30초 모두 발언에서 프롬프터 보는 사람 누규~~~~?	윤석열 #대본을달라 #대선토론회 ------------------------------------------ 후원계좌: 국민은행 817201-04-168778 촛불전진 블로그: ...	362	94	10	-1
k-0m2V70mGQ	긴급! “이재명 장남 인사명령 없이 군병원 입원은 군실수”라는 여당 주장,육군 소장 출신 “불가한 일. 병력일일보고 공개하면 끝”..인사명령 없이는 병원에서 약,주사도 못 맞는다.	긴급! “이재명 장남 인사명령 없이 군병원 입원은 군실수”라는 여당 주장,육군 소장 출신 “불가한 일. 병력일일보고 공개하면 끝”.	25	11	0	-1
JzT2_P2Xcbw	항스런(feat.잼경장)	윤석열토론 #윤석열도망 #토론불참 #빤스런.	370	65	8	1
