ID	title	description	viewcount	likecount	commentcount	label
lBd_P66hl3E	이재명, 이틀째 부·울·경...윤석열, 호남 민심 공략 / YTN	[앵커] 더불어민주당 이재명 대선 후보는 경남 봉하마을에서 고 노무현 전 대통령 묘역을 참배하는 등 이틀째 부산·울산·경남 일정을 ...	2408	48	100	1
tN1GI1-nrKA	안철수의공약 로스쿨.의전원폐지 사법고시부활 2020.2.13	안철수 #대통령#사법고시부활#안철수공약.	1	0	0	1
qDgY5L32yZI	[대선풍향계] &#39;선택 D-31&#39; 역대 대선에선 무슨 일이 / 연합뉴스TV (YonhapnewsTV)	[대선풍향계] '선택 D-31' 역대 대선에선 무슨 일이 [앵커] 내일이면 제20대 대통령선거가 30일 앞으로 다가옵니다. 역대 대선을 한 달 ...	5333	86	41	1
5_s8i6lJ9G4	안철수는 이런 사람 최진석교수	안철수#대통령#최진석#장총찬#미신#대선후보.	7	2	0	1
btcbPcnwq6w	안철수 정치의 소명 21세기 세종대왕	안철수#대통령#세종대왕#안세종.	2	1	0	1
L6QbzxCfG5o	메타버스타고 대박~도박쟁이 안철수 워렌버핏 울고가다	메타버스#안철수#대통령#투자의귀재.	2	1	0	1
NZtrPJGMPG0	안철수의  메타벌스 이야기	안철수 #메타버스#대통령.	1	0	0	1
dG3kHR21bYM	안철수의공약 부민강국	안철수#대통령#부민강국#세종대왕.	1	0	0	1
8mATKMVls5w	안철수의공약 부울경 메가시티완벙(22.1.24일YTN)	안쩔수#대통령#메가시티#부울경메가시티.	1	0	0	1
QJfxNTBfWis	안철수 대통령후보 를 지지합니다		4	3	0	1
1KvTMkP4k_o	4자 토론 안철수  입장		1	1	0	1
dvC-4-xjsXU	안철수 대통령후보   김미경교수 공과사분리		4	3	0	1
7P6R4nDAG_k	안철수가답이다		10	7	1	1
ZZX_jwHsAho	[여론조사 언박싱] 윤석열 41.6% 이재명 37.9% 안철수 10.6%	[조사개요] -조사방법: 구조화된 설문지를 이용한 자동응답(ARS)조사 -모집단: 전국 만 18세 이상 성인 남녀 -표본수: 전국 1000명 ...	431	50	13	1
zTyvHdXSuv0	원희룡 &#39;14일전 단일화 숙제 끝낸다! 이준석 걸림돌 안된다&#39; 2022.2.6 오전8시	윤석열과 안철수의 야권후보단일화 움직임 본격화 정밀 분석 #이재명#김건희#김혜경#심상정#이준석#권은희.	6651	3018	194	1
Rpbz-YEvRao	안, 코로나 피해 자영업자 만남…심, 여성개발자 간담회 / 연합뉴스TV (YonhapnewsTV)	안, 코로나 피해 자영업자 만남…심, 여성개발자 간담회 국민의당 안철수 대선 후보는 일요일인 오늘(6일) 서울 중구 한국외식업중앙회 ...	455	17	3	1
sVldl-5C6_4	간켓몬센터 (지지율 전당포, 안철수) #shorts	안철수 #간 #지지율 #포켓몬 #철야 #농성 #shorts.	4	0	0	-1
KXt1uFs5Pmg	2월 7일 / LS네트웍스 / 엠에스씨 / 네오오토 / 영화테크 / 노랑풍선 / 리오프닝 / 위드코로나 / 세력주 / 진단키트 / 대선주 / 이재명 / 윤석열 / 김건희 / 안철수	실전투자대회 우승 경험으로 예뻐지는 차트를 찾아 소개하는 오공주차트룸! 오공주 멤버십을 시작합니다. 채널에 가입하여 혜택을 ...	100	11	0	1
T_OgQg2fehU	2월 7일 / 하이스틸 / 문배철강 / 특수건설 / 사조동아원 / 피앤씨테크 / 진단키트 / 대선주 / 이재명 / 윤석열 / 김건희 / 안철수 / 작전주 / 우크라이나	실전투자대회 우승 경험으로 예뻐지는 차트를 찾아 소개하는 오공주차트룸! 오공주 멤버십을 시작합니다. 채널에 가입하여 혜택을 ...	77	16	0	1
nqnDBGuFh44	이재명 윤석열은 결국 한패거리 #shorts	대통령선거 #윤석열 #이재명 #안철수 제20대통령선거 농업인 이승우 출마 기자회견 2022년 1월 26일, 13:00 제주도의회 도민까페.	12	1	0	1
zygrNxNXN-I	광주518민주묘지참배2월6일	윤석열#이재명#안철수#심상정#허경영#	4797	1851	0	1
obHmUoDmY2Q	묘서동처  올해의 사자성어	안철수#대통령.	1	0	0	1
rk2NZpkdvcA	이준석 &#39;내부 저격&#39;에 멘탈 나갔다! 국민의힘 의원 '이준석 최근 언행 오만하게 보일 수 있어' - 준비된 이재명 야구인 3009명 지지.. 토론 또 도망치는 윤석열 망신	이준석국민의힘내부저격 #이재명야구인3009명지지 #윤석열토론도망망신 ▣ 황희두 멤버십 후원 ...	24700	11784	535	-1
lHRxMT4dzMM	배상훈·정종권의 막장토론 2.5 : 조주빈 블로그 운영? 김건희와 김혜경 변수 커지나	배상훈 정종권의 난장 또는 막장토론 2월 5일 △ 사건사고 - 조주빈 옥중 블로그 운영? - 기준미달 경찰 디지털포렌식 프로그램에 '이상 ...	982	126	0	-1
k-juVLN3WJs	李 대변인’ 현근택, 김혜경 ‘황제 의전’ 제보자 맹폭…“후원 계좌? 다분히 의도적	李 대변인' 현근택, 김혜경 '황제 의전' 제보자 맹폭…“후원 계좌? 다분히 의도적 [뉴스패널] 구독과 좋아요 부탁드립니다! #한판승부 ...	122	19	2	-1
9fv5APAF64c	주식: 월봉으로 보는 2월전망. (연락처:010-5544-6570)	후원 계좌번호: 신한: 110-449-280600 김대용 특강, 강의, 상담, 동영상, 주역카드 판매 문의 (010 - 5544 - 6570 / 02-461-1146 ) ...	419	88	5	1
KjjFcHNfyrU	노무현 외치며 울먹연기 윤석열, 열받은 박근혜	윤석열울먹#방송사고#박근혜대노.	2507	208	77	-1
wQ5NqokiCQw	★안철수와의 단일화를 반대한다!!	안철수 표는 실체가 없는 허구다.전부 좌파들 표다.이재명 지지가 상승하면 안철수는 반드시 하락 했다.	0	0	0	-1
LclRktsovzc	윤석열 무식 들통, 're100이 뭐죠?' 글로벌 기업 100곳 달성 중인데 '불가능하다' 생떼 #shorts #re100	윤석열 #re100 #무식 #tv토론 - 이재명 후보가 RE100 대응을 질문하자 윤석열은 그게뭐죠? 하며 전혀 모름. 무식 탄로! - 게다가 뜻을 ...	159	56	8	-1
