ID	title	description	viewcount	likecount	commentcount	label
nZsPaBlQx-Y	더불어민주당 이재명, 부산 지역 공약 발표 - [끝까지 LIVE] MBC 중계방송 2022년 02월 06일	이재명 더불어민주당 대선후보는 어제에 이어 오늘(6일)도 부산·울산·경남을 방문합니다. 아침에 비공개로 부산 지역의 한 교회 예배에 ...	5785	640	41	1
lBd_P66hl3E	이재명, 이틀째 부·울·경...윤석열, 호남 민심 공략 / YTN	[앵커] 더불어민주당 이재명 대선 후보는 경남 봉하마을에서 고 노무현 전 대통령 묘역을 참배하는 등 이틀째 부산·울산·경남 일정을 ...	2408	48	100	1
V2ZDx53Zgag	부울경 찾은 이재명·제주 찾은 윤석열 / KBS  2022.02.06.	TV토론을 마친 양강 후보, 이번 주말엔 각 당의 열세지역을 돌며 지지를 호소하고 있습니다. 민주당 이재명 후보는 부산·울산·경남 지역 ...	332	3	12	1
zYXYx8JnTp0	[LIVE] 부산광역시 공약 발표 &#39;품격있는 글로벌 해양도시 부산! 이재명은 합니다!&#39;	이재명 #부산 #앞으로_제대로.	6335	5678	95	1
GmlnFE24X6E	부산에 간 이재명 수행한 한준호 '현장 분위기는 여론조사와 다르다'	부산 연설 전체보기 : https://youtu.be/rS2Qx27Fv_E 이재명 더불어민주당 대선 후보와 한준호 더불어민주당 의원이 5일 오후 부산 ...	62053	0	622	1
zC1lzaBnLCw	김혜경 &#39;과잉 의전 논란&#39;, 이재명은 알았나? 몰랐나?	김혜경 '과잉 의전 논란', 이재명은 알았나? 몰랐나? #이재명 #김혜경 #공무원 00:00 시작 01:13 김혜경 과잉의전 논란, 핵심은? 02:30 ...	858	153	44	-1
Q1Fc3c3Pnh0	[생중계] 이재명 후보, 부산 공약 발표 (2022.02.06 오전)	[생중계] 이재명 후보, 부산 공약 발표 (2022.02.06 오전) #이재명 #부산 #공약 #2022대선 #발표 #민주당 #대선 #후보 #오마이TV ...	19168	0	93	1
yr2K4UkjCOw	[이재명과 함께, 임오경이 간다] 다함께 체육위원회 전국순회 #전북 #광주	ep8. 전북-광주 2022.02.04~05. #이재명 #체육위 #전북 #광주 #앞으로 #제대로 #나를위해.	75	21	0	1
_zQnjAqxJQc	'와 정말 당신들' 친문도 욕했다, 故노무현의 &#39;이재명 지지&#39; 영상	이메일 : newsdot724@naver.com(사연/칼럼/뉴스제보-url 첨부) 멤버십 ...	5224	1579	260	-1
7yZ9bs12x4s	故노무현이 “정의로운 이재명 지지”… 與 공식 채널 영상 올렸다 파문, 바로 삭제했다.왜?	"여권지지자드로 ""이건 아니다"" 야당은 ""강령술 정치""라며 강한 반발."	22078	9800	718	-1
bK2Dmv95EMY	민주당소속 남양주시장 작심하고 이재명, 김혜경 뒤집어엎었다! #조광한시장 #이재명전과4범 #김혜경낙선공신	자율적구독후원 : 하나은행 : 106-910488-13707 (박*옥) 해외페이팔 후원링크 : https://www.paypal.me/jungsungsantv 문의 ...	5654	2206	74	-1
0sf1hxuLBAI	[국내반응] 눈물 흘리며 대국민 사과를 한 이재명 후보 '모든 것이 제 불찰이고 면목 없습니다'	이재명 후보의 눈물의 사과. 그 속에 담긴 진실은 무엇인가 #이재명 #김혜경 #대선후보.	7	0	0	-1
9M5kutGqXS8	이재명지지한 미국교수의 정체! 전,현직교수 6,000명작심성토!	자율적구독후원 : 하나은행 : 106-910488-13707 (박*옥) 해외페이팔 후원링크 : https://www.paypal.me/jungsungsantv 문의 ...	2787	434	19	1
epTdEmM1Oxs	매따버스시즌2 '사람사는세상 대동세상'  #나를위해이재명 #이재명은합니다 #우리가언론이되겠습니다	This stream is created with #PRISMLiveStudio.	248	149	0	1
DnQHpU42GNs	매타버스, 이재명  돌아와요 부산항	수고하고 무거운 짐 진자들 반드시 이겨야하는 비로서 우리가 자유를 얻는 시간 #이재명 #매타버스 #더불어민주당 This stream is ...	2290	1031	19	1
nqnDBGuFh44	이재명 윤석열은 결국 한패거리 #shorts	대통령선거 #윤석열 #이재명 #안철수 제20대통령선거 농업인 이승우 출마 기자회견 2022년 1월 26일, 13:00 제주도의회 도민까페.	12	1	0	1
guWEX8abyf8	매따버스시즌2 '부산항  부산공약발표'  #나를위해이재명 #이재명은합니다 #우리가언론이되겠습니다	This stream is created with #PRISMLiveStudio.	1093	641	8	1
QxfTEnVowcE	이재명 부산,여러분 힘이납니다 #shorts	이재명 부산,여러분 힘이납니다 #shorts.	116	32	4	1
v7K7MZJ1INQ	이재명 후보,손과 발을 움직이세요 #shorts	이재명 후보,손과 발을 움직이세요 #shorts.	181	35	2	1
NyJ9E8QDDdQ	&#39;굿바이, 이재명&#39; 시리즈 #7 : 장영하 변호사가 목격한 충격적인 장면	장영하 변호사님 측 영상을 함께 공유합니다! https://www.youtube.com/channel/UCmRaQtRhZTE_7We9H8pL5pQ/featured 시사 ...	2138	618	13	-1
6LQkR0-S5mA	TV토론에서 윤석열 선전, 이재명 부인 &#39;김혜경 사태&#39; 등에도 변동없는 여론조사 왜?	TV토론 뒤 여론조사 “尹 37.2%, 李 35.1% 安 8.4%”[KSOI]	19310	7169	543	-1
-VPUw0Lf4cQ	[생중계] 이재명 후보, 노무현 대통령 묘역 참배 및 &#39;남부수도권 구상&#39; 발표 (2022.02.06)	[생중계] 이재명 후보, 노무현 대통령 묘역 참배 및 '남부수도권 구상' 발표 (2022.02.06) #이재명 #노무현 #대통령 #2022대선 #묘역 ...	0	0	0	1
TN6v2hGJfjs	해병대 만난 이재명 후보 /내집마련의 꿈 모든국민		512	158	5	1
Z83hX0KZBuI	[LIVE] 부산광역시 공약 발표 &#39;품격있는 글로벌 해양도시 부산! 이재명은 합니다!&#39;	이재명 #부산 #앞으로_제대로 #민주연구원.	126	57	0	1
Y9P9i5bmwbI	이재명과 네이버의 수상한 행동...또 너냐?		360	131	17	-1
QAkGLcn2400	제목  거리      이재명 글   김디도 작곡 상록수밴드 노래	이재명 만세.	19	3	0	1
qkZjGKsfYGA	2022.2.6. (생중계) 이재명 더불어민주당 후보 - 부산 공약 발표	팩트TV 보도채널 추진 트레일러 방송 # 팩트TV플러스 제작비 후원 □후원하기(링크 클릭) : https://forms.gle/UwQ2Fggei8i1VSne7 ...	2117	632	11	1
DHzGqpKddV4	이재명 후보님의 과학기술 공약	이재명 #대선후보 #경제발전 #나를위해_이재명 #신경제 #앞으로제대로 #이재명은합니다 #대한민국 #대전환시대 #대구청년 #효 ...	5	1	0	1
iVX_g6Ofas8	대선토론회 초격차 요약 | 이재명 VS 윤석열	대선토론 #대선후보 #초격차요약 #이재명 #윤석열 #이재명은합니다 #앞으로 #제대로.	2	0	0	1
1gsR1n9I-Mg	이재명 후보님 힘내세요!	이재명 #대통령후보 #힘내세요 #앞으로 #제대로 #이재명은합니다 #대한민국 #대전환.	2	1	0	1
0MRSHxCtLKo	[생방송] 이재명 후보, 노무현 대통령 묘역 참배 및 &#39;남부수도권 구상&#39; 발표 봉하마을 현장	[생방송] 이재명 후보, 노무현 대통령 묘역 참배 및 '남부수도권 구상' 발표 봉하마을 현장 #이재명 #노무현 #봉하마을 #남부수도권 ...	0	361	0	1
9LoSpJRAo0E	더불어민주당 대통령 후보 이재명 / 부산 공약 발표	세계타임즈TV.	20	6	0	1
rk2NZpkdvcA	이준석 &#39;내부 저격&#39;에 멘탈 나갔다! 국민의힘 의원 '이준석 최근 언행 오만하게 보일 수 있어' - 준비된 이재명 야구인 3009명 지지.. 토론 또 도망치는 윤석열 망신	이준석국민의힘내부저격 #이재명야구인3009명지지 #윤석열토론도망망신 ▣ 황희두 멤버십 후원 ...	24664	11773	535	-1
NhIGa9EMOEY	이재명 떴다! 부산공약 발표!	이재명 은 합니다 자발적 시청료 후원 계좌 안내 : 농협 150030-52-139080 진정화 바른소리TV 멤버십 가입하기 ...	845	419	0	1
XljjjlVVipM	윤석열 이재명 유기견 보호차이.		25	3	0	1
n4eZ8OPbpJA	이재명 부산 공약 발표 [LIVE]	이재명 #부산항 #부산공약 깨어있는 민주시민 정치타파 유튜버 억강부약ㆍ대동세상 나아가는 길 여러분과 함께합니다. 자발적 ...	1835	818	6	1
g6W-YyrXZeI	부산 해운대 연설 하이라이트 | 이재명 후보 자신감 뿜뿜 장면	"""결코 포기하지 않고 성과로 증명받으면서 국민들의 힘으로 이 자리까지 왔는데 제가 왜 기가 죽습니까!"" ""이보다 더 험한 파도도 이겨 ..."	20	4	0	1
FV9z5yJtrAk	이재명 대통령 후보 ④ 13:50 노무현 대통령 묘역 참배 및 남부수도권 구상 발표 / 김해 봉하마을	④ 13:50 노무현 대통령 묘역 참배 및 남부수도권 구상 발표 / 김해 봉하마을(경남 김해시 진영읍 봉하로 129) #노무현 #봉하마을 ...	16	19	0	1
NX7YpDGLLoQ	[꿀잼 핵심요약] 장영하 스페셜｜내가 이재명 ○○○가 된 스토리 _220206	정도언론 인간존중 인류평화 를 위해 나아가는 아시아 투데이!!! 정론직필을 추구하고 민족정기를 구현하며 세계정신을 실천 ...	630	254	13	1
Wc5dsFiRHbw	이재명 유능한 민주정부 함꼐 만들자#shorts	이재명 유능한 민주정부 함꼐 만들자#shorts.	60	29	1	1
Xl6D22BNV18	💥이재명 후보.. 🔹다시 태어나면 //  대통령 vs 지금 부인 다시결혼 ..  🔸이재명 후보.. 선택은? #shorts	청년의소리 정말 리얼한 청년들의 목소리 여러분의 구독과 좋아요가 큰 힘이됩니다 ...	20	2	0	1
k-0m2V70mGQ	긴급! “이재명 장남 인사명령 없이 군병원 입원은 군실수”라는 여당 주장,육군 소장 출신 “불가한 일. 병력일일보고 공개하면 끝”..인사명령 없이는 병원에서 약,주사도 못 맞는다.	긴급! “이재명 장남 인사명령 없이 군병원 입원은 군실수”라는 여당 주장,육군 소장 출신 “불가한 일. 병력일일보고 공개하면 끝”.	25	11	0	-1
wTLdQq-l6R8	나를위해,이재명) 이재명후보 관악산 산책방송	This stream is created with #PRISMLiveStudio.	170	48	1	1
l9SL8Y2t9Mo	#이재명#부산#대한민국은_미래로#이재명_경제를 살려야합니다#나를_위해#제대로#		14	2	1	1
7n0ZIvzfhJ8	윤석열 후보, 게임산업 공약 발표 레벨 급상승의 비밀	윤석열스토리   LV.12 → LV.20 레벨 급상승한 그 비밀은? . . . #쩔 : 온라인 게임 내에서 고수가 초보를 돕는다는 뜻. (네이버 오픈사전) ...	25	1	0	1
7oaO-Gu1m2k	제주도 동문시장 상인들 윤석열 영업방해 되니 나가라!!!	유튜브 이송원TV 2월 6일(일) 오전 9시에 이재명 부산 해운대 광장 유세 구름떼 인파 삼한제일검 배우 박혁권의 이재명 지지선언!	18705	6614	41	1
nxOAQD4nxvE	‘2500원 김밥’으로 KBS 이사 쫓아냈던 與의 ‘법카 내로남불’ 김혜경 논란은 계속된다! 이재명	이재명 #김혜경.	492	21	1	-1
v2hkZpl617Q	[생방송] 이재명 후보, 부산공약 발표 (부산항 현장)	[생방송] 이재명 후보, 부산공약 발표 (부산항 현장) #이재명 #부산 #부산항 #매타버스 #나를위해 #합니다 #공약발표 #민심속으로 ...	9104	2091	34	1
SulD-r-TLHk	재명오빠  뒤에 봐주세요 ~~~~#이재명#나를위해#부산	재명오빠 뒤에 봐주세요 ~~~~#이재명#나를위해#부산.	4	1	0	1
LKlu3BnezcA	1분 매운맛ㅣ이재명이 문재인보다 나은 이유ㅣ자유ㆍ공정ㆍ보수ㆍ우파	이재명 #문재인 #정권교체 3min.column@gmail.com.	0	0	0	1
