ID	title	description	viewcount	likecount	commentcount	label
pAFuR87oZmU	국민의당 안철수, 디지털 정책 간담회 참석 - [끝까지 LIVE] MBC 중계방송 2022년 02월 7일	국민의당 안철수 대선후보는 오늘 오전 디지털경제연합이 주최하는 정책 간담회에 참석해 디지털 경제 강국 도약을 위한 정책 구상을 ...	1797	66	0	1
_EN2MlSnXzk	🔴[LIVE] 안철수, &#39;G3 디지털경제강국 도약&#39; 정책간담회 참석 / 디지털Only	오늘(7일) 안철수 국민의당 대선 후보는 오전 여의도 글래드호텔에서 디지털경제연합 주최로 열리는 'G3 디지털경제 강국 도약을 위한 ...	929	75	0	1
asPltUdcvqE	[백운기의 시사1번지🔴LIVE] 윤석열 '안철수와 단일화, 배제할 필요 없다' / 국민의힘, 단일화 관련 분위기는? / 대선 D-30 &#39;단일화&#39; 목소리 솔솔? | 220207	백운기시사1번지 [오늘의 출연진] 정기남 민주당 선대위 대변인 김경진 국민의힘 선대본 상임공보특보단장 박원석 정의당 선대위 공보 ...	2225	131	0	1
kCtRRJUdnuk	🔴LIVE - 국민의당 안철수 후보, G3 디지털경제 강국 도약 정책간담회/2월 7일	국민의당 안철수 대선 후보는 오늘(7일) 디지털경제연합 주최로 열리는 'G3 디지털경제 강국 도약을 위한 대선 후보 초청 정책 간담회' ...	1757	97	0	1
qvYWknef9B0	[안철수] 제16차 중앙선거대책위원회 | LIVE		2355	0	150	1
3LqifTsDm9U	((중독주의)) 랩송 ‘안철수신제가치국평천하’	안철수신제가치국평천하 -작사 최진석 안철 수신 제가 치국 평천하 (*5) 하 수신이 잘돼야 나라가 잘 살지 몸과 마음을 정화 가정을 ...	2716	0	479	1
cdRABuiLfxI	윤석열, 야권 단일화 중대결심! &#39;안철수 총리&#39; 카드 꺼내 들었다! &#39;이준석 너는 단일화 문제에서 빠져라&#39; 직격탄! 민주 지금 난리났다!!	정의구현 멤버십 가입 : https://www.youtube.com/channel/UCUNwNXVrWAHQpc8gPp1c6kw/join 자발적 구독료 : KB국민은행 ...	10135	2764	132	-1
dabvmav7qdo	[뉴스라이브] 대선 한 달 앞둔 시점, 이재명·김종인 &#39;심야 회동&#39; / YTN	진행 : 김선영 앵커, 김대근 앵커 □ 출연 : 추은호 / 해설위원 * 아래 텍스트는 실제 방송 내용과 차이가 있을 수 있으니 보다 정확한 내용 ...	6201	356	64	1
dSsV9voK-xg	2/7(월) - 송영길 대표 인터뷰(김종인과 안철수연대)/ [뉴스닥] “토론 회피 윤석열”(↓)“황제 갑질 김혜경”(↓)(현근택·김근식)/ 베이징올림픽 논란(최동호)/ 시사 기상도	2월7일(월) 김현정의 뉴스쇼 ▣ 라이브 방송 안내 뉴스쇼 라이브 방송 | 매주 월~금 오전 7시20분~9시 댓꿀쇼 라이브 방송 | 화·금 주 2 ...	119949	2611	109	-1
TLC9wzeOCps	윤석열, 안철수 총리론 발언, 안철수 후보 서울외신기자클럽 회견 20220128, (2022.2.7)	안철수 국민의당 후보의 서울외신기자클럽 회견, 경제정책을 포함해, 문재인 정부의 재벌정책 등 피력.	50	3	1	1
BO1al8PqRCM	윤석열 '안철수와 단일화' 사실상 공식화. 윤과 안 두사람이 결정. 집권시 '대장동 수사 정상화 될 것'	"한국일보 인터뷰를 통해 현안 전반에 걸쳐 입장 밝혔다. ""관저는 경호가능한 단독주택에서. 청와대라는 말이 사라질 것이다"""	16294	3852	274	1
95tKa0H9c9I	윤석열 안철수. ㅡ안일화? 윤일화?		100	14	2	-1
XIOjPNG4jjs	국민의힘에 등돌린 김종인, 이재명 &#39;간접 지원&#39; 나설까? / YTN	진행 : 김선영 앵커, 김대근 앵커 □ 출연 : 추은호 / 해설위원 * 아래 텍스트는 실제 방송 내용과 차이가 있을 수 있으니 보다 정확한 내용 ...	4447	133	75	1
OowynhfQodI	[가상5자토론] 오준호 VS 이재명, 윤석열, 심상정, 안철수 토론대결 | #기본소득당 #대선후보 #오준호 #대선토론	4자 토론에서 대안을 찾지 못한 분들을 위해 오준호가 4명의 후보와 직접 맞붙었습니다. 부동산 불평등, 기후위기, 코로나 위기 그리고 ...	39	4	0	1
HwZolahFDuQ	[송국건의 혼술] 윤석열+안철수 공동정부 밑그림은 이미 나왔다?	대선 D-30일 민심은? 윤석열 “안철수와 단일화 배제 안한다” 윤석열 “단일화는 나와 안철수 사이에 전격적으로 결정할 사안” 이재명- ...	11986	3874	155	1
e0_6MSNDy_I	선거 30일 전 노무현 대통령 생각한 안철수 '미약하지만 저도 그 길 걷고 있다는 점 말씀드리고 싶어'	국민의당 #안철수 #노무현 #대통령 #통합 국민의당 안철수 대선후보가 22년 2월 7일 열린 중앙선대위 회의에서 발언하고 있다.	933	96	37	1
T2Fiv2cT9tE	[풀영상] 국민의당 안철수 '중앙선거대책위원회의' (22.02.07)	"안철수 #국민의당 #선대위 #회의 #Live [풀영상] 국민의당 안철수 ""중앙선거대책위원회의"" (22.02.07) 시사포커스TV는 창간 35년 ..."	667	57	17	1
sVWK7oIjP0g	안철수 '노무현의 꿈, 제가 만들겠다'	안철수 국민의당 대통령 후보가 7일 국회에서 열린 국민의당 중앙선거대책위원회의에서 故 노무현 전 대통령과 인연을 언급하며 ...	125	6	8	1
tiLWbVTlzo0	尹, 기업인 만나 특별강연...당내 단일화 목소리 &#39;꿈틀&#39; / YTN	[앵커] 이번엔 국민의힘 당사로 가보겠습니다. 이경국 기자! [기자] 네, 여의도 국민의힘 당사에 나와 있습니다. [앵커] 윤석열 후보, 주말 ...	677	6	21	1
hS1wjY1J2Nc	尹, 기업인 만나 특별강연...당내 단일화 목소리 &#39;꿈틀&#39; / YTN	[앵커] 이번엔 국민의힘 당사로 가보겠습니다. 이경국 기자! [기자] 네, 여의도 국민의힘 당사에 나와 있습니다. [앵커] 윤석열 후보, 주말 ...	711	15	25	1
wTR_ZZgBdXc	220110 출발 서해안 시대	시사포커스 /한 주간 정치이슈 -대통령 후보 지지율 변화추이 -안철수 후보 급부상 -광주전남 민심의 향방 코로나19 확진자 현황(전남 ...	4	0	0	1
YoTAeIKBe84	[송준호의 생활 ESG] 대선후보가 직접 밝히지 않은 환경공약, 모아봤다	임팩트온은 ESG에 대한 글로벌 흐름을 알려주고, 미래를 대비할 수 있도록 안내해 드리겠습니다. 임팩트온에선 더 많은 기사들을 ...	17	6	1	1
3UzXlQaZofk	농정 비전발표회 개최…대선후보 농정 비전은	대통령 선거가 어느새 한 달 앞으로 다가왔습니다. 값진 한 표를 어느 후보에게 행사할지 고민이 깊어지는 이때, 대선 후보들의 농정 ...	61	3	0	1
5zJcYl5WZbo	[뉴스포커스] 대선 D-30…이재명·윤석열 지지율 &#39;팽팽한 접전&#39; / 연합뉴스TV (YonhapnewsTV)	[뉴스포커스] 대선 D-30…이재명·윤석열 지지율 '팽팽한 접전' [출연 : 조기연 더불어민주당 선대위 공명선거법률지원단·부단장 김현아 ...	573	12	6	1
sieGOs5t1rM	윤석열 토론 거부 이유 하나하나 팩트체크해보니 결론은 날 받았다?	윤석열 후보가 토론을 거부하면서 든 이유는 3가지. 후보의 건강문제와 손석희가 있는 방송사의 편향성, 안철수 후보와의 토론.	2905	468	50	-1
VA-gljMKkio	윤석열,박근혜-보수 집토끼 노골적으로 조롱한 사건#윤석열이 이승만 박정희 외면하는 현실#윤석열에 지친 보수국민들,안철수로 탈출#김혜경,나라 구하고 있다#김종인 이재명 심야 극비회동	윤창중칼럼세상은 보수우파의 집권이 목표입니다. 실현 가능한 해법과 방향을 분명히 제시합니다. 윤칼세를 도와주십시오. 윤칼세TV ...	6522	1475	41	-1
9viHiMGvx08	간철수가 아니라 간석열, 국힘/윤핵관 단일화 시동, 윤석열이 안철수에 제안?	2022대선 #단일화 #간석열 #안일화 #윤석열 #안철수 ♥ 후원안내 ♥ ※국내 후원 국민은행, 365202-01-189195 김*원 ※해외 후원 ...	330	60	6	1
qZWEiP5p_SA	단일화 패러디2 - 담대한 결정! 안철수편	단일화 #윤석열 #안철수 #이재명 해당 영상의 출처는 신 남성연대입니다.	4	0	0	1
xRKLWZB668Q	안철수신제가치국평천하 #shorts		52	0	16	1
TwSW1OD1GIM	4차토론 무산은 국민의힘 윤석열 때문이다. 국민앞에 거짓말하지 말고 공개사과해라. #안철수 #국민의당 #국민의힘 #윤석열 #거짓말 #대선토론		294	116	20	1
Je01HMOodpg	윤석열 특명, TV토론은 손없는 날로 잡아라 ?	이승훈 변호사 2022. 2. 6. TV조선 뉴스현장 출연 #이재명 #윤석열 #안철수 #심상정 #대선후보 #TV토론 #손없는날 #시청률 #방송사 ...	89	7	1	1
fxq2GznwviA	안철수신제가치국평천하	안철수 유튜브 https://www.youtube.com/user/jinsimcamp 페이스북 https://www.facebook.com/ahncs111 인스타그램 ...	32	0	7	1
GdJINM6DJI8	[시시각각] 대선주자 과학 공약, 과학도시 대전의 평가는?ㅣ02월06일	[시시각각] 대선주자 과학 공약, 과학도시 대전의 평가는?ㅣ02월06일 #. 내용(안) 시시각각 145회에서는 앞으로 대한민국의 미래를 ...	21	3	0	1
p2SZtnjkI10	신문브리핑 4 '8일 &#39;4인 2차 TV 토론&#39; 무산…국민의힘 '11일 종편4社 주최로 열자'' 외 주요기사 [아침&amp;매일경제]	"(매경)신문브리핑 4 ""8일 '4인 2차 TV 토론' 무산…국민의힘 ""11일 종편 4社 주최로 열자"""" 외 주요기사(0207) #아침앤매일경제 #신문 ..."	928	24	18	1
fQ4Fs6pV9jY	현근택 '법카 폭로, 정치적 의도' vs 김근식 '2차 가해 그만'	〈민주당 선대위 현근택 대변인〉 초박빙 선거, 토론에서 국정능력 드러나 윤석열, 안철수와 단일화에 기울어진 듯 토론 회피 윤석열, ...	7712	270	186	-1
ej4uZjX8xuE	안철수 대통령 가능하지만 시간이 부족하다.	안철수도 아직은 가능하지만 정말 시간이 촉박하다.	4	0	0	1
xRf-6srQqyQ	이용호 “이기고 있어도 더 이기기 위해 단일화… 尹 큰 포용력 가져야” [황보선의 출발 새아침] / YTN라디오	YTN라디오(FM 94.5) [황보선의 출발 새아침] 우리의 이슈가 뉴스를 바꿉니다. 세상을 깨우는 황보선의 출발 새아침 중심잡힌 시선으로 ...	62	0	3	1
HiecO_Lb3Ac	이재명에게는 윤석열 이길 수 있는 결정적 한방이 있다 | 권은희, 이재명측에 단일화(연대협상) 조건 제시 | 민주당은 &#39;文-드루킹 공개 사과하고 김경수를 출당 조치하라 |	유순호 '정치,역사,문화칼럼' TV 자발적 구독료(후원)｜국민은행：765201-04-239649 (예금주 유순호) 더 좋은 방송으로 보답 ...	136	42	12	1
nsQ3jyAQCwA	윤석열•안철수•고영일•조원진 야권후보 단일화로 대선 압승을 보장하라!		1	1	0	1
zEevQo3nuAc	[Live] 국민의당 안철수 'G3 디지털경제 강국 도약을 위한 후보 정책간담회' (21.02.07)	"국민의당 #안철수 #정책간담회 #후보 #대선후보 [Live] 국민의당 안철수 ""G3 디지털경제 강국 도약을 위한 후보 정책간담회"" ..."	319	53	0	1
POSa7g-ovgU	송영길 '이재명-김종인 경제철학 공유, 尹은 비교도 안돼'	김종인, 이재명에 대해 긍정적 생각 가져 * 직접 만나 국정운영 방향성 조언했을 것 * 책임총리제 도입, 연립정부 구성이 원칙 * 정파 ...	2557	129	61	1
flSyuvbYBnM	[에디터픽] 단일화·배우자 리스크.. &#39;초박빙 대선&#39; D-30, 승부 가를 변수는? / YTN	1. '대선 D-30' 막판 총력전…'4인 4색' 전략은? (나연수 기자) 2. 단일화'·'배우자 리스크'…막판 판세 가른다 (황혜경 기자) 3.	30487	629	0	1
gGDVJMNqc88	윤석열이 토론을 회피하는 진짜 이유 | TV토론 누가 잘했나 | 지지율 박빙, 토론 영향력 있다? 없다? [짤짤이쇼 라이브 67화]	"드디어 토론 테이블에 마주 앉은 대선 후보들 (너무 기다렸다구  ) 자화자찬 일색인 이번 토론! ""누가 누가 제일 잘했나~?"" [대선 토론 ..."	66612	10151	222	-1
BnhCxF2g4sM	속보! 충격적인 여론조사! 윤석열이 69.0%로 압도적! 안철수 3.3%! 밝혀진 진실! 이재명·이준석 무너진 진짜 이유는?	속보! 충격적인 여론조사! 윤석열이 69.0%로 압도적! 안철수 3.3%! 밝혀진 진실! 이재명·이준석 무너진 진짜 이유는?	1689	231	3	-1
VgjzcgWedr0	윤석열, 긴급 입장 발표 인터뷰 나왔다!  야권 단일화 전격적으로 결정! &#39;대통령은 윤석열, 총리는 안철수&#39;로 간다! 이재명·이준석 지금 난리났다!!	정의구현 멤버십 가입 : https://www.youtube.com/channel/UCUNwNXVrWAHQpc8gPp1c6kw/join 자발적 구독료 : KB국민은행 ...	0	33	0	1
ZYrF-cIrID0	[정치직격] 김진애 “尹 &#39;김만배와 관계&#39; 공격 우려해 토론 피해.. 소맥까지 마시는데 건강이 무슨 문제?' - 김진애 (전 의원), MBC 220207 방송	2022년 02월 07일 [김종배의 시선집중] | 출연 : 김진애 전 열린민주당 의원 #정치직격 #윤석열 #김만배녹취록 #곽상도 #이재명 ...	21787	2501	135	-1
yRUCGNv7uAE	[시선집중 긴급진단] D-30, 김혜경 논란 영향? '李-尹 지지 따라 갈리는 정도' vs '폭로ing, 더 지켜봐야' - 이상일  소장 &amp; 이택수 대표, MBC 220207 방송	2022년 02월 07일 [김종배의 시선집중] | 출연 : 이상일 케이스탯컨설팅 소장 & 이택수 리얼미터 대표 #시선집중 #이재명 #윤석열 ...	7808	499	80	-1
p3yj-wTJCOc	[LIVE] 0207 안철수 국민의당 대통령 후보 - G3 디지털경제 강국 도약 정책간담회	[LIVE] 0207 안철수 국민의당 대통령 후보 - G3 디지털경제 강국 도약 정책간담회 2022.02.07 일요서울 TV 정대웅 기자.	129	9	0	1
dxKb9ybEVvA	'2조원대 K9자주포 수출, K방산 떠오른다'-강은호 방위사업청장 #K9자주포 #이집트수출 / [YTN라디오 슬기로운 라디오생활]	YTN라디오(FM 94.5) [YTN 뉴스FM 슬기로운 라디오생활] 방송 일시: 2022년 2월 7일 (월요일) 진행: 이현웅 아나운서 출연: 신지영 ...	549	41	0	1
0SMEYU1ocFc	&#39;윤석열, 단일화 배제안해&#39;...국민의힘 권영세 '가능성 열려있다' 입장 바꿔	국민의힘 #권영세 #안철수 #단일화 #가능성 국민의힘 권영세 선대본부장이 22년 2월 7일 열린 국민의힘 선대본부 회의를 마치고 ...	1061	102	13	-1
