ID	title	description	viewcount	likecount	commentcount	label
sieGOs5t1rM	윤석열 토론 거부 이유 하나하나 팩트체크해보니 결론은 날 받았다?	윤석열 후보가 토론을 거부하면서 든 이유는 3가지. 후보의 건강문제와 손석희가 있는 방송사의 편향성, 안철수 후보와의 토론.	2850	465	50	-1
asPltUdcvqE	[백운기의 시사1번지🔴LIVE] 윤석열 '안철수와 단일화, 배제할 필요 없다' / 국민의힘, 단일화 관련 분위기는? / 대선 D-30 &#39;단일화&#39; 목소리 솔솔? | 220207	백운기시사1번지 [오늘의 출연진] 정기남 민주당 선대위 대변인 김경진 국민의힘 선대본 상임공보특보단장 박원석 정의당 선대위 공보 ...	2207	130	0	1
28IVJ-Oh05Y	국민의힘 윤석열 후보 이번 주 후반 전북 방문 | 전주MBC 220207 방송	국민의힘 윤석열 대선 후보가 이번 주 전북을 방문할 예정입니다. 윤석열 후보는 오는 11일부터 2박 3일 동안 가칭 '윤석열차'라고 ...	10	0	3	1
gGDVJMNqc88	윤석열이 토론을 회피하는 진짜 이유 | TV토론 누가 잘했나 | 지지율 박빙, 토론 영향력 있다? 없다? [짤짤이쇼 라이브 67화]	"드디어 토론 테이블에 마주 앉은 대선 후보들 (너무 기다렸다구  ) 자화자찬 일색인 이번 토론! ""누가 누가 제일 잘했나~?"" [대선 토론 ..."	66576	10149	217	-1
Ma3UtHpm8VU	(윤석열 전격 인터뷰) 양측 물밑협상 상당부분 진행-이번주 최종결론 예상 2022.2.7 오전8시	윤석열후보가 처음으로 후보단일화 관련 각종 논란에 분명하게 입장 밝혀 #이재명#이준석#원희룡#권영세#김종인.	6930	2800	150	-1
5zJcYl5WZbo	[뉴스포커스] 대선 D-30…이재명·윤석열 지지율 &#39;팽팽한 접전&#39; / 연합뉴스TV (YonhapnewsTV)	[뉴스포커스] 대선 D-30…이재명·윤석열 지지율 '팽팽한 접전' [출연 : 조기연 더불어민주당 선대위 공명선거법률지원단·부단장 김현아 ...	556	12	6	1
NJ8G9vTimOI	이재명, 전직 장·차관 100여 명과 민주정부 4기 다짐 / YTN	[앵커] 제20대 대통령 선거가 이제 꼭 30일 앞으로 다가오면서 양강 후보들의 경쟁도 가열되고 있습니다. 민주당 이재명 후보는 전직 ...	1156	42	20	1
vsV5iTbEjAw	설 직후 여론조사도…이재명·윤석열 오차범위 내 접전 | 김진의 돌직구 쇼 924 회	설 직후 여론조사도…이재명·윤석열 오차범위 내 접전 | 김진의 돌직구 쇼 924 회 한국 설 직후 여론조사도…이재명·윤석열 오차범위 ...	318	18	4	-1
yKeLHCIhIcY	윤석열후보가 해냈다! 노무현 지지자들 난리났다! 윤석열후보 바로 그겁니다! #윤석열필승 #윤석열노사모	자율적구독후원 : 하나은행 : 106-910488-13707 (박*옥) 해외페이팔 후원링크 : https://www.paypal.me/jungsungsantv 문의 ...	1705	464	15	-1
ueUsVcCcrEE	#shorts #최재훈 #달성군민의힘으로 #달윤갑 #2편 #윤석열 #대통령후보 #최고달TV #좋아요 #구독	20대 대통령선거에서 윤석열후보 59초공약짤 패러디 영상입니다. 이준석대표와 원희룡 본부장님에 못지 않은 연기실력이죠^^ #최고 ...	6	3	0	1
Je01HMOodpg	윤석열 특명, TV토론은 손없는 날로 잡아라 ?	이승훈 변호사 2022. 2. 6. TV조선 뉴스현장 출연 #이재명 #윤석열 #안철수 #심상정 #대선후보 #TV토론 #손없는날 #시청률 #방송사 ...	89	7	1	1
aObgaPp7rNo	재범? 삼범!? 음주운전자 면허 결격기간 강화합니다!! #shorts #윤석열 #59초공약짤	shorts #윤석열 #59초공약짤.	7197	2067	131	-1
NH-M4ya90wE	법무부 자료로 윤석열·김건희 &#39;거짓 해명&#39; 확인...'아크로비스타 30X호 외국인 거소신고 없어' [빨간아재]	김건희 씨의 아크로비스타 30X호에 삼성이 전세금 설정을 한 것과 관련해 김 씨와 윤석열 후보 측의 해명이 거짓일 가능성이 커 ...	5712	1486	74	-1
FJwwvmrnRqY	윤석열 난리났네 난리났어, TV토론 거부한 날 &#39;소맥자리&#39; 일파만파 (국민일보 여론조사도 이재명 압도적 1위 해냈다)	채널에 가입하여 혜택을 누려보세요. https://www.youtube.com/channel/UCXizVvs2c7LtFZAu25sK5Fg/join #이재명지지율 #윤석열 ...	60560	19459	1521	-1
cN3MNROdfcU	변발헤-이재명 부울경/윤석열-김만배-곽상도	멤버쉽 링크 - https://www.youtube.com/channel/UCkI2g2FvX-haxXqqDMqc96A/join 송작가TV몰 링크 ...	4042	1787	36	1
EIswWXgqjdY	해외 교포에게 전세줬다는 윤석열의 주장의 실체는?ㅣ김어준의 뉴스공장_류밀희의 이알뉴(20220207)	"2월 7일(월) 김어준의 뉴스공장 [이 정도는 알아야 할 아침 뉴스] - 류밀희 기자 (TBS) 03:11 코로나19 주요 뉴스 05:29 국민의힘 ""尹, ..."	21	6	1	-1
t_3678Miq2c	이재명 윤석열 [점점 벌어지는 지지율]	윤석열의 48%는 문재인 정권 시작인가 이재명의 37%는 보고만 있을 것인가 #윤석열#문재인#허경영#이재명#	1705	650	77	-1
1ATRMMivlvk	뻔뻔한 윤석열 &#39;술자리 참석&#39; 단독 떴다! 이재명 갤러리 '조작된 글로 이재명 지지자 깎아내린 원희룡 사과해야' - 김만배 녹취록 반격.. 노무현 정신 강조한 이재명 후보	뻔뻔한윤석열술자리참석 #이재명갤러리원희룡사과요구 #김만배윤석열녹취록 #노무현정신이재명봉하마을 ▣ 황희두 멤버십 후원 ...	27303	10222	555	-1
ss3LZZzjOrA	이재명, 권역별 상황 점검…윤석열, 대한상의 강연 / 연합뉴스TV (YonhapnewsTV)	이재명, 권역별 상황 점검…윤석열, 대한상의 강연 [앵커] 제20대 대통령 선거가 30일 앞으로 다가온 가운데, 민심을 잡기 위한 대선 ...	120	4	5	1
WkRE9M961T8	정권교체 57%, 윤석열 지지 35% [2022년 2월 7일(월) 정규재의 텐텐뉴스]	0:00:00 오프닝 0:13:28 대선후보 지지율 0:20:58 노무현 대통령 0:31:44 월급 오르면 소득세·보험료 증가율 2배 높다 0:34:34 야당, ...	5576	2284	38	1
cdRABuiLfxI	윤석열, 야권 단일화 중대결심! &#39;안철수 총리&#39; 카드 꺼내 들었다! &#39;이준석 너는 단일화 문제에서 빠져라&#39; 직격탄! 민주 지금 난리났다!!	정의구현 멤버십 가입 : https://www.youtube.com/channel/UCUNwNXVrWAHQpc8gPp1c6kw/join 자발적 구독료 : KB국민은행 ...	10135	2762	132	-1
noQe68TLP5E	도로 상황은 개선~ 보행자는 더 안전하게! 안전속도 5030 개선합니다	shorts #윤석열 #59초공약짤.	5798	1969	128	1
VA-gljMKkio	윤석열,박근혜-보수 집토끼 노골적으로 조롱한 사건#윤석열이 이승만 박정희 외면하는 현실#윤석열에 지친 보수국민들,안철수로 탈출#김혜경,나라 구하고 있다#김종인 이재명 심야 극비회동	윤창중칼럼세상은 보수우파의 집권이 목표입니다. 실현 가능한 해법과 방향을 분명히 제시합니다. 윤칼세를 도와주십시오. 윤칼세TV ...	6522	1475	41	-1
O29iE6R9nX0	&#39;건강&#39; 때문에 TV토론 깨진 날 밤, 술자리 가진 윤석열	"유튜브 이송원TV 2월 7일(월) 오전 9시에 이재명, 봉하마을 눈물 ""참혹한 순간 잊기 어려워"" 박혁권 배우 답장 쓴 이재명 3차 접종자는 ..."	8789	3876	13	1
dvDJlDx3WGU	그 누구도 윤석열을 막을 수 없다! &#39;당선 가능성&#39; 51.6% 기록! 이재명을 13.1%p차이로 압도! 국힘 잔칫집 분위기! 민주 지금 난리났다!!	정의구현 멤버십 가입 : https://www.youtube.com/channel/UCUNwNXVrWAHQpc8gPp1c6kw/join 자발적 구독료 : KB국민은행 ...	14728	3991	178	1
7Z2BYvmoZqs	한 달 남은 대선...이재명, 대선 전략·준비 상황 점검 / YTN	[앵커] 제20대 대통령 선거가 이제 꼭 30일 앞으로 다가오면서 양강 후보들의 경쟁도 치열해지고 있습니다. 민주당 이재명 후보는 전직 ...	1282	47	26	1
0wFC688VY4g	이제 윤석열은 끝났다! 대장동 비리 뒤를 봐줬다는 증거나왔다!	윤석열 #대장동 #공범 후원계좌 277-20-289786 SC제일은행 정진호 열린공감TV가 또 대박을 쳤습니다. 이건 너무 큰데요? 대장동 ...	11189	4345	206	-1
CekCUguzT0o	2/7(월) 윤석열 X파일에서 검증된 &#39;진짜 사실들&#39;_노영희의 뉴스인사이다[대담한 대담]	2월 7일 (월) 노영희의 뉴스인사이다 ▷ 노영희의 [대담한 대담] 강진구 열린공감TV 기자 - 열린공감 TV의 검증 '윤석열 X파일' - 과도한 ...	1296	306	22	1
SPJnhwc_Fcw	Live-이재명 후보 경남 방문/곽상도 구속/김만배 윤석열에 욕하는 사이/결국은 단일화?/이상한 베이징 올림픽	멤버쉽 링크 - https://www.youtube.com/channel/UCkI2g2FvX-haxXqqDMqc96A/join 송작가TV몰 링크 ...	3730	4451	0	-1
g1WcRvnFveA	윤석열 ㅡ전두환이 정치를 잘했다?		220	32	3	1
flSyuvbYBnM	[에디터픽] 단일화·배우자 리스크.. &#39;초박빙 대선&#39; D-30, 승부 가를 변수는? / YTN	1. '대선 D-30' 막판 총력전…'4인 4색' 전략은? (나연수 기자) 2. 단일화'·'배우자 리스크'…막판 판세 가른다 (황혜경 기자) 3.	30487	629	0	1
8ET6u7FOEsw	윤석열 .이재명 ㅡ다른 크기의 포용력!		84	9	4	1
3ztqB2rv1PE	&#39;윤석열 토론 기피&#39; 윤호중 '자신이 없는가? 당이 후보가 부끄러워 피하는가?'	윤호중 더불어민주당 원내대표가 7일 중앙당사에서 열린 선대위 본부장단회의에서 윤석열 국민의힘 대통령 후보의 토론 기피에 대해 ...	256	5	29	-1
OowynhfQodI	[가상5자토론] 오준호 VS 이재명, 윤석열, 심상정, 안철수 토론대결 | #기본소득당 #대선후보 #오준호 #대선토론	4자 토론에서 대안을 찾지 못한 분들을 위해 오준호가 4명의 후보와 직접 맞붙었습니다. 부동산 불평등, 기후위기, 코로나 위기 그리고 ...	39	4	0	1
9viHiMGvx08	간철수가 아니라 간석열, 국힘/윤핵관 단일화 시동, 윤석열이 안철수에 제안?	2022대선 #단일화 #간석열 #안일화 #윤석열 #안철수 ♥ 후원안내 ♥ ※국내 후원 국민은행, 365202-01-189195 김*원 ※해외 후원 ...	330	60	6	1
Jd0fhfapbTE	[생방송] 김종인 만난 이재명 (feat. 송영길), &#39;술이 보약?&#39; TV토론 깨진 날 술자리 윤석열 - 안진걸 (2022.2.7 오전)	[생방송] 김종인 만난 이재명 (feat. 송영길), '술이 보약?' TV토론 깨진 날 술자리 윤석열 - 안진걸 (2022.2.7 오전) #이재명 #김종인 ...	83475	0	0	-1
HiecO_Lb3Ac	이재명에게는 윤석열 이길 수 있는 결정적 한방이 있다 | 권은희, 이재명측에 단일화(연대협상) 조건 제시 | 민주당은 &#39;文-드루킹 공개 사과하고 김경수를 출당 조치하라 |	유순호 '정치,역사,문화칼럼' TV 자발적 구독료(후원)｜국민은행：765201-04-239649 (예금주 유순호) 더 좋은 방송으로 보답 ...	136	42	12	1
mF1b3nxiK4w	TV대선토론회, 윤석열이 잘했다고?! 팩트는...	안녕하세요, ACE입니다. 지난 주 목요일 첫번째 대선후보 TV토론회가 열린 뒤 각 진영에서는 저마다 자신들의 후보가 잘했다며 자화 ...	18	15	2	1
EJye5dSfiNU	내 마음 속에 저장! 내 원픽은 윤석열	Shorts#AI윤석열#한국일자리방송#윤석열대통령후보.	325	111	4	1
BO1al8PqRCM	윤석열 '안철수와 단일화' 사실상 공식화. 윤과 안 두사람이 결정. 집권시 '대장동 수사 정상화 될 것'	"한국일보 인터뷰를 통해 현안 전반에 걸쳐 입장 밝혔다. ""관저는 경호가능한 단독주택에서. 청와대라는 말이 사라질 것이다"""	16294	3840	274	1
0SMEYU1ocFc	&#39;윤석열, 단일화 배제안해&#39;...국민의힘 권영세 '가능성 열려있다' 입장 바꿔	국민의힘 #권영세 #안철수 #단일화 #가능성 국민의힘 권영세 선대본부장이 22년 2월 7일 열린 국민의힘 선대본부 회의를 마치고 ...	1061	102	13	-1
FW0YIi5OIa4	더 달라고 싸우다... &#39;약점 잡힌 검사들!&#39;	김만배 #윤석열 #김건희.	35698	7866	297	-1
Do-c4WLqUfs	김건희 윤석열 사주		2	0	0	1
xVr25W5iIfg	윤석열		0	0	0	1
HTxTyDfmBSg	또 런한 윤석열 아마도 손떨려서 못하는 듯 #shorts		2642	455	41	1
IXQL62lZ8bY	D-30 윤석열8부능선 넘었다.다만. . . . 22.02.07 [시사파이터]	D-30#윤석열굳히기#김종인이재명.	2438	862	3	-1
CJF4YrL9RY8	(긴급)윤석열,단일화 '충격적 방안' 전격공개!李장남 소속부대, 입원 한달 뒤 ‘허가공문’ 요청!“李아들 특혜 입원뒤 軍수도병원도 특혜 받은 의혹”!현근택대변인,A씨관련충격반박문!	윤석열TV: https://www.youtube.com/channel/UCcl16CxYqlbKQJVCfdhSJVw 윤석열 공식 유튜브 주소입니다. 나라를 살리는 모든 ...	5000	570	16	-1
rqk60fElgsg	윤석열 장모...[단독] 윤석열 장모, 또 다른 100억 허위 잔고 증명도 있었다..	[단독] 윤석열 장모, 또 다른 100억 허위 잔고 증명도 있었다 이래도 지지율 1위? 이래도 무죄 ??? 김혜경 12만원을 기사 쓰지 말고 ...	60	37	7	-1
T7-LP43CgTY	신문브리핑 3 '&#39;김혜경 의혹&#39;에도…제보자·언론 탓하는 與' 외 주요기사 [아침&amp;매일경제]	"(매경)신문브리핑 3 ""'김혜경 의혹'에도…제보자·언론 탓하는 與"" 외 주요기사(0207) #아침앤매일경제 #신문브리핑 #이상훈앵커 ..."	2364	87	58	-1
LSX8_hrlW5E	문화 예술계 윤석열 후보 지지 선언 '배고픈 예술가 없게 만들어줄 윤석열'	이용호 국민의힘 의원이 박현준 한국오페라협회 회장과 탁계석 한국예술비평가협회 회장과 7일 국회에서 열린 기자회견에서 윤석열 ...	40	8	0	1
