ID	title	description	viewcount	likecount	commentcount	label
b9vQM4MSZqA	더불어민주당 이재명, 국정연구포럼 출범식 및 지지선언 - [끝까지 LIVE] MBC 중계방송 2022년 02월 07일	이재명 더불어민주당 대선후보는 오늘(7일) 오전 11시 서울 중구 프레스센터에서 열리는 국정연구포럼 출범식에 참석해 축사합니다.	4469	608	21	1
dabvmav7qdo	[뉴스라이브] 대선 한 달 앞둔 시점, 이재명·김종인 &#39;심야 회동&#39; / YTN	진행 : 김선영 앵커, 김대근 앵커 □ 출연 : 추은호 / 해설위원 * 아래 텍스트는 실제 방송 내용과 차이가 있을 수 있으니 보다 정확한 내용 ...	6201	356	68	1
Esot4BJl01M	이재명 국정연구포럼 출범식 및 지지선언 / SBS	SBS뉴스 #8뉴스 #이재명 #후보 #국정연구포럼 #출범식 #지지선언 #실시간 으로 만나 보세요 라이브 뉴스 채널 SBS 모바일24 ...	1116	47	4	1
NJ8G9vTimOI	이재명, 전직 장·차관 100여 명과 민주정부 4기 다짐 / YTN	[앵커] 제20대 대통령 선거가 이제 꼭 30일 앞으로 다가오면서 양강 후보들의 경쟁도 가열되고 있습니다. 민주당 이재명 후보는 전직 ...	1156	42	20	1
XIOjPNG4jjs	국민의힘에 등돌린 김종인, 이재명 &#39;간접 지원&#39; 나설까? / YTN	진행 : 김선영 앵커, 김대근 앵커 □ 출연 : 추은호 / 해설위원 * 아래 텍스트는 실제 방송 내용과 차이가 있을 수 있으니 보다 정확한 내용 ...	4447	133	75	1
rjF5a1_AVDs	[풀영상] 더불어민주당 이재명 후보, 국정연구포럼 출범식 참석/2월 7일	더불어민주당 이재명 대선 후보는 오늘(7일) 국정연구포럼 출범식에 참석했습니다. 국정연구포럼은 김대중·노무현·문재인 정부에서 ...	1082	81	5	1
T0_eoYlzgfE	이재명, 김종인과 비공개 회동…지원 요청했나 / 연합뉴스 (Yonhapnews)	이재명, 김종인과 비공개 회동…지원 요청했나 (서울=연합뉴스) 한 달 앞으로 다가온 대선 판도가 요동치는 가운데 민주당 이재명 후보 ...	460	8	4	1
8zgiSIJDSFE	이용훈 주교, 이재명 후보에게 평화·경청·희망 당부	더불어민주당 이재명 대선후보가 주교회의 의장 이용훈 주교를 찾아왔습니다. 이 주교는 한반도 평화와 희망을 주는 정치, 경청의 자세 ...	237	42	5	1
eE5tfi5exRg	노무현이 이재명 지지?…盧 가상 영상 논란 | 김진의 돌직구 쇼 924 회	노무현이 이재명 지지?…盧 가상 영상 논란 | 김진의 돌직구 쇼 924 회 '이재명 지지' 盧 전 대통령 가상 영상 '논란' '盧 가상 영상' 삭제 ...	616	26	16	-1
1Mym3NE581I	이재명 명품 로션 심부름까지 했던 공무원 | 김진의 돌직구 쇼 924 회	이재명 명품 로션 심부름까지 했던 공무원 | 김진의 돌직구 쇼 924 회 이재명 명품 로션 심부름까지 했던 공무원 ＂남은 건 모아뒀 ...	682	127	10	1
Jm_PW0oHYvI	정세균 전 총리, 전주에서 이재명 후보 지원 유세 | 전주MBC 220207 방송	정세균 전 총리가 전주에서 더불어민주당 이재명 후보 지원에 나섰습니다. 정 전 총리는 오늘(6) 선대위 산하 미래경제단 전북본부 ...	17	3	0	1
WC_ylgv_UaE	[생중계] 이재명 후보, 국정연구포럼 출범식 및 지지선언 (2022.2.7 오전)	[생중계] 이재명 후보, 국정연구포럼 출범식 및 지지선언 (2022.2.7 오전) #이재명 #국정연구포럼 #지지선언 #2022대선 #오마이TV ...	8668	0	43	1
_cIeK4O3HgE	[TV CHOSUN LIVE] 2월 7일 (월) 뉴스퍼레이드 - 이재명, 김종인과 비공개 회동	[TV CHOSUN LIVE] 2월 7일 (월) '뉴스퍼레이드' 주요뉴스 ○ 4만 명 육박…누적 100만 넘어 ○ 오늘 새 학기 운영방안 발표 ○ 이재명, ...	4771	205	37	1
40omB_FRlFg	[LIVE] 국정연구포럼 출범식 및 지지선언	이재명 #국정연구포럼.	5720	4717	43	1
POSa7g-ovgU	송영길 '이재명-김종인 경제철학 공유, 尹은 비교도 안돼'	김종인, 이재명에 대해 긍정적 생각 가져 * 직접 만나 국정운영 방향성 조언했을 것 * 책임총리제 도입, 연립정부 구성이 원칙 * 정파 ...	2557	129	61	1
Jd0fhfapbTE	[생방송] 김종인 만난 이재명 (feat. 송영길), &#39;술이 보약?&#39; TV토론 깨진 날 술자리 윤석열 - 안진걸 (2022.2.7 오전)	[생방송] 김종인 만난 이재명 (feat. 송영길), '술이 보약?' TV토론 깨진 날 술자리 윤석열 - 안진걸 (2022.2.7 오전) #이재명 #김종인 ...	83475	0	0	-1
Lk18i-B_8rI	해운대발 ‘블록버스터급’ 연설이 시작된다	거리연설 #해운대 #이재명.	4039	1878	203	1
sNAXMU0iVd0	이재명의 1차 승부수는 김종인?	언론알아야바꾼다 공식 후원(유튜브 멤버십) https://www.youtube.com/channel/UC-VnP-VdGUaIbssXoOhz5OQ/join ◎ 언론알아야 ...	45203	13605	455	1
ykdCUWgi4p4	열린민주TV &#39;나를 위해, 이재명&#39; 그리고 최강욱 #shorts #최강욱 #이재명		512	197	6	1
SPJnhwc_Fcw	Live-이재명 후보 경남 방문/곽상도 구속/김만배 윤석열에 욕하는 사이/결국은 단일화?/이상한 베이징 올림픽	멤버쉽 링크 - https://www.youtube.com/channel/UCkI2g2FvX-haxXqqDMqc96A/join 송작가TV몰 링크 ...	3730	4455	0	-1
5zJcYl5WZbo	[뉴스포커스] 대선 D-30…이재명·윤석열 지지율 &#39;팽팽한 접전&#39; / 연합뉴스TV (YonhapnewsTV)	[뉴스포커스] 대선 D-30…이재명·윤석열 지지율 '팽팽한 접전' [출연 : 조기연 더불어민주당 선대위 공명선거법률지원단·부단장 김현아 ...	556	12	6	1
Asw-_B0LyTA	이재명 공개지지한 배우 김의성 뒤집어졌다! #김의성주진우 #김의성MBC스트레이트 #이재명전과4범	자율적구독후원 : 하나은행 : 106-910488-13707 (박*옥) 해외페이팔 후원링크 : https://www.paypal.me/jungsungsantv 문의 ...	7129	2460	110	-1
vsV5iTbEjAw	설 직후 여론조사도…이재명·윤석열 오차범위 내 접전 | 김진의 돌직구 쇼 924 회	설 직후 여론조사도…이재명·윤석열 오차범위 내 접전 | 김진의 돌직구 쇼 924 회 한국 설 직후 여론조사도…이재명·윤석열 오차범위 ...	318	18	4	-1
ss3LZZzjOrA	이재명, 권역별 상황 점검…윤석열, 대한상의 강연 / 연합뉴스TV (YonhapnewsTV)	이재명, 권역별 상황 점검…윤석열, 대한상의 강연 [앵커] 제20대 대통령 선거가 30일 앞으로 다가온 가운데, 민심을 잡기 위한 대선 ...	120	4	5	1
l03tEEkS2ic	[생방송] 이재명 후보 참석, 국정연구포럼 출범식 및 지지선언	[생방송] 이재명 후보 참석, 국정연구포럼 출범식 및 지지선언 #이재명 #매타버스 #나를위해 #합니다 #공약발표 #국정연구 #앞으로 ...	3590	1317	12	1
t_3678Miq2c	이재명 윤석열 [점점 벌어지는 지지율]	윤석열의 48%는 문재인 정권 시작인가 이재명의 37%는 보고만 있을 것인가 #윤석열#문재인#허경영#이재명#	1705	652	77	-1
7WJbanQBw6Q	울산의료원 조속 설립  이재명 울산공약 발표  220205	더불어민주당 이재명 후보가 울산을 찾아 울산공약을 발표했습니다. 울산의료원 조속 설립과 탄소중립 대응 핵심거점 육성 등이 주요 ...	5	0	1	1
CbohhJHMgz0	[긴급] 사실상 이번 대선포기 이재명 드디어 구속되나	채널에 가입하여 혜택을 누려보세요. https://www.youtube.com/channel/UCULYn1zisR91e3tZZ4tFi1A/join #이재명 #문재인 ...	1553	451	24	1
1ATRMMivlvk	뻔뻔한 윤석열 &#39;술자리 참석&#39; 단독 떴다! 이재명 갤러리 '조작된 글로 이재명 지지자 깎아내린 원희룡 사과해야' - 김만배 녹취록 반격.. 노무현 정신 강조한 이재명 후보	뻔뻔한윤석열술자리참석 #이재명갤러리원희룡사과요구 #김만배윤석열녹취록 #노무현정신이재명봉하마을 ▣ 황희두 멤버십 후원 ...	27303	10229	556	-1
4aH8JEewtp4	이재명 수도병원 특혜의혹까지!! 아들 입원 특혜와 맞교환했나?	가로세로연구소 구독 후원 방법 정기구독 후원 ARS 1877-0665 기업은행 655-026629-01-014 (예금주 : (주)가로세로연구소) 국민 ...	106742	16179	37	-1
-hIR9s8w0Fs	[감동주의] 이재명이 걸어온 길	이재명 #더불어민주당 #대선후보 #이재명의삶 #이재명이걸어온길.	24	11	2	1
6pxgunPyyxw	#대한민국보수는이래야한다  '앞으로, 제대로' '나를 위해, 이재명' #이재명은합니다  #우리가언론이되겠습니다	"""단디"" #서울의소리 #개국본TV #시사파타TV #신비TV #곽동수TV #김어준의뉴스공장 #새날 #고발뉴스 #미디어벙커 #최현준TV ..."	364	215	16	1
Dr5CAkuy_gw	[Live]_김종인 만난 이재명 (feat. 송영길), &#39;술이 보약?&#39; TV토론 깨진 날 윤석열 술자리	이재명 #김종인 #윤석열 #술자리 #손없는날 #TV토론 #오마이뉴스 #2022대선 ☆범 진보민주 개혁을 위한 방송입니다. 많은 구독과 ...	2560	812	0	1
U6y08YdBsTY	[신지호의 쿨-톡] 다급한 이재명의 낙엽 줏기		13810	4462	216	1
dvDJlDx3WGU	그 누구도 윤석열을 막을 수 없다! &#39;당선 가능성&#39; 51.6% 기록! 이재명을 13.1%p차이로 압도! 국힘 잔칫집 분위기! 민주 지금 난리났다!!	정의구현 멤버십 가입 : https://www.youtube.com/channel/UCUNwNXVrWAHQpc8gPp1c6kw/join 자발적 구독료 : KB국민은행 ...	15123	3991	178	1
Zn43XqBqd_8	#봉하마을이재명 '앞으로, 제대로' '나를 위해, 이재명' #이재명은합니다  #우리가언론이되겠습니다	"""단디"" #서울의소리 #개국본TV #시사파타TV #신비TV #곽동수TV #김어준의뉴스공장 #새날 #고발뉴스 #미디어벙커 #최현준TV ..."	95	50	6	1
bccYaoBLr_0	#봉하마을이재명의다짐 '앞으로, 제대로' '나를 위해, 이재명' #이재명은합니다  #우리가언론이되겠습니다	"""단디"" #서울의소리 #개국본TV #시사파타TV #신비TV #곽동수TV #김어준의뉴스공장 #새날 #고발뉴스 #미디어벙커 #최현준TV ..."	106	71	6	1
iBFSdf5kjds	이재명 후보 공익제보 주장 A씨, 후원계좌 개설 정치적 의도는 ?	이승훈 변호사 2022. 2. 6. TV조선 뉴스현장 출연 #이재명 #대선후보 #현근택 #정치적_의도 #후원계좌 #신변보호 #사진 #캡쳐 #녹취 ...	16	3	0	-1
I2nXXF9siz4	[자.시.소]이재명 민주당 대선후보의 가족 리스크(?)	[자.시.소]7일 오전 자유시민의소리 방송에선 박진하 충북자유민주시민연합 위원의 '이재명 민주당 대선후보의 가족리스크(?)'를 주제 ...	4	1	0	1
U5MzP3slPnU	권영세, 이재명 사퇴 촉구 “부부 황제 갑질, 대통령 자질 문제”	권영세, 이재명 사퇴 촉구 “부부 황제 갑질, 대통령 자질 문제” “더 이상 덮고 넘어갈 수 없을 정도로 많은 죄상 드러나” 권영세 국민의힘 ...	156	22	50	-1
T7-LP43CgTY	신문브리핑 3 '&#39;김혜경 의혹&#39;에도…제보자·언론 탓하는 與' 외 주요기사 [아침&amp;매일경제]	"(매경)신문브리핑 3 ""'김혜경 의혹'에도…제보자·언론 탓하는 與"" 외 주요기사(0207) #아침앤매일경제 #신문브리핑 #이상훈앵커 ..."	2383	87	58	-1
_Fd3iGXmD_8	&#39;굿바이, 이재명&#39; 시리즈 #8 : 이재명·김혜경의 문자폭탄	장영하 변호사님 측 영상을 함께 공유합니다! https://www.youtube.com/channel/UCmRaQtRhZTE_7We9H8pL5pQ/featured 시사 ...	1615	524	10	1
8ET6u7FOEsw	윤석열 .이재명 ㅡ다른 크기의 포용력!		84	9	4	1
c7iylrg6xts	(현장중계) 이재명 타도 대연합 결성! 국힘의원 64% 단일화 촉구! / 2022.02.07	이재명 #대장동 #대장동버스 #화천대유 #대선 #윤석열 #대장동 #화천대유 #대장동게이트 #이재명게이트 #특검 #대장동특검 #정권 ...	17905	3717	0	-1
HiecO_Lb3Ac	이재명에게는 윤석열 이길 수 있는 결정적 한방이 있다 | 권은희, 이재명측에 단일화(연대협상) 조건 제시 | 민주당은 &#39;文-드루킹 공개 사과하고 김경수를 출당 조치하라 |	유순호 '정치,역사,문화칼럼' TV 자발적 구독료(후원)｜국민은행：765201-04-239649 (예금주 유순호) 더 좋은 방송으로 보답 ...	136	42	12	1
xgPFM4XGYmU	2022년 2월7일, 이재명후보,지지선언		133	60	0	1
Po3n7Ny-L2M	이재명 녹음파일 34번 음성메시지 (1번과 동일)	이재명 녹취록 34/34 음성메시지 #대선후보,#이재명,#녹취록,#이재선,#이재선회계사,#관계망상증.	71	21	0	-1
AsvY3NAiYRo	조경태 '민주당의 슬로건 &#39;나를 위해 이재명&#39;, 여기서 &#39;나는&#39; 김혜경 씨 지칭한 것'	조경태 #김혜경 #이재명 #개콘 #소고기 조경태 국민의힘 의원이 22년 2월 7일 서울 여의도 국회에서 열린 국민의힘 선거대책본부 ...	1112	152	19	-1
58hFlM8XWUI	[이재명의 인천 연수 공약] 중단없는 연수발전을 위해, 이재명!	존경하는 연수구민 여러분, 더불어민주당 대통령 후보 이재명입니다. 우리 연수·송도는 바다를 메워 무(無)에서 유(有)를 창조한 도시 ...	21	14	2	1
xNq3eJcPVd4	(충격속보)큰 거 터진다더니..이재명 장남, 해외 도주하려다 긴급체포 당해! 대선 끝났다...이재명 얼굴 새파래진다!		2573	288	12	-1
