ID	title	description	viewcount	likecount	commentcount	label
-qlnv-P991k	지지율은 &#39;접전&#39;…윤석열 당선 가능성 첫 역전 (자막있슈) / SBS	대통령 선거를 약 한 달 정도 앞두고 SBS가 실시한 여론조사 결과, 지지도에서는 민주당 이재명 후보와 국민의힘 윤석열 후보가 오차 ...	3629	98	133	-1
PyTSUF9TKKs	'김건희, 윤석열과 결혼 이유? 사업상 &#39;병풍&#39;' / YTN	진행 : 김선영 앵커, 김대근 앵커 □ 출연 : 김수민 / 시사평론가 * 아래 텍스트는 실제 방송 내용과 차이가 있을 수 있으니 보다 정확한 ...	9941	591	251	1
v4cmF8eMdMo	윤석열 해명 거짓으로 드러나. 아크로비스타와 삼성의 비밀은 도대체 뭔가	윤석열 후보는 김건희 소유의 아크로비스타 306호를 삼성이 7억의 전세금을 주고 임차하자 14층으로 이사하면서 결혼했다. 삼성전자 ...	16576	3049	214	-1
F1_A7xn7EF0	윤석열이 종부세 폐지 외친건 처가 이익 수호?  판교수준의  300억 부동산 보유	민주당 현안대응팀에서 윤석열 처가의 부동산 보유 현황을 조사한 결과 미니신도시급 19만평의 부동산을 보유한 것으로 드러났다.	3338	654	86	-1
JRhwXjz0RnI	기성미디어를 넘어서, 대안뉴스 #69 - 윤석열 처절한 토론 피하기, 윤석열 병역 비리 의혹	양지열 #거의없다 #민동기 ① 수납과 다섯 개의 스마트기기를 동시충전 [피앤지 5포트 릴타입 사이드 포켓] ...	7454	4739	5	1
c5FjJIf31ms	윤석열 ＂단일화한다면 안철수와 직접 결정＂ 안철수 ＂공개 언급 믿음 안가＂ [이슈픽]	윤석열 국민의힘 대선 후보는 대선 최대 관심사로 떠오른 안철수 국민의당 대선 후보와의 단일화에 대해 ＂배제하지 않겠다＂고 ...	718	18	14	1
7yqG0Jfe87M	윤석열 대선 후보  필승 결의대회	제주MBC 공식 유튜브 채널입니다. 계정 메시지나 댓글로 제보주세요. 제주MBC웹사이트 : http://jejumbc.com 페이스북 ...	19	0	1	1
k4PuGGJPBBk	이재명-안철수-윤석열, 단일화 동상3몽 [예언해줌]	이재명-안철수-윤석열, 단일화 동상3몽 ▷한겨레TV 온라인 쇼핑몰 마켓하니 http://www.markethani.com ▷한겨레TV 프로그램 제작 ...	2793	225	0	1
8zU3qN5-0Io	2/8(화) 윤석열, ‘부동시’ 군 면제 의혹 / 제사 심부름 ‧ 아들 퇴원에 동원된 관용차?_노영희의 뉴스인사이다[청정시대]	청정시대 이경(더불어민주당 선대위 대변인) 김재섭(전 국민의힘 비대위원) (좌상단) 주간 정치권 이슈 평소 안경 안 쓰는 윤석열, '부동 ...	534	67	4	1
Qa9HP_K536k	윤성효 '이재명-윤석열 경남 판세 접전, TV토론이 최대 변수'	전체보기 : https://youtu.be/Jd0fhfapbTE 오마이TV '박정호의 핫스팟'은 7일 오전 윤성효 오마이뉴스 기자와 생방송 인터뷰를 진행 ...	14532	0	139	1
jQCiayqWiks	석열이형 수트핏 모르면 스튜핏 #shorts #윤석열 #B하인드	shorts #윤석열 #B하인드.	5172	2004	127	1
I5e8gQFyxLc	윤석열, 대부분의 여론조사에서 1위. 김혜경 사태이후 이재명과의 격차 더 벌여.	윤석열 44.6%·이재명 36.3%…오차범위 밖 격차.	18036	4103	200	-1
42eyd5E6CkA	변발헤-이재명 '증세 없다'/천주교, 윤석열 낙선 성명/윤,부동시 면제?/눈뜨고 코베이징 올림픽	멤버쉽 링크 - https://www.youtube.com/channel/UCkI2g2FvX-haxXqqDMqc96A/join 송작가TV몰 링크 ...	4833	1914	40	-1
xKyEUL1pBs0	권력의 미래 - 2022년대선 대통령선거  feat. 안철수.윤석열.이재명	GDP 세계 9위 BTS가 부른 노래는 빌보드 1위를 거뜬히 해내고, 코로나 19시대 K- 방역은 세계를 선도한다. 대한민국 정말 선진국이 ...	28	11	0	1
a4-37ydB7r0	[최고의 5분] TV토론 관전평, 배우자 리스크와 태도 MBN 220207 방송	판도라 260회 대선을 앞두고 후보자 4명의 TV토론이 처음 열렸다. 불꽃튀는 격전을 펼쳤는데 그 중 이재명, 윤석열 후보의 배우자 ...	311	6	2	1
uiwPF-U1zWQ	윤석열의 비타민 토리와 써니 #shorts #윤석열 #B하인드	shorts #윤석열 #B하인드.	2292	1112	50	1
wMMCE_3IX8Y	JTBC 앵커까지 윤석열 겨눴다ㄷㄷ (박시영, 이게 가능한 일인가???)	영상설명 : 금일 정치 현안과 함께 TV토론 후속으로 JTBC 입장과 함께 김병주 의원이 전한 등 전해드리겠습니다 (인용=JTBC) 감사 ...	27359	5885	215	1
Tj_k3j-aCfk	[이슈] 무속 논란 윤석열 축복기도한 대형교회 목사들 침묵 지키자... | 파울로의 이슈 | (Feat. 사랑의교회, 여의도순복음교회, 명성교회, 무속 논란, 무속 중독 논란)	윤석열 대선 후보에게 축복기도를 한 대형교회 목사들이 윤 후보의 무속 유착 의혹에 대해서는 침묵으로 일관하고 있는 가운데 이들 ...	10	1	0	-1
CaGb2vb13Ms	박근혜 지지 보수층이 이젠 윤석열과 작별할 시간 왔다!#윤석열이 울컥한 진짜 이유#이재명과 왕철새 김종인 윤여준 이상돈#안철수한테 천운#까도까도 국모 김혜경#교도소 앞에 선 박영수	윤창중칼럼세상은 보수우파의 집권이 목표입니다. 실현 가능한 해법과 방향을 분명히 제시합니다. 윤칼세를 도와주십시오. 윤칼세TV ...	9003	1722	61	1
K6zsrI-mjoY	대선주자 자본시장 관련 공약 눈길_이슈 TALK_주경야톡 28회 (20220207)	"Q. 대선주자들 공매도 관련 입장은? - 이재명 “공매도 제도 폐지보다는 개선 약속” - 윤석열 “개인이 불리하지 않도록 제도 개선"" ..."	15	1	0	1
ACebZs9hYQE	열린공감tv &#39;윤석열 장모&#39; 논란 폭로했다! '선라이즈 누구 것?' - 쇼트트랙 중국 편파판정에 분노한 이재명&amp;민주당 '실력으로 끝까지 최선을 다한 우리 선수단, 진정한 승자'	윤석열장모김건희논란 #열린공감tv윤석열장모 #쇼트트랙중국편파판정 #입장밝힌이재명민주당 ▣ 황희두 멤버십 후원 ...	22514	8576	310	-1
8RSeNNrVJNQ	박근혜대통령과 윤석열은 '숙명' 이재명의 운명...사면복권은 팩트! 朴대통령 출마 가능하다!	박근혜대통령기자회견 #이재명 #윤석열 맑고 깨끗한 자유대한민국이 오는 그날까지 빵시기TV는 진실된 애국방송만 제작하겠습니다.	4160	894	52	1
dVCo8cOXkzc	2/8(화) - 쇼트트랙 편파판정/ 윤석열-안철수 단일화 급부상(권은희·정미경)/ 영업시간 24시 논란(이재갑)/ [탐정 손수호] n번방 조주빈의 옥중 블로그 [김현정의 뉴스쇼]	2월8일(화) 김현정의 뉴스쇼 ▣ 라이브 방송 안내 뉴스쇼 라이브 방송 | 매주 월~금 오전 7시20분~9시 댓꿀쇼 라이브 방송 | 화·금 주 2 ...	106676	1974	93	-1
aWHYR99CV4A	李, 코로나19 방역상황 점검...尹, 과학 기술 토론회 참석 / YTN	[앵커] 대선이 한 달도 남지 않은 가운데 더불어민주당 이재명 후보는 코로나19 방역 상황을 점검하고 자영업자와 소상공인 단체와 ...	660	7	31	1
gNa0a9bNom0	[정치이슈] 윤석열의 생활밀착형 '59초공약짤' 모아보기 3탄 / #윤석열 #59초공약짤 #우리가윤석열이다 #내가윤석열이다	"국민의힘 윤석열 대통령 후보의 생활밀착형 공약을 모았습니다. 생활밀착형 ""59초 공약짤"" 3탄 ▣ 택시안전시스템 장착 의무화 ..."	29	4	1	1
ceFeZwxz8Sk	'검찰총장이 되다' [윤석열의 생각 : 검사 윤석열 1]	"""윤석열의 생각"" 대한민국 제20대 대통령 선거 후보 윤석열. 소소하지만 비범한 개인사와 정치 입문기, 국정에 대한 철학까지 윤석열이 ..."	30	4	0	1
gehf4w70KAo	권은희 '단일화? 안철수는 윤석열이 &#39;조용히 만나자&#39;고 해도 안 만난다'	라이브 방송 안내 뉴스쇼 라이브 방송 | 매주 월~금 오전 7시20분~9시 댓꿀쇼 라이브 방송 | 뉴스쇼 본방송 끝나자마자 이어서 오전 9시 ...	765	14	18	1
J9do5gipe1o	4자 대선토론, 안철수 × 윤석열 - 부동산 질의응답⑥ 답이 정권교체? 🤔	문재인정부 #다자토론 #짤 #shorts.	1721	471	23	1
QFHaeOtJXJU	'오로지 정의만이 사회를 지탱한다' [윤석열의 생각 : 검사 윤석열 3]	"""윤석열의 생각"" 대한민국 제20대 대통령 선거 후보 윤석열. 소소하지만 비범한 개인사와 정치 입문기, 국정에 대한 철학까지 윤석열이 ..."	32	12	5	1
fGujB12A4XQ	윤석열 대통령 후보, 대한상공회의소 대선후보 초청 특별강연	클릭해주셔서 감사합니다. 좋아요와 구독은 큰 힘이 됩니다 클립 챕터는 아래 '더보기' 클릭해주세요! TIMESTAMP 김문수 TV는 ...	388	91	5	1
ro5P-EBn1JE	윤석열 대통령 후보, 대한상공회의소 대선후보 초청 특별강연 2부 질의응답	클릭해주셔서 감사합니다. 좋아요와 구독은 큰 힘이 됩니다 클립 챕터는 아래 '더보기' 클릭해주세요! TIMESTAMP 김문수 TV는 ...	460	165	5	1
jcuJN2AKKPs	홍준표는 과연 어떻게 윤석열 쉴드 칠까? #shorts	홍준표 윤석열 이재명 국민의힘 민주당.	188	38	3	-1
w30Ryz6IZIo	윤석열 2월8일 토론회 안가려고 이렇게 판 깼다 #shorts	윤석열 아저씨 당신이 토론을 안하면 국민들은 뭘보고 대통령 후보를 뽑아야 하요? 제발 국민들을 바보로 알지 말고 알권리를 충족 ...	214	41	4	-1
wFIL17BRH9E	이재명-윤석열, 대선 한 달 남았는데 여전히 &#39;엎치락뒤치락&#39;(박시영,이택수) / &#39;눈뜨고 코 베이징&#39;...선 넘은 올림픽 편파 판정(박동희,한준희) [김어준의 뉴스공장]	2월 8일(화) 김어준의 뉴스공장 ◎ 4부 [덩곱매치] 대선 D-29, 여론조사 추이와 막판 변수는? - 박시영 대표 (윈지코리아) - 이택수 대표 ...	32692	3074	131	-1
5k2_3KN66wc	'도저히 받아들일 수 없는 압박들' [윤석열의 생각 : 검사 윤석열 2]	"""윤석열의 생각"" 대한민국 제20대 대통령 선거 후보 윤석열. 소소하지만 비범한 개인사와 정치 입문기, 국정에 대한 철학까지 윤석열이 ..."	24	8	2	1
2xDPOt2QACQ	윤석열! 저는 자유주의자입니다! #shorts	윤석열 #shorts #youtubeshorts.	505	154	0	1
ZvlaBH2GErI	(일일뉴스) 김혜경 갑질 또 터졌다! 윤석열 여론조사 압승! / 2022.02.08	이재명 #대장동 #대장동버스 #화천대유 #대선 #윤석열 #대장동 #화천대유 #대장동게이트 #이재명게이트 #특검 #대장동특검 #정권 ...	25511	6105	25	-1
9wjkwGwj7c0	윤석열 '목사가 꿈이었습니다.' #shorts	윤석열 #shorts #youtubeshorts.	1368	156	0	1
hxYnCrI12cU	윤석열!목사가 저의 첫번째 꿈이었습니다. #shorts	윤석열 #shorts #youtubeshorts.	1160	198	0	1
iA9piJvAJKg	윤석열 꼬만 모음 꼬만좀해라..^^ #shorts	윤석열 #꼬만 #윤석열꼬만 #꼬카인 #꼬만석열 #토론회 #민주당 #국민의힘 #김종인 #대선 #지지율 #여론조사 #이재명 #찢재명 ...	2402	178	43	-1
lm7QKhYGf40	중앙일보 작심하고 문재인 뒤집어엎었다! #문재인주사파 #이재명전과4범 #윤석열필승	자율적구독후원 : 하나은행 : 106-910488-13707 (박*옥) 해외페이팔 후원링크 : https://www.paypal.me/jungsungsantv 문의 ...	4100	1184	29	-1
9kq-BzUrf6Y	국민의힘 윤석열 대선후보 지지율 고공행진 안상수TV	윤석열 #국민의힘 #안상수TV #지지율 #이재명 #더불어민주당 #대선후보 #대선공약 #정권교체 #국민의선택 #대선 국민의힘 윤석열 ...	4	1	0	1
GII6RugiGWY	윤석열의 긍정적 효과 #윤석열 #대선 #후보교체 #후보사퇴 #shorts		15	3	0	1
qsZD7Re31rk	(라이브) 윤석열 대통령후보 '과학기술이 대한민국의 미래를 바꿉니다 토론회 참석'	This stream is created with #PRISMLiveStudio.	2742	1027	0	1
c7wl3gJw7W0	술이 웬수	윤석열 #토론회연기 #술 후원계좌 277-20-289786 SC제일은행 정진호 건강문제로 토론회를 파토낸 윤석열 후보가 술자리에 등장 ...	5687	2633	212	-1
TdPJYYrYnwI	문재인 대통령 국정운영 지지율 36%…대선 후보 적합도 윤석열·이재명·이낙연·안철수·홍준표·오세훈 순	엠브레인퍼블릭‧케이스탯리서치‧코리아리서치 인터내셔널‧한국리서치 4개사가 매주 시행하는 전국지표조사(NBS, National ...	4	0	0	1
cNGlOqHzDrA	정권교체냐 정권재창출이냐…여론조사 ‘혼전’ | 김진의 돌직구 쇼 925 회	정권교체냐 정권재창출이냐…여론조사 '혼전' | 김진의 돌직구 쇼 925 회 대선후보 지지도 이재명 38.1% 윤석열 43.4% [리얼미터] ...	968	53	12	-1
9x8DhbUYVFw	윤석열 #Shorts	에니메이션 #Shorts.	4	1	0	1
-4sxbf7rCXs	[정문일침] #106 -‘대선 판세 분석’ 살얼음판 걷는 윤석열•이재명	[정문일침] #106 -'대선 판세 분석' 살얼음판 걷는 윤석열•이재명 2022.02.08 일요서울TV 오두환, 김정오 기자 일요서울TV는 시청자 ...	751	127	0	1
38w01gPznDs	광주광역시 공약	광주광역시 공약 국민이 키운 윤석열, 내일을 바꾸는 대통령 #윤석열대통령 #국민의힘으로정권교체 #직능총괄본부 #shorts.	20	2	0	1
