ID	title	description	viewcount	likecount	commentcount	label
qnPF91xO_LM	이재명, 김종인 이상돈 윤여준 연쇄회동‥외연 확장 광폭 행보 (2022.02.07/뉴스데스크/MBC)	역대 정부의 장·차관 출신 100여 명이 민주당 이재명 후보를 공개 지지했습니다. 이 후보는 오늘도 중도, 보수 인사를 만나 확장 행보를 ...	10414	832	191	1
OhgKjAKnqaY	[이재명, 오미크론 확산 대응 긴급 점검회의] 2월 8일 (화) 풀영상 / 디지털Only	오늘(8일) 이재명 더불어민주당 대선후보가 코로나19 위기대응특위와 긴급 점검회의를 개최합니다. 이 후보는 이날 회의를 통해 최근 ...	2675	86	18	1
-Al1Ovcx4WM	이재명 오미크론 대응 긴급점검회의 / SBS	더불어민주당 이재명 대선 후보가 오늘(8일) '코로나 민심'을 점검하는 민생 행보에 나섭니다. 이 후보는 오늘 오전 당 코로나19 위기 ...	1822	25	13	1
yynLpY3l9CY	이재명 제사 때도 ‘공무원에 심부름’ 의혹 | 김진의 돌직구 쇼 925 회	이재명 제사 때도 '공무원에 심부름' 의혹 | 김진의 돌직구 쇼 925 회 동아 경기도청 前 공무원 ＂李 후보 제사용품도 받아 날랐다＂ ...	892	74	14	-1
aCdwporP_qI	소고기가 공관에?…녹취엔 이재명 자택 지역 언급 | 김진의 돌직구 쇼 925 회	소고기가 공관에?…녹취엔 이재명 자택 지역 언급 | 김진의 돌직구 쇼 925 회 송영길 ＂공관에서 손님 접대할 수 있는 것＂ 현근택 ...	470	30	9	-1
k4PuGGJPBBk	이재명-안철수-윤석열, 단일화 동상3몽 [예언해줌]	이재명-안철수-윤석열, 단일화 동상3몽 ▷한겨레TV 온라인 쇼핑몰 마켓하니 http://www.markethani.com ▷한겨레TV 프로그램 제작 ...	2835	225	0	1
xUIJ9LZVp_M	신문브리핑 3 ''이재명 측, 제사 준비에도 공무원 동원'…이 측 '사비로 구매, 영수증은 없어'' 외 주요기사 [아침&amp;매일경제]	"(매경)신문브리핑 3 """"이재명 측, 제사 준비에도 공무원 동원""…이 측 ""사비로 구매, 영수증은 없어"""" 외 주요기사(0208) #아침앤매일 ..."	3097	107	61	-1
na_Stmum7iM	[LIVE] 코로나19 위기대응특위 오미크론 대응 긴급점검회의	이재명 #코로나19 #위기대응특위.	6995	2255	78	-1
LTSoy-kcW5s	[최경영의 최강시사] 대선 앞으로 한달, 이재명의 승부수는? - 강병원 최고위원(더불어민주당)｜KBS 220208 방송	[강병원의 정치백신] 대선 앞으로 한달, 이재명의 승부수는? - 강병원 최고위원 (더불어민주당) ----- ▷ #최강시사 홈페이지: ...	1734	90	24	1
JHeH4ltGjdA	[충격발언] 이재명 후보님 대체 무슨 말씀이십니까?	이재명잔파도 #샤인튜브 #김혜경갑질 [샤인튜브] 멤버십 가입 - https://www.youtube.com/channel/UCH_Bxedipg--u3iavdM57rg/join ...	3462	886	114	-1
apFDUOQu5Vo	이재명 선거포기상태?? 호남과 40대서도 지지율 큰폭 하락 2022.2.8 오전9시	이재명이 김혜경리스크에 설연휴뒤 지지율 하락세,회복 어려운 이유 분석 #경기도법인카드#배소현#안철수#김건희#이준석.	4993	3810	190	-1
a4-37ydB7r0	[최고의 5분] TV토론 관전평, 배우자 리스크와 태도 MBN 220207 방송	판도라 260회 대선을 앞두고 후보자 4명의 TV토론이 처음 열렸다. 불꽃튀는 격전을 펼쳤는데 그 중 이재명, 윤석열 후보의 배우자 ...	311	6	2	1
Qa9HP_K536k	윤성효 '이재명-윤석열 경남 판세 접전, TV토론이 최대 변수'	전체보기 : https://youtu.be/Jd0fhfapbTE 오마이TV '박정호의 핫스팟'은 7일 오전 윤성효 오마이뉴스 기자와 생방송 인터뷰를 진행 ...	14532	0	139	1
42eyd5E6CkA	변발헤-이재명 '증세 없다'/천주교, 윤석열 낙선 성명/윤,부동시 면제?/눈뜨고 코베이징 올림픽	멤버쉽 링크 - https://www.youtube.com/channel/UCkI2g2FvX-haxXqqDMqc96A/join 송작가TV몰 링크 ...	4833	1914	40	-1
dDBWim4ISro	[풀영상] 이재명 대선 후보, 오미크론 대응 긴급점검회의 참석 / 연합뉴스TV (YonhapnewsTV)	더불어민주당 이재명 대선 후보가 당 코로나19 위기대응특위의 긴급점검회의에 참석했습니다. - 장소 : 국회 - 화자 : 이재명 더불어 ...	2433	62	4	1
7ucHhLQfBfA	사실상 이번 대선 끝 이재명 치명적인 여자 문제 또 터졌다	채널에 가입하여 혜택을 누려보세요. https://www.youtube.com/channel/UCULYn1zisR91e3tZZ4tFi1A/join #이재명 #문재인 ...	5804	1350	43	1
xKyEUL1pBs0	권력의 미래 - 2022년대선 대통령선거  feat. 안철수.윤석열.이재명	GDP 세계 9위 BTS가 부른 노래는 빌보드 1위를 거뜬히 해내고, 코로나 19시대 K- 방역은 세계를 선도한다. 대한민국 정말 선진국이 ...	28	11	0	1
3mFjQfUKFVk	[현장연결] 이재명 '3차 접종자 대상 24시간 방역제한 완화 필요' / 연합뉴스TV (YonhapnewsTV)	"[현장연결] 이재명 ""3차 접종자 대상 24시간 방역제한 완화 필요"" 더불어민주당 이재명 대선 후보가 당 코로나19 위기대응특위의 긴급 ..."	208	11	2	1
U3RyuSmDm88	[생방송] 이재명 후보, 코로나19 위기대응특위 오미크론 대응 긴급점검회의	[생방송] 이재명 후보, 코로나19 위기대응특위 오미크론 대응 긴급점검회의 #이재명 #코로나19 #오미크론 #위기대응 #합니다 #나를 ...	4522	920	20	1
XLG48zIkCQI	[황보선의 출발 새아침] FULL 다시보기 | 쇼트트랙 편파판정 논란, 이상돈 인터뷰 '이재명을 만났다', 폭탄주 논란 속 TV토론, 오미크론 청와대 대비책 | 220208	"YTN FM 94.5MHz 우리의 이슈가 뉴스를 바꿉니다. 세상을 깨우는 ""황보선의 출발 새아침"" 중심잡힌 시선으로 가장 뜨거운 이슈를 ..."	6356	253	7	1
Ykwwc-8AktY	이재명 장남 퇴원 때도 관용차 불법 동원 | 김진의 돌직구 쇼 925 회	이재명 장남 퇴원 때도 관용차 불법 동원 | 김진의 돌직구 쇼 925 회 조선 이재명 장남 퇴원 때 관용차 불법 동원…與 ＂잘못된 건 ...	671	34	11	-1
Wels5FMugso	이재명 대통령 선거 후보 통영 발전 6대 공약 발표-김용안(20대 대선 이재명 후보 통영총괄 선대본부장)	고성방송 유투브입니다. 지역의 여러 소식과 흥미로운 여행, 자연을 담습니다.	22	4	0	1
E5yJgQqyeM8	민주당 선대위, 지역 청년 위한 공약 발굴 | 전주MBC 220208 방송	더불어민주당 전북도당 해시태그 선거대책위원회는 지난 달 말부터 네 차례에 걸쳐 '서울이 아니어도 돼' 토크쇼를 통해 지역 청년들의 ...	5	0	1	1
qxjT2y__ckw	이재명 아들인가? &#39;우리 아빠는 법인카드를...&#39; (feat.무한도전)	'우리집은 한우를 많이 먹었어' 이재명 패밀리의 미래를 예측한 무한도전(?)	957	394	22	1
XOTXSliJN88	이재명 '부산 준비 됐나?!' #shorts	shorts #이재명 #부산 #준비됐나 #됐다 #가즈아 #유능한정부를위해.	703	181	16	1
Sn2HCSsmlfc	쇼트트랙 편파판정,,, 이재명 '실망과 분노,,,' #SHORTS	SHORTS #이재명 #쇼트트랙 #편파판정 #실망과분노 #기죽지마세요 #대한민국선수단파이팅.	996	127	4	-1
I5e8gQFyxLc	윤석열, 대부분의 여론조사에서 1위. 김혜경 사태이후 이재명과의 격차 더 벌여.	윤석열 44.6%·이재명 36.3%…오차범위 밖 격차.	18036	4103	200	-1
PWLaRkvEsHA	오세훈 '대선후보 아내 문제 타산지석…재건축, 새 정부와 호흡' [전국네트워크]	【 앵커멘트 】 오세훈 서울시장은 오는 6월 지방선거에 출마하는 것에 의문을 갖는 시민은 없을 것이라며 에둘러 재선 도전을 천명 ...	543	12	6	1
K6zsrI-mjoY	대선주자 자본시장 관련 공약 눈길_이슈 TALK_주경야톡 28회 (20220207)	"Q. 대선주자들 공매도 관련 입장은? - 이재명 “공매도 제도 폐지보다는 개선 약속” - 윤석열 “개인이 불리하지 않도록 제도 개선"" ..."	15	1	0	1
zwqgE28nlbk	[송국건의 혼술] 이재명 코로나 자가격리 때 배달된 ‘카드깡 소고기’	이재명 코로나 자가격리 날 집에 배달된 법카 소고기 이재명 통합정부론 내세워 안철수에 러브콜 2차 TV토론회 누가 웃을까.	12449	4528	214	1
8RSeNNrVJNQ	박근혜대통령과 윤석열은 '숙명' 이재명의 운명...사면복권은 팩트! 朴대통령 출마 가능하다!	박근혜대통령기자회견 #이재명 #윤석열 맑고 깨끗한 자유대한민국이 오는 그날까지 빵시기TV는 진실된 애국방송만 제작하겠습니다.	4165	895	52	1
aWHYR99CV4A	李, 코로나19 방역상황 점검...尹, 과학 기술 토론회 참석 / YTN	[앵커] 대선이 한 달도 남지 않은 가운데 더불어민주당 이재명 후보는 코로나19 방역 상황을 점검하고 자영업자와 소상공인 단체와 ...	660	7	31	1
vSwrmvRToxs	중국앞작이 이재명 (a.k.a 소한민국 대통령 후보)	가로세로연구소 구독 후원 방법 정기구독 후원 ARS 1877-0665 기업은행 655-026629-01-014 (예금주 : (주)가로세로연구소) 국민 ...	116404	29788	147	1
_kx58MOfI8k	[소병훈TV] 이재명 대통령 후보 경기 광주시 공약 영상	이재명 #앞으로제대로 #나를위해이재명 실력, 실천, 실적으로 승부하는 이재명 후보가 보다 발전된 광주를 약속합니다! 사통팔달 광주 ...	15	7	0	1
conv3h28l7M	이재명 또 울었다! 김혜경뒤집어졌다! 이것이 민심천심! #이재명노무현묘소눈물 #김혜경노무현막말 #이재명전과4범	자율적구독후원 : 하나은행 : 106-910488-13707 (박*옥) 해외페이팔 후원링크 : https://www.paypal.me/jungsungsantv 문의 ...	5617	1687	120	-1
Jb5ufYNZx9M	[국민혁명당 LIVE] 야권 단일화 희망 보인다!! 이재명 지지한 좌파 목사들!!​​​​​​​ - 주옥순 대표, 고세진 박사, 이영한 PD 2022.02.08.	광화문 On 가입 안내---------------------- 3월1일 대국본앱이 광화문온으로 개편되었습니다. 아래링크를 눌러 업데이트 버튼을 클릭 ...	5447	2365	18	1
ELW84Jn6jAo	이재명 '오미크론, 위기의시대 유능한 정부가 필요'	이재명 더불어민주당 대통령 후보가 8일 국회에서 열린 코로나19 위기대응특위 오미크론 대응 긴급점검회의에서 오미크론 바이러스 ...	81	0	7	1
0x_zsMTGGRM	[김종배의 시선집중][FULL] &amp; [천기누설]│尹-安 단일화 놓고 당내 혼란│“文 지킬 건 이재명” 與 지지 총동원령│[박지훈·김재원·우상호], MBC 220208 방송	2022년 2월 8일 화요일 #시선집중 #천기누설 #MBC라디오 1부 [JB TIMES] #박영수 #화천대유 #건진법사 #김성주 · 박영수 딸, 화천 ...	93124	5210	163	1
Tl5Z7AAIzgM	대장동 최대 수혜자는 윤석열? 송석준 '이재명의 말도 안 되는 주장'	송석준 국민의힘 의원이 8일 국회에서 열린 원내대책회의에서 4자 토론에서 이재명 후보의 대장동 최대 수혜자는 윤석열 후보 아니냐 ...	204	42	3	-1
HFKgNSJcCI0	이재명 업무추진비 횡령 의혹, 김기현 '나라에 도둑이 많다?'	김기현 국민의힘 원내대표가 8일 국회에서 열린 원내대책회의에서 이재명 후보의 업무추진비 사적 용도 횡령 의혹에 대해 발언하고 ...	167	41	7	-1
c5FjJIf31ms	윤석열 ＂단일화한다면 안철수와 직접 결정＂ 안철수 ＂공개 언급 믿음 안가＂ [이슈픽]	윤석열 국민의힘 대선 후보는 대선 최대 관심사로 떠오른 안철수 국민의당 대선 후보와의 단일화에 대해 ＂배제하지 않겠다＂고 ...	718	18	14	1
Vxd0zWDydq0	[이재명의 경기 안양 공약] 다시 뛰는 안양시, 발전 제대로 ! 새로운 안양을 위해, 이재명 !	사랑하고 존경하는 안양시민 여러분, 안양은 경기남부 교통의 중심지로서, 서울과 가깝고 생활환경이 좋은 도시입니다. 특히, 인덕원역 ...	20	12	0	1
EIM5yZr9LiU	[대선풍향계/이재명] 李 장남, 군대 입원특혜 의혹 재점화 _220208	[대선풍향계] 李 장남, 군대 입원특혜 의혹 재점화 정도언론 인간존중 인류평화 를 위해 나아가는 아시아 투데이!!! 정론직필을 추구하고 ...	259	49	8	-1
2mLNg3KpCc8	[이재명의 충북 진천 공약] 지방발전의 국가대표, 이재명이 진천의 품격을 높이겠습니다!	존경하는 생거진천 군민 여러분, 민주당과 이재명은 진천의 발전과 함께해 왔습니다. 특히 지난해 확정된 '수도권내륙선 광역철도'는 ...	39	20	4	1
QX2ZYIbigjI	전북 청년들과 함께한 #내가_미래의_이재명이다	2022년 1월 13일 목요일 진행된 청정위 간담회를 영상으로 담았습니다.	9	6	0	1
qFWFamYjZeg	[이재명의 울산 남구 공약] 남구 앞으로! 발전 제대로! 남구 주민을 위해, 이재명!	존경하는 울산 남구 주민 여러분! 울산 남구는 G20의 경제대국으로 성장하는데 중추적 역할을 담당한 곳입니다. 1962년 공업센터 ...	14	8	1	1
S5CaomB4zlI	남페미 대선후보를 팩트로 두들겨 패보자.	페미니즘 #남페미 #이재명 월 1천원 정기후원하기 1877-0419 http://www.ihappynanum.com/Nanum/B/UEZ98N7YMH 남성연대 ...	15347	2235	232	1
730V-8henUg	[이재명의 충남 서천 공약] 해양바이오 산업도시 서천, 생각하는 서천을 만들겠습니다!	존경하는 서천군민 여러분, 서천은 충남 서해안 최남단 작은 도시이지만, 잘 보존된 자연경관과 바다와 인접하여 각종 해산물이 풍부 ...	15	7	1	1
wFIL17BRH9E	이재명-윤석열, 대선 한 달 남았는데 여전히 &#39;엎치락뒤치락&#39;(박시영,이택수) / &#39;눈뜨고 코 베이징&#39;...선 넘은 올림픽 편파 판정(박동희,한준희) [김어준의 뉴스공장]	2월 8일(화) 김어준의 뉴스공장 ◎ 4부 [덩곱매치] 대선 D-29, 여론조사 추이와 막판 변수는? - 박시영 대표 (윈지코리아) - 이택수 대표 ...	32692	3074	131	-1
ypT6AFAezAM	역대급 후보... 누구냐, 넌!	손혜원 #이재명 #윤석열 #김건희 https://www.youtube.com/watch?v=PD26RSxzXhk ...	26551	7440	331	-1
