ID	title	description	viewcount	likecount	commentcount	label
DMZpX6WCr9w	국민의당 안철수, 관훈토론회 참석…언론인 패널과 토론 - [끝까지 LIVE] MBC 중계방송 2022년 02월 08일	안철수 국민의당 대선후보는 오늘(8일) 오전 10시부터 서울 광화문 한국프레스센터에서 열리는 대선후보 초청 관훈토론회에 참석 ...	10418	332	10	1
mq9UzXY5Cis	안철수 대선후보 초청 관훈토론회 - 언론인 패널과 토론 / SBS	국민의당 안철수 대선 후보가 오늘(8일) 오전 10시부터 서울 광화문 한국프레스센터에서 열리는 대선후보 초청 관훈토론회에 참석 ...	44642	1442	38	1
DpWQzIzsgag	[현장영상] 안철수 '차기 대통령 때 새로운 감염병 찾아올 것…백신주권국가 돼야' / JTBC News	오늘(8일) 안철수 국민의당 대선후보가 관훈클럽 초청 토론회에 참석합니다. 안 후보는 이날 서울 중구 한국프레스센터에서 열리는 ...	323	7	2	1
uSJCJpvlXqQ	[현장영상] 안철수 '부동산 정책, 재산세 높이고 거래세 낮추는 것이 바람직해' / JTBC News	오늘(8일) 안철수 국민의당 대선후보가 관훈클럽 초청 토론회에 참석합니다. 안 후보는 이날 서울 중구 한국프레스센터에서 열리는 ...	349	15	5	1
zz81coxFPZs	[현장영상] 안철수 '&#39;닥치고 정권교체&#39; 안돼…국민·경제 살리는 과학적 리더십 있어야' / JTBC News	오늘(8일) 안철수 국민의당 대선후보가 관훈클럽 초청 토론회에 참석합니다. 안 후보는 이날 서울 중구 한국프레스센터에서 열리는 ...	1313	41	47	1
iVpozslYASo	[현장영상] 안철수 '후보 직계 가족 검증 필요해…결격 사유는 국민이 판단할 몫' / JTBC News	오늘(8일) 안철수 국민의당 대선후보가 관훈클럽 초청 토론회에 참석합니다. 안 후보는 이날 서울 중구 한국프레스센터에서 열리는 ...	303	8	0	1
k4PuGGJPBBk	이재명-안철수-윤석열, 단일화 동상3몽 [예언해줌]	이재명-안철수-윤석열, 단일화 동상3몽 ▷한겨레TV 온라인 쇼핑몰 마켓하니 http://www.markethani.com ▷한겨레TV 프로그램 제작 ...	2835	227	0	1
c5FjJIf31ms	윤석열 ＂단일화한다면 안철수와 직접 결정＂ 안철수 ＂공개 언급 믿음 안가＂ [이슈픽]	윤석열 국민의힘 대선 후보는 대선 최대 관심사로 떠오른 안철수 국민의당 대선 후보와의 단일화에 대해 ＂배제하지 않겠다＂고 ...	718	18	14	1
o3K_DwKZdrU	[안철수] 안철수 국민의당 대통령 후보 초청 관훈토론회 | LIVE	안철수 #20대대통령 #국민의당 #관훈토론회.	5437	0	41	1
ogJRBGiXhu8	안철수 국민의당 대선 후보 초청 관훈토론회 (220208) / TBS LIVE	2월 8일(화) 개최되는 안철수 국민의당 대선 후보 초청 관훈토론회를 TBS가 함께합니다. ▷방송일시 : 2월 8일(화) 오전 10시 ...	9705	454	4	1
MyQCDmx0QiA	[천기누설] 124화 - 다시 등장한 윤핵관! ‘안철수와 단일화’ 국민의힘 또 수렁에 빠져들까 (김종배 &amp; 박지훈)	2022년 02월 08일 [천기누설] 멋털도사 김종배와 얼쑤무당 박지훈이 풀어놓는 놀라운 이슈분석! 매주 화, 목요일 오전 8시 30분에 ...	26668	2338	125	1
J9do5gipe1o	4자 대선토론, 안철수 × 윤석열 - 부동산 질의응답⑥ 답이 정권교체? 🤔	문재인정부 #다자토론 #짤 #shorts.	1721	471	23	1
dVCo8cOXkzc	2/8(화) - 쇼트트랙 편파판정/ 윤석열-안철수 단일화 급부상(권은희·정미경)/ 영업시간 24시 논란(이재갑)/ [탐정 손수호] n번방 조주빈의 옥중 블로그 [김현정의 뉴스쇼]	2월8일(화) 김현정의 뉴스쇼 ▣ 라이브 방송 안내 뉴스쇼 라이브 방송 | 매주 월~금 오전 7시20분~9시 댓꿀쇼 라이브 방송 | 화·금 주 2 ...	106676	1974	93	-1
xKyEUL1pBs0	권력의 미래 - 2022년대선 대통령선거  feat. 안철수.윤석열.이재명	GDP 세계 9위 BTS가 부른 노래는 빌보드 1위를 거뜬히 해내고, 코로나 19시대 K- 방역은 세계를 선도한다. 대한민국 정말 선진국이 ...	28	11	0	1
2a2EP013Y4U	[라이브] 안철수, 관훈토론회 참석해 언론인과 토론	중앙일보 구독하기 https://www.youtube.com/c/JoongAngIlbo?sub_confirmation=1 안철수 국민의당 대선후보가 대선 후보 초청 관훈 ...	480	50	3	1
ibRDTRy0ZoI	'단일화 제안 받은 적도 없다' 안철수 국민의당 대선 후보 초청 관훈토론회 풀영상	안철수 #토론회 안철수 국민의당 대선 후보가 8일 오전 서울 광화문 프레스센터에서 열리는 대선 후보 초청 관훈토론회에 참석했다.	309	31	2	1
yp4G34aN3FQ	정미경 '여론조사보다 담판 단일화가 안철수 예우하는 것	라이브 방송 안내 뉴스쇼 라이브 방송 | 매주 월~금 오전 7시20분~9시 댓꿀쇼 라이브 방송 | 뉴스쇼 본방송 끝나자마자 이어서 오전 9시 ...	969	27	9	1
SXNWBq75LV4	[브이라이브]국민의당 안철수 대선 후보 초청 관훈클럽 토론회｜2022. 02. 08.	생중계 #안철수 #관훈토론회 국민의당 안철수 대선 후보는 8일 관훈클럽 초청 토론회에 참석해, 언론인들로 구성된 패널들과 토론을 ...	426	18	2	1
c5JmYpy_jeE	안철수, &#39;G3 #디지털경제강국 도약&#39; 정책간담회 #안철수		63	38	7	1
S9CN5auhOO8	안철수 '&#39;닥치고 정권교체&#39; 안돼, &#39;더 좋은 정권교체&#39; 돼야	안철수 국민의당 대통령 후보가 8일 중구 한국프레스센터에서 열린 관훈토론회에서 이번 정권교체는 '닥치고 정권교체'가 되어서는 안 ...	157	9	7	1
gehf4w70KAo	권은희 '단일화? 안철수는 윤석열이 &#39;조용히 만나자&#39;고 해도 안 만난다'	라이브 방송 안내 뉴스쇼 라이브 방송 | 매주 월~금 오전 7시20분~9시 댓꿀쇼 라이브 방송 | 뉴스쇼 본방송 끝나자마자 이어서 오전 9시 ...	765	14	18	1
JdyQFTVG9UA	쥴리 목격자 “검은 정장·예명·생김새 또렷이 기억나” [김어준의 뉴스공장 풀영상 2/8(화)]	[TBS 유튜브(화) 생방송] ▷7시 6분 : 김어준의 뉴스공장 ▷9시 : 사회실험카메라 순간365 (최초공개) ▷10시 : 안철수 국민의당 대선 ...	332328	35366	411	1
K6zsrI-mjoY	대선주자 자본시장 관련 공약 눈길_이슈 TALK_주경야톡 28회 (20220207)	"Q. 대선주자들 공매도 관련 입장은? - 이재명 “공매도 제도 폐지보다는 개선 약속” - 윤석열 “개인이 불리하지 않도록 제도 개선"" ..."	15	1	0	1
CvHSCQn4r_M	대선 D-29.. 후보별 전북 공약은? | 전주MBC 220208 방송	앵커▷ 20대 대통령 선거, 이제 한 달이 채 남지 않았습니다. 대선은 대통령을 선출하는 의미뿐 아니라, 그동안 소외됐던 지역의 의제를 ...	7	0	0	1
VDPzJfO7nm8	안철수 국민의당 대통령 후보 초청 관훈토론회		99	6	0	1
ahtb1-A58sw	2/8(화) '3월 6∼9일 확진자 투표 못한다'…대책 마련 시급/&#39;제사음식 구매&#39;·&#39;아들 퇴원에 관용차&#39;…'관여 없었다/“윤석열·안철수 단일화할까…_노영희의 뉴스인사이다[뉴스픽]	"한동인 기자의 뉴스픽 - ""3월 6∼9일 확진자 투표 못한다""…대책 마련 시급 - '제사음식 구매'·'아들 퇴원에 관용차'…""관여는 없었다“ ..."	648	64	1	-1
TmpVdgVKuUo	윤석열과 안철수 단일화		80	17	0	1
Prce3S2rHwo	[풀영상] 국민의당 안철수 대통령 후보 초청 관훈토론회 (22.02.08)	안철수 #국민의당 #초청 #관훈토론회 #Live [풀영상] 국민의당 안철수 대통령 후보 초청 관훈토론회 (22.02.08) 시사포커스TV는 창간 ...	991	151	2	1
ayl9KWTlwT0	긴급! 국민의힘 공천 1차 확정! 안철수 최재형 유승민 원희룡 종로 난리났다! 서초갑 5인 경선! (진성호의 직설)		55328	10674	329	1
sswbao9m4l0	안철수가 은밀히 제안한 &#39;단일화 효과&#39; 극대화 방식은?	"후원계좌 신한은행 304 04 253850"" 평가 This stream is created with #PRISMLiveStudioㄴ."	5499	1850	40	1
gJDUXa2n6Kg	안철수가 은밀히 제안한 &#39;단일화 효과&#39; 극대화 방식은?	"후원계좌 신한은행 304 04 253850"" 평가 This stream is created with #PRISMLiveStudioㄴ."	1637	416	26	1
EoSFgHDXThc	신문브리핑 2 '더 커진 野 단일화 목소리…&#39;安 책임총리&#39; 주문도' 외 주요기사 [아침&amp;매일경제]	"(매경)신문브리핑 2 ""더 커진 野 단일화 목소리…'安 책임총리' 주문도"" 외 주요기사(0208) #아침앤매일경제 #신문브리핑 #이상훈앵커 ..."	2519	95	27	1
1hUeIeEjaY8	2022년 2월 8일 (화) [굿모닝MBN] 다시보기 - 2월 8일 굿모닝 MBN 주요뉴스	"2월 8일 굿모닝 MBN 주요뉴스 오늘 신규 확진 4만 명 안팎 예상…정부 ""이달 말 최대 17만 명"" 재택치료자, 집중 관리군 위주로 관리…"	549	14	3	1
8xHnz89CWXE	[시사인터뷰 오늘] 2/9(수) 1. 오늘의 인터뷰_국민의당 최진석 상임선거대책위원장/ 2. 라이브 이즈 라이프_김두식 아나운서	1. [오늘의 인터뷰] 국민의당 대선 전략 -국민의당 최진석 상임선거대책위원장 2. [라이브 이즈 라이프] -광주MBC 김두식 아나운서 ...	0	1	0	1
OA-22-LKETU	안철수 저 밖에 없잖아요!		6	0	0	1
CaGb2vb13Ms	박근혜 지지 보수층이 이젠 윤석열과 작별할 시간 왔다!#윤석열이 울컥한 진짜 이유#이재명과 왕철새 김종인 윤여준 이상돈#안철수한테 천운#까도까도 국모 김혜경#교도소 앞에 선 박영수	윤창중칼럼세상은 보수우파의 집권이 목표입니다. 실현 가능한 해법과 방향을 분명히 제시합니다. 윤칼세를 도와주십시오. 윤칼세TV ...	9003	1722	61	1
apFDUOQu5Vo	이재명 선거포기상태?? 호남과 40대서도 지지율 큰폭 하락 2022.2.8 오전9시	이재명이 김혜경리스크에 설연휴뒤 지지율 하락세,회복 어려운 이유 분석 #경기도법인카드#배소현#안철수#김건희#이준석.	4993	3811	192	-1
WwL-4B6Rpfw	전광훈 목사 국민혁명당, 안철수 국민의당 당사 앞 후보단일화를 위한 범국민대회	with CameraFi Live.	0	0	0	1
x1PDe9cFR9o	분노한 안철수 '중국, 더티 판정 취소하고 금메달 돌려줘라'	"안철수 국민의당 대선후보는 8일 중국의 베이징 동계올림픽 쇼트트랙 편파 판정 논란에 대해 자신의 페이스북을 통해 ""중국은 ..."	40	0	0	-1
2p9Bnf1Cbps	맥다니엘  톡#안철수 왜 그래?#야당 분들 제발 정신차려요#청년들보다 안목이  좁으니~~	평안다운교회.시5:12여호와여 주는 의인에게 복을 주시고 방패로 함 같이 은혜로 저를 호위하시리이다 This stream is created with ...	5	0	0	1
e3ya2_vmplw	[LIVE] 0208 안철수 국민의당 대통령 후보 - 관훈클럽 초청 토론회	[LIVE] 0208 안철수 국민의당 대통령 후보 - 관훈클럽 초청 토론회 2022.02.08 일요서울 TV 정대웅 기자.	191	39	0	1
0x_zsMTGGRM	[김종배의 시선집중][FULL] &amp; [천기누설]│尹-安 단일화 놓고 당내 혼란│“文 지킬 건 이재명” 與 지지 총동원령│[박지훈·김재원·우상호], MBC 220208 방송	2022년 2월 8일 화요일 #시선집중 #천기누설 #MBC라디오 1부 [JB TIMES] #박영수 #화천대유 #건진법사 #김성주 · 박영수 딸, 화천 ...	93124	5210	163	1
w30Ryz6IZIo	윤석열 2월8일 토론회 안가려고 이렇게 판 깼다 #shorts	윤석열 아저씨 당신이 토론을 안하면 국민들은 뭘보고 대통령 후보를 뽑아야 하요? 제발 국민들을 바보로 알지 말고 알권리를 충족 ...	214	41	4	-1
cNGlOqHzDrA	정권교체냐 정권재창출이냐…여론조사 ‘혼전’ | 김진의 돌직구 쇼 925 회	정권교체냐 정권재창출이냐…여론조사 '혼전' | 김진의 돌직구 쇼 925 회 대선후보 지지도 이재명 38.1% 윤석열 43.4% [리얼미터] ...	968	53	12	-1
Bk-PwEmvXV0	(낮 12시) 캐스팅보트된 안철수! 철수 원수, 이준석 망했다!	후원 : 우리은행 1005-603-591706 제이에이치 커뮤니케이션.	0	45	0	-1
x3wrSBBhXgE	尹 “단일화, 내게 맡겨 달라”…安 “공개적 거론, 진정성 없어” | 김진의 돌직구 쇼 925 회	尹 “단일화, 내게 맡겨 달라”…安 “공개적 거론, 진정성 없어” | 김진의 돌직구 쇼 925 회 중앙 야권선 단일화론…윤 측 ＂열려 있다＂ 안 ...	443	26	2	-1
Y58mGxz-WHQ	이준석 '이재명, 김혜경에게 도덕성 기대치 없다'	이준석#이재명#김혜경#불법의전#불법갑질#안철수 KBS1라디오 최경영의최강시사(22.02.08)	2564	332	28	-1
TdPJYYrYnwI	문재인 대통령 국정운영 지지율 36%…대선 후보 적합도 윤석열·이재명·이낙연·안철수·홍준표·오세훈 순	엠브레인퍼블릭‧케이스탯리서치‧코리아리서치 인터내셔널‧한국리서치 4개사가 매주 시행하는 전국지표조사(NBS, National ...	4	0	0	1
QAxrb4vk9fU	윤석열 대구 아버님께 돌직구 맞다 #shorts	돌 안아프니.. 아직도 고통이 안갔니 거기까지? #이재명tv #이재명토론 #이재명민주당 #윤석열티비 #윤석열부인 #김건희 #김건희 ...	92	47	1	-1
deHfRqcPsMc	[뉴스포커스] 2차 4자토론, 11일 확정…&#39;외연확장·단일화&#39; 승부수 / 연합뉴스TV (YonhapnewsTV)	[뉴스포커스] 2차 4자토론, 11일 확정…'외연확장·단일화' 승부수 [출연 : 최민희 더불어민주당 선대위 미디어특보단장·이수희 국민의힘 ...	591	10	10	1
