ID	title	description	viewcount	likecount	commentcount	label
ivexGPPcFc8	[뉴스라이브] &#39;安과 단일화 담판&#39; 자신감 드러낸 윤석열, 배경은? / YTN	진행 : 김선영 앵커, 김대근 앵커 □ 출연 : 최진봉 / 성공회대 교수, 이두아 / 국민의힘 선대본부 법률지원 부단장 * 아래 텍스트는 실제 ...	5329	155	92	1
oEx0HSFxxGs	2월 8일 윤석열 대통령 후보, 택시업계 정책 간담회 참석		2856	1232	132	1
3Z-xdBW0Z64	VAPC0229야권 단일화!! 윤석열후보 &amp; 안철수후보 의 단일화에 대한 전망!	야권 단일화 !! 윤석열후보 & 안철수후보 의 단일화에 대한 견해!	1155	286	30	1
qSq5FQptOB4	[윤석열과강신업] D-28 윤석열, 이땅에 진정한 자유와 공화의 민주 정부를 세운다!!!/ 대한민국 최고의 고품격 정통 정치시사 방송!	윤석열 #자유정부 #공화정부.	504	105	12	1
Ou81Hvg0SRc	이런 준비된 후보를 봤나. 당선 후 정치보복 선언한 윤석열에게 뼈직구	윤석열 후보는 방송에 나와 당선된 후 문재인 정부의 적폐를 청산해야 한다며 보복정치에 대해 언급했다. 한동훈 검사를 독립운동가에 ...	20220	3087	417	-1
1gmuu5FBDh8	정치보복 드립친 윤석열에게 우상호의 간결 뼈직구	윤석열 후보가 문재인 정권을 상대로 정치보복을 선언한 것에 대해 우상호 선대본부장은 할 줄 아는 건 수사밖에 없음을 인증한 꼴 ...	1314	375	39	-1
D91rG7l24Sw	2/9(수) 윤석열 안철수 단일화는 득보다 실_노영희의 뉴스인사이다[대담한 대담]	2월 9일 (수) 노영희의 뉴스인사이다 ▷ 노영희의 [대담한 대담] 김철근 국민의힘 당대표 정무실장 - 이준석이 단언한 11일, 단일화 진짜 ...	665	100	8	1
Tomr4kXyQ40	[집중분석] 윤석열 부동시 병역기피 의혹 - 김병주 민주당 의원 (2022.2.9 오전)	[집중분석] 윤석열 부동시 병역기피 의혹 - 김병주 민주당 의원 (2022.2.9 오전) #김병주 #윤석열 #병역기피의혹 #부동시 #2022대선 ...	18117	0	185	-1
t1LXage25wk	무능한 윤석열, 또 사고쳤다! 김민전 '이준석 &#39;성상납 동영상&#39; 소문도 있어' - &#39;이재명펀드&#39; 공개.. 140만 한국노총 이재명 지지 선언 '2500만 노동자에 부합'	또사고친무능한윤석열 #김민전이준석성상납동영상의혹 #이재명펀드공개 #140만한국노총이재명지지 ▣ 황희두 멤버십 후원 ...	22782	9882	414	-1
oBvsRl9ANxI	삼부토건 더 올라간다 #윤석열 #휴림로봇 #경영권매각	무료종목추천 어디가면 볼수 있나요?◁ *제 유튜브채널 초기화면에서 재생목록을 클릭하시면 무료종목추천 목록이 있습니다 그곳에 ...	138	25	14	1
gug3jkeuscM	윤석열 초토화, 진성준 대선 판뒤집는 한마디 '39조 추경 24시간 영업 무조건 통과' (101세 엄마의 간절함 이재명 후보 울렸다 '대통령 꼭 되이소')	채널에 가입하여 혜택을 누려보세요. https://www.youtube.com/channel/UCXizVvs2c7LtFZAu25sK5Fg/join #이재명 #진성준 ...	60352	15033	589	1
pBRljxPbYbM	윤석열 스타일	자율구독료: 490701-01-183911 국민(고성국) * 정기구독 계좌이체 신청: http://www.ihappynanum.com/Nanum/B/QLUJSFZ0MJ ...	679	188	2	1
XKwINIUB-7U	변발헤-이재명 새 슬로건/한국노총, 이재명 지지/윤석열 장모 땅 신도시 규모	멤버쉽 링크 - https://www.youtube.com/channel/UCkI2g2FvX-haxXqqDMqc96A/join 송작가TV몰 링크 ...	4314	1975	28	1
_PKNVrYnM2M	좌파본색 윤석열,문대통령은 참 정직한 분,하~이명박박근혜9년 척살과 고통당한 보수는 뭔가?	좌파본색 윤석열 #문재통령은 정직한 분 #이명박 #박근혜 #조국 #정권교체 ♥ 후원안내 ♥ ※국내 후원 국민은행, 365202-01-189195 ...	272	45	7	-1
QwNv68AhAho	李 '유능한 리더' 강조·尹 대주교 예방...여야 확진자 투표 논의 / YTN	[앵커] 더불어민주당 이재명 후보는 이낙연 총괄선대위원장이 위원장직 수락 뒤 처음 참석한 선대위 회의에서 유능한 리더로 지금 ...	1718	17	41	1
UV_vLiMEOEQ	신문브리핑 3 '李 박스권 지지율에 갇히자…與도 安 향해 끊임없는 러브콜' 외 주요기사 [아침&amp;매일경제]	"(매경)신문브리핑 3 ""李 박스권 지지율에 갇히자…與도 安 향해 끊임없는 러브콜"" 외 주요기사(0209) #아침앤매일경제 #신문브리핑 ..."	860	25	11	1
7x6HFPSNLYY	윤석열의 교통 공약, 현직 검사 음주운전 적발! [화제의 사고 Best]	대선후보 윤석열의 교통공약 00:30, 대구 음주운전 늘었다! 03:55 , 쇼미더머니6우승자 행주의 교통사고 05:35 , 현직검사 음주운전 ...	23	4	1	1
V-6CuEuZ_U8	☆☆☆#대통령후보 여론조사#이재명 윤석열#shorts	이재명 윤석열 #누가대통령되나 #29일앞둔여론조사 #shorts.	11	0	1	1
yTvMgSFIsO8	윤석열 토론회 기피에 대한 강훈식 전략본부장의 일침	[KBS 일요진단 라이브] 민주당 강훈식 전략기획본부장 윤석열 토론회 기피(회피 만렙 윤석열) / 민주당 강훈식 전략기획본부장 / 20대 ...	70	29	9	-1
Ib4N5b_62xc	윤석열에게  &#39;대통령된다면 윤석열 같은 검찰총장 임명하겠냐&#39;는 질문에.....		527	162	2	-1
EsCGTwUulhY	장모 부동산 19만평? 윤석열 '잘 모른다...탈탈 털었잖아”	"장모 부동산 19만평? 윤석열 ""잘 모른다...탈탈 털었잖아” #장모는 #부동산부자 #진실은? 편집 - 오두환 기자."	208	29	0	-1
lPtr0XeBFc4	윤석열 김혜경에 입 열었다! 김혜경 끝났다!		264	91	6	1
u_G2JaRmygg	윤석열 ‘정순택 대주교 예방’ 백브리핑		68	24	0	1
Z1cbGsCy0YU	'친노, 친문을 말하다' [윤석열의 생각 : 정치인 윤석열 3]	"""윤석열의 생각"" 대한민국 제20대 대통령 선거 후보 윤석열, 소소하지만 비범한 개인사와 정치 입문기. 국정에 대한 철학까지 윤석열이 ..."	102	16	0	1
q_7leRvmXig	'이런 정권 처음 봤다' [윤석열의 생각: 정치인 윤석열 1]	"""윤석열의 생각"" 대한민국 제20대 대통령 선거 후보 윤석열, 소소하지만 비범한 개인사와 정치 입문기. 국정에 대한 철학까지 윤석열이 ..."	87	13	0	1
8XOugLmFRd8	[최경영의 최강시사] 경쟁자에서 상임고문으로... 최재형이 평가하는 대선후보 윤석열- 최재형 국민의힘 선대본 상임고문(전 감사원장)｜KBS 220209 방송	[최강 인터뷰 2] 경쟁자에서 상임고문으로.. 최재형이 평가하는 대선후보 윤석열 - 최재형 국민의힘 선대본 상임고문 (전 감사원장) ...	648	23	22	1
Evti3g4KdWI	신문브리핑 2 '안철수 '단일화 제안받은 적 없어…2012년 실수 반복 안 할 것'' 외 주요기사 [아침&amp;매일경제]	"(매경)신문브리핑 2 ""안철수 ""단일화 제안받은 적 없어…2012년 실수 반복 안 할 것"""" 외 주요기사(0209) #아침앤매일경제 #신문 ..."	462	19	10	1
HeJfAjNJYdA	2/9 (수) 풀영상｜[우상호] 인물론 VS 정권교체 싸움… 이재명 &#39;유능함&#39;으로 승부한다｜[최재형] 경쟁자에서 상임고문으로… 최재형이 평가하는 윤석열｜KBS 220209 방송	(1부) [뉴스 언박싱] '오늘 아침 가장 뜨거운 뉴스' - 민동기 기자 + 김민하 시사평론가 [박대기의 눈] 사상최대 무역적자, 언제까지?	2141	145	13	1
tFyTU1NtYhs	'초법적 대통령제가 문제다' [윤석열의 생각 : 정치인 윤석열 4]	"""윤석열의 생각"" 대한민국 제20대 대통령 선거 후보 윤석열. 소소하지만 비범한 개인사와 정치 입문기, 국정에 대한 철학까지 윤석열이 ..."	116	19	1	1
QwsYEw5PM6Y	대통령을 지켜야한다!	김건희 #윤석열 #문재인 #화투신명.	15375	5470	698	1
uL5zrDFFsa8	(라이브) 윤석열 대통령후보 순택 대주교(천주교 서울대교구장) 예방	This stream is created with #PRISMLiveStudio.	4394	1302	0	1
Brt5MCGtQ9M	'정치인이 되기까지' [윤석열의 생각: 정치인 윤석열 2]	"""윤석열의 생각"" 대한민국 제20대 대통령 선거 후보 윤석열. 소소하지만 비범한 개인사와 정치 입문기, 국정에 대한 철학까지 윤석열이 ..."	67	11	0	1
bVY5E374sDo	[단독] 윤석열 폭탄주 술자리, 무슨 일 있었나 - 소중한 오마이뉴스 기자 (2022.2.9 오전)	[단독] 윤석열 폭탄주 술자리, 무슨 일 있었나 - 소중한 오마이뉴스 기자 (2022.2.9 오전) #윤석열 #폭탄주 #건강이상 #TV토론 #방역 ...	32984	0	435	-1
0fOBTBpQZvg	KBS전앵커, 국민의힘 언론기획단장 황상무가 해냈다! 좌편향언론들 뒤집어엎었다! #황상무윤석열 #황상무KBS앵커 #윤석열필승	자율적구독후원 : 하나은행 : 106-910488-13707 (박*옥) 해외페이팔 후원링크 : https://www.paypal.me/jungsungsantv 문의 ...	6037	1939	49	1
NhBWzO8jRs8	김어준총수 올인	유튜브 이송원TV 2월 9일(수) 오전 9시에 김어준총수 올인했다 이재명 “대통령 되면 자영업자 2년간 손실 전액 보상” 이재명 새 슬로건 ...	10406	4318	4	1
reS7UHYHYNI	[다시보기] 2월 8일 (화) 오후 사이언스 투데이 / YTN 사이언스	"9일부터 확진자·밀접자 예방접종 관계없이 격리 7일로 단축 □ 9일부터 방역지침 위반 시설 관리·운영자 행정처분 완화 □ 정부 ""확진 ..."	9	0	0	1
poB2DF0OHRU	긴급! 윤석열 방금 문재인 정권 적폐수사 충격 발언! 이재명 큰일났다! (진성호의 융단폭격)		50465	10209	494	-1
mtNpo0zsUWg	기성 미디어를 넘어서, 대안뉴스 #70 - 거짓은 덮어주고 허위는 감싸주고 윤석열을 향한 언론의 아부	양지열 #거의없다 #민동기 ①강성연의 동안피부 화려화, 마시는 이너뷰티 화려화 '080-322-1000' ...	7366	4984	4	-1
BvqYfy8Kihc	윤.연.시 I 윤석열 연애 시뮬레이션	본 영상은 대한민국 제 20대 대선과 관련하여 세간에 떠도는 '의혹'을 미소녀 연애 시뮬레이션 게임 패러디로 풍자한 것이며, 실제 인물 ...	12	3	0	-1
g9n_5UjY5lU	[사법논담] '윤석열 나올까봐 박영수 숨겨주고, 김헤경만 팩트 없이 언론이 난리 치고 있어요!!' 박지훈, 오늘도 불 뿜다 (김종배 &amp; 박지훈 &amp; 천하람)	2022년 02월 09일 [사법논담] | 출연 : 김종배 & 박지훈 & 천하람 매주 수요일 오전 8시 30분에 실시간 방송으로 만나요~ #사법논담 ...	23848	1721	453	-1
L-IlIOW5sF0	尹 “서로 신뢰하면 10분 안에 단일화 가능” | 김진의 돌직구 쇼 926 회	尹 “서로 신뢰하면 10분 안에 단일화 가능” | 김진의 돌직구 쇼 926 회 한겨레 ＂윤석열, 안정적 판세 우위 단일화 휩싸이면 득보다 실＂ ...	356	15	4	1
5UGzpDjUm40	국민소설가 이문열, 윤석열 극찬!(22.2.9.)	제보이메일 raceinvesti28@gmail.com.	5038	2195	83	1
khEqo07ppC4	윤석열 인터뷰   나의촛불 예고편	"영화 ""나의 촛불""윤석열 출연 ㅋ."	4	0	0	1
_33IM-N5Oow	좌파세력의 윤석열 흔들기 예상 !!  반드시 야권이 연대해야 !/ #김진 전 중앙일보 논설원윈 / 윤석열 후보 필승단 출범식 / 자유헌정TV	윤석열후보 정권교체 필승단 출범식 전직 국회의원 등 자유헌정포럼 회원 100여명 참석 5일 임명장 수여식 및 명사초청 특강 대토론회 ...	13	4	0	1
CSz_xoU6KW8	[현장영상] 문 정권 적폐청산 발언에 청와대 불쾌감 표시?...기자 발언에 윤석열 반응은?	국민의힘 #윤석열 #백브리핑 #청와대 #적폐청산 #질의응답 [현장영상] 문 정권 적폐청산 발언에 청와대 불쾌감 표시?...기자 발언에 ...	4362	1210	22	-1
fDEHzKSn76I	어느 술꾼의  하루 #윤석열#대선#술#이재명#건강하게 삽시다	어느 술꾼의 하루 #윤석열#대선#술#이재명#건강하게 삽시다.	4	2	0	1
UYrK3LSE2eY	윤석열 안철수 단일화 프로세스는 다음과 같아야 합니다  참고해 주세요	유재일의 10분 브리핑입니다. 시청해주시는 모든 분들 감사합니다.   좋아요와 구독, 댓글은 채널 운영에 큰 힘이 됩니다! (더보기를 ...	210	62	3	1
2YKJ3UlE8bE	윤석열, 안철수와 야권 단일화 통 큰 담판! 10분이면 충분! 이제 안철수 결단만 남았다! 이준석은 패싱하기로 결정된 듯!!	정의구현 멤버십 가입 : https://www.youtube.com/channel/UCUNwNXVrWAHQpc8gPp1c6kw/join 자발적 구독료 : KB국민은행 ...	10515	2623	139	1
wwEvVYZ8MC8	윤석열 캠프에 일베가 있다?! #shorts	윤석열 #국민의힘 #국민의짐 #일간베스트 #일베 #윤핵관 #사회악 #혐오조장 #사회적약자 #폭식투쟁 #극우 #건보료 #건강보험료 ...	34	12	0	-1
tIJAP7_y3uY	윤석열은 함부로 말못해#shorts 조원진대통령후보 #윤석열		8	4	0	-1
