ID	title	description	viewcount	likecount	commentcount	label
Evti3g4KdWI	신문브리핑 2 '안철수 '단일화 제안받은 적 없어…2012년 실수 반복 안 할 것'' 외 주요기사 [아침&amp;매일경제]	"(매경)신문브리핑 2 ""안철수 ""단일화 제안받은 적 없어…2012년 실수 반복 안 할 것"""" 외 주요기사(0209) #아침앤매일경제 #신문 ..."	465	19	10	1
3Z-xdBW0Z64	VAPC0229야권 단일화!! 윤석열후보 &amp; 안철수후보 의 단일화에 대한 전망!	야권 단일화 !! 윤석열후보 & 안철수후보 의 단일화에 대한 견해!	1155	286	30	1
D91rG7l24Sw	2/9(수) 윤석열 안철수 단일화는 득보다 실_노영희의 뉴스인사이다[대담한 대담]	2월 9일 (수) 노영희의 뉴스인사이다 ▷ 노영희의 [대담한 대담] 김철근 국민의힘 당대표 정무실장 - 이준석이 단언한 11일, 단일화 진짜 ...	665	100	8	1
UYrK3LSE2eY	윤석열 안철수 단일화 프로세스는 다음과 같아야 합니다  참고해 주세요	유재일의 10분 브리핑입니다. 시청해주시는 모든 분들 감사합니다.   좋아요와 구독, 댓글은 채널 운영에 큰 힘이 됩니다! (더보기를 ...	210	62	3	1
PXCHPmeQLac	단일화하고 싶으면 진정성을 보여야지 진정성! 대통령감으론 안철수가 가장 제격이지만... [황보선의 출발 새아침] / YTN라디오	YTN라디오(FM 94.5) [황보선의 출발 새아침] 우리의 이슈가 뉴스를 바꿉니다. 세상을 깨우는 황보선의 출발 새아침 중심잡힌 시선으로 ...	109	3	6	1
2YKJ3UlE8bE	윤석열, 안철수와 야권 단일화 통 큰 담판! 10분이면 충분! 이제 안철수 결단만 남았다! 이준석은 패싱하기로 결정된 듯!!	정의구현 멤버십 가입 : https://www.youtube.com/channel/UCUNwNXVrWAHQpc8gPp1c6kw/join 자발적 구독료 : KB국민은행 ...	10515	2623	139	1
ivexGPPcFc8	[뉴스라이브] &#39;安과 단일화 담판&#39; 자신감 드러낸 윤석열, 배경은? / YTN	진행 : 김선영 앵커, 김대근 앵커 □ 출연 : 최진봉 / 성공회대 교수, 이두아 / 국민의힘 선대본부 법률지원 부단장 * 아래 텍스트는 실제 ...	5329	155	92	1
umNTYpm1Eyg	[풀영상] 국민의당 안철수, 대한상공회의소 초청 간담회 (22.02.09)	국민의당 #안철수 #대한상공회의소 #초청 #간담회 [풀영상] 국민의당 안철수, 대한상공회의소 초청 간담회 (22.02.09) 시사포커스TV ...	763	129	56	1
yKDCFw9bs1U	배상훈·정종권의 막장토론 2.8 : 사이버불링의 심각성, 윤석열 안철수 단일화 가능?	배상훈 정종권의 막장 또는 난장토론 2월 8일 △ 사건사고 - 김인혁, 잼미님 사건과 '사이버불링'의 심각성 - 넷플릭스 드라마 '지금 우리 ...	307	39	0	-1
-WZ5QbcsAiw	2/9(수) - 이재명 중도행보, 안철수와 통합정부?(안민석)/ 쇼트트랙 눈물(베이징 안상미)/ 양산 어린이집 피해자/ [윤태곤의 판] 대선 큰 변수, 올림픽(feat. 성지순례)	2월9일(수) 김현정의 뉴스쇼 ▣ 라이브 방송 안내 뉴스쇼 라이브 방송 | 매주 월~금 오전 7시20분~9시 댓꿀쇼 라이브 방송 | 화·금 주 2 ...	109365	2182	141	1
WunGEjeCQvQ	안철수, 단일화 관련 질문에 '어떤 제안을 받은 적 없어…언론 통해 떠도는 이야기들뿐'	안철수 #단일화 #제안 #선거 #완주 안철수 국민의당 대선 후보가 2022년 2월 9일 서울 중구 대한상공회의소에서 열린 대선 후보 초청 ...	223	13	9	1
6zAyA-Eqs-U	최태원과 만난 안철수 '정부 발상 대전환 필요'	안철수 국민의당 대통령 후보가 9일 서울 중구 대한상공회의소에서 열린 초청 간담회에서 “기업이 세계적으로 나아갈 수 있게 정부의 ...	96	6	0	1
QBYQ_fSzPbk	李 &#39;디지털성범죄 근절&#39;‥尹 '정순택 대주교 예방' (2022.02.09/930MBC뉴스)	더불어민주당 이재명 대선후보는 오늘(9) N번방 피해를 알린 추적단 '불꽃' 등과 디지털 성범죄 근절을 위한 대담을 가진 뒤 '생명안전 ...	485	12	15	1
iA0jKe8JplQ	가계부도 이렇게는 안 씁니다		228	0	24	1
7MFPdWpMNqk	정치인의 동문서답 #안박싱 #대선 #대선후보 #안철수		47	24	4	1
QwNv68AhAho	李 '유능한 리더' 강조·尹 대주교 예방...여야 확진자 투표 논의 / YTN	[앵커] 더불어민주당 이재명 후보는 이낙연 총괄선대위원장이 위원장직 수락 뒤 처음 참석한 선대위 회의에서 유능한 리더로 지금 ...	1736	17	41	1
AS_N5Pth8Ps	李 '유능한 리더' 강조·尹 대주교 예방...여야 확진자 투표 논의 / YTN	[앵커] 더불어민주당 이재명 후보는 이낙연 전 대표가 총괄선대위원장직을 수락한 뒤 열린 첫 선대위 회의에서 유능한 리더로 지금 ...	1295	19	38	1
04WIlaBJMu8	이준석 '안철수에게 조언한다. 국민의당 안에 미방과 부사인 같은 존재가 있다'	이준석#안철수#이재명#김혜경#단일화 TBS더룸(22.02.08)	1290	121	18	1
x0JFodFiBLk	안철수 행정부에서는 한국 사회를 좀먹는 3대 고질병인 공직부패, 측근 비리, 부정 청탁은 발도 못 붙이게 하겠습니다	안철수 페이스북 https://www.facebook.com/ahncs111 유튜브 https://www.youtube.com/user/jinsimcamp 인스타그램 ...	80	0	14	1
hTDt3LSDNMw	안철수 대통령, 11일 TV토론회에 이 나라 국운이 걸렸다. 안철수 &#39;수신제가&#39; 아닌 손성호 &#39;수신제가&#39;를 가납하지 않으면 공산화 된다. 오늘, 내일 양일 스피치+바디랭귀지 올인	안철수 과학대통령은 손성호가 상소한 과학적 토론 방법을 가납, 스피치 컨설팅+이미지 컨설팅+ 바디랭귀지 컨설팅의 중요성, 이재명 ...	42	13	0	1
cAXhBFxjahY	與 안민석 “당 일각서 安과 단일화 움직임…많은 이야기 오갔다”	"안민석, ""여권은 안철수와 단일화가 안되면 안철수가 완주하는 것이 목표다"""	15637	3193	412	-1
nfOKKc4anJI	[LIVE] 0209 안철수 국민의당 대통령 후보 - 대한상공회의소 초청 간담회	[LIVE] 0209 안철수 국민의당 대통령 후보 - 대한상공회의소 초청 간담회 2022.02.09 일요서울 TV 정대웅, 이은철 기자.	615	81	11	1
vdR4-g1fMYc	2022년 2월 9일 (수) [아침&amp;매일경제] 다시보기 - 신문브리핑 1 '벌써 4건 편파 판정…&#39;中 체전&#39; 된 올림픽' 외 주요기사	"신문브리핑 1 ""벌써 4건 편파 판정…'中 체전' 된 올림픽"" 외 주요기사 신문브리핑 2 ""안철수 ""단일화 제안받은 적 없어…2012년 실수 ..."	942	18	0	-1
ieu4IHUNyA8	정치인 안철수에게 바란다. 대한민국을 위해 해야할 일이 있다!		247	85	8	1
nh540tkMY0k	정직과 땀은 배신하지 않을까? #안박싱 #정직한후보 #안철수 #악화 #양화 #선거		18	12	0	1
UV_vLiMEOEQ	신문브리핑 3 '李 박스권 지지율에 갇히자…與도 安 향해 끊임없는 러브콜' 외 주요기사 [아침&amp;매일경제]	"(매경)신문브리핑 3 ""李 박스권 지지율에 갇히자…與도 安 향해 끊임없는 러브콜"" 외 주요기사(0209) #아침앤매일경제 #신문브리핑 ..."	860	25	11	1
3yId7wGje8M	[뉴스포커스] &#39;야권 단일화&#39; 어디로?…&#39;중국 편파판정&#39; 한목소리 비판 / 연합뉴스TV (YonhapnewsTV)	[뉴스포커스] '야권 단일화' 어디로?…'중국 편파판정' 한목소리 비판 [출연 : 김성완 시사평론가·이기재 동국대 겸임교수] 대선이 30일 ...	92	2	1	1
t1LXage25wk	무능한 윤석열, 또 사고쳤다! 김민전 '이준석 &#39;성상납 동영상&#39; 소문도 있어' - &#39;이재명펀드&#39; 공개.. 140만 한국노총 이재명 지지 선언 '2500만 노동자에 부합'	또사고친무능한윤석열 #김민전이준석성상납동영상의혹 #이재명펀드공개 #140만한국노총이재명지지 ▣ 황희두 멤버십 후원 ...	22829	9899	418	-1
Vhre7DeWkYo	[국민혁명당 LIVE]인명진'안철수전쟁'선포!!김경재의망언'거짓선동'!!교수6천명'재명아웃'선언!!전국목회자'10만명대회'!! - 조나단 김병호 오영석 목사 2022.02.08	마스타티브2 #사랑제일교회 #전광훈목사.	230	75	0	1
BawB7DKjbXQ	[황보선의 출발 새아침] FULL 다시보기 | 이준석 국민의힘 대표 출연, &#39;편파판정&#39; 18년만에 CAS 제소 결정, 인명진 목사 '安, 단일화 안하면 지지 철회' | 220209	"YTN FM 94.5MHz 우리의 이슈가 뉴스를 바꿉니다. 세상을 깨우는 ""황보선의 출발 새아침"" 중심잡힌 시선으로 가장 뜨거운 이슈를 ..."	5705	192	16	1
dUWwsusTrRw	윤석열 안철수와 단일화 필수입니다.제발 문재명들 압송해야합니다.그들이 희망하는북으로!		2	1	0	1
zg3QSKF6Mnk	[김종배의 시선집중][FULL] &amp; [사법논담]｜尹 '김혜경, 김건희와 같은 기준으로 검증해야'｜쇼트트랙 편파판정 논란?│[박지훈·천하람·안상미·박완주], MBC 220209 방송	"2022년 2월 9일 수요일 #시선집중 #사법논담 #MBC라디오 1부 [JB TIMES] #안철수 #단일화 #윤석열 #대선 · 안철수 ""단일화 고민 안 ..."	94097	5050	213	-1
L-IlIOW5sF0	尹 “서로 신뢰하면 10분 안에 단일화 가능” | 김진의 돌직구 쇼 926 회	尹 “서로 신뢰하면 10분 안에 단일화 가능” | 김진의 돌직구 쇼 926 회 한겨레 ＂윤석열, 안정적 판세 우위 단일화 휩싸이면 득보다 실＂ ...	358	15	4	1
GEfm9TmfQ5Q	이, 이낙연과 첫 선대위 주재…윤, 천주교 표심 잡기 / 연합뉴스TV (YonhapnewsTV)	이, 이낙연과 첫 선대위 주재…윤, 천주교 표심 잡기 [앵커] 더불어민주당 이재명 후보는 생명과 안전 행보를 이어갑니다. 경선에서 겨 ...	185	2	3	1
DxHFuaAXtjQ	[이재명]내치는 안철수에게 맡긴다? 부동산 버블붕괴 예상되니깐?	이재명이 안철수에게 대통령 빼곤 다 가져가라고 했다고 합니다. 그 이유는 무엇일까요?	4	0	2	-1
HE4MpNkzWmE	이준석 “단일화? 포기하는 경우를 ‘철수’라고 해… 원하면 몸 더 낮춰야” [황보선의 출발 새아침] / YTN라디오	YTN라디오(FM 94.5) [황보선의 출발 새아침] 우리의 이슈가 뉴스를 바꿉니다. 세상을 깨우는 황보선의 출발 새아침 중심잡힌 시선으로 ...	369	54	8	1
5CtSEz4o8tg	[윤태곤의 판] '윤-안 단일화? 골든타임은 일주일'	中 편파판정, 반중정서로 표심 영향 * 일주일 후면 단일화 가치 뚝 떨어져 * 여론조사 협상 같은 과거사례 힘들듯 * 김종인, 윤여준 李 ...	4090	141	25	-1
vPxIuhJqp0w	털보 잡는 김재원 '김혜경씨 외국인인 거 처음 알았다'	김재원#김어준#윤석열#이재명#안철수#김건희#김혜경 TBS뉴스공장(22.02.09)	431	58	12	-1
RWVkxCl98yc	김재원“김혜경 쇠고기 착복, 범죄 명백” VS 김종민“사과하고 책임질 것”	[출처:한판승부_220208] 김종민“中올림픽, MB때도 항의 못해” VS 김재원“지금보단 나았다” #윤석열 #안철수 #단일화 #이준석 #야권 ...	39	11	4	-1
iAf5wac6Rtk	허경영 “내가 토론 나가면 무조건 당선...네거티브 안 한다”	허경영 국가혁명당 후보와 지지자들은 대통령선거 여론조사 대상에 허 후보가 포함되는 것은 물론이고 방송 토론에도 참석해야 ...	58	9	5	-1
ygvIwoKvfxE	쇼트트랙 편파판정에 극대노한 김재원 그가 말하는 중국이 우릴 우습게 보는 이유!!	출처:TV조선 뉴스트라다무스_220208] #윤석열 #안철수 #단일화 #이준석 #야권단일화 #후보단일화 #이재명 #김혜경 #김종인 ...	31	12	1	-1
wqcUcPfaQrA	[11시 김동원의 하이파이브] 충격폭로 김은혜 '남욱, 이재명 선거 대장동 자금 3억 썼다고 검찰서 진술” / 중풍, 대선 돌발변수로 떠오르나 / 5급사무관 미스터리 _220209	"[11시 김동원의 하이파이브] 충격폭로 김은혜 ""남욱, 이재명 선거 대장동 자금 3억 썼다고 검찰서 진술” / 중풍, 대선 돌발변수로 ..."	1487	328	0	-1
qVCpoJzQ-FQ	(단독) 윤석열 채널A 특별 출연 그동안의 심정과 짧게 요약	(단독) 윤석열 채널A 특별 출연 그동안의 심정과 짧게 요약 [뉴스패널] 구독과 좋아요 부탁드립니다 #김혜경 #김건희 #윤석열 #대장동 ...	20	6	0	1
qUaShYQClZI	#억소리난다 #맨날돈이야 #대통령선거 #1억원 #돈선거	목동 아파트단지내 가로등에 부착되어 있는 돈 이야기 거의 모든 대통령후보들이 돈 버는 이야기는 없고 돈 푸는 이야기가 판을 친다 ...	10	1	0	-1
_33IM-N5Oow	좌파세력의 윤석열 흔들기 예상 !!  반드시 야권이 연대해야 !/ #김진 전 중앙일보 논설원윈 / 윤석열 후보 필승단 출범식 / 자유헌정TV	윤석열후보 정권교체 필승단 출범식 전직 국회의원 등 자유헌정포럼 회원 100여명 참석 5일 임명장 수여식 및 명사초청 특강 대토론회 ...	13	4	0	1
aLf8cmblIhU	속보) 이재명, &#39;간첩 신고&#39; 터졌다! 민주 지금 난리났다! 수습에 총력! / 윤석열 방금 충격발언! 차기 검찰총장은 한동훈 같은 인물로 임명할 것!!	정의구현 멤버십 가입 : https://www.youtube.com/channel/UCUNwNXVrWAHQpc8gPp1c6kw/join 자발적 구독료 : KB국민은행 ...	0	151	0	-1
hTTS6nU8Q4c	군산앞바다 시멘트 원료 실으러온 바지선#잡초#트럭커님영상제공#겨울바다#소음주의#짧은영상#	뿌린만큼 거두리라 칼로베인 상처는 쉽게 아물지만 말로베인 상처는 치유되지 않는다 서로 따뜻한말로 상처주지말아요 인생살이 ...	21	10	3	1
_Ns4bm6vV5A	[최경영의 최강시사] 인물론 VS 정권교체 싸움..이재명 &#39;유능함&#39;으로 승부한다 - 우상호 총괄선대본부장 (더불어민주당)｜KBS 220209 방송	[최강 인터뷰 1] 인물론 VS 정권교체 싸움.. 이재명 '유능함'으로 승부한다 - 우상호 총괄선대본부장 (더불어민주당) ----- ▷ #최강시사 ...	3709	326	37	1
HeJfAjNJYdA	2/9 (수) 풀영상｜[우상호] 인물론 VS 정권교체 싸움… 이재명 &#39;유능함&#39;으로 승부한다｜[최재형] 경쟁자에서 상임고문으로… 최재형이 평가하는 윤석열｜KBS 220209 방송	(1부) [뉴스 언박싱] '오늘 아침 가장 뜨거운 뉴스' - 민동기 기자 + 김민하 시사평론가 [박대기의 눈] 사상최대 무역적자, 언제까지?	2141	145	13	1
8XOugLmFRd8	[최경영의 최강시사] 경쟁자에서 상임고문으로... 최재형이 평가하는 대선후보 윤석열- 최재형 국민의힘 선대본 상임고문(전 감사원장)｜KBS 220209 방송	[최강 인터뷰 2] 경쟁자에서 상임고문으로.. 최재형이 평가하는 대선후보 윤석열 - 최재형 국민의힘 선대본 상임고문 (전 감사원장) ...	650	23	22	1
