ID	title	description	viewcount	likecount	commentcount	label
Q7gChOauKIA	이재명 n번방 &#39;추적단 불꽃&#39; 대담 - 관련 공약도 발표 / SBS	이재명 민주당 대선 후보는 'n번방 사건'을 추적하고 공론화한 추적단 '불꽃'을 만나 디지털 성범죄 근절을 주제로 대담을 진행합니다.	3598	77	18	1
4jYTF3vTXFQ	더불어민주당 이재명, ‘디지털 성범죄 근절’ 대담 - [끝까지 LIVE] MBC 중계방송 2022년 02월 09일	더불어민주당 이재명 대선후보는 오늘 오전 N번방 피해를 알린 추적단 '불꽃' 등과 디지털 성범죄 근절을 위한 대담을 가질 예정입니다 ...	1655	207	19	1
mc2gYBnWpBE	총괄선대위원장 맡은 이낙연 첫 주재 선대위...이재명 후보도 참석 / SBS	SBS뉴스 #8뉴스 #대선 #이재명 #이낙연 #더불어민주당 #실시간 으로 만나 보세요 라이브 뉴스 채널 SBS 모바일24 ▷SBS 뉴스로 ...	6011	176	65	1
bmiFzfwUYBs	'이재명 대통령감 신고 111? 간첩신고 번호'...논란 확산 / YTN	진행 : 김선영 앵커, 김대근 앵커 □ 출연 : 최진봉 / 성공회대 교수, 이두아 / 국민의힘 선대본부 법률지원 부단장 * 아래 텍스트는 실제 ...	1847	40	54	1
sdnEKlNaQn4	[이재명 더불어민주당 후보, 디지털 성범죄 근절을 위한 대담] 2월 9일 (수) 풀영상 / 디지털Only	오늘(9일) 이재명 더불어민주당 대선후보는 디지털 성범죄 근절을 주제로 대담을 진행합니다. 이 후보는 변형 카메라 등록제 도입, ...	1463	89	13	1
E8qfLTHnCAg	[현장영상] 이낙연, &#39;이재명 선대위&#39; 구원 등판....중앙선대위 첫 회의 / YTN	이낙연, '이재명 선대위' 구원 등판....중앙선대위 첫 회의.	13579	745	158	1
is1Ds9H6pds	[LIVE] 더불어민주당 중앙선거대책위원회 회의	이재명 #더불어민주당 #중앙선거대책위원회.	9241	3877	157	1
-WZ5QbcsAiw	2/9(수) - 이재명 중도행보, 안철수와 통합정부?(안민석)/ 쇼트트랙 눈물(베이징 안상미)/ 양산 어린이집 피해자/ [윤태곤의 판] 대선 큰 변수, 올림픽(feat. 성지순례)	2월9일(수) 김현정의 뉴스쇼 ▣ 라이브 방송 안내 뉴스쇼 라이브 방송 | 매주 월~금 오전 7시20분~9시 댓꿀쇼 라이브 방송 | 화·금 주 2 ...	109365	2182	141	1
_Ns4bm6vV5A	[최경영의 최강시사] 인물론 VS 정권교체 싸움..이재명 &#39;유능함&#39;으로 승부한다 - 우상호 총괄선대본부장 (더불어민주당)｜KBS 220209 방송	[최강 인터뷰 1] 인물론 VS 정권교체 싸움.. 이재명 '유능함'으로 승부한다 - 우상호 총괄선대본부장 (더불어민주당) ----- ▷ #최강시사 ...	3690	324	37	1
w1tlxXrgfPU	[빨대왕 클립] 이재명 장남, 그는 성남에도 있고 진주에도 있었다!?	민주당 이재명 후보의 장남이 군 복무 중이던 2014년, 군인사명령 없이 성남시 국군수도병원에 50일 넘게 입원했던 것으로 보도됐다!	5438	2433	128	-1
cEDaKbGYr_4	[이재명 후보] 안산 7대 공약	더불어민주당 이재명 대통령후보가 약속하는 안산시 7대 공약입니다. 핵심 숙원사업들이 포함돼 있으니 꼭 살펴봐주세요!	8	2	1	1
XKwINIUB-7U	변발헤-이재명 새 슬로건/한국노총, 이재명 지지/윤석열 장모 땅 신도시 규모	멤버쉽 링크 - https://www.youtube.com/channel/UCkI2g2FvX-haxXqqDMqc96A/join 송작가TV몰 링크 ...	4314	1975	28	1
fYMPFBOAqY8	'이재명 걱정된다' 이준석은 왜?	방송 : CBS 라디오 '김현정의 뉴스쇼' FM 98.1 (07:20~09:00) □ 진행 : 김현정 앵커 □ 대담 : 김광일 (CBS 기자), 김준일 (뉴스톱 대표) ...	4931	205	25	1
7gkQ1yoISTw	이재명 후보의 형수 쌍욕 사건[욕설], 이렇게 해결해야 하지 않을까?	이재명 후보의 형수 쌍욕 사건[욕설], 이렇게 해결해야 하지 않을까? #이재명 #이재명욕설 #이재명형수욕설 #이재명황제의전 #김혜경 ...	89	28	1	-1
LgnzuQHISTM	[생중계] 이재명 후보, 디지털 성범죄 근절을 위한 대담 'N번방, 디지털성범죄 추적 연대기' (2022.2.9 오전)	"[생중계] 이재명 후보, 디지털 성범죄 근절을 위한 대담 ""N번방, 디지털성범죄 추적 연대기"" (2022.2.9 오전) #이재명 #N번방 #디지털 ..."	6570	0	28	1
UV_vLiMEOEQ	신문브리핑 3 '李 박스권 지지율에 갇히자…與도 安 향해 끊임없는 러브콜' 외 주요기사 [아침&amp;매일경제]	"(매경)신문브리핑 3 ""李 박스권 지지율에 갇히자…與도 安 향해 끊임없는 러브콜"" 외 주요기사(0209) #아침앤매일경제 #신문브리핑 ..."	860	25	11	1
4Wyzn7txhME	[생방송] 이재명 후보 이낙연 위원장 참석, 민주당 중앙선거대책위원회 회의	[생방송] 이재명 후보 참석, 민주당 중앙선거대책위원회 회의 #이재명 #민주당 #선대위 #나를위해 #앞으로 #제대로 #대선공약 ✓일시 ...	7347	1447	64	1
_yUFS_DO9z8	[풀영상] 더불어민주당 이재명 후보, 디지털 성범죄 근절 대담·공약 발표/2월 9일(수)	더불어민주당 이재명 대선 후보는 오늘(9일) 디지털 성범죄 근절을 위한 대담을 갖고 관련 공약을 발표했습니다. 이 후보는 오늘 대담 ...	1163	59	19	1
oVzOBXa8rSI	이재명 언제 박근혜 카드 던질까?제2의6.29선언 나온다#윤석열 황당한 文비어천가#왕철새 이상돈의 헛소리#친중 날벼락 맞는 이재명#尹-安 단일화 실패 누구 책임?#윤-홍 갈라섰다	윤창중칼럼세상은 보수우파의 집권이 목표입니다. 실현 가능한 해법과 방향을 분명히 제시합니다. 윤칼세를 도와주십시오. 윤칼세TV ...	6735	1409	61	1
kYxgBpHeMrI	국민의힘 긴급발표! JTBC단독특종! 이재명 횡령한우 먹었나? #김혜경나랏돈훔쳐 #이재명전과4범	자율적구독후원 : 하나은행 : 106-910488-13707 (박*옥) 해외페이팔 후원링크 : https://www.paypal.me/jungsungsantv 문의 ...	2479	676	12	-1
iaVJffyS4pY	이재명 후보 성범죄 근절 대담	일시후원: 국민은행 794001-04-154041 서울의소리(강경자) ✓전화후원: 1877-1590 ✓정기후원: ...	3171	799	7	1
ucbd7PinVQs	이재명 선대위 박창달 TK미래발전위원장, 구미 박정희 생가 참배	8일 오후 박창달 대구경북미래발전위원장을 비롯해 이상식 민주당 대구 수성구을 지역위원장, 김동렬 박근혜서포터즈 중앙회장, ...	19	1	1	1
TybXI9XVpp0	[풀영상] 더불어민주당 중앙선대위 회의 : 이낙연, 이재명 총괄선대위원장으로 첫 등판	이재명 #이낙연 #민주당 이낙연 전 더불어민주당 대표가 이재명 선대위 최고 직책인 총괄선대위원장을 맡아 공식 무대 첫 등판한다.	188	5	2	1
Zi0-R2XCTY4	이재명 '리더의 역량 중요, 무능은 공적 영역에선 죄악'	이재명 더불어민주당 대통령 후보가 9일 서울 영등포구 중앙당사에서 열린 중앙선거대책위원회 회의에서 현재 위기 국면에 대한 리더 ...	242	4	21	1
V-6CuEuZ_U8	☆☆☆#대통령후보 여론조사#이재명 윤석열#shorts	이재명 윤석열 #누가대통령되나 #29일앞둔여론조사 #shorts.	11	0	1	1
pm8DTcgZNNU	[2월10일 오후7시 유튜브생중계] 지방자치, 대선주자에게 묻는다!  더불어민주당 이재명 후보편	이재명 #대선주자에게묻는다 #국민이만드는나라 2월10일 목요일 오후7시~ 유튜브라이브 16개 지역 MBC. OBS. 9개 지역 민방 ...	0	0	0	1
BbE5woJ5kiA	&#39;굿바이, 이재명&#39; 시리즈 #10 : 성남FC 후원금 161억원의 진실	장영하 변호사님 측 영상을 함께 공유합니다! https://www.youtube.com/channel/UCmRaQtRhZTE_7We9H8pL5pQ/featured 시사 ...	1129	505	20	-1
yvHq_7wNqbg	이낙연 등판에 이재명은 싱글벙글?...'참 감사하고 든든합니다'	이재명 #이낙연 #싱글벙글 #민주당 #선대위 #총괄선대위원장 더불어민주당 이재명 대선후보가 22년 2월 9일 열린 선대위 회의에서 ...	347	9	23	1
1MzE0plXuxo	[LIVE] 이재명 후보 - N번방, 디지털성범죄 추적 연대기 생중계		1745	583	3	1
Xpgou3tJtJI	[이재명의 서울 강북 공약] 강북 앞으로! 발전 제대로! 강북구를 위해 이재명!	존경하는 강북구민 여러분, 북한산에 인접한 강북구는 쾌적한 자연환경과, 4.19 민주묘역이 자리한 역사문화로 성장 잠재력이 높은 곳 ...	44	39	2	1
16B5KPHUNA0	런던 김인수 / 이재명 공약 / 중소기업-소상공인 지원 / 영국의 중소기업-소상공인 지원	안녕하세요? 1. 이재명 대통령 후보의 중소기업-소상공인 지원정책과, 홍남기 부총리의 방해가 심각합니다. 2. 영국은 중소기업- ...	768	429	7	1
ld5HwKwjKWA	[LIVE] N번방, 디지털성범죄 추적 연대기	이재명 #N번방 #추적단_불꽃.	5478	2152	30	1
0UuyL3IAf5A	[이재명의 경북 구미 공약] 구미 앞으로, 발전 제대로! 구미시민을 위해, 이재명은 합니다!	존경하는 구미시민 여러분, 구미시는 20세기 한국의 수출을 책임진 대표적인 산업도시이며 경북의 경제를 주도하는 명실상부한 경북 ...	12	8	1	1
Ukkl6fHX7KY	지방자치, 대선주자에게 묻는다! 이재명에게 지방은 빠르게 쇠퇴하고 갈등이 커져가는 상황에 대해 묻는다	어떻게 해야 갈등 수준을 낮추고 국민의 삶의 질을 높일 수 있는지. 산업화 이후 급속한 수도권 집중과 지방소멸을 어떻게 극복할 ...	0	0	0	1
t1LXage25wk	무능한 윤석열, 또 사고쳤다! 김민전 '이준석 &#39;성상납 동영상&#39; 소문도 있어' - &#39;이재명펀드&#39; 공개.. 140만 한국노총 이재명 지지 선언 '2500만 노동자에 부합'	또사고친무능한윤석열 #김민전이준석성상납동영상의혹 #이재명펀드공개 #140만한국노총이재명지지 ▣ 황희두 멤버십 후원 ...	22829	9892	417	-1
OoGU4G7Pi0c	[이재명의 경남 진주 공약] 서부경남발전의 교두보 진주, 이재명은 합니다!	존경하는 진주시민 여러분! 진주는 서부 경남을 대표하는 경남혁신도시입니다. 진주가 항공‧바이오산업과 같은 첨단산업을 육성하고, ...	13	9	1	1
sujMsqwa1ro	[이재명의 울산 울주 공약] 울주군 앞으로! 발전 제대로! 울주군민을 위해, 이재명!	존경하는 울주군민 여러분, 울주군은 산업과 자연이 공존하는 서울시의 1.2배에 달하는 광활한 면적을 가진 풍요로운 도시입니다.	10	8	1	1
hkztUmBEfog	[이재명의 경남 창원 공약] 미래산업 선도 도시 창원! 이재명은 합니다!	존경하는 창원시민 여러분, 창원은 대한민국 민주화의 초석이 된 부마민주항쟁의 도시이며, 대한민국의 경제발전을 견인한 제조산업 ...	13	11	2	1
gug3jkeuscM	윤석열 초토화, 진성준 대선 판뒤집는 한마디 '39조 추경 24시간 영업 무조건 통과' (101세 엄마의 간절함 이재명 후보 울렸다 '대통령 꼭 되이소')	채널에 가입하여 혜택을 누려보세요. https://www.youtube.com/channel/UCXizVvs2c7LtFZAu25sK5Fg/join #이재명 #진성준 ...	60352	15044	589	1
ewAununNLz8	[이재명의 전북 군산 공약] 도약하는 군산! 이재명은 합니다!	존경하는 군산시민 여러분, 군산은 근대화를 거쳐 산업화와 새만금 시대에 이르기까지 그 역사만큼이나 아픔도 많은 곳입니다.	16	10	1	1
SQ3-7nHkJJw	한노총 지지의 법칙? 한노총이 지지하면 대통령에 당선된다? 이번에 이재명도 통할까? [황보선의 출발 새아침] / YTN라디오	YTN라디오(FM 94.5) [황보선의 출발 새아침] 우리의 이슈가 뉴스를 바꿉니다. 세상을 깨우는 황보선의 출발 새아침 중심잡힌 시선으로 ...	349	35	5	1
0f_mq_PuxyI	♪이재명 ♬ Song~		9	0	0	1
YZVphoaz0cE	이재명의 울산북구 5대 공약	젊고 역동적인 미래 도시.	0	0	0	1
pSI-yOIiQPc	[Live]_원광대 강경숙교수 | 이삭줍기로 바람을 일으켜 이재명후보 지지율 1% 올리자! | 청소년위기돌봄 | 국가 및 지역균형발전 | 우희종TV x 안진걸TV	강경숙 #원광대 #더불어시민당 #이삭줍기 #이재명 #노무현 #청소년위기돌봄 #균형발전 ☆범 진보민주 개혁을 위한 방송입니다.	1127	455	2	1
G9hKX6wallY	[이재명의 전북 전주 공약] 한국의 멋과 향이 살아있는, 살맛 나는 전주를 만들겠습니다!	존경하는 전주시민 여러분, 전주는 전라북도 제1의 도시로 역사와 전통을 갖춘 '가장 한국적인 도시'이며 모두가 자유롭고 평등한 세상 ...	9	9	1	1
Rsm6UNQxx2Q	[이재명의 강원 고성 공약] 북방경제 중심 평화도시 고성을 준비하겠습니다!		12	9	4	1
fDEHzKSn76I	어느 술꾼의  하루 #윤석열#대선#술#이재명#건강하게 삽시다	어느 술꾼의 하루 #윤석열#대선#술#이재명#건강하게 삽시다.	4	2	0	1
OLvvXdABg8I	이재명부부 세배		2	0	0	1
VZYJ7ePLjNU	#이재명 의 #소확행#워케이션센터#워라벨#근로자휴가비지원	이재명의 소확행#워케이션센터#워라벨#근로자휴가비지원.	7	3	0	1
DxHFuaAXtjQ	[이재명]내치는 안철수에게 맡긴다? 부동산 버블붕괴 예상되니깐?	이재명이 안철수에게 대통령 빼곤 다 가져가라고 했다고 합니다. 그 이유는 무엇일까요?	4	0	2	-1
