ID	title	description	viewcount	likecount	commentcount	label
1t6nrVslYOg	더불어민주당 이재명 대선후보·한국노총 ‘노동정책 협약식’ - [끝까지 LIVE] MBC 중계방송 2022년 02월 10일	더불어민주당 이재명 대선후보는 오늘 오전 서울 한국노동조합총연맹(한국노총)을 찾아 노동정책 협약식을 진행합니다. 한국노총이 ...	7299	905	17	1
R0jeyU3yo1c	[백브리핑LIVE] 더불어민주당 이재명 대선후보·한국노총 ‘노동정책 협약식’  - [끝까지 LIVE] MBC 중계방송 2022년 02월 10일	더불어민주당 이재명 대선후보는 오늘 오전 서울 한국노동조합총연맹(한국노총)을 찾아 노동정책 협약식을 진행합니다. 한국노총이 ...	511	61	7	1
UFkOMlhYte8	[풀영상] 더불어민주당 이재명 후보, 한국노총 노동 정책 협약식/2월 10일(목)	더불어민주당 이재명 대선 후보는 오늘(10일) 한국노동조합총연맹과 노동 정책 협약식을 진행했습니다. 앞서 한국노총은 이번 대선 ...	4528	307	19	1
0U5KDAKhkXI	이재명 ＂부패는 곧 죽음＂ 청렴 강조 윤석열·김종인 만남 불발 [이슈픽]	이재명 더불어민주당 대선 후보는 자신을 '어항 속 금붕어'에 빗대며 끝없는 감시를 받은 자신은 부패할 수 없었다고 강조했습니다.	2188	56	48	1
8EknYUWyZgY	이재명, 한국노총과 노동 정책 협약식 / SBS	민주당 이재명 대선후보가 오늘(10일) 오전 11시, 한국노총을 찾아 노동 정책 협약식을 진행합니다. 한국노총은 이번 대선에서 이재명 ...	3448	59	8	1
HXL9SO-26-E	[이재명 민주당 후보 참석,  &#39;국정연구포럼&#39; 출범식] 2월 7일 (월) 풀영상 / 디지털Only	오늘(6일) 이재명 더불어민주당 대선 후보가 전직 장·차관급 100여 명 등을 구성원으로 하는 국정연구포럼 출범식에 참석합니다.	1838	125	12	1
0_2_LsA-0KE	이재명 ‘격침 발언’ 논란에…“몰수·폐기처분 의미” | 김진의 돌직구 쇼 927 회	이재명 '격침 발언' 논란에…“몰수·폐기처분 의미” | 김진의 돌직구 쇼 927 회 한겨레 '반중' 올라탄 대선 후보들…이재명 ＂불법 어선 ...	1893	123	35	-1
DZPMQ1qulNY	[이재명 부인 김혜경 씨 긴급 기자회견 백브리핑] 2월 9일 (수) 풀영상 / 디지털Only	이재명 더불어민주당 대선후보의 배우자 김혜경 씨가 오늘(9일) 오후 5시 긴급 기자회견을 진행했습니다. 긴급 기자회견 후 박찬대 ...	1740	42	7	1
5ESYyRBMQ2E	與, ‘111 캠페인’ 추진…이재명 지지 호소 | 김진의 돌직구 쇼 927 회	與, '111 캠페인' 추진…이재명 지지 호소 | 김진의 돌직구 쇼 927 회 與, '111 캠페인' 추진…이재명 지지 호소 ＂국정원 간첩신고 ...	331	19	5	1
91r00nlwRxk	이낙연, 이재명 참석한 회의서 “진솔하게 인정하고 사과할 필요” | 김진의 돌직구 쇼 927 회	이낙연, 이재명 참석한 회의서 “진솔하게 인정하고 사과할 필요” | 김진의 돌직구 쇼 927 회 경향 야 ＂구체적 해명 없어…알맹이 쏙 ...	919	62	11	-1
PugMRy4m-5E	[LIVE] 노동존중사회로 보답하겠습니다!	이재명 #140만 #한국노총 #노동존중.	5798	4216	58	1
VOoq_bGZ4Xc	변발헤-이재명 펀드 대박/윤석열 정치 보복 예고+자백/검찰,김건희 주가조작 확인	멤버쉽 링크 - https://www.youtube.com/channel/UCkI2g2FvX-haxXqqDMqc96A/join 송작가TV몰 링크 ...	4314	1913	57	-1
vkELIeC8-n4	[LIVE] 이재명 후보에게 묻는다 &#39;수도권 집중과 지방소멸, 어떻게 극복하시겠어요?&#39; / 대선후보 특별대담 / 자치분권	이재명후보대담 #이재명 #이재명대담 공중파 최초, '지방자치'주제로 대선주자 대담을 기획! 그 어느 때보다도 소멸 위기의 지방자치 ...	0	0	0	1
Z-5iKtY5UAE	[생중계] 이재명 후보-한국노총 &#39;노동 정책 협약식&#39; (2022.02.10 오전)	[생중계] 이재명 후보-한국노총 '노동 정책 협약식' (2022.02.10 오전) #이재명 #한국노총 #노동 #정책 #2022대선 #협약식 #민주당 ...	5785	0	16	1
E94qGEnD03U	[윤석열과강신업]  D-27 문재인 이재명은 적폐청산도 내로남불/대한민국 최고의 고품격 정통 정치시사 방송!	문재인 #이재명 #적폐청산.	396	53	8	1
n4mKeV_8cJ4	[짤] 국정운영 가장 잘 할 후보 이재명 압도적 1위!	새날마켓 바로가기 : https://www.saenalmarket.com 새날패밀리 구독하기 ...	5755	1349	58	1
n9KVC_HIe4g	2022.2.10. (생방송) 이재명 후보 - 한국노총-이재명 더불어민주당 대통령후보 “노동 정책 협약식”	팩트TV 정기후원회원이 되어주세요. 공식후원계좌▷ 우리은행, 1002-142-508338 이상엽 ARS신청 1877-0411, 직접신청 ...	749	335	1	1
VlLul-W9Oik	이재명, 한국노총 정책협약…윤석열, 재경 전북인 만남 / 연합뉴스TV (YonhapnewsTV)	이재명, 한국노총 정책협약…윤석열, 재경 전북인 만남 [앵커] 대선 레이스 상황 짚어보죠. 먼저, 더불어민주당 이재명 대선 후보는 오늘 ...	223	0	1	1
GN0zXOmILM8	여론조사, ‘샤이이재명’ vs ‘샤이윤석열’ 누가 더 많을까 [황보선의 출발 새아침] / YTN라디오	YTN라디오(FM 94.5) [황보선의 출발 새아침] 우리의 이슈가 뉴스를 바꿉니다. 세상을 깨우는 황보선의 출발 새아침 중심잡힌 시선으로 ...	976	43	13	1
Fja5c4sS2Xs	[자막뉴스] 윤석열 발언에...청와대 '불쾌하다' 이례적 반응 / YTN	청와대는 현 정부를 겨냥한 윤석열 후보의 강도 높은 비판에 이례적으로 반응을 내놓았습니다. 아무리 선거라지만 지켜야 할 선이 있는 ...	20106	889	722	-1
3-YAI6T6yeo	[감동주의] '함께 간다 이재명'	함께가자이재명 #광주노래친구들 #정세균작사김원중작곡 작사 : 정세균 작곡 : 김원중 노래 : 광주노래친구들 ◼︎ 후원계좌 : 국민 ...	1316	621	63	1
gxQBFdpaB5s	우리가 가야 할 길은 분명합니다	노무현 #봉하마을 #이재명.	3030	1985	286	1
iLGwDe8ZVmI	이재명 노동계·윤석열 호남 공략...확진자 투표 방식 오늘 재논의 / YTN	[앵커] 더불어민주당 이재명 대선 후보는 한국노총을 비롯한 직능단체들과의 접촉을 이어갑니다. 국민의힘 윤석열 후보는 재경 전북 ...	1233	18	19	1
qxkKmA5U8xM	[생방송] 140만 한국노총 이재명후보 지지.. 한국 노총과 함께 &#39;노동정책 협약식&#39;	140만 한국노총 이재명후보 지지. #이재명 #한국노총 #노동정책 #합니다 #나를위해 #앞으로 #제대로 ✓일시후원: 국민은행 ...	4567	1223	12	1
wl-sDYzg4OA	이재명 측과 물밑접촉 질문에...安 '어떻게 알았대요?' / YTN	"'이재명 측과 접촉' 부인 안 한 안철수, 어떤 전략일까 안철수 ""단일화 안 해 정권교체 못 해도 내 책임 아냐"" 안철수 ""尹이 제시한 후보 간 ..."	45911	1442	487	1
SbmoilQVM0o	이재명후보 한국노총 공식 지지후보 선언	이재명후보 한국노총 공식 지지후보 선언 #이재명 #한국노총 #공식지지 ✓일시후원: 국민은행 794001-04-154041 서울의소리( ...	1490	431	24	1
NvBk4t3GlTw	Live-쇼트트랙 금메달/문대통령, 분노/이재명 펀드 800억/윤석열, 정치 보복 예고/윤, “촛불집회 무법천지”/검찰, 김건희 주가조작 확인/노바백스 백신 29만	멤버쉽 링크 - https://www.youtube.com/channel/UCkI2g2FvX-haxXqqDMqc96A/join 송작가TV몰 링크 ...	3659	5012	0	-1
IrUKCAO4k14	[브이라이브]이재명, 한국노총 &#39;노동정책협약식&#39;｜2022. 02. 10.	이재명 #한국노총 #정책협약식 이재명 더불어민주당 대선 후보는 10일 오전 한국노총을 방문해 차기 정부 노동정책 협약식을 가질 ...	352	93	2	1
gHQj7GiNKMU	[생중계] 이재명 대선후보 특별대담 / 지방자치, 대선주자에게 묻는다	공중파 최초. '지방자치' 주제로 대선주자 대담을 기획! 제헌헌법부터 명문화되었고 민주주의 발전과 함께 해 온 지방자치! 하지만 한국 ...	0	0	0	1
7sTLzwk1sZE	[이재명의 김포 공약] 교통 제대로, 발전 앞으로! 김포를 위해 이재명!	이재명 #김포시 #대선공약 #박상혁 #GTX #일산대교 인구 50만의 성장도시 김포를 위해 이재명이 약속합니다. 교통망 확충, 체육문화 ...	24	5	0	1
765sv8UdlFA	갑자기 反中, 이재명의 1일 1코미디!		1553	476	18	1
UMKOzl_yeNo	[풀영상] 국민의힘 이재명 비리 국민검증특위 회의 (22.02.10)	국민의힘 #김진태 #이재명 #국민검증 #특위 [풀영상] 국민의힘 이재명 비리 국민검증특위 회의 (22.02.10) 시사포커스TV는 창간 35년 ...	5042	1483	43	1
zE-BLhIkrMU	[자막뉴스] '오랜 인연이다보니…' 직접 사과 나선 김혜경, 7분 간 밝힌 입장은 / JTBC News	이재명 후보의 부인 김혜경 씨가 고개를 숙였습니다. 공사 구분을 분명히 못 했다, 끝까지 책임지겠다고 사과했습니다. 과잉 의전과 ...	1347	11	36	-1
V3q_Pm4hJKs	이재명 여러분의 선택에 달려있다 #shorts	이재명 여러분의 선택에 달려있다 #shorts.	271	80	3	1
ySkBvFiHf6A	김기현, 이재명 행동에 일갈? '반성 안 하는 멘탈은 어디서 나오는 것인가?'	김기현 #이재명 #코스프레 #화성 #멘탈 김기현 국민의힘 원내대표가 22년 2월 10일 서울 여의도 국회에서 열린 국민의힘 선거대책 ...	3460	663	52	-1
d16JIRoIEw4	이재명 한국노총 협약식 140만의 약속	This stream is created with #PRISMLiveStudio.	3919	1666	0	1
jbEe1F3z0KQ	이재명과 손잡은 윤여준 “경제 모르는 후보가 대통령 되는 건 공포”. 한국노총 부산본부 1490명 '윤석열 지지'… 이재명 지지 지도부에 반기. 이재명 포스터 모델, 중국인이었다.	이재명 #윤석열.	531	4	1	1
P6b5scAvx_I	김기현 '김혜경의 기자회견은 &#39;맹탕 사과&#39;…이재명이 직접 국민 앞에 나와서 사과해라'	김기현 #배우자 #이재명 #사과 #맹탕 김기현 국민의힘 원내대표가 22년 2월 10일 서울 여의도 국회에서 열린 국민의힘 선거대책본부- ...	1114	175	20	-1
asY40Dv1fPo	[Shorts] #이재명 #공정 #공정의철학 #윤도리 #열공요약	정치직격, 심경수TV는 대한민국의 기울어진 언론환경 속에 올바른 정치, 시사 등에 대한 소신을 옳고 그름에 기인하여 이념적 진영에 ...	39	20	0	1
RlRUiSCj9d0	이재명후보 &amp; 한국노총 '노동정책 협약식'현장!!	이재명은_합니다 #나를위해_이재명 #우리를위해_이재명 후원 : (국민) 453201-04-048641 한민우 후원금은 현장에서의 활동비로 ...	284	118	2	1
i9PcXOM0gy0	&#39;굿바이, 이재명&#39; 시리즈 #11 : &#39;아수라&#39;, 영화가 아닌 현실	장영하 변호사님 측 영상을 함께 공유합니다! https://www.youtube.com/channel/UCmRaQtRhZTE_7We9H8pL5pQ/featured 시사 ...	1042	438	14	-1
xJ-GokVWbOE	쇼트트랙 사태에 반중으로 태세전환 #이재명 #중국과전쟁불사		814	35	5	-1
tMg8xVQxQhs	김기현 '피해자 코스프레 권력자 이재명'	김기현 국민의힘 원내대표가 10일 국회에서 열린 원내지도부 연석회의에서 이재명 더불어민주당 대통령 후보 아내 김혜경 과잉의전 ...	187	21	5	-1
069tF6WPBeg	[클립보기] 베이징올림픽 편파판정으로 하나된 여야? 고조되는 반중정서, 향후 대선후보들의 대중정책은?	올림픽 #이재명 #윤석열 #심상정 #안철수 베이징올림픽 편파판정으로 하나된 여야? 고조되는 반중정서, 향후 대선후보들의 대중정책 ...	73	16	1	-1
hEBvcPBWOBo	2022년 2월8일, 이재명후보,노동존중 사회		88	52	0	1
P-ry2sWxLF4	이재명의 울산남구 5대 공약	탄소중립과 그린에너지의 도시.	1	1	0	1
HjqL8qohLoE	[LIVE] 이재명의 청년 TV - 청년이 청년에게 말한다.	2022년 2월 10일 20시. 이재명의 청년TV 청년이 청년에게 말한다. 1부 - 키워드로 보는 청년 생각 2부 - 내가 대통령후보라면? 이 정책 ...	0	2	0	1
rYoQqZWtVuI	윤석열은 노무현 영화보고 울고, 박근혜 서포터즈는 이재명 지지	원본 영상링크 https://youtu.be/_5pjLMwdTHI.	930	246	17	-1
QsJlXKHVm5w	이재명을 잡아야 합니다~이재명의 눈물은 두려워서 우는 눈물일 뿐입니다 속지마세요~^^		4103	1868	216	1
zChIFPIXMl4	[Live]_농장동물 복지 향상을 위한 간담회 | 이재명 선대위 동물권위원회 | 사람, 동물, 자연	이재명 #동물권위원회 #농장동물 #복지향상 #간담회 #우희종 #김성호 #김영환 ☆범 진보민주 개혁을 위한 방송입니다. 많은 구독과 ...	156	83	0	1
