ID	title	description	viewcount	likecount	commentcount	label
Fja5c4sS2Xs	[자막뉴스] 윤석열 발언에...청와대 '불쾌하다' 이례적 반응 / YTN	청와대는 현 정부를 겨냥한 윤석열 후보의 강도 높은 비판에 이례적으로 반응을 내놓았습니다. 아무리 선거라지만 지켜야 할 선이 있는 ...	20106	889	722	-1
SeIA61P8I1o	윤석열 후보, 서울대교구장 정순택 대주교 예방	"윤석열 국민의힘 대선후보가 서울대교구장 정순택 대주교를 예방했습니다. 정 대주교는 ""가난하고 소외된 사람들의 목소리를 대변 ..."	300	50	15	1
0U5KDAKhkXI	이재명 ＂부패는 곧 죽음＂ 청렴 강조 윤석열·김종인 만남 불발 [이슈픽]	이재명 더불어민주당 대선 후보는 자신을 '어항 속 금붕어'에 빗대며 끝없는 감시를 받은 자신은 부패할 수 없었다고 강조했습니다.	2188	56	48	1
TxdqQFO0mY4	열린공감TV 강진구 기자 등판! | 윤석열-김건희, 이 정도일 줄 몰랐다? | 윤석열 본부장 리스크 총정리 | [짤짤이쇼 라이브 68화]	짤짤이쇼 찐형제기업 룩백 퍼퓸 바디 미스트 구매처 : https://lookback.kr/product/detail.html?product_no=9&src=image&kw=00007F ...	81988	22992	312	1
iWyruyHkHDw	윤석열, 새빨간 거짓말 드러났다..김건희 주가조작 증거 두둥!	김건희씨의 주가조작 혐의에 대해 부인하며 쉴드쳐온 윤석열 후보의 주장이 거짓으로 ㄷ러났다. 주가조작 기간동안 김건희씨가 40건 ...	1368	459	53	-1
B1A5v5aPtDs	공수처, &#39;한명숙 수사 의혹&#39; 윤석열에 무혐의 처분 [이슈분석]	공수처가 '한명숙 전 총리 사건 수사 방해' 의혹에 연루된 윤석열 후보에 대해 무혐의 처분을 내렸습니다. 공수처가 윤석열 후보를 입건 ...	4544	423	43	-1
bnQbawZu2iU	유인태 '윤석열 적폐수사 발언… 국힘 &#39;앗 뜨거워&#39; 했을것'	대부분 지자체장, 집사 역할하는 공무원 둔다 * 김혜경 사과회견 잘했다, 관행은 바로 잡아야 * 文정부 적폐수사 하겠다? 표 떨어지는 ...	11712	612	187	-1
E9lWlizxIB0	[천기누설] 125화 - ‘정치보복’ 공언한 윤석열의 김칫국, 오발탄은 그렇게 부메랑이 된다 (김종배 &amp; 박지훈)	2022년 02월 10일 [천기누설] 멋털도사 김종배와 얼쑤무당 박지훈이 풀어놓는 놀라운 이슈분석! 매주 화, 목요일 오전 8시 30분에 ...	37803	5491	757	1
j-nRhRPYU9c	文, 윤석열에 사과요구 “근거없이 적폐로 몰아... 강력한 분노”	임기 내내 적폐몰이에 나섰다가 윤석열의 '적폐수사' 발언에 발끈한 문재인, 그의 불안 심리를 그대로 드러냈다.	15001	5367	652	-1
5Rshcw8JXkQ	윤석열의 적폐청산 선언, 브라보! #shorts	샤인튜브 #윤석열적폐청산 [샤인튜브] 멤버십 가입 - https://www.youtube.com/channel/UCH_Bxedipg--u3iavdM57rg/join 자율 ...	5737	1462	90	1
VOoq_bGZ4Xc	변발헤-이재명 펀드 대박/윤석열 정치 보복 예고+자백/검찰,김건희 주가조작 확인	멤버쉽 링크 - https://www.youtube.com/channel/UCkI2g2FvX-haxXqqDMqc96A/join 송작가TV몰 링크 ...	4314	1913	57	-1
PexeHI860IY	남편은 정치보복! 부인은 사적보복! 문재인 정부의 윤석열 쿠데타 제압법! 35조 추경이다!	[영상 설명] 정치보복, 촛불국민보복 예고한 윤석열! 자신에게 반하는 언론과 인사에게 사적보복 예고한 김건희! 이들의 교집합 한동훈!	1152	418	34	-1
V3VOHkSu9TI	청와대, '적폐수사는 당연했다' 주장. 윤석열 주장에 격한 반발	실컷 보복 해놓고 보복하지 말라는 청와대.	27821	8179	839	-1
GN0zXOmILM8	여론조사, ‘샤이이재명’ vs ‘샤이윤석열’ 누가 더 많을까 [황보선의 출발 새아침] / YTN라디오	YTN라디오(FM 94.5) [황보선의 출발 새아침] 우리의 이슈가 뉴스를 바꿉니다. 세상을 깨우는 황보선의 출발 새아침 중심잡힌 시선으로 ...	976	43	13	1
9b_j04SJZ_o	윤석열 부인 김건희 주가조작 정황 확인	"유튜브 이송원TV 2월 10일(목) 오전 9시에 황대헌 금메달 與 ""이재명 펀드 오픈 1시간49분만에 목표 350억 돌파"" 김의성입니다."	7878	3138	7	1
VlLul-W9Oik	이재명, 한국노총 정책협약…윤석열, 재경 전북인 만남 / 연합뉴스TV (YonhapnewsTV)	이재명, 한국노총 정책협약…윤석열, 재경 전북인 만남 [앵커] 대선 레이스 상황 짚어보죠. 먼저, 더불어민주당 이재명 대선 후보는 오늘 ...	223	0	1	1
Zdv7ft-b9kY	윤석열 후보 &#39;정치보복&#39; 선언 #shorts #이슈삼합	정치보복 # 윤석열 #이슈삼합 윤석열 후보 '정치보복' 시사 #shorts 영상이 마음에 드셨다면 '구독'과 '좋아요' 버튼 눌러주세요!	73	30	1	-1
mRKyOXEQGOY	만의 하나 박근혜의 윤석열 지지는 자폭!#윤석열 文 적폐청산?靑과 짜고친다#윤석열 한 방에 날린 이해찬#이재명,김혜경 넘기위해 히든카드 준비#이낙연 속보인다#안철수 개값도 못받는다	윤창중칼럼세상은 보수우파의 집권이 목표입니다. 실현 가능한 해법과 방향을 분명히 제시합니다. 윤칼세를 도와주십시오. 윤칼세TV ...	6524	1284	46	1
Cxc_Kev1ZY4	검찰 권력자의 본색 드러낸 윤석열! &#39;정치보복 선언&#39;	윤석열 #정치보복 #본색 #shorts ✓일시후원: 국민은행 794001-04-154041 서울의소리(강경자) ✓전화후원: 1877-1590 ✓정기후원: ...	1447	515	30	-1
E94qGEnD03U	[윤석열과강신업]  D-27 문재인 이재명은 적폐청산도 내로남불/대한민국 최고의 고품격 정통 정치시사 방송!	문재인 #이재명 #적폐청산.	396	53	8	1
dFsC794Bna8	윤석열 후보 &#39;조국 집회&#39; 뒷배로 정권 지목 #shorts	윤석열 후보 '조국 집회' 뒷배로 정권 지목 #shorts #이슈삼합 #정치보복 #조국집회 영상이 마음에 드셨다면 '구독'과 '좋아요' 버튼 ...	60	13	2	-1
-GyhbA_odcM	윤석열, ‘文정부 적폐수사’…靑 “지켜야 할 선 있다” | 김진의 돌직구 쇼 927 회	윤석열, '文정부 적폐수사'…靑 “지켜야 할 선 있다” | 김진의 돌직구 쇼 927 회 한겨레 '문 정부 적폐' 예단 단죄 공언한 윤석열 한국 사설 ...	1237	76	32	-1
TC2E-9C1OX8	윤석열의 돌변에 당황하는 친문세력들	윤석열의 돌변에 친문 세력들 지지자가 바뀔것 #윤석열#문재인#이재명#허경영#	4024	1465	141	-1
NpsLPeSmf7w	윤석열 후보 부인 김건희 씨 주가조작 40여차례 발견! 통정거래 수법 드러나! 주가조작 부인 거짓말 들통!	대구를 바꾸고 지역주의와 세대간의 벽을 허물며 세상을 보는 진실의 눈을 가질 수 있는 시민 한분 한분의 힘이 되어 드리기 위해 ...	1199	285	18	-1
iC9Y8_PNsP0	문재인,청와대 뒤집어졌다! 윤석열후보 작심발언 터졌다! #윤석열필승 #문재인적폐 #문재인사법처리	자율적구독후원 : 하나은행 : 106-910488-13707 (박*옥) 해외페이팔 후원링크 : https://www.paypal.me/jungsungsantv 문의 ...	2417	730	42	-1
H-7_nGxuZMg	윤호중 '윤석열 거짓말 들통, 김건희와 공범..주가조작 50억은 중범죄, 사퇴하라'	2022년 2월 10일 국회에서 더불어민주당 정책조정회의가 진행되었다. #팩트TV 정기후원회원이 되어주세요. 공식후원계좌▷ 우리 ...	2072	797	107	-1
EMBFmxDnPMU	이언주·장기표 기자회견 '윤석열-안철수 단일화 촉구...단 3일 만에 9,000명 서명'	이언주 #장기표 #단일화 #윤석열 #안철수 이언주 전 의원과 장기표 신문명정책연구원 대표가 22년 2월 10일 국회 기자회견장에서 ...	3012	427	57	1
ziYOBjXxyqA	안진걸의 분노]윤석열 촛불집회 사법처리 발언 단순 경고 아님.욕망의 화신	힘내라조국#민주정부연장#이재명 **제보,제휴 관련메일 puritypd@naver.com **자발적 시청료(정기.일시) : 기업은행 040 10743 701 ...	604	349	36	-1
bChBr9nsRmA	[사사건건 LIVE 풀방송] 김혜경 사과/윤석열 &#39;적폐청산&#39;/이낙연, SNS 자제령/이재명, 한국노총/이준석 대선 전략(출연:김성회&amp;장성철&amp;이준석)_220210방송KBS_716일차	사사건건 #사사건건실시간 #김혜경사과 # 김혜경 사과, 어떻게 봤나? -사과 뒤 지지율 영향은? -이낙연, SNS 자제령...왜? 현근택 사과 ...	0	0	0	-1
IpjzrX352Nc	그녀는 선수였다!	윤석열 #김건희 #도이치모터스.	13624	5124	359	1
eBmfFzEJTRs	(오전뉴스) 문재인, &#39;윤석열 사과하라!&#39; 해외업체, 윤 당선 확률 63%! 여권, 자녀 없는 가정 비하!	공유 https://youtu.be/eBmfFzEJTRs 회원가입 https://www.youtube.com/channel/UCtmvuCbpw6_TFbeO4ToTAIw/join.	11073	2735	16	-1
cqGDvzihLEY	윤석열 “적폐청산 수사 해야죠!” 문재인대통령 분노 사과 요구 국민의힘 경기의힘TV	윤석열 “적폐청산 수사 해야죠!” 문재인대통령 분노 사과 요구 국민의힘 경기의힘TV #윤석열 #윤석열적폐청산 #국민의힘 #문재인 ...	9	3	0	-1
WLN2M4_7MAg	윤석열, ‘한동훈 중용’ 예고…“검찰 중립성 허무나” | 김진의 돌직구 쇼 927 회	윤석열, '한동훈 중용' 예고…“검찰 중립성 허무나” | 김진의 돌직구 쇼 927 회 한겨레 윤석열, 선거 전부터 '한동훈 중용' 예고…＂검찰 ...	495	34	3	-1
Ajdza5a0ewc	문재인, &#39;적폐수사&#39; 다짐 윤석열에게 사과 요구!		664	145	21	-1
o0VNOAXT4Y4	전주혜'윤석열 후보에 대한 먼지털이식 수사, 무혐의 결과는 &#39;사필귀정&#39;'	"국민의힘 전주혜 의원이 페이스북을 통해 ""윤석열 후보에 대한 먼지털이식 수사, 무혐의 결과는 '사필귀정'""이라며 ""김진욱 처장은 이에 ..."	456	39	0	-1
avuMsW_oPHg	[시사한파] &#39;냉동인간&#39; 윤석열의 정치 보복선언	윤석열 후보님 과학고등학교 너무 좋아요.	1495	650	0	-1
NvBk4t3GlTw	Live-쇼트트랙 금메달/문대통령, 분노/이재명 펀드 800억/윤석열, 정치 보복 예고/윤, “촛불집회 무법천지”/검찰, 김건희 주가조작 확인/노바백스 백신 29만	멤버쉽 링크 - https://www.youtube.com/channel/UCkI2g2FvX-haxXqqDMqc96A/join 송작가TV몰 링크 ...	3659	5011	0	-1
uNN3CPn9bv0	정치보복을 공언하는 대선 후보! #정치보복 #망언 #윤석열 #민주당	정치보복을 공언하는대선 후보!(22.02.06[205회])#정치보복 #망언 #이재명 #윤석열 #카소론 #귀농귀촌 #마당 #산소 #마당 #잡초 ...	4	1	0	-1
L1Pr1k7jOmI	2월 10일 (목) 김혜경 사과 기자회견, 논란 잠재울까/이낙연 총괄선대위원장 합류, 구원투수 될까/윤석열 '집권시 적폐수사' 왜?/사이버불링, 사이버렉카.. 이대로 괜찮나	2022년 2월 10일 목요일 김태현의 정치쇼 생방송 [1부] 뉴스 온더 블럭 (코로나 브리핑) # 조동찬 의학전문기자 [2부] 국회정보보고 ...	347	11	0	1
jmnCMX9P7gU	진성호TV (윤석열 지지율 폭발 안철수 보고 있나) #Shorts	진성호tv #진성호방송 #Shorts #youtubeShorts.	1940	196	0	1
D1olAT89Aq8	김건희 주가조작 개입 흔적 역력, 소환은 언제? [아침옳소] 0210	2월 10일 방송 정오 김성수TV '쌍김시대' 오후 4시 KBS '사사건건' 오후 6시 25분 CBS '한판승부' 밤 9시 한겨레TV '공덕포차' 00:00 ...	12649	4072	51	1
HzMW_-T7RGg	文(문재인), 윤석열에 사과요구 “근거없이 적폐로 몰아... 강력한 분노”	최재욱TV #최재욱튜브 최재욱TV구독하기(컴퓨터에서만 가능한 ...	83	8	2	-1
gsYjfUUzPXo	2/10(목) 윤석열의 현실 인식은 일제강점기…공안 정부가나? / 尹 장모가 신도시급 부동산을 얻었던 방법_노영희의 뉴스인사이다[이슈삼합]	2월 10일 (목) 노영희의 뉴스인사이다 ▷ 이슈삼합 김필성 변호사 신장식 변호사 - “집권 시 적폐 수사”…윤석열 '정치 보복' 선언했나 ...	2122	445	54	-1
DkpCClHBwbo	이요한 아트만두...윤석열, 참으로 안중근의사와 윤봉길의사도 구분 못한 사람이 독립운동을 말하는 자체가 몹시 불쾌합니다..오히려 이토 히로부미와 앞잡이 순사로 비교하는 것이..	윤석열 이 그의 검찰 재직 시절 최측근으로 꼽히는 한○○ 검사에 대해 “거의 독립운동처럼 해온 사람” 이라며, “굉장히 유능한 검사라 ...	140	50	5	-1
ouCnbWOLAsY	2/10(목) 尹 &#39;적폐 수사&#39; 언급…민주 '정치보복' / 김혜경, 직접 사과 / 윤석열 '기술·예술·과학고로 나누자'_노영희의 뉴스인사이다[뉴스픽]	"2월 10일 (목) 노영희의 뉴스인사이다 ▷ 한동인 기자의 뉴스픽 - 尹 '적폐 수사' 언급…민주 ""정치보복"" - 김혜경, 직접 사과 ""모두 제 ..."	809	209	22	-1
CldTjt7CJJY	이재명 윤석열 심상정 안철수 그리고 허경영(4+1) 대선후보 5자 가상토론 1부 부동산 외교안보 일자리와 성장	콘텐츠 제작을 위한 후원계좌 3333-09-9231546(카카오뱅크 도남선) #대선토론 #가상토론 #인기급상승동영상 李-尹 양강의 양자 ...	0	41	3	1
dUzzydaPERg	[충격]무당층, 윤석열 후보 지지로 돌아서다?!	국내 무속인 단체의 윤석열 후보 지지 선언을 풍자하는 영상입니다. 무당과 무당층의 발음 유사성에서 모티브를 얻어 제작하였습니다.	36	5	0	-1
ZaGze-O-gss	긴급! 문재인 방금 충격발언! 윤석열 적폐 수사에 격노! 이준석 '선거개입' 강력 경고! 이재명 큰일났다! (진성호의 융단폭격)		1281	604	17	-1
ew3QS8OvfcY	윤석열 대통령 임기 5년이 뭐가 대단하냐 #shorts	아이고 말하는거 봐라 머리아파 죽겠네 #윤석열티비 #윤석열부인 #김건희 #김건희신점 #김건희녹취록 #김건희사주 #김건희7시간 ...	88	28	2	-1
EO23QLr-v5Q	&#39;김혜경 호랑나비&#39;에 네티즌 깔깔! 패러디 봇물에 김혜경 얼굴  못든다! 이재명 붉으락 푸르락! 윤석열·김건희 웃었다!!	정의구현 멤버십 가입 : https://www.youtube.com/channel/UCUNwNXVrWAHQpc8gPp1c6kw/join 자발적 구독료 : KB국민은행 ...	11528	4378	201	-1
