ID	title	description	viewcount	likecount	commentcount	label
wZQq0zwDatU	[안철수] 제17차 중앙선거대책위원회 | LIVE		3339	0	268	1
PDsepFQNPdo	김재원 '李-安 단일화? 안철수 후보, 등골 조심하세요'	"김혜경 사과? 소고기 누가 드셨나 밝혀야 * 윤석열 ""文 적폐수사"" 정치보복 선언 아냐 * 이해찬, 친문결집 노리고 자해공갈 오버해 * 安 ..."	14029	844	249	-1
Yshzt4S5Afk	여,야 모두 안철수끌어안으면 이긴다전략!(숨은전략공개) 22.02.10. [시사파이터]	안철수단일화#윤석열#이재명.	1656	723	3	1
wl-sDYzg4OA	이재명 측과 물밑접촉 질문에...安 '어떻게 알았대요?' / YTN	"'이재명 측과 접촉' 부인 안 한 안철수, 어떤 전략일까 안철수 ""단일화 안 해 정권교체 못 해도 내 책임 아냐"" 안철수 ""尹이 제시한 후보 간 ..."	45911	1442	487	1
_zWvlMAm8LU	&#39;자진사퇴 형식 단일화?&#39; 안철수 '한국 정치에서 들어본 적 없어'	안철수 국민의당 대통령 후보가 10일 국회에서 열린 국민의당 중앙선거대책위원회의 이후 기자들과 만나 국민의힘의 '자진사퇴 형식 ...	228	18	15	1
X_ujvX_svQw	[토론 명장면] 😓 안철수 침착맨 #shorts	2월 3일 대선후보 4자 TV토론에서 청약저축과 관련한 안철수 후보와 윤석열 후보의 발언이 있었습니다. #이재명 #윤석열 #토론 ...	88	8	0	-1
EMBFmxDnPMU	이언주·장기표 기자회견 '윤석열-안철수 단일화 촉구...단 3일 만에 9,000명 서명'	이언주 #장기표 #단일화 #윤석열 #안철수 이언주 전 의원과 장기표 신문명정책연구원 대표가 22년 2월 10일 국회 기자회견장에서 ...	3012	427	57	1
eWqNHPAx2c4	안철수 '정부 방역 지침, 국민 방치 방역'	안철수 국민의당 대통령 후보가 10일 국회에서 열린 국민의당 중앙선거대책위원회의에서 정부의 방역 지침은 국민 방치 방역 ...	68	5	0	1
jmnCMX9P7gU	진성호TV (윤석열 지지율 폭발 안철수 보고 있나) #Shorts	진성호tv #진성호방송 #Shorts #youtubeShorts.	1940	196	0	1
luqcURSQoCw	2/10(목) - 김혜경 직접사과/ 文정부 적폐 수사 (김재원)/ [월간 유인태] “안철수의 가치”/ 황대헌 금메달/ [김광일의 정탐] “100만 확진자 투표” [김현정의 뉴스쇼]	2월10일(목) 김현정의 뉴스쇼 ▣ 라이브 방송 안내 뉴스쇼 라이브 방송 | 매주 월~금 오전 7시20분~9시 댓꿀쇼 라이브 방송 | 화·금 주 2 ...	107436	2369	219	1
KcL-XmcCQIw	대선후보 안철수! 외삼촌이라고 속이고 무당에게 물어봤더니...곧 도망간다?! (대구점집) [명신도령] ☎️010-6588-9839☎️	안녕하세요. 대구점집 명신도령입니다. 저는 신뢰를 정말 중요하게 생각하고 한분한분 정성을 다하는마음으로 매일 기도합니다. 사주 ...	104	11	3	-1
Rug7OFtODhY	30대 최연소 대통령 자문위원 안철수,  '자문위원은 정권에 충성하는 게 아니라 국가에 충성하는 것이라고 생각한다' #안철수(2009) #대선후보 #국민의당		68	40	8	1
0pW3ZvjDZuA	배승희 민영삼의 따따부따(안철수 대통령 이재명총리?) #shorts	배승희 민영삼의 따따부따 #Shorts #youtubeShorts.	1708	150	0	1
tIS7F2KBTCw	안철수 궤변 계속되면 安지지자들 尹에게 모두 모여라!	국힘이 덩치가 커서 권한이 더 크므로 단일화 실패해서 정권교체 못해도 덩치가 작은 자신에게는 책임이 없다는 안철수의 궤변. 국힘은 ...	831	262	17	-1
mRKyOXEQGOY	만의 하나 박근혜의 윤석열 지지는 자폭!#윤석열 文 적폐청산?靑과 짜고친다#윤석열 한 방에 날린 이해찬#이재명,김혜경 넘기위해 히든카드 준비#이낙연 속보인다#안철수 개값도 못받는다	윤창중칼럼세상은 보수우파의 집권이 목표입니다. 실현 가능한 해법과 방향을 분명히 제시합니다. 윤칼세를 도와주십시오. 윤칼세TV ...	6524	1285	46	1
MnO96v6dOM4	윤석열•안철수 단일화 촉구 기자회견		1	2	0	1
069tF6WPBeg	[클립보기] 베이징올림픽 편파판정으로 하나된 여야? 고조되는 반중정서, 향후 대선후보들의 대중정책은?	올림픽 #이재명 #윤석열 #심상정 #안철수 베이징올림픽 편파판정으로 하나된 여야? 고조되는 반중정서, 향후 대선후보들의 대중정책 ...	73	16	1	-1
WY6zu02jyrc	💥 국민의당.. 🔸안철수 후보.. 음반을 발표했다.. 🔺버티고 버티자 출격.. #shorts	청년의소리 정말 리얼한 청년들의 목소리 여러분의 구독과 좋아요가 큰 힘이됩니다 ...	8	1	0	1
tU1QFrZJdz4	부정선거방지법, 대선과 기독교 고영일후 토론회	후보단일화 #윤석열 #안철수 #대선 #정권교체 #국난극복 #사랑제일교회 #전광훈 #지도자 This stream is created with ...	933	291	0	1
mKwGFJETES8	대선청년넷 '대선후보들 청년 정책토론회에 응해라'	2022대선청년네트워크 회원들이 이재명 더불어민주당 대선후보와 윤석열 국민의힘 대선후보, 안철수 국민의당 대선후보, 심상정 ...	2010	159	15	1
UiztCYN10Mc	[송국건의 혼술] 안철수, 이재명과 물밑접촉설에 “어떻게 알았대요?” 무슨 의미?	윤석열 적폐청산 선언에 발칵 뒤집힌 문재인 정권 단일화 논의 어디까지 진행됐을까 이재명-안철수 단일화설의 정체는.	10345	3748	178	-1
w7jR-QnpAr4	안철수 '계획없는 정부에 코로나 각자 도생 시대 열려...유권자 생각 과감이 바꿀때'	국민의당 #안철수 #코로나 #유권자 #행정부 국민의당 안철수 대선후보가 22년 2월 10일 열린 중앙선대위 회의에서 발언하고 있다.	481	26	7	1
CldTjt7CJJY	이재명 윤석열 심상정 안철수 그리고 허경영(4+1) 대선후보 5자 가상토론 1부 부동산 외교안보 일자리와 성장	콘텐츠 제작을 위한 후원계좌 3333-09-9231546(카카오뱅크 도남선) #대선토론 #가상토론 #인기급상승동영상 李-尹 양강의 양자 ...	0	41	3	1
cnq0jrQt-hw	[뉴스포커스] 윤석열 '적폐청산 수사'…김혜경 '제 불찰' 사과 / 연합뉴스TV (YonhapnewsTV)	"[뉴스포커스] 윤석열 ""적폐청산 수사""…김혜경 ""제 불찰"" 사과 [출연: 서용주 더불어민주당 상근부대변인·조청래 전 여의도연구원 ..."	162	3	0	1
VlLul-W9Oik	이재명, 한국노총 정책협약…윤석열, 재경 전북인 만남 / 연합뉴스TV (YonhapnewsTV)	이재명, 한국노총 정책협약…윤석열, 재경 전북인 만남 [앵커] 대선 레이스 상황 짚어보죠. 먼저, 더불어민주당 이재명 대선 후보는 오늘 ...	223	0	1	1
iLGwDe8ZVmI	이재명 노동계·윤석열 호남 공략...확진자 투표 방식 오늘 재논의 / YTN	[앵커] 더불어민주당 이재명 대선 후보는 한국노총을 비롯한 직능단체들과의 접촉을 이어갑니다. 국민의힘 윤석열 후보는 재경 전북 ...	1233	18	19	1
HJgj86oY-cc	가볍고 위험한 입 vs 국민 파는 간보기 [2022년 2월 10일(목) 정군기의 텐텐뉴스]	00:00 오프닝 05:41 가볍고 위험한 입 vs 국민 파는 간보기 26:24 탈레반도 안되는 한탕 좌좀들 42:53 중국, 아직도 먼 세계시민 영상 ...	5480	1398	29	1
Hd6N5kxpEQY	대통령도 실력이 있어야 돼요 #shorts	"2월 9일, 윤석열 후보는 국민의힘 정권교체동행위원회 유튜브 채널과 인터뷰를 진행했습니다. 이 자리에서 윤 후보는 ""대통령도 실력 ..."	49	3	2	1
E9lWlizxIB0	[천기누설] 125화 - ‘정치보복’ 공언한 윤석열의 김칫국, 오발탄은 그렇게 부메랑이 된다 (김종배 &amp; 박지훈)	2022년 02월 10일 [천기누설] 멋털도사 김종배와 얼쑤무당 박지훈이 풀어놓는 놀라운 이슈분석! 매주 화, 목요일 오전 8시 30분에 ...	37803	5497	757	1
_C_K7gw9To4	[11시 김광일 쇼 LIVE]  '김혜경 사과 &#39;나 잡아봐라&#39; 약 올린 것…본질 다 피했다' | 야권표 갈린 1987년 다시한번? 與, 安에 단일화 손짓하는 속내는	조선닷컴 공식 홈페이지 http://www.chosun.com 조선일보 무료 구독 체험 http://bit.ly/2WnNAF7 ◈ 사실에 대한 믿음, 할 말을 하는 ...	34428	10613	0	1
umWUnJQmmVg	배승희 민영삼의 따따부따(안철수!제2의 이인제가되지마라!) #shorts		16	0	0	1
B-dPt7ciSms	[2022년 2월 10일 목요일 오전 방송]	2022년 2월 10일 목요일 오전 방송] 정론일침 [대선판읽기] 이종근실장 [특별대담] 김영환 장관 **만만운동: 농협 317-0024-5198-61 ...	54535	12689	69	1
URyiVXB7uzo	[풀영상] 국민의당 '중앙선거대책위원회의' (22.02.10)	"안철수 #국민의당 #선대위 #회의 #생방송 [풀영상] 국민의당 ""중앙선거대책위원회의"" (22.02.10) 시사포커스TV는 창간 35년 정통언론 ..."	730	49	4	1
ylhHc0Y0HKA	신문브리핑 4 '단일화, 제안 넘어선 압박…&#39;자진 철수&#39; 몰아가는 국민의힘 ' 외 주요기사 [아침&amp;매일경제]	"(매경)신문브리핑 4 ""단일화, 제안 넘어선 압박…'자진 철수' 몰아가는 국민의힘 "" 외 주요기사(0210) #아침앤매일경제 #신문브리핑 ..."	1607	46	18	1
N0P1aU_ituY	[주택관리사 무료인강 인강드림] 2022년 조현행 시설개론 심화이론강의 (16강)	무료 배움의 꿈! 인강드림에서는 주택관리사 전 강의가 무료! ▷ http://house.ingangdream.com/ 1. 2022 최신강의 완벽제공 ▷ 기초~ ...	10	0	0	1
bnQbawZu2iU	유인태 '윤석열 적폐수사 발언… 국힘 &#39;앗 뜨거워&#39; 했을것'	대부분 지자체장, 집사 역할하는 공무원 둔다 * 김혜경 사과회견 잘했다, 관행은 바로 잡아야 * 文정부 적폐수사 하겠다? 표 떨어지는 ...	11712	617	180	-1
Zhtsn0DbphE	2/10 (목) 풀영상｜[윤후덕, 원희룡] 제20대 대선 특별기획 토론 &#39;제1편 부동산 정책&#39;｜[김기식] LG엔솔發 기업 물적분할 논란｜KBS 220210방송	(1부) [뉴스 언박싱] '오늘 아침, 가장 뜨거운 뉴스' - 민동기 기자 + 김민하 시사평론가 [전민기의 눈] 눈 뜨고 코 베이징? 베이징올림픽 ...	1154	41	9	1
zQt9iTi3_tM	[황보선의 출발 새아침] FULL 다시보기 |김혜경 사과, 지지율에 영향줄까? 최강욱인터뷰 &#39;적폐청산?&#39; 尹, 문재인에 칼 겨누나, '종로, 적합자는 바로 나' | 220210	"YTN FM 94.5MHz 우리의 이슈가 뉴스를 바꿉니다. 세상을 깨우는 ""황보선의 출발 새아침"" 중심잡힌 시선으로 가장 뜨거운 이슈를 ..."	6871	335	5	1
q9plmui0hS8	[성공예감 김방희입니다] 2부 풀영상 | NFT, 메타버스, P2E로 시장 선도하는 게임 산업 | 성공예감 A/S | KBS 220210 방송	2022년 2월 10일 [성공예감 김방희입니다] KBS 1 Radio1 FM 97.3MHz 월~금 09:05-10:53 2부 * 심층 인터뷰 - NFT, 메타버스, P2E로 ...	182	0	0	1
gsYjfUUzPXo	2/10(목) 윤석열의 현실 인식은 일제강점기…공안 정부가나? / 尹 장모가 신도시급 부동산을 얻었던 방법_노영희의 뉴스인사이다[이슈삼합]	2월 10일 (목) 노영희의 뉴스인사이다 ▷ 이슈삼합 김필성 변호사 신장식 변호사 - “집권 시 적폐 수사”…윤석열 '정치 보복' 선언했나 ...	2122	445	54	-1
DbH0Ef4w8I4	[성공예감 김방희입니다] 1부 풀영상 | 경제 뉴스 브리핑 | 코로나 여파 속, 20대 사장님은 늘었다? | 성공학개론 | KBS 2202010 방송	2022년 2월 10일 [성공예감 김방희입니다] KBS 1 Radio1 FM 97.3MHz 월~금 09:05-10:53 1부 * 경제 뉴스 브리핑 - LS일렉트릭 물적 ...	159	3	0	1
OyzmRrj5DPI	최한욱의 독썰라이브 20화 '증인 나왔다. 고개 숙여!!'	"오늘의 여론조사 - 박빙 열세, 밭을 갈자!! 뉴스체크 - ""95년 유흥업소에서 쥴리 봤다"" - 김건희 모녀, 신도시 건설? - 중도를 잡아라 ..."	1518	393	6	1
hWKAKbE6dNo	기쁨의교회 신년부흥성회 강사 조병우목사 지선협방송		8	0	0	1
qu6WhPhoFjY	김혜경 '의전논란' 직접사과_윤석열 적폐수사 - 10분 단일화 발언_윤석열 계속 되는 타임워프식 공약_이재명, 불법어선 격침 발언_소통하는는 뉴스!쏘뉴! LIVE	소통하는뉴스! 쏘뉴! 당신이 알고는 있었지만, 알고 있던걸 조금 더 쉽게 알려드립니다. 당신의 생각과 함께! 우리가 더 이해 할 수 있게!	14	7	0	-1
DLAZuBVJ-hI	고성국박사와 시국을 논하다.	채널에 가입하는 방법 https://www.youtube.com/channel/UC242xa78h95GOvuM8UhRS1w/join ✔️ 영상 시청하시기 전에 구독과 ...	8060	2781	60	1
XUfrYhc_gYs	안철수 - 스페인 농림부 찾아간 썰 (#농업도과학 인공위성? 빅데이터?)	안철수 #농정비전 #스페인농림부 #인공위성 #빅데이터.	5	4	3	1
Gu9FvqxUoeE	광주 민주당원,대규모 탈당선언!사과후 김혜경, 잠시 휘청했다!장하성, ‘2500억 피해’ 동생 펀드에 60억 투자!진중권,김혜경 사과 &#39;약 올린 것&#39;!스윙보터 충남,윤석열 압도!	윤석열TV: https://www.youtube.com/channel/UCcl16CxYqlbKQJVCfdhSJVw 윤석열 공식 유튜브 주소입니다. 나라를 살리는 모든 ...	26282	3984	135	-1
cEjTMz2BlgY	윤석열의 적폐 청산 발언의 아쉬운 이유, 윤석열  안철수와의 단일화를 놓고 캠프 세력들 사이의 이권 전쟁.벌써 전쟁에서 승리한 듯 전리품 나누기 치열.	윤석열#문정권비리척결#적폐청산#안철수#단일화#윤켐프내 이권전쟁# 시청해주셔서 감사합니다. 구독과 좋아요 알람 설정 부탁 ...	6	4	0	-1
Kl6q3GVu89M	[대선마이크] '소양증 때문에 화장실에서 몰래 울었어요'…임산부의 고충을 아시나요	제 20대 대통령 선거가 오는 3월 9일 치러진다. '아이 낳고 기르기 좋은 세상'을 위해 20대 대통령이 꼭 알아야 할 건 무엇일까. 오늘도 ...	39	0	0	1
mtS5o3AkYj8	(단독) 생방송도중 갑자기 울어버렸다..방송국 역대 처음! 김혜경의 회견끝난뒤의 얼굴이..충격!	(단독) 생방송도중 갑자기 울어버렸다..방송국 역대 처음! 김혜경의 회견끝난뒤의 얼굴이..충격! 구독과 좋아요 부탁드립니다 !! #MBN ...	21	8	1	-1
