ID	title	description	viewcount	likecount	commentcount	label
6qRQP0_2B0k	이재명 ＂저는 친노동 친기업＂ ＂남편으로서 불찰＂ 사과도 [이슈픽]	이재명 더불어민주당 대선 후보가 자신을 지지하기로 한 한국노총을 찾아가 ＂친노동이 친기업＂이라며 노동계의 지지를 재차 호소 ...	894	19	16	1
rZ_ucGwLkkk	[최경영의 최강시사] 이재명 만난 윤여준.. 李 통합정부 구상 평가는? - 윤여준 전 환경부장관｜KBS 220211 방송	[최강 인터뷰 1] 이재명 만난 윤여준.. 李 통합정부 구상 평가는? - 윤여준 전 환경부장관 ----- ▷ #최강시사 홈페이지: ...	5100	1251	65	1
EzgrcJbzv-0	기소 수사 분리!! 이재명, 검찰개혁 선언	언론알아야바꾼다 공식 후원(유튜브 멤버십) https://www.youtube.com/channel/UC-VnP-VdGUaIbssXoOhz5OQ/join ◎ 언론알아야 ...	42271	15742	1018	1
U97FY4xB7-Y	2/11 (금) 풀영상｜[윤여준] 이재명 만난 윤여준.. 李 통합정부 구상 평가는?｜[윤영찬] 윤석열 '文정부 적폐 수사' 발언 파문｜KBS 220211 방송	(1부) [뉴스 언박싱] '오늘 아침, 가장 뜨거운 뉴스' - 민동기 기자 + 김민하 시사평론가 [주간 여론조사 리뷰] - 김봉신 대표 (메타보이스) ...	3116	213	17	1
A9AQg6yuONo	2/11(금) 이재명·안철수 단일화가 더  큰 파장?_노영희의 뉴스인사이다[쇼미더민심]	2월 11일 (금) 노영희의 뉴스인사이다 ▷ 쇼미더민심 배종찬 인사이트K 연구소장 - 다자대결서 이재명·윤석열 35% 동률 - 코앞으로 ...	4401	923	93	1
346HBmNraN0	Live-문재인 대통령 '강력한 분노'/이재명 공약집에 &#39;검찰개혁 완수&#39;/윤석열 캠프에 신천지/외신 '제2의 한국전쟁 가능성'/뿔난 BTS 팬... AI 윤석열	멤버쉽 링크 - https://www.youtube.com/channel/UCkI2g2FvX-haxXqqDMqc96A/join 송작가TV몰 링크 ...	3563	5791	0	-1
6zjPZbAHM8Y	문통의 대선참전 태디 왈 '이제는 문재인 VS 윤석열 구도,이재명의 존재감이 사라진다.'	백성문 #김태현 정치 계의 두 절친 법조인 김태현 백성문 변호사의 정치 토크쇼 [정치왓수다] 후원 계좌 우리은행 1005-903-567338 ...	2050	293	23	1
753HNljEioQ	변발헤-문대통령'종전 한미 일치'/문대통령 '강력한 분노'/이재명 &#39;검찰개혁 완수&#39;/주가조작 김건희	멤버쉽 링크 - https://www.youtube.com/channel/UCkI2g2FvX-haxXqqDMqc96A/join 송작가TV몰 링크 ...	5563	2433	43	1
ddIcLWyQHMM	이재명을 뽑아야하는 이유?  #나를위해 #이재명 #남바완 #뽑자 #shorts #강준현		8	4	0	1
V4uKTCGl4_k	이재명 지지층 대대적인 결집이 시작 되었다	유튜브 이송원TV 2월 11일(금) 오전 9시에 이제 반격의 시간이 왔다 윤석열후보는 국민들께 사과하라 이재명 대선 공약집에 '6대범죄 ...	8902	4275	19	1
kcYVhSOprCk	가톨릭 고위 성직자 예방한 윤석열·이재명…뭐가 달랐을까?	대선이 임박하면서 후보들의 천주교 방문이 잇따르고 있습니다. 더불어민주당 이재명 후보는 주교회의 의장 이용훈 주교를, 국민의힘 ...	80	14	0	1
mu1krbnHvG0	'담대한 시작을 선언합니다' 한국노총 – 이재명 더불어민주당 대선 후보 정책협약식	2022. 2.10 오전11시 여의도 한국노총 5층.	21	4	0	1
NBItJCF4qvY	이재명을 위한 장종태의 오징어게임!? #Shorts	장종태와 이재명의 오징어게임? - 오징어게임의 도시 대전에서 장종태와 붐바스틱! 이재명후보 지지를 위해 장종태가 춤을 추었 ...	56	0	0	1
SiD5AMxMdIA	더불어민주당 대선후보 이재명,  여수시 5대 공약 발표	1. 여수광양항을 동북아 에너지 허브항만으로 발전 지원 2. 기후위기대응 선도지역으로 전환 적극 지원 3. 글로벌 해양관광벨트 중심 ...	4	2	0	1
Ey7UDvny6lM	&#39;적폐수사 발언&#39; 공방 계속...오늘 저녁 2차 TV토론 / YTN	[앵커] 대선판이 이른바 '적폐수사' 공방으로 요동치고 있습니다. 더불어민주당은 윤 후보 스스로가 적폐라며 가족 수사에 협력하라고 ...	2113	36	65	-1
VdVqTYUXJGE	윤석열 두자리수로 이재명과 격차 벌였다. 4050 뺀 전 연령대서 尹이 앞섰다 [리서치뷰]	김혜경의 불법의전 법카유용 등이 결정타 역할 . 이재명 캠프 난리났다!	20299	9052	524	1
z6M-L04gJQI	[황태순-TV]  제2의 &#39;이재명 조카&#39; 방지를 위한 획기적 방안!		1369	375	3	1
cV9vWumVaMw	신문브리핑 2 '민주당 '보복 막으려 내부 결집할 것'' 외 주요기사 [아침&amp;매일경제]	"(매경)신문브리핑 2 ""민주당 ""보복 막으려 내부 결집할 것"""" 외 주요기사(0211) #아침앤매일경제 #신문브리핑 #이상훈앵커 #문재인 ..."	1328	28	19	1
LPSBDA9qQYo	임영웅의 신곡은 대통령 후보 이재명이 유세곡으로 선정하였다!? 임영웅은 이렇게 큰 로열티를 받은 적이 없다! 근데 무엇이 후보 이재명을 실망시켰을까요?	임영웅의 신곡은 대통령 후보 이재명이 유세곡으로 선정하였다!? 임영웅은 이렇게 큰 로열티를 받은 적이 없다! 근데 무엇이 후보 ...	982	178	8	-1
6a20OORmMdg	윤석열 헛발질, 역풍 맞았다! 민주당 '장모 48억 마통 만들어 부동산 차명 투기' - 홍준표 신천지 소신발언, 이준석 트롤 행보.. 이재명 '유능한 경제 대통령 필요'	윤석열장모김건희논란 #식물당대표이준석트롤 #이재명유능한경제대통령후보 ▣ 황희두 멤버십 후원 ...	24438	10196	407	-1
IEmD2ZMtUaM	이재명에게 공개 질문한 김기현 '같은 당 소속이면 불의라도 덮고 가자는 입장인가'	김기현 #이재명 #청산 #질문 #입장 김기현 국민의힘 원내대표가 22년 2월 11일 서울 여의도 국회에서 열린 국민의힘 원내대책회의 ...	5844	2157	194	-1
H7vCHLfleD0	대선후보 2차 TV토론 전에 꼭 봐야할 영상(feat.기자협회토론, jtbc편향성, 손석희, 종편4사 중계, 이재명, 윤석열, 안철수, 심상정) [정준희의 해시태그 95회]	[정준희의 해시태그 95회] 대선 토론을 바라보는 언론의 태도 ▷진 행 : 정준희 (언론 비평가) 거의없다 (영화 비평 크리에이터) ...	30632	4587	115	1
ONfnPgEX0Nk	보복 아닌 통합의 길로	질의응답 #이재명 #shorts.	1229	556	46	1
dV9eJNPJDK0	이재명 배우자 추가 폭로 밝힌 김기현 '닭백숙 등 쪼개기 결제? 사실이라면 좀스러워'	김기현 #김혜경 #이재명 #닭백숙 #쪼개기 김기현 국민의힘 원내대표가 22년 2월 11일 서울 여의도 국회에서 열린 국민의힘 원내대책 ...	4823	881	81	-1
kWPCkU66Tdc	[뉴스라이브] 적폐 수사 발언에 &#39;문재인 대 윤석열&#39;...대선판 요동 / YTN	진행 : 김선영 앵커, 김대근 앵커 □ 출연 : 추은호 / 해설위원 * 아래 텍스트는 실제 방송 내용과 차이가 있을 수 있으니 보다 정확한 내용 ...	8019	237	164	-1
QFkTUxVMTvQ	[2022대선]이재명의 여수 5대 발전공약 영상_주철현TV	출처: 재명이네.	16	1	0	1
HjqL8qohLoE	[LIVE] 이재명의 청년 TV - 청년이 청년에게 말한다.	2022년 2월 10일 20시. 이재명의 청년TV 청년이 청년에게 말한다. 1부 - 키워드로 보는 청년 생각 2부 - 내가 대통령후보라면? 이 정책 ...	305	612	0	1
YejXV5VU0uI	신문브리핑 4 '안철수와 &#39;여론조사로 단일화&#39;에 철저히 선 긋는 국민의힘' 외 주요기사 [아침&amp;매일경제]	"(매경)신문브리핑 4 ""안철수와 '여론조사로 단일화'에 철저히 선 긋는 국민의힘"" 외 주요기사(0211) #아침앤매일경제 #신문브리핑 ..."	2689	93	32	1
M_yD7i2-Lzg	&#39;적폐수사 발언&#39; 공방 계속...오늘 저녁 2차 TV토론 / YTN	[앵커] 대선판이 이른바 '적폐수사' 공방으로 요동치고 있습니다. 어제 문 대통령이 국민의힘 윤석열 대선 후보에게 직접 사과를 요구한 ...	1938	54	47	-1
AbwjJzNDSck	'샤이 이재명'의 실체	원본 영상링크 https://youtu.be/_5pjLMwdTHI.	797	211	12	1
K78aWxegbCw	[이재명의 인천 미추홀 공약] 편리한 도시, 행복한 미추홀을 위해 이재명!	존경하는 미추홀구 구민 여러분, 미추홀구는 인천 역사의 발상지이자 변천사를 간직한 문화중심지입니다. 인천도호부 관아. 인천향교 ...	18	12	0	1
FWF80WXETgQ	[이재명의 경북 의성 공약] 의성 앞으로, 발전 제대로! 의성군민을 위해, 이재명은 합니다!	존경하는 의성군민 여러분, 경북 의성은 경북의 한가운데 위치하여 접근성이 뛰어나며 쾌적한 환경과 유구한 역사, 아름다운 문화와 ...	28	14	0	1
Zja6bXYD1OQ	임승호 '5년전 이재명 정치보복 맨날 해도 된다며? 적폐청산도 내로남불?'	임승호#남영희#이재명#윤석열#안철수#이준석 TBS더룸(22.02.10)	1914	252	48	-1
rGy6PJeDW7I	[이재명의 인천 동구 공약] 동구 앞으로! 도약 제대로! 활기 넘치는 인천 동구를 위해, 이재명!	동구 구민 여러분, 동구는 인천 근대화 역사에서 빠질 수 없는 중심지입니다. 개항 이후에는 군사요충지의 역할을 수행했으며, 인천 3.1 ...	16	10	0	1
mSlEKoLFn00	[이재명의 서울 강남 공약] 강남 앞으로! 약속 제대로! 강남구민을 위해 이재명은 합니다.	존경하는 강남구민 여러분, 강남구는 한류의 메카이고 뉴욕의 맨하탄이 부럽지 않은 경제와 문화의 중심지입니다. '강남스타일'로 대변 ...	23	16	1	1
KmsSJULyJMU	속보! 윤석열의 압도적인 승리! 충격 15%! 이재명의 휴대전화에서 문재인 계좌로 580억원 이체된 증거 발견! 충격받은 김혜경! 긴급 수사 개시!	속보! 윤석열의 압도적인 승리! 충격 15%! 이재명의 휴대전화에서 문재인 계좌로 580억원 이체된 증거 발견! 충격받은 김혜경!	1870	249	2	-1
cGlgGrTE1RE	홍대리..그래서는 안되는 거였다.... #이재명 #이재명소년공 #소년공의마음		199	46	2	-1
b7_CDmIQvvc	[생방송] 이재명 후보 참석, '케이컬쳐, 미래를 만나다' 케이컬쳐 멘토단 출범식	"[생방송] 이재명 후보 참석, ""케이컬쳐, 미래를 만나다"" 케이컬쳐 멘토단 출범식 #이재명 #케이컬쳐 #나를위해 #합니다 #멘토단출범식 ..."	0	29	0	1
qakZD4uQ3qk	[생중계] 더불어민주당 선대위 본부장단회의 (2022.02.11 오전)	[생중계] 더불어민주당 선대위 본부장단회의 (2022.02.11 오전) #이재명 #윤석열 #선대위 #2022대선 #본부장단 #더불어민주당 ...	12964	0	85	1
5S_bdw1N1e4	대선기간 인터넷세상 구경하며 담소 //윤석열 정치보복 이재명 문재인 사과하라 소상공인방역지원금 청년희망적금 이재명펀드 김혜경 김건희	좋아요와 구독 눌러주세요.	222	7	0	-1
M4IDeCeOdIc	[이재명의 충남 예산 공약] 내포의 중심, 충남의 중심, 경제가 돌아가는 예산을 만들겠습니다!	존경하는 예산군민 여러분, 예산은 예로부터 예절을 제일의 덕목으로 삼은 효(孝)사상이 깊은 곳이자 물자가 풍요로운 충남의 ...	16	12	0	1
URGnW0vVVVs	[장성철TV: &#39;KTX제주해저터널 논란&#39;, &#39;이재명, 윤석열에 완패&#39;  #이재명 #윤석열 #제주해저터널	이재명 '제주해저터널 철회', 윤석열 '제주제2공항 우선 추진'에 완패한 것이다! 2월 8일 더불어민주당 이재명 후보가 공약으로 검토 ...	16	2	1	-1
dhJac7xsXIU	이재명의 정치지도자 란?	2022,02,05 이재명 대선후보의 해운대 연설중 짧은 영상 하나 올려 봅니다 #Shorts #정치지도자 #이재명 #부산 #해운대 #연설 #실력 ...	28	18	0	1
BHpy8rsA_NY	[🍴뉴스픽]  윤석열 ‘적폐수사’ 발언 격돌? 대선후보 2차 TV 토론 관전 포인트!  | KBS 방송	대선토론 #적폐수사 #윤석열 #이재명 #안철수 #심상정 #대선후보 이재명, 윤석열, 심상정, 안철수 4명의 대선 후보가 맞붙는 2차 TV ...	3	0	0	-1
6RlMTyFIG5U	[오전 9시 실방] 윤석열, 당선위해 넘어야 할 험난한 산 / 민경욱 국투본 상임대표 직격인터뷰 / 그들은 판을 뒤엎어버릴 수 있는 무기를 (02/12/2022)   [공병호TV]	공병호TV는 현재 '전면 노란딱지'(광고금지)를 받고 있습니다. 2020년 9월부터 노출의 80%를 차지하는 추천영상도 전면 차단된 상태 ...	6248	1697	43	1
dta3wWomrs4	[친절한 대기자] 1987년 김영삼-김대중 단일화와 2022년 윤석열-안철수, 이재명-김동연 단일화 차이점은?	라이브 방송 안내 뉴스쇼 라이브 방송 | 매주 월~금 오전 7시20분~9시 댓꿀쇼 라이브 방송 | 뉴스쇼 본방송 끝나자마자 이어서 오전 9시 ...	1085	31	8	1
HRT4GtWt4f8	이재명의 소확행 공약을 알아보자 2탄! 안심데이터,e스포츠 (마재광tv)	이재명의 소확행 공약을 알아보자 2탄! 안심데이터,e스포츠 (마재광tv)	29	0	1	1
Kw8s_BViKEI	속보)이재명 복어요리 초밥 김혜경, 법인카드 유용 주장 11건 또 윤석열 이준석	이재명 더불어민주당 대선 후보 아내 김혜경씨가 전직 경기도 공무원 A씨로부터 배달을 받는 방법으로 먹은 음식들의 영수증 다수가 ...	4	1	0	-1
IdaupfOUj7E	尹(윤석열)48% vs 李(이재명)36% ‘오차범위 밖’ …安(안철수)8% 정체	최재욱TV #최재욱튜브 최재욱TV구독하기(컴퓨터에서만 가능한 ...	124	6	1	1
QHVzaECQVlk	양성빈TV 양성빈e라면 30번째 '농업공약라면 2'	"이재명 대통령후보의 농어촌 5대 공약과 양성빈의 농업공약 두번째 ""국민의 먹거리 기본권을 보장하고 농업을 식량안보 산업으로 ..."	28	10	1	1
