ID	title	description	viewcount	likecount	commentcount	label
YejXV5VU0uI	신문브리핑 4 '안철수와 &#39;여론조사로 단일화&#39;에 철저히 선 긋는 국민의힘' 외 주요기사 [아침&amp;매일경제]	"(매경)신문브리핑 4 ""안철수와 '여론조사로 단일화'에 철저히 선 긋는 국민의힘"" 외 주요기사(0211) #아침앤매일경제 #신문브리핑 ..."	2712	93	32	1
3NCZCfmmeok	[20대 대선 특집 청년 질의서] 이재명, 윤석열, 심상정, 안철수에게 묻다	청년 고용률 45.1%(2021년 12월 기준). 앞선 어느 세대보다 열심히 공부하고, 화려한 스펙을 쌓고도 10명 중 4명만이 취업문을 뚫을 ...	15	1	0	1
A9AQg6yuONo	2/11(금) 이재명·안철수 단일화가 더  큰 파장?_노영희의 뉴스인사이다[쇼미더민심]	2월 11일 (금) 노영희의 뉴스인사이다 ▷ 쇼미더민심 배종찬 인사이트K 연구소장 - 다자대결서 이재명·윤석열 35% 동률 - 코앞으로 ...	4401	923	93	1
DCwscv-Yd2w	[안철수 후보편] 지방자치, 대선주자에게 묻는다 (2022.2.13 / MBC경남)	[안철수 후보편] 지방자치, 대선주자에게 묻는다 (2022.2.13 / MBC경남) 지상파 최초 지방자치 대선주자 대담 [MBC경남 NEWS 제보] ...	0	0	0	1
dta3wWomrs4	[친절한 대기자] 1987년 김영삼-김대중 단일화와 2022년 윤석열-안철수, 이재명-김동연 단일화 차이점은?	라이브 방송 안내 뉴스쇼 라이브 방송 | 매주 월~금 오전 7시20분~9시 댓꿀쇼 라이브 방송 | 뉴스쇼 본방송 끝나자마자 이어서 오전 9시 ...	1085	31	8	1
EgCLdBnEPR8	민주당의 러브콜과 애매한 안철수 후보  &amp; 이건 폭망각	유재일의 10분 브리핑입니다. 시청해주시는 모든 분들 감사합니다.   좋아요와 구독, 댓글은 채널 운영에 큰 힘이 됩니다! (더보기를 ...	237	81	3	-1
iiSALNaxB24	BTS RM이 존경 표한 &#39;금메달리스트&#39; 황대헌 / 안철수, 끝까지 간다? … '포털 광고·유세차 계약 완료' [디라이브] 2월10일(목) KBS	'의전 논란' 김혜경 사과 후폭풍은? ('발제압박' 김용준 기자) - '대헌민국' 국가대표 황대헌의 황金빛 레이스 ('인터뷰룸' 김도환 기자) ...	7881	156	4	1
Hg2hxptk140	국민의당 대선후보 건강의료정책 (국민의당 후보 &amp; 홍혜걸 박사) [2/12 토 오후 2시 30분 라이브]	비온뒤는 특정 정당이나 후보자를 지지하지 않으며, 후보자들의 건강의료정책 공약을 알리기 위한 공익적인 목적으로만 진행함을 ...	0	8	0	1
EEtsVPK6Jjw	대한민국은 우리 모두의 자존심이다. 국격 드높일 글로벌 리더 #안철수 #대한민국 #대선후보 #국민통합		156	90	23	1
H7vCHLfleD0	대선후보 2차 TV토론 전에 꼭 봐야할 영상(feat.기자협회토론, jtbc편향성, 손석희, 종편4사 중계, 이재명, 윤석열, 안철수, 심상정) [정준희의 해시태그 95회]	[정준희의 해시태그 95회] 대선 토론을 바라보는 언론의 태도 ▷진 행 : 정준희 (언론 비평가) 거의없다 (영화 비평 크리에이터) ...	30632	4590	115	1
guDLnnMFO98	4당 대선후보, 오늘 MBN에서 TV토론 격돌…&#39;적폐수사&#39; 공방 예고 [아침&amp;매일경제]	【 앵커멘트 】 오늘(11일) 저녁 8시, 서울 MBN 스튜디오에서 대선후보 4인이 두 번째 TV토론을 벌입니다. 청년 정책과 코로나 방역 ...	462	19	8	1
1STPMvhzdbs	안철수후보에게 부탁합니다 !		24	7	0	1
-U_5D6bAKgs	안철수 후보님을 응원합니다. 파이팅!!!		35	33	2	1
IdaupfOUj7E	尹(윤석열)48% vs 李(이재명)36% ‘오차범위 밖’ …安(안철수)8% 정체	최재욱TV #최재욱튜브 최재욱TV구독하기(컴퓨터에서만 가능한 ...	124	6	1	1
BHpy8rsA_NY	[🍴뉴스픽]  윤석열 ‘적폐수사’ 발언 격돌? 대선후보 2차 TV 토론 관전 포인트!  | KBS 방송	대선토론 #적폐수사 #윤석열 #이재명 #안철수 #심상정 #대선후보 이재명, 윤석열, 심상정, 안철수 4명의 대선 후보가 맞붙는 2차 TV ...	3	0	0	-1
jKahUNYnkrQ	홍준표 예언! 안철수의 전성시대가 온다#shorts	본 영상은 수익을 창출하지 않습니다. 뉴스에 대한 새로운 가치를 논평한 공정이용에 해당됩니다. #홍준표예언안철수시대가온다 ...	94	27	1	1
jsPGrFhvsf0	2022년 2월 11일 (금) JTBC 아침&amp; 다시보기 - 서울 종로에 최재형…서초갑 조은희	2월 11일 (금) 아침& 주요뉴스 □ 02:33 서울 종로에 최재형…서초갑 조은희 국민의힘이 다음 달 9일, 대선과 함께 실시되는 서울 종로 ...	2256	25	7	1
9NmRlE62j8A	8일만의 재격돌…오늘 2차 TV토론 관전포인트는 / 연합뉴스TV (YonhapnewsTV)	8일만의 재격돌…오늘 2차 TV토론 관전포인트는 [앵커] 더불어민주당 이재명, 국민의힘 윤석열, 국민의당 안철수, 정의당 심상정 후보 ...	438	12	6	1
Ey7UDvny6lM	&#39;적폐수사 발언&#39; 공방 계속...오늘 저녁 2차 TV토론 / YTN	[앵커] 대선판이 이른바 '적폐수사' 공방으로 요동치고 있습니다. 더불어민주당은 윤 후보 스스로가 적폐라며 가족 수사에 협력하라고 ...	2113	37	67	-1
05aCfY4Iup8	(대선후보토론) 오늘밤 8시 문재인적폐 김혜경비리 쟁점! 2022.2.11 오전8시	대선후보 2차토론 쟁점 전망 #윤석열#이재명#심상정#안철수#후보단일화.	5711	2593	114	1
V0QTtLrnshk	신문브리핑 3 '李 &#39;토론으로 역전&#39; 마라톤 회의…尹, 대장동 파고들기' 외 주요기사 [아침&amp;매일경제]	"(매경)신문브리핑 3 ""李 '토론으로 역전' 마라톤 회의…尹, 대장동 파고들기"" 외 주요기사(0211) #아침앤매일경제 #신문브리핑 ..."	844	13	5	1
vmVfViRPixs	2022년 2월 11일 (금) [아침&amp;매일경제] 다시보기 - 신문브리핑 1 '文 '적폐로 몰아, 강력한 분노'…대선 한복판에서 尹 비판' 외 주요기사	"신문브리핑 1 ""文 ""적폐로 몰아, 강력한 분노""…대선 한복판에서 尹 비판"" 외 주요기사 신문브리핑 2 ""민주당 ""보복 막으려 내부 결집할 ..."	1108	30	5	-1
M_yD7i2-Lzg	&#39;적폐수사 발언&#39; 공방 계속...오늘 저녁 2차 TV토론 / YTN	[앵커] 대선판이 이른바 '적폐수사' 공방으로 요동치고 있습니다. 어제 문 대통령이 국민의힘 윤석열 대선 후보에게 직접 사과를 요구한 ...	1938	54	47	-1
bENYG46VCgM	혁신 신약의 생태계를 조성하기 위한 #바이오산업 육성 방안에 #안철수 후보의 생각 #대선후보 #국민의당 #신약 #화이자	우선 지금 국내 제약회사들이 새로운 신약을 개발할 정도의 규모가 되지 않는다고 생각합니다. 아시다시피 보통 새로운 신약 개발에는 ...	71	35	6	1
t7uY1zxkTH0	5‧5‧5공약과 더불어 GE같은 외국계 기업이 어떤 역할을 해줬으면 좋겠는지 궁금합니다. #안철수 #안철수공약 #555공약 #GE	안철수 답변 한 나라가 모든 걸 다 할 순 없습니다. 코로나 전에는 한국-중국-일본이 공급망으로 연결되어 있었습니다. 미중 과학기술 ...	27	14	0	1
JMG1h-SFSAg	#이거보고뽑기로했다 #허경영 #심상정 #안철수 #윤석열 #이재명 #여야 #대통령후보	새해 복 많이 받으세요 저는 로또유튜버입니다 지금 나라의 중대한 길로에 써있습니다 허경영후보의 33정책은 지금현재 우리 국민들 ...	1	1	0	1
XGZbFu4uc6I	토론회 일정 논란 정리해 봤습니다! [정준희의 해시태그]	한 달간의 번복 끝에 무산된 양자 토론! 결국 다자 토론을 먼저 시작했지만 일정 번복은 현재 진행 중? 한 달 동안 어떤 번복을 했는지 ...	1100	410	14	-1
U0WM89DmV5E	(주한미국상공회의 초청토론) '속이 아주 시원합니다' #중대재해법 과 #노동유연성 대한 #안철수 후보 질의응답	오늘 후보님 나오셔서 진심으로 감사합니다. 한 마디 한국말로 하면 속이 아주 시원합니다. 기업들이 갖고 있는 외국 기업들의 가장 큰 ...	76	43	10	1
eNohX41NC60	전국 10만 목회자대회, 발기인 대회	전광훈 #목회자 #후보단일화 #윤석열 #안철수 #대선 #정권교체 #국난극복 #사랑제일교회 #전광훈 #지도자 This stream is created ...	1175	383	0	1
8aFzjVT64wQ	청년이 미래다. 대한민국을 기회의 땅으로 만들겠다.#안철수 #청년 #미래 #기회의땅 #대선후보 #대선		2	4	0	1
b62g1NZm2OA	[김종배의 시선집중][FULL] &amp; [언중유골]｜文 &#39;적폐몰이 사과 요구&#39;에 尹 '정치보복 없다'│[차준환 인터뷰]│[이태규·곽정수·이지선·임경빈], MBC 220211 방송	2022년 2월 11일 금요일 #시선집중 #언중유골 #MBC라디오 1부 [JB TIMES] #문재인 #윤석열 #광복회 #김용균 · 文 '적폐몰이 사과 ...	104550	6030	163	-1
Zja6bXYD1OQ	임승호 '5년전 이재명 정치보복 맨날 해도 된다며? 적폐청산도 내로남불?'	임승호#남영희#이재명#윤석열#안철수#이준석 TBS더룸(22.02.10)	1914	252	48	-1
Ccudfol6xZc	윤석열, 文적폐수사 말할 자격있나?멀쩡했던 박근혜,폐인 만들었다#文의 푸들 윤석열, 약점잡혔나#최재형,곶감 빼먹었다#안철수마이웨이#죄질로본 김혜경 김건희#1등공신 홍준표 이준석	윤창중칼럼세상은 보수우파의 집권이 목표입니다. 실현 가능한 해법과 방향을 분명히 제시합니다. 윤칼세를 도와주십시오. 윤칼세TV ...	6089	1418	29	-1
HQEMWqF8DyM	[황보선의 출발 새아침] FULL다시보기 | 송영길 민주당 대표 출연, 尹 &#39;적폐청산&#39;에 文 대통령 격노, 故김용균 어머니 '죽은 사람 있는데 책임지는 사람 없다' | 220211	"YTN FM 94.5MHz 우리의 이슈가 뉴스를 바꿉니다. 세상을 깨우는 ""황보선의 출발 새아침"" 중심잡힌 시선으로 가장 뜨거운 이슈를 ..."	8321	694	18	1
kn9G6_njfVM	한인 브로커 통관 사기와 탈세로 대배심 기소(02.10.2022) 한국TV 이브닝 뉴스	라구나 비치에서 산불이 발생해 지금까지 150 에이커가 전소됐습니다.위티어 지역에서도 산불이 발생해 최소 2채의 주택이 피해를 ...	4	0	0	-1
cZrsBBjT09k	이정현+바꿔, 김건모+ 잘못된 만남, 오늘 저녁 8시TV토론회  국가운명결정, 안철수의 쌍칼, 손성호 1일 DJ, 국가부도직전 최소 20만 카나다, 호주 등으로 엑소더스,	가수 이정현이 오늘날을 바꿔란 노래로 말했습니다. 호주는 해외여행 입국허용했습니다. 손성호의 1일 DJ, 오늘 저녁 8시 자유 ...	28	7	4	1
CJZFyROseWo	[2022년 2월 11일 금요일 오전 방송]	2022년 2월 11일 금요일 오전 방송] 정론일침 [속물경제] 이성구박사 [특별대담] 자유정의시민연합이성구대표, 공명여론감시단 노익현 ...	45285	11650	61	1
PL1TkPZrlKI	대선 단골 공약 &#39;청와대 이전&#39; ...이번에는 가능할까? [이슈밀착]	취임 첫날 기존 청와대는 사라진다. 대통령실은 광화문 정부서울청사에 설치하겠다.” 지난달 27일 윤석열 국민의힘 대선 후보가 ...	132	7	0	1
EBg_b8lQWjk	이준석 '단일화? 신뢰 있으면 10분만에 가능.. 그런데..'	이준석#윤석열#안철수#국민의힘 KBS더라이브(22.02.09)	12	2	0	-1
Ag1P8axYTXQ	#허경영 #이거보고대통령뽑기로했다 #심상정 #안철수 #윤석열 #이재명 #1억	새해 복 많이 받으세요 저는 로또유튜버입니다 지금 나라의 중대한 길로에 써있습니다 허경영후보의 33정책은 지금현재 우리 국민들 ...	2	2	0	1
j2w3Za1pTQA	대선후보 2차 TV토론 대격돌! 심층분석 : 이재명×윤석열의 창과 방패 싸움2	대선후보 2차 TV토론 대격돌! 심층분석 : 이재명×윤석열의 창과 방패 싸움 #최성 #최성tv #2022대선 #대선 #대통령선거 #tv토론 #2 ...	0	12	0	1
RCrQifBndHQ	윤석열, 문정부-적폐청산 발언 후폭풍오나!?_하루만에 입장변화_이재명, 4년 중임제 임기 1년단축_김혜경 법카유용 의혹 10건 추가 폭로_소통하는는 뉴스!쏘뉴! LIVE	소통하는뉴스! 쏘뉴! 당신이 알고는 있었지만, 알고 있던걸 조금 더 쉽게 알려드립니다. 당신의 생각과 함께! 우리가 더 이해 할 수 있게!	14	3	0	-1
fiAmo8hSrJo	김종인,방금 충격입장문!최재형 “김혜경은 ‘불법 의전’!“김혜경 법카결제, 경기 5개 부서동원”!독립유공 장학금 줄 돈으로 김원웅, 옷 사입고!김홍일, 2500억 장하성펀드 투자!	윤석열TV: https://www.youtube.com/channel/UCcl16CxYqlbKQJVCfdhSJVw 윤석열 공식 유튜브 주소입니다. 나라를 살리는 모든 ...	31808	7817	485	-1
vkzFhaLOFGw	[KBS 1라디오] 정용실의 뉴스브런치	KBS 1라디오의 공식 유튜브 24시간 라이브 방송 채널입니다. #KBS1라디오 #KBS라디오 #시사라디오 #KBS1Radio #최경영의최강 ...	2212	35	0	1
02IK5c4EdNY	[KBS 1라디오] 정용실의 뉴스브런치	KBS 1라디오의 공식 유튜브 24시간 라이브 방송 채널입니다. #KBS1라디오 #KBS라디오 #시사라디오 #KBS1Radio #최경영의최강 ...	25175	969	3	1
rZ_ucGwLkkk	[최경영의 최강시사] 이재명 만난 윤여준.. 李 통합정부 구상 평가는? - 윤여준 전 환경부장관｜KBS 220211 방송	[최강 인터뷰 1] 이재명 만난 윤여준.. 李 통합정부 구상 평가는? - 윤여준 전 환경부장관 ----- ▷ #최강시사 홈페이지: ...	5106	1261	65	1
jjpdps_nAUk	[최경영의 최강시사] 윤석열 '文정부 적폐 수사' 발언 파문- 윤영찬 의원 (더불어민주당, 전 청와대 국민소통수석)｜KBS 220211 방송	"[최강 인터뷰 2] 윤석열 ""文정부 적폐 수사"" 발언 파문 - 윤영찬 의원 (더불어민주당, 전 청와대 국민소통수석) ----- ▷ #최강시사 ..."	2070	250	31	-1
_SCE9D4AVm4	[최경영의 최강시사] 방송토론으로 지지후보 바뀔 확률은? - 김경일 교수 (아주대 심리학과)｜KBS 220211 방송	[뉴스는 심리다] 방송토론으로 지지후보 바뀔 확률은? - 김경일 교수 (아주대 심리학과) ----- ▷ #최강시사 홈페이지: ...	1249	82	13	1
XNkanh9HFYk	#설교 -  내 눈이 주의 구원을 보았사오니	순교는 우리 생각보다 훨씬 더 다양한 방법으로 하나님의 영광을 드러냅니다. 우리는 이것을 시므온이 성전에서 아기 예수님을 안고 ...	3	1	0	1
qmZquV0rr1g	[성공예감 김방희입니다] 2부 풀영상 | 경기 안좋은 중국, &#39;2월 효과&#39;로 반전 노릴 수 있을까? | 성공예감 A/S | KBS 220211 방송	2022년 2월 11일 [성공예감 김방희입니다] KBS 1 Radio1 FM 97.3MHz 월~금 09:05-10:53 2부 * 심층인터뷰 - 경기 안좋은 중국, '2월 ...	235	3	0	1
