ID	title	description	viewcount	likecount	commentcount	label
kWPCkU66Tdc	[뉴스라이브] 적폐 수사 발언에 &#39;문재인 대 윤석열&#39;...대선판 요동 / YTN	진행 : 김선영 앵커, 김대근 앵커 □ 출연 : 추은호 / 해설위원 * 아래 텍스트는 실제 방송 내용과 차이가 있을 수 있으니 보다 정확한 내용 ...	8019	237	166	-1
BzlAgJF_4OI	윤석열, 문재인 대통령에 &#39;정직한 분&#39; 표현...어떤 의미? / YTN	"윤석열, 문재인 대통령에 '정직한 분' 표현…어떤 의미? 尹 ""문 대통령은 참 정직한 분이라는 생각을 해왔다"" 尹 ""문 대통령 둘러싼 거대 ..."	19550	420	442	-1
N6Hsg5QSdx4	'윤석열 적폐수사, 법 기술자의 협박'vs'文 정부는 안했나?'	라이브 방송 안내 뉴스쇼 라이브 방송 | 매주 월~금 오전 7시20분~9시 댓꿀쇼 라이브 방송 | 뉴스쇼 본방송 끝나자마자 이어서 오전 9시 ...	4252	173	119	-1
ECzJsU6JIZI	윤석열 구속 위기 (검사들도 &#39;윤석열 왜저래??&#39;ㄷㄷ)	영상설명 : 김의겸 전 청와대 대변인이 본 문대통령님 글 분석과 함께 KBS와 SBS 후속 보도 내용 등 전해드리겠습니다 (인용=KBS 및 ...	43158	15300	487	-1
UvzzsQbfSKs	대한민국 피스메이커 윤석열	shorts #윤석열 #비하인드.	2630	1389	103	1
ObR7Na-QlAc	[언중유골] ‘예술고, 과학고’ 모르는 냉동인간 윤석열, 해명마저 억지!?｜베이징올림픽 편파판정 “국민의힘이 유리”하다는 언론들 with 이지선 기자 &amp; 헬마우스 임경빈	2022년 02월 11일 [언중유골] 지금 읽고 있는 기사, 그 안에 다른 뜻이 있다면? 언론의 숨은 의도, 깔끔하게 발라내 드립니다! 시선집중 ...	26231	2426	317	-1
FMco9Vy8UG4	벤처·ICT 업계, 윤석열 후보에게 혁신정책 제안_산업뉴스[산업방송 채널i]	제20대 대통령선거를 앞두고 혁신벤처단체협의회와 한국정보방송통신대연합이 국민의힘 윤석열 대선 후보를 초청해 대한민국의 ...	4	0	0	1
3NCZCfmmeok	[20대 대선 특집 청년 질의서] 이재명, 윤석열, 심상정, 안철수에게 묻다	청년 고용률 45.1%(2021년 12월 기준). 앞선 어느 세대보다 열심히 공부하고, 화려한 스펙을 쌓고도 10명 중 4명만이 취업문을 뚫을 ...	15	1	0	1
ibXPULWPlw4	기독교인이 윤석열을? 보수 기독교 목사들도 열 받았다! 감리교 목회자 486인 선언문 발표!  “주술에 국민과 국가의 내일을 맡길 수는 없다”	윤석열 #김건희 #대선후보선택 #건진법사.	8817	3524	133	1
2DflnIsk53I	'윤석열, 대통령 향해 긴급수사명령 발동, 한동훈에 줄 서라는 것. &#39;정치보복&#39; 아니라 &#39;배신수사, 배신정치&#39;' [빨간아재]	윤석열 후보가 문재인 정권을 수사해야 한다며 사실상 정치보복을 선언한 데 대해 김의겸 의원이 조목조목 비판했습니다. 김 의원은 ...	11239	3848	243	-1
6RlMTyFIG5U	[오전 9시 실방] 윤석열, 당선위해 넘어야 할 험난한 산 / 민경욱 국투본 상임대표 직격인터뷰 / 그들은 판을 뒤엎어버릴 수 있는 무기를 (02/12/2022)   [공병호TV]	공병호TV는 현재 '전면 노란딱지'(광고금지)를 받고 있습니다. 2020년 9월부터 노출의 80%를 차지하는 추천영상도 전면 차단된 상태 ...	6245	1696	43	1
ZZ37rLTjY1Y	의원 172명 윤석열 규탄 성명낸 민주당..결의 다지는 송영길 '단호한 민주당 모습 보이자'	2022년 2월 10일 국회에서 더불어민주당 의원총회가 진행되었다. #팩트TV 정기후원회원이 되어주세요. 공식후원계좌▷ 우리은행, ...	3726	4005	524	-1
tw-tlKM749o	[뉴스포커스] 윤석열 '적폐청산'·이낙연 전면등판…친문·호남 표심은? / 연합뉴스TV (YonhapnewsTV)	"[뉴스포커스] 윤석열 ""적폐청산""·이낙연 전면등판…친문·호남 표심은? [출연 : 윤영찬 더불어민주당 의원] 윤석열 후보의 '문재인 정권 ..."	954	43	13	1
TBps41v9l2Q	윤석열응원가 찐이야	국민 선택 원하던 후보 지금 바로 윤석열 2번~ 끌리네 끌리네 2번 윤석열 국민이 선택한 2번 새시대 윤석열 2번 찐찐찐찐 윤석열 완전 ...	30	16	3	1
nLcn_0qFLDw	우상호 '문 대통령 충격 받아…윤석열측 반발이 더 괘씸'	라이브 방송 안내 뉴스쇼 라이브 방송 | 매주 월~금 오전 7시20분~9시 댓꿀쇼 라이브 방송 | 뉴스쇼 본방송 끝나자마자 이어서 오전 9시 ...	9012	520	244	-1
BHpy8rsA_NY	[🍴뉴스픽]  윤석열 ‘적폐수사’ 발언 격돌? 대선후보 2차 TV 토론 관전 포인트!  | KBS 방송	대선토론 #적폐수사 #윤석열 #이재명 #안철수 #심상정 #대선후보 이재명, 윤석열, 심상정, 안철수 4명의 대선 후보가 맞붙는 2차 TV ...	3	0	0	-1
6a20OORmMdg	윤석열 헛발질, 역풍 맞았다! 민주당 '장모 48억 마통 만들어 부동산 차명 투기' - 홍준표 신천지 소신발언, 이준석 트롤 행보.. 이재명 '유능한 경제 대통령 필요'	윤석열장모김건희논란 #식물당대표이준석트롤 #이재명유능한경제대통령후보 ▣ 황희두 멤버십 후원 ...	24438	10188	407	-1
346HBmNraN0	Live-문재인 대통령 '강력한 분노'/이재명 공약집에 &#39;검찰개혁 완수&#39;/윤석열 캠프에 신천지/외신 '제2의 한국전쟁 가능성'/뿔난 BTS 팬... AI 윤석열	멤버쉽 링크 - https://www.youtube.com/channel/UCkI2g2FvX-haxXqqDMqc96A/join 송작가TV몰 링크 ...	3563	5786	0	-1
O-iS9-HEhVQ	2/11(금) - 윤석열의 대통령 모욕(우상호)/ [말말말] “윤의 적폐 수사” vs “김혜경 사과”(전재수·성일종)/ [친절한 대기자] “1987과 2022 단일화 차이점”	2월11일(금) 김현정의 뉴스쇼 ▣ 라이브 방송 안내 뉴스쇼 라이브 방송 | 매주 월~금 오전 7시20분~9시 댓꿀쇼 라이브 방송 | 화·금 주 2 ...	111906	2408	217	-1
tUli4RdSa-Y	윤석열 후보의 정치보복 선언을 두고, 청와대출신 더불어민주당 국회의원들이 모였습니다 #shorts #정치보복 #규탄		20	10	0	-1
7dIt5i9qGa0	디지털 약자층을 위해 키오스크 체험관 만듭니다  #shorts #윤석열 #59초공약짤	shorts #윤석열 #59초공약짤.	2026	884	36	1
-PN9PB3pgx8	[시사이단] (병)신천지 윤석열 지원???	십만 신천지 양병설이 사실인 듯.... This stream is created with #PRISMLiveStudio.	3340	1291	0	-1
guDLnnMFO98	4당 대선후보, 오늘 MBN에서 TV토론 격돌…&#39;적폐수사&#39; 공방 예고 [아침&amp;매일경제]	【 앵커멘트 】 오늘(11일) 저녁 8시, 서울 MBN 스튜디오에서 대선후보 4인이 두 번째 TV토론을 벌입니다. 청년 정책과 코로나 방역 ...	462	19	8	1
M_yD7i2-Lzg	&#39;적폐수사 발언&#39; 공방 계속...오늘 저녁 2차 TV토론 / YTN	[앵커] 대선판이 이른바 '적폐수사' 공방으로 요동치고 있습니다. 어제 문 대통령이 국민의힘 윤석열 대선 후보에게 직접 사과를 요구한 ...	1938	54	47	-1
VdVqTYUXJGE	윤석열 두자리수로 이재명과 격차 벌였다. 4050 뺀 전 연령대서 尹이 앞섰다 [리서치뷰]	김혜경의 불법의전 법카유용 등이 결정타 역할 . 이재명 캠프 난리났다!	20299	9049	524	1
hn5cxG-XUkE	윤석열 &#39;정치보복 하겠다&#39; 선언 / 윤석열이 대통령이 되면 펼쳐질 미래 / 김혜경 의전 논란 사과 / 김건희 사주 본 무속인 뉴스공장 증언	윤석열 #정치보복 #문재인 ------------------------------------------ 후원계좌: 국민은행 817201-04-168778 촛불전진 블로그: ...	726	203	0	-1
ge_6aWY3W5A	[문경현국티비] 윤석열, 문경 9090 프로젝트 ep.2 윤석열 지지 필승 결의대회	윤석열#국민의힘#문경시장 윤석열, 문경 9090 프로젝트 ep.2 윤석열 지지 필승 결의대회 안녕하세요. 오늘은 국민의힘 경북도당에서 ...	39	12	0	1
tDzfHNfimhA	윤석열 지지자에게 묻는다	채널에 가입하여 혜택을 누려보세요. https://www.youtube.com/channel/UC1mySWSKdHfheY5rM9zu-Vg/join 최배근TV 후원계좌: ...	1665	885	74	1
Qu5VkMyFh_Y	신천지와 윤석열 후보.무슨 관계? #Shorts	노컷뉴스 #신천지 #윤석열 기사출처: 노컷뉴스 https://www.nocutnews.co.kr/news/5704807.	263	107	9	-1
H7vCHLfleD0	대선후보 2차 TV토론 전에 꼭 봐야할 영상(feat.기자협회토론, jtbc편향성, 손석희, 종편4사 중계, 이재명, 윤석열, 안철수, 심상정) [정준희의 해시태그 95회]	[정준희의 해시태그 95회] 대선 토론을 바라보는 언론의 태도 ▷진 행 : 정준희 (언론 비평가) 거의없다 (영화 비평 크리에이터) ...	30632	4586	115	1
lX1ouRzD1jU	문재의 적폐청산과 윤석열의 적폐청산	문재인 #윤석열 #적폐청산 가로세로연구소 구독 후원 방법 정기구독 후원 ARS 1877-0665 기업은행 655-026629-01-014 (예금주 ...	119833	26859	186	-1
KyOngNSiaIA	KORAIL 윤석열 열정열차 온양온천역통과영상		26	4	1	1
Urv7Ow8zrM0	윤석열 지지자들 아침부터 난리내요 ^^ #윤석열 #김건희	턴라이트 - 구독 턴라이트  자발적후원 계좌   중소기업은행 341-108033-04-010 ❤ 문자응원 #70794296 ✓✓해외용페이팔 ...	3627	515	0	-1
Rnbr0P2mqFs	당구500치는데 시력 때문에 군면제 받은 사람이 있다? #윤석열 #shorts	윤석열 #부동시.	175	90	8	-1
6zjPZbAHM8Y	문통의 대선참전 태디 왈 '이제는 문재인 VS 윤석열 구도,이재명의 존재감이 사라진다.'	백성문 #김태현 정치 계의 두 절친 법조인 김태현 백성문 변호사의 정치 토크쇼 [정치왓수다] 후원 계좌 우리은행 1005-903-567338 ...	2050	293	23	1
vLS-7Pm5tHo	사드로 윤석열 충청도 표심 흔들기?...홍문표 '이런 짓은 하면 안되지'	국민의힘 #홍문표 #윤석열 #사드 #충청도 #충남 국민의힘 홍문표 의원이 22년 2월 11일 열린 열정열차 기자회견에서 발언하고 있다.	620	78	0	-1
-8QkGQ4rK2A	내 개인정보가 새고 있다? 공무원 개인정보 접근 알림 의무화합니다! #shorts #윤석열 #59초공약짤	shorts #윤석열 #59초공약짤.	2892	1184	56	-1
deGyMkRaPf0	2/11(금) 윤석열 고발사건 검·경에 이첩한 공수처…사건에 주목할 때_노영희의 뉴스인사이다[대담한 대담]	"2월 11일 (금) 노영희의 뉴스인사이다 ▷ 노영희의 [대담한 대담] 신유진 변호사 - 문 대통령, 尹에 사과 요구…""강력 분노"" - ""검찰총장 ..."	1157	286	28	-1
gh08a-Q-yd4	국민의힘 열정열차 출발지 천안역?...이준석 '윤석열이 고향으로 여기는 곳'	국민의힘 #이준석 #열정열차 #출발지 #천안역 #고향 국민의힘 이준석 당대표가 22년 2월 11일 열린 열정열차 출발 기자회견에서 ...	919	148	9	1
dta3wWomrs4	[친절한 대기자] 1987년 김영삼-김대중 단일화와 2022년 윤석열-안철수, 이재명-김동연 단일화 차이점은?	라이브 방송 안내 뉴스쇼 라이브 방송 | 매주 월~금 오전 7시20분~9시 댓꿀쇼 라이브 방송 | 뉴스쇼 본방송 끝나자마자 이어서 오전 9시 ...	1085	31	8	1
cV9vWumVaMw	신문브리핑 2 '민주당 '보복 막으려 내부 결집할 것'' 외 주요기사 [아침&amp;매일경제]	"(매경)신문브리핑 2 ""민주당 ""보복 막으려 내부 결집할 것"""" 외 주요기사(0211) #아침앤매일경제 #신문브리핑 #이상훈앵커 #문재인 ..."	1328	28	19	1
l1NnbEjr6kM	[문틀란 TV]  문재인의 발언 이후 윤석열 지지율 더 상승 현실로!!	문재인의 윤석열 공격 발언 반영된 최초의 조사 결과!	6193	3510	169	-1
TRZLLD7MmQw	검찰 본능 못감추고 중도층 밀어내는 윤석열 [아침옳소]  0211	마이보험체크 - 정직한 보험전문가 보험리모델링, 보험비교 - 주변 지인통해 가입한 내보험체크하세요 - 김성회의 옳은소리를 통해 ...	13094	6004	33	1
Ccudfol6xZc	윤석열, 文적폐수사 말할 자격있나?멀쩡했던 박근혜,폐인 만들었다#文의 푸들 윤석열, 약점잡혔나#최재형,곶감 빼먹었다#안철수마이웨이#죄질로본 김혜경 김건희#1등공신 홍준표 이준석	윤창중칼럼세상은 보수우파의 집권이 목표입니다. 실현 가능한 해법과 방향을 분명히 제시합니다. 윤칼세를 도와주십시오. 윤칼세TV ...	6087	1418	29	-1
BWvU1KULs4A	윤석열 후보가 말하는 적폐청산 뜻?상진법사가 알려준다#shorts#4자토론#적폐청산#이재명성대모사#윤석열성대모사#성상진tv	적폐청산은 해야합니다#shorts#윤석열성대모사#이재명성대모사#성상진tv.	4	3	0	1
V-C300ge7W8	한동훈 독립운동...윤석열이 예고한 보복정치의 집행부는 누구?! 윤석열 shorts	윤석열이 예고한 보복정치의 집행부는 누구?! #윤석열 #shorts.	200	77	8	-1
fQQHYjBWuAE	윤석열은 억울하다. 문재인 대통령님 왜 그러세요~ #shorts	국민의힘 민주당 문재인 이재명 윤석열 적폐청산 정치보복.	367	68	6	-1
URGnW0vVVVs	[장성철TV: &#39;KTX제주해저터널 논란&#39;, &#39;이재명, 윤석열에 완패&#39;  #이재명 #윤석열 #제주해저터널	이재명 '제주해저터널 철회', 윤석열 '제주제2공항 우선 추진'에 완패한 것이다! 2월 8일 더불어민주당 이재명 후보가 공약으로 검토 ...	16	2	1	-1
E0XEkXISKi4	김혜경과 김건희의 배우자 리스크 | 대선후보 TV토론 관점포인트 | 문재인과 윤석열의 적폐청산 논란	김준일 민동기 민경남PD | 댓꿀쇼 670회 2월11일(금) 뉴스쇼 별책부록, 댓꿀쇼 좋아요와 구독, 알림까지 꼭.꼭. 눌러주세요! 댓꿀쇼를 ...	39948	1526	59	1
TFLB3sPFdkY	[11시 김동원의 하이파이브] 급변! 윤석열-문재인, 마지막 혈투 / 경찰 양심선언 '청와대가 첩보 줬다' / 법원 '김정숙 옷·구두값 공개하라'_220211	"[11시 김동원의 하이파이브] 급변! 윤석열-문재인, 마지막 혈투 / 경찰 양심선언 ""청와대가 첩보 줬다"" / 법원 ""김정숙 옷·구두값 공개 ..."	2271	563	0	-1
