ID	title	description	viewcount	likecount	commentcount	label
g6B8hjl5CiI	국민의당 안철수 후보 건강의료 정책 라이브 (국민의당 안철수 후보 &amp; 홍혜걸 기자)	비온뒤는 특정 정당이나 후보자를 지지하지 않으며, 후보자들의 건강의료정책 공약을 알리기 위한 공익적인 목적으로만 진행함을 ...	0	28	0	1
DBHy19mpbz0	막판변수인 안철수 후보단일화도 순조롭게 추진 2022.2.12 오전11시	후보등록일 앞두고 여론조사 정밀 분석 윤석열 평균 5-7% 우세,대선까지 이어질 전망 #이재명#김건희#김혜경#이준석#안철수# ...	629	333	7	1
caS1F1c-Ba4	'이재명 36% 윤석열 37% 안철수 13%' [갤럽] / 연합뉴스TV (YonhapnewsTV)	"""이재명 36% 윤석열 37% 안철수 13%"" [갤럽] 한국갤럽의 2월 둘째주 자체 여론조사에서 더불어민주당 이재명 후보가 36%, 국민의힘 ..."	1308	25	19	-1
OSuNXTzo1U0	윤석열-안철수, 단일화 시 파급력 #Shorts	[시사끝짱] □ 진행: 배종찬 인사이트케이 연구소장 □ 대담: 진중권 전 동양대 교수 #안철수 #윤석열 #진중권 #Shorts.	1620	149	8	1
ZLSUFxjWaw8	[풀영상] 국민의당 안철수, 한국산업기술진흥협회 초청 정책간담회 (22.02.12)	국민의당 #안철수 #초청 #정책 #간담회 [풀영상] 국민의당 안철수, 한국산업기술진흥협회 초청 정책간담회 (22.02.12) 시사포커스TV ...	1116	149	13	1
5sEvKsxIMzU	영혼이 있는 승부사, 안철수 #대선후보  #안철수		48	36	6	1
ktnqCwQ9_SE	박근혜 전격 대구행!숨겨진 빅픽처 무엇일까?#홍준표 유승민 떨고있다#윤석열,신천지 위기다!#안철수 9회말 장외홈런칠까#이준석 또 안철수 저격! 왜?#이재명 낙선하면 김혜경 운명?	윤창중칼럼세상은 보수우파의 집권이 목표입니다. 실현 가능한 해법과 방향을 분명히 제시합니다. 윤칼세를 도와주십시오. 윤칼세TV ...	8543	1686	29	1
0Uyp1kBcxNY	이미 6년 전 &#39;공정성장&#39; 경제정책 만든 원조  안철수!!! #공정성장 #안철수 #대선후보		63	26	2	1
uUx1TE3SeRY	안철수 딸 안설희 박사 출국 ✈	안철수 #윤석열 #이재명 안철수 뽑으면 안철수 대통령 됩니다.	14	4	0	1
rJe0iH8yj3o	2017년 대선 당시 안철수 &#39;공정성장&#39; 경제정책과 문재인 &#39;소득주도성장&#39; 비교 #안철수 #공정성장 #소득주도성장 #대선후보 #이재명 #안철수정책다베껴 #카피맨 #이도리코		112	42	4	-1
wLBJERvuINo	신해철법이 통과되기 까지 안철수의 노력 #안철수 #신해철법 #대선후보 #지도자 #대선후보 #정치인 #시대교체 #의사		207	88	21	1
9l_la4CWD0k	안철수 - 2022년운 및 음력 1~2월운 및 사주 분석풀이		10	0	0	1
PxRrxKUxrFc	안철수가 대한민국 국민들께 말씀 올립니다.	안철수 #김미경 #안설희 #2022 #임인년 #대한민국 #대통령 #선거 #대선 #투표 #정권교체 #시대교체 #방역 #과학기술 Music ...	25	0	1	1
sRK360UCCmw	으르렁댄 네 후보, &#39;청년 껴안기&#39; 경쟁에선 충돌 피해 / 연합뉴스TV (YonhapnewsTV)	으르렁댄 네 후보, '청년 껴안기' 경쟁에선 충돌 피해 [앵커] 토론장은 120분 내내 창과 방패가 부딪치는 거친 마찰음으로 시끄럽기만 ...	133	2	0	1
SN4a6CCMEFI	안, 산업정책 간담회…심, 지방자치 정책 대담 / 연합뉴스TV (YonhapnewsTV)	안, 산업정책 간담회…심, 지방자치 정책 대담 국민의당 안철수 대선 후보는 오늘(12일) 한국산업기술진흥협회 초청 정책간담회에 ...	314	6	2	1
EqHeWCqDkNw	윤석열-안철수 단일화, 성공하나? 결론, 미리보기 [RNB, 레지스탕스TV,  정광용TV]	자율구독료(후원): 하나은행 224-910502-42407 (예금주:정광용) ☆멤버십 가입: ...	4111	1364	58	1
0juuNSxbWpg	다자토론의 최대 수확은 안철수!!  후보앞으로의 토론회는 &#39;과거 대 미래&#39; &#39;정상 대 비정상&#39;의 대결 구도가 될 것	국민의당 홈페이지 https://peopleparty.kr/#anchor2 안철수 페이스북 https://www.facebook.com/ahncs111 유튜브 ...	3	0	0	1
liWBdvmAPvA	난리난 윤석열, 신천지 추가 폭로 떴다! '지난해 신천지 간부 천명 이상 국민의힘 당원 가입했을듯' - 입장 밝힌 홍준표, 무능한 이준석.. 이재명 '지금 필요한 건 통합'	윤석열신천지추가폭로 #신천지간부국민의힘당원가입 #홍준표이준석윤석열 #화해통합외친이재명 ▣ 황희두 멤버십 후원 ...	26508	14861	492	-1
gMIbt-4ATZ0	돈 많은 이재명 ?	안철수 #윤석열 #이재명 안철수 뽑으면 안철수 대통령 됩니다.	3	2	0	1
y9Cdw7yz9uQ	이재명부부의 치밀하고 조직적인 업무추진비 횡령수법! 2022.2.12 오전8시	이재명부부가 배소현을 통해 경기도 실국별로 갹출한 업무추진비를 관저비용으로 위장해 빼돌린 수법에 경악 #윤석열#이재명# ...	5716	3723	171	-1
j8q4b-fw3Is	마당을 나온 아재의 3대 예언 (안철수후보님의 3대 예언)	마당을 나온 아재의 3대 예언 (안철수후보님의 3대 예언) 윤석열 후보가 당선되면 3가지 일이 생길겁나다.	52	29	8	1
6zMhPKEI7GI	[LIVE] 대선토론 2차 이재명 윤석열 안철수 심상정, 핸우의 해설	ㆍ대선토론회 4자토론 2차 일시 : 2/11 (금) 저녁 8시, MBN 대선후보 : 이재명, 윤석열, 안철수, 심상정 주제 : 2030 청년 정책, 신종 ...	95	14	0	1
WqTseQ8YJ1Q	대선후보 1~2차 TV토론 중간평가 : 이재명과 윤석열	대선후보 1~2차 TV토론 중간평가 이재명×윤석열의 역할이 뒤바뀐 창과 방패싸움: 왜 윤석열은 쉬지않고 이재명을 공격하는가?	0	7	0	1
U6zB8KTcE9I	(특급) 2차토론 12번본 후기! 백신맞았냐? 어디에서 맞았냐? 를 물어본 충격적인 이유...윤석열이 어제 토론중 진짜 화난이유	(특급) 2차토론 12번본 후기! 백신맞았냐? 어디에서 맞았냐? 를 물어본 충격적인 이유...윤석열이 어제 토론중 진짜 화난이유 [뉴스 ...	103	14	0	-1
gI6X95QVBhk	대선후보 토론회 가상전 ..2 허경영	대한민국, 대통령, 신인, 허경영, 이재명, 윤석열, 안철수, 심상정,	50	27	1	1
DOsKdT5nr7M	윤석열 vs 안철수, 컨셉 바보형제 말싸움?! 덤앤더머! 아이고 답답해!	대선토론 2월11일 안철수는 잘 해보려다 자꾸 기억이 가물거리고, 윤석열은 평범한 말도 더듬더듬 두 사람 합이 잘 맞네요.	19	11	1	-1
WGWUQ53JcRE	정권교체에 앞장 선 청년들! 민주당 멘붕! / 22.02.12	시사뉴스 우동균 멤버십으로 함께해주세요! https://www.youtube.com/channel/UClayC1t68fV2ke1StodmGLA/join #윤석열 #이재명 ...	1021	447	9	1
t-6tnGrjyVo	대선후보 토론회 4... 그런데 증말 수준 차이가 너무 많이 난다. 한심하다. 허경영을 비웃는 것들 다 이해가 안된다,	허경영 윤석열 이재명 안철수 심상정 대선.	20	9	0	-1
DpcNyWLmbZ8	보수 강세 속 이변 나올까?…격전의 무대 PK / 연합뉴스TV (YonhapnewsTV)	보수 강세 속 이변 나올까?…격전의 무대 PK [앵커] 부산, 울산, 경남, 흔히 PK로 부르는 이 지역은 역대 대선에서 늘 격전지였습니다.	878	22	8	1
1peYhvfnbew	대선후보 토론회 가상1	대한민국, 대통령, 신인, 허경영, 이재명, 윤석열, 안철수, 심상정,	16	6	0	1
rYxt-9wodNI	배상훈·정종권의 막장토론 2.12 : 김용균 사망사고 원청 사장은 무죄? 대선후보 2차 TV토론	배상훈·정종권의 막장토론 2.12 : 김용균 사망사고 원청 사장은 무죄라고? 대선후보 2차 TV토론 배상훈 정종권의 막장 또는 난장토론 ...	448	85	0	-1
zMVzEhK4nns	속보 국민혁명당 고영일 대선후보 사퇴기사회견 LIVE  2022.2.12	전광훈 #윤석열 #안철수 #후보단일화 #한국교회방송 #이은재tv #남북통일 #미스바 성회 멤버십 ...	1928	615	9	1
AuAsG6hshCM	야권단일화 급물살!안철수 중대 결심!여론조사 없이 통큰 담판! 민주당 패닉!#정권교체		93	4	0	1
5wfNKTc9ejo	[☝한 줌의 사료] 말 잘하는 해설사보다 일 잘하는 해결사를 뽑는 방법(feat.쑨원)	사료읽기 #중국 #쑨원 #중화민국 #고시 #2022대통령선거 #안철수 #이준석 #국민의힘 #선관위 #투표독려 한 줌의 사료 ☝ 단 한 줄 ...	25	7	0	1
gDJPr2cChQ8	[문틀란 TV]  네티즌들, 이재명의 ’구렁이 담 넘어가듯‘ 답변 태도에 혹독한 비판!!	친윤 김한길, 안철수와 접촉!! 친안 이태규, 양측 접촉 시사!	2598	573	0	-1
6lUak9EZ6-U	윤석열 vs 이재명 '대장동 대비해왔어? 그런데 오늘은 백현동이야'	윤석열#이재명#대장동#백현동#심상정#안철수.	8	4	0	-1
22BkywPYywI	이재명, 대선 포기? [2022년 2월 12일(토) 정군기의 텐텐뉴스]	"00:00 취조 vs 곤란 vs 질문 vs 훼방 26:57 대선판 인구의 정치학 39:12 정치적 귀향 / ""공산주의자"" 무죄…문재인 어디갔나? 영상이 ..."	5595	2229	57	-1
peIUoESPvA4	보수텃밭 &#39;정권교체론&#39; 강세…&#39;샤이 이재명&#39; 주목 / 연합뉴스TV (YonhapnewsTV)	보수텃밭 '정권교체론' 강세…'샤이 이재명' 주목 [앵커] 대구·경북지역은 '보수의 심장'이라 불리며 전국에서 보수 지지 성향이 가장 ...	1239	33	13	1
lEZi1gC4b9Q	[2022년 2월 12일 토요일 오전 방송]	2022년 2월 12일 토요일 오전 방송] 정론일침 [법보다주먹] 서정욱변호사 **만만운동: 농협 317-0024-5198-61 / 국민 ...	77345	16616	49	1
rZjw6WWC4qo	220211 대선후보 초청 토론회 [안철수] 마무리 발언	220211 대선후보 초청 토론회 중 국민의 당 안철수 후보의 마무리 발언입니다. 후보 님의 진심이 절절히 느껴지는 울림있는 발언 ...	4	2	0	1
NnXRRN8xiaA	[안철수 공약] 교육개혁 “1951년에 만들걸 그대로 이용중이다” ㅠㅠ	안철수 #공부왕찐천재 #홍진경 #교육개혁 #만5세입학.	10	4	3	1
Qs30tgg_w1Q	[안철수 공약] 교육개혁(2) “시간이 없다..”	안철수 #공부왕찐천재 #홍진경 #교육개혁 #핀란드.	2	0	0	1
Dj4rP3VyLls	이준석,2차토론 충격적 총평!단일화 극비협상,엄청난 비화전말!	윤석열TV: https://www.youtube.com/channel/UCcl16CxYqlbKQJVCfdhSJVw 윤석열 공식 유튜브 주소입니다. 나라를 살리는 모든 ...	0	1	0	1
12gd8GBf7Lc	[시청자 반응 ] 1차토론보다 관심 떨어져, 동시간대 쇼트트랙 경기 더 많이 시청	모든 연령대, 모든 지역에서 1차 때 보다 시청자 수 일제 히 크게 감소 시청률전문가에게 듣는 2차 토론 시청자 수 감소 이유는 ? 앞으로 ...	20	3	0	1
