ID	title	description	viewcount	likecount	commentcount	label
uEDu7peTgWA	실시간 🔴생중계 | &#39;열정열차&#39; 전주역 현장 라이브! 국민의힘 윤석열·이준석, 전북 공약 발표!	열정열차 #국민의힘 #이준석 #윤석열 #걸어서현장속으로 #전북방문 #전주 #남원 국민의힘 윤석열 대선후보와 이준석 대표가 '열정 ...	5650	0	7	1
yuMpYXNX9C0	[LIVE] 윤석열 이준석 '열정열차, 호남을 말하다' 전주 남원행 / SBS	윤석열 국민의힘 대선 후보가 주말 동안 정책 홍보 열차 '열정열차'을 타고 호남 민심을 공략에 나섭니다. 윤 후보는 12일 열정열차에 ...	37834	2410	105	1
CdQG5wqBLG4	이재명 '검사가 왜 이러나'…윤석열 '말이 왔다갔다 해' / 연합뉴스TV (YonhapnewsTV)	"이재명 ""검사가 왜 이러나""…윤석열 ""말이 왔다갔다 해"" [앵커] 두 번째 토론으로 맞붙은 더불어민주당 이재명 후보와 국민의힘 윤석열 ..."	1846	56	19	1
ZYnrl3rM2E4	윤석열, 문재인의 1호 공약 완수 아이러니	[이봉규TV 멤버십 가입] https://www.youtube.com/channel/UCxuf3GXK290vcpFW0lxm0Uw/join 이봉규 TV 후원계좌 신한은행 ...	10579	3332	169	1
Qxp2Tcl-DlA	법대로 말하자면, 윤석열의 범죄가 이재명보다 훨씬 무겁고 중하다!  (2022. 2. 12)	김경재 후원회 농협 352 - 1924 - 7661 - 93 예금주 : 김영숙 (회계) 법대로 말하자면, 윤석열의 범죄가 이재명보다 훨씬 무겁고 중하다!	423	123	17	-1
caS1F1c-Ba4	'이재명 36% 윤석열 37% 안철수 13%' [갤럽] / 연합뉴스TV (YonhapnewsTV)	"""이재명 36% 윤석열 37% 안철수 13%"" [갤럽] 한국갤럽의 2월 둘째주 자체 여론조사에서 더불어민주당 이재명 후보가 36%, 국민의힘 ..."	1300	25	18	-1
Z8_geXfnNPY	윤석열, &#39;열정열차&#39; 타고 호남 공략…전주~여수 유세 / 연합뉴스TV (YonhapnewsTV)	윤석열, '열정열차' 타고 호남 공략…전주~여수 유세 국민의힘 윤석열 대선 후보는 주말인 오늘(12일) 유세용 전세 열차인 '열정열차'를 ...	2221	112	18	1
liWBdvmAPvA	난리난 윤석열, 신천지 추가 폭로 떴다! '지난해 신천지 간부 천명 이상 국민의힘 당원 가입했을듯' - 입장 밝힌 홍준표, 무능한 이준석.. 이재명 '지금 필요한 건 통합'	윤석열신천지추가폭로 #신천지간부국민의힘당원가입 #홍준표이준석윤석열 #화해통합외친이재명 ▣ 황희두 멤버십 후원 ...	26465	14845	492	-1
PawtYuz7_K0	윤석열 후보 직속 공명선거-안심투표 추진위 발족/황교안 부방대 1만명 돌파[권순활TV]	[자율구독료] 신한은행 110 183 108360 권순활 #윤석열 #황교안 #부방대.	1314	600	52	1
j4GHlYqAAPg	전방위 충돌한 TV토론...이재명 &#39;충청&#39; vs 윤석열 &#39;호남&#39; 공략 / YTN	[앵커] 각종 수사 의혹에 더해 배우자 논란까지, 어젯밤 대선 후보 TV토론에서 전방위 충돌이 벌어지면서 여야의 신경전도 이어지고 ...	8349	166	168	-1
ylMFB4K4CLI	법대로 말하자면, 윤석열의 범죄가 이재명보다 훨씬 무겁고 중하다!  (2022.02.12.아침)	후원 : 중소기업은행 140-123129-01-017 PAY PAL citylovelee@hanmail.net.	1723	556	43	-1
OSuNXTzo1U0	윤석열-안철수, 단일화 시 파급력 #Shorts	[시사끝짱] □ 진행: 배종찬 인사이트케이 연구소장 □ 대담: 진중권 전 동양대 교수 #안철수 #윤석열 #진중권 #Shorts.	1620	149	8	1
r6e_5Iogbbs	靑, 하루만에 침묵 모드 전환! 문재인, 윤석열 적폐 수사에 겁먹었나? (진성호의 융단폭격)		55952	14349	700	-1
FUMVsLYj-Js	윤석열 '특정 정당, 호남에 좋은 말 많이 했는데 되는 게 한 가지나 있었나'	윤석열 #국민의힘 #호남 #민주화 #지역 윤석열 국민의힘 대선 후보가 22년 2월 12일 전주역 광장에서 시민들과 만나 발언하고 있다.	3819	1283	80	-1
kKvIsVVSo6Y	4자토론 찐 당황한 윤서결 윤석열 #shorts	4자토론 찐 당황한 윤서결 윤석열 #shorts.	1274	166	11	1
ktnqCwQ9_SE	박근혜 전격 대구행!숨겨진 빅픽처 무엇일까?#홍준표 유승민 떨고있다#윤석열,신천지 위기다!#안철수 9회말 장외홈런칠까#이준석 또 안철수 저격! 왜?#이재명 낙선하면 김혜경 운명?	윤창중칼럼세상은 보수우파의 집권이 목표입니다. 실현 가능한 해법과 방향을 분명히 제시합니다. 윤칼세를 도와주십시오. 윤칼세TV ...	8543	1686	29	1
SwZ1sgNvl0I	대선토론2차... 하이라이트	이재명 #윤석열 #대선토론.	41438	12972	842	1
w3eZRIg_tF8	[정치人싸] 2차 토론, 누가 거짓말 했나 팩트체크!｜홍카콜라도 인정한 신천지-윤석열의 특수관계 - 현근택, 장성철, 김준우, 윤희석 &amp; 전종환 아나운서	인싸를 꿈꾸는 네 남자의 유쾌·상쾌·통쾌 정치 토크쇼! | 시즌 3 PPL을 원하시는 분은 댓글 혹은, mbcradiofocus@gmail.com 으로 메일 ...	28354	2877	0	1
ekGiG_4sosc	이재명 윤석열 대선토론 사법시험에 관하여#shorts	이재명 윤석열 대선토론 사법시험에 관하여#shorts.	237	22	1	1
zBeFhucK5oI	[충격현장] 윤석열 호남 지지 난리났다. 열차 출발	종이TV 자율구독료 ○ 카카오뱅크 3333-03-8393457 박ㅈㅇ 국민 632302-04-024991 박ㅈㅇ ○ 종이의 멤버십 ...	6887	2307	30	1
mxUdK_sT22w	[오연호가 묻다] 문재인 대통령의 &#39;강력한 윤석열 경고&#39;, 노영민 전 비서실장이 말하는 그 배경과 파장은?	[오연호가 묻다] 문재인 대통령의 '강력한 윤석열 경고', 노영민 전 비서실장이 말하는 그 배경과 파장은?(2022.2.12 오후 2시) #문재인 ...	0	0	0	-1
jvwn9uzUeWg	토요 라이브: 김작가에게 무엇이든 물어보세요!	후원계좌 : 신한은행, 김두일 : 110 248272 422 ◼︎ 페이팔 : https://www.paypal.com/paypalme/KIMDOOIL ◼︎ 채널가입: ...	27268	9292	121	1
xMnyPNHmBaE	윤석열의 토론법		27	13	1	1
t3w0idrcei0	[예고없는인터뷰 015] 윤석열의 스포츠 정책은 왜? (feat. 김재섭 전 비대위원, 최봉암 교수)	프레스18 #최봉암 #김재섭.	0	3	0	1
jP1iHezOZls	[짤] 전문가 '윤석열 부동시 판정 있을 수 없는 일'	새날마켓 바로가기 : https://www.saenalmarket.com 새날패밀리 구독하기 ...	5185	995	55	1
eFfEegTda0g	긴급속보)윤석열 공약홍보 열정열차 타고 호남방문 이준석 김혜경 이재명	윤석열 후보 '국민이 키운 윤석열, 내일을 바꾸는 대통령' 국민의힘 윤석열 대선 후보는 12일 정책 공약을 홍보하는 '열정열차'를 타고 ...	5	2	0	1
NeeXFKekx2A	與 “尹, 막판 평정심 무너져” 野 “李, 특수부 검사 출신에 무리수”	이재명과 윤석열의 대결에서 이재명의 약점을 윤석열이 파고들었고 이재명은 방어에 급급했다. 1등이 오히려 더 공세적이었다.	23832	9285	310	-1
iqHipxSlZ3U	윤석열대통령후보남원방문	This stream is created with #PRISMLiveStudio.	2	0	0	1
O7aO9BX4wUg	추미애...신천지의 윤석열 위한 당원 가입 보도”, 윤석열은 국민 앞에 답해야 합니다..	신천지의 윤석열 위한 당원 가입 보도”, 윤석열은 국민 앞에 답해야 합니다. 신천지교회가 각 정당 대선 후보 경선이 시작되던 지난해 7 ...	20	12	0	-1
s9tZI0oiDC4	사드 추가배치 브룩스도 반대했다는데 끝까지 거짓말하는 윤석열		9	9	0	-1
ecg-9Utoab8	윤석열 열정열차 전주역 연설 #윤석열 #열정열차 #전주역	shorts #국민의힘 #대통령후보 동네 흔한 형들의 정치이야기. ☆ 평일 월,화,수,목,금 pm11:15 live 방송 합니다.☆ 구독, 좋아요 부탁 ...	248	36	3	1
cXgqWeqQ6aY	말만 하면 거짓말 윤석열		240	2	1	-1
-IncuFKKwWg	윤석열 응원합니다	제20대 대통령 후보 윤석열 지지합니다.	26	2	0	1
jMptB3mbxQ4	윤석열 억지로 우기면 정말 곤란해		238	1	0	-1
X2z6OswdXCw	이재명 후보 헛발질 질문, 당당한 윤석열후보	구독 추천 알람^^	626	113	8	1
sbG3ltNqvZA	[LIVE 해피코리아방송] 윤석열 후보의 정치보복 협박과 공포정치 시도 규탄 기자회견. 더불어민주당 파주시 기초의원(한양수 손배찬 이용욱 박대성 목진혁 최유각 이성철 박은주)	유튜브 구독하러가기☞ https://bit.ly/2uHvQqW ▷네이버TV 구독하러가기☞ https://bit.ly/2YEtDKK ▷해피코리아 홈페이지☞ ...	40	9	2	-1
6yvJUONAE2E	윤석열 후보		4	1	0	1
91uGLhD6VYw	윤석열후보, 로고송 찐이야~ 댄스	구독 추천 알람^^	506	112	10	1
I4U9zs_gSp0	윤석열대통령후보남원방문	This stream is created with #PRISMLiveStudio.	0	0	0	1
NmXiJJ8E4a4	대선후보 ‘4자토론’ 윤석열후보 완승		404	100	5	1
fkdHFkhT364	[토윤응] 2차 대선토론 강평 '윤석열표 정치철학, 부끄러움은 왜 국민의 몫인가?'	"[토윤응] 2차 대선토론 강평 ""윤석열표 정치철학, 부끄러움은 왜 국민의 몫인가?"" #대선토론 #윤석열 #김건희 #최은순 #정치철학 ..."	0	57	0	1
wF_GZA2Vbxk	💥더불어 민주당.. 🔸윤석열 후보가.. 곽상도 전 의원.. 편파 수사라고 비호 하고있다....#shorts	청년의소리 정말 리얼한 청년들의 목소리 여러분의 구독과 좋아요가 큰 힘이됩니다 ...	3	0	0	-1
dJRFS9XWmKc	.남원역 윤석열후보  시민들과만남	This stream is created with #PRISMLiveStudio.	388	0	0	1
IuRERsm2rRw	윤석열 열정열차 이준석 호남		2	0	0	1
FbU6Bzbyx9g	[VOA 뉴스 투데이] 2022년 2월 12일	바이든 행정부 '인도태평양 전략'…비핵화·인권·억지” / “주한 미국대사 '골드버그' 지명…'대북제재 총괄' 역임” / “윤석열 후보…	1488	262	12	1
5RG8wVkGDAk	윤석열 대통령 후보 부인 김건희, 무자격 대학 게임 강의 학력·경력 논란 팩트체크(3/3)	윤석열 대통령 후보 부인 김건희, 무자격 대학 게임 강의 학력·경력 논란 팩트체크(3/3) 누가 제일 피해를 보나 ? 현 게임전공 교수들이 ...	2	0	0	-1
nrSy3O_Okwc	'90% 압도' vs '20% 이변'…호남표심 어디로 / 연합뉴스TV (YonhapnewsTV)	"""90% 압도"" vs ""20% 이변""…호남표심 어디로 [앵커] 20대 대통령 선거 후보자 등록이 하루 앞으로 다가왔습니다. '정권 재창출'과 '정권 ..."	5600	324	77	1
DpcNyWLmbZ8	보수 강세 속 이변 나올까?…격전의 무대 PK / 연합뉴스TV (YonhapnewsTV)	보수 강세 속 이변 나올까?…격전의 무대 PK [앵커] 부산, 울산, 경남, 흔히 PK로 부르는 이 지역은 역대 대선에서 늘 격전지였습니다.	876	22	8	1
cnJG1ndLW1U	#윤석열후보 #후보윤석열 #윤석열응원가 윤석열응원가	윤석열 대통령후보 응윈가입니다.구독 좋아요.	165	23	0	1
M-PHtTqNvBI	윤석열 문재인 사주 궁합 2022년 운세 사주팔자 예언	전화 010 7572 3200 김현삼.	5	1	0	1
