ID	title	description	viewcount	likecount	commentcount	label
Goq-4z9uIdg	더불어민주당 이재명 대선후보, 제주 공약 발표 - [선택2022 끝까지 LIVE] MBC 중계방송 2022년 02월 13일	더불어민주당 이재명 대선후보, 제주 공약 발표 * 본 LIVE 방송은 공약 발표가 끝날때까지 이어집니다. #이재명 #더불어민주당 #제주 ...	13950	1305	110	1
mkFWTSicFfI	[생중계] 이재명 후보, 제주 4·3 평화공원 위령탑 참배 및 제주 공약 발표 (2022.02.13 오전)	[생중계] 이재명 후보, 제주 4·3 평화공원 위령탑 참배 및 제주 공약 발표 (2022.02.13 오전) #이재명 #제주 #평화공원 #2022대선 ...	42838	0	150	1
mbh9sG107Ec	Live/l이재명 제주 4.3 평화 공원 위령탑 참배	This stream is created with #PRISMLiveStudio.	50	6	0	1
ugVC8X5Yp7Y	Live/l이재명 제주 4.3 평화 공원 위령탑 참배	This stream is created with #PRISMLiveStudio.	31	2	1	1
HH4RQhoEgdQ	[LIVE] 4·3 평화공원 위령탑 참배 &amp; 제주 공약발표	이재명 #제주.	10634	5765	100	1
6kZBnyyqAM8	이재명·윤석열 등 4인, 오늘 대통령 후보 공식 등록 / 연합뉴스TV (YonhapnewsTV)	이재명·윤석열 등 4인, 오늘 대통령 후보 공식 등록 오늘(13일)부터 이틀동안, 공식 대통령 후보 등록이 시작됩니다. 원내 정당의 대선 ...	572	17	7	1
5vq4gEfQxlY	이재명 제주 4.3평화공원		42	0	0	1
uyfD2NL7Gsk	충청 간 이재명 '복수혈전의 장 아냐'…윤석열 직격 / 연합뉴스TV (YonhapnewsTV)	"충청 간 이재명 ""복수혈전의 장 아냐""…윤석열 직격 [앵커] 연일 중도 표심 끌어모으기에 주력하는 더불어민주당 이재명 대선 후보는 ..."	1557	148	33	1
xvNMUBCXaL0	이재명, 제주 방문…4·3 위령탑 참배 후 공약 발표 / 연합뉴스TV (YonhapnewsTV)	이재명, 제주 방문…4·3 위령탑 참배 후 공약 발표 어제 충청권을 순회한 더불어민주당 이재명 대선 후보는 오늘(13일)은 제주 방문 ...	160	5	3	1
mWnZHJun7js	이재명 말 듣고 대통령 정했다		1604	115	7	1
McD51xDIy08	이재명 제주4.3평화공원에서 지지호소		15	0	0	1
s7k9knzZUyw	[생방송] 이재명 후보,  제주 4.3평화공원 위령탑 참배 및 제주 공약 발표	[생방송] 이재명 후보, 제주 4.3평화공원 위령탑 참배 및 제주 공약 발표 #이재명 #제주 #제주4.3 #평화공원 #합니다 #나를위해 ...	24252	4306	122	1
WcOmoAZ78X8	열차타고 호남 간 윤석열, 이재명 향해 '급한 모양' / 연합뉴스TV (YonhapnewsTV)	"열차타고 호남 간 윤석열, 이재명 향해 ""급한 모양"" [앵커] 국민의힘 윤석열 후보는 유세용 전세 열차를 타고 호남 곳곳을 누비며 ""호남을 ..."	2708	130	46	1
cZ9wr8DVwrk	[대전 공약]  세계적인 명품 과학도시 대전을 만들겠습니다.	존경하는 대전시민 여러분. 하루가 다르게 변화하는 대전환의 시기입니다. 세계는 기술패권을 놓고 치열하게 경쟁하고 있습니다.	751	318	36	1
zeqTDFz8s7Y	2월 14일 / 이구산업 / 엘컴텍 / HRS / 우양 / 대선주 / 이재명 / 윤석열 / 김건희 / 안철수 / 작전주 / 우크라이나	실전투자대회 우승 경험으로 예뻐지는 차트를 찾아 소개하는 오공주차트룸! 오공주 멤버십을 시작합니다. 채널에 가입하여 혜택을 ...	58	6	0	1
xievkpdKKAk	'이재명 승기 잡았다'	"유튜브 이송원TV 2월 13일(일) 오전 9시에 '노무현 트라우마' 앞에 다시 뭉친 與…지지층도 '봉합' 움직임 이재명의 포효 ""검사 ..."	9634	4506	20	1
4gd9KfFjVxM	뭘 알아야 노무현 팔이를 하지(feat. 이재명)		2224	394	18	1
z7rSvmkcQfQ	이재명 선거법 위반으로 대선 포기? 감사원 충격 조치 나왔다! 문 대통령의 &#39;참전&#39;  여야 대선 후보 누구에게 유리하게 작용할지 의견 분분	이재명.	1045	82	2	-1
9sz5hZeMYDY	제주도에 이재명 후보님, 환영합니다, 혼저옵서예~		3203	1592	91	1
8CopNZxfKm4	이재명후보, 4.3평화공원위령탑  참배, 제주공약발표	This stream is created with #PRISMLiveStudio.	3569	1254	4	1
1rlHm3YwTbU	이재명 진또배기	음악 한번 들어 보실래요! 율동이 참 재미있네요! 미래를 위하여! 나를 위해! . 이번 선거는 축제가 되어야 합니다! . #이재명_진또배기.	14	1	0	1
97o2N8kVDBs	정권교체 여론 50%넘는데 문재인 지지율도 40%선, 왜?  ‘샤이 이재명’ 진짜 있을까?	문재인 지지율이 높은 이유 분석, 정권교체 여론이 높은데 왜 이런 현상이 일어날까.	13055	2928	285	-1
JGePC5GtvC4	전라도 이재명 지지자들의 민낯	종이TV 자율구독료 ○ 카카오뱅크 3333-03-8393457 박ㅈㅇ 국민 632302-04-024991 박ㅈㅇ ○ 종이의 멤버십 ...	1052	340	36	1
9c9ObTNMe-o	청각장애인 정책, 이재명이 열심히, 제대로 하겠습니다.	청각장애인 여러분 그동안 의사표현이 안돼 아파도 억울해도 참을 수 밖에 없으셨죠? 이재명은 40만 청각장애인들의 어려움을 조금 ...	31	7	0	1
ByB8DhL-HsA	긴급) 안철수, 야권 단일화 관련 입장발표! 이제 윤석열 결단만 남았다! 이재명 지금 난리났다!!	정의구현 멤버십 가입 : https://www.youtube.com/channel/UCUNwNXVrWAHQpc8gPp1c6kw/join 자발적 구독료 : KB국민은행 ...	25832	9811	320	1
JS_3gD6VoYY	이재명 위패봉안실 사전 캠프와 얘기된 풀단 외 출입금지 (feat. 송승문 4.3유족 출입금지됨)		10	1	0	-1
yaQA6X0_838	경이로운 석열!	윤석열 #이재명 #신천지특검 #임기5년대통령.	35351	9581	624	-1
OkLisoqniZM	[풀영상] 더불어민주당 이재명, 4·3 평화공원 위령탑 참배 및 제주 공약 발표 (22.02.13)	더불어민주당 #이재명 #평화공원 #제주 #공약 [풀영상] 더불어민주당 이재명, 4·3 평화공원 위령탑 참배 및 제주 공약 발표 (22.02.13) ...	1482	23	20	1
l-Nbi8IWaJI	&#39;굿바이, 이재명&#39; 시리즈 #12 : 모라토리엄의 진실	장영하 변호사님 측 영상을 함께 공유합니다! https://www.youtube.com/channel/UCmRaQtRhZTE_7We9H8pL5pQ/featured 시사 ...	894	296	12	1
tALeCOwE280	이재명 대선후보 제주방문		2	0	0	1
VCOK6wD9NBE	안무팀 율동연습! 이재명은 합니다!	안무팀 율동연습! 이재명은 합니다! #이재명 #이재명경남선대위 #진주대전환 #이재명진주시갑선대위 #조금제 #진주사랑.	8	2	0	1
0fZ8vLCSVt8	2022.2.13. (생중계) 이재명 더불어민주당 후보 - 제주 공약 발표	팩트TV 정기후원회원이 되어주세요. 공식후원계좌▷ 우리은행, 1002-142-508338 이상엽 ARS신청 1877-0411, 직접신청 ...	2678	902	10	1
SeAE3PkkiD0	이재명 제주 4.3 평화공원 위령탑 참배 및 제주 공약 발표 현장입니다.	이재명 #제주공약발표 #이재명제주 깨어있는 민주시민 정치타파 유튜버 억강부약ㆍ대동세상 나아가는 길 여러분과 함께합니다.	3731	1293	21	1
fK7VzdzEvS0	나를 위해 이재명		3	1	0	1
lLol0BPezXM	이재명 대통령 후보 제주 4.3평화추모관 교육센타에서  공약 발표전에 지지자들에게 인사		3	0	0	1
YEfMLEWd0As	이재명,제주 4·3 평화공원 위령탑 참배	This stream is created with #PRISMLiveStudio.	2210	765	7	1
iMGwrYsp5OI	[#알고리줌] 실력 리더 vs. 정권 교체 / YTN	YTN 알고리줌(ZOOM) 71회 다시 보기 (2022년 2월 12일) 00:29 [현재 판세는?] - 윤석열의 박빙 우세…“역전 가능성은 충분” 02:02 ...	12517	733	345	1
roF9qt87i6w	'경선토론에 비하면 이재명은 뭐...' 이재명 맥이는 윤석열과 이준석	윤석열#이준석#이재명#tv토론.	1672	221	25	-1
qchBIqI9Jp0	안무팀 율동연습! 이재명은 합니다!	안무팀 율동연습! 이재명은 합니다! #이재명 #이재명경남선대위 #진주대전환 #이재명진주시갑선대위 #조금제 #진주사랑.	4	1	0	1
0yWZQjefV8Q	대선토론을 보고도 이재명? 윤석열? 2030 청년들은 안철수를 지지한다.	윤석열, 이재명 둘은 사퇴하라. ✓벅스토리 채널, 많은 관심과 사랑 부탁드립니다. 자발적 후원 : 국민 457401-04-210381 (박ㅎㅅ)	1954	298	12	-1
Bj-SgfvrZOY	더불어민주당 대통령 후보 이재명/4·3 평화공원 위령탑 참배 &amp; 제주 공약발표	세계타임즈TV.	21	8	0	1
PcWAPYgSqek	박강수'발끈한 문 대통령, 이재명 지원 나섰나'	"박강수 #문재인 #이재명 박강수 칼럼니스트가 칼럼을 통해 ""발끈한 문 대통령, 이재명 지원 나섰나""며 ""적폐가 있는지 없는지 수사한 ..."	16	2	0	-1
eMBz8g-UW1c	2월 14일 / 소룩스 / 와이지엔터 / 알루코 / 중앙에너비스 / 네온테크 / 인터파크 /  대선주 / 이재명 / 윤석열 / 김건희 / 안철수 / 작전주 / 우크라이나	실전투자대회 우승 경험으로 예뻐지는 차트를 찾아 소개하는 오공주차트룸! 오공주 멤버십을 시작합니다. 채널에 가입하여 혜택을 ...	49	5	0	1
9cxBqjBjl-g	매따버스시즌2  '제주4.3평화공원위령탑참배' 제주4.3평화공원 #나를위해이재명 #이재명은합니다 #우리가언론이되겠습니다	This stream is created with #PRISMLiveStudio.	2795	863	1	1
JZtHWhL9X1M	#청주성안길 에서 #이재명대통령 을 만난다		5	3	3	1
dr8DakkyZq4	2022 2차 대선토론, 이재명이 초과이익환수? 고양이한테 생선맡기기!	shorts #Shorts.	3	1	0	1
viCPh2KKuig	이재명 캠프 대 혼란!천박 한 '그 입',조국 실형 불가피!!(22.02.13)	농협 351-0839-3160-13 , 예금주 : 정의로운 사람들 * 투네이션 : https://toon.at/donate/636758008969816047 * 페이팔(paypal) ...	5612	2038	3	-1
LP-wURWfu-8	오늘 대선 후보 등록...安, 부인 확진에 일정 보류 / YTN	[앵커] 모레부터 20대 대선 공식선거운동이 시작되는 가운데, 여야 대선 후보들이 오늘 일제히 후보 등록에 나섭니다. 국민의당 안철수 ...	15800	247	141	1
Ihs8JZFKdi8	현장의 달인 이재명의 사이다 일침 #Shorts	이재명 #4자토론 #팩트폭격.	4	2	1	1
7O_B5VAycOo	대박!	채널에 가입하여 혜택을 누려보세요. https://www.youtube.com/channel/UCXizVvs2c7LtFZAu25sK5Fg/join [이재명 후원회 홈페이지] ...	76239	24010	1558	1
