ID	title	description	viewcount	likecount	commentcount	label
qmv9XNRMn-Q	안철수, 단일화 관련 특별 기자회견 / SBS	국민의당 안철수 대선 후보는 오늘(13일) 오전 11시30분 유튜브 생중계로 특별 기자회견을 합니다. 안 후보는 오늘 특별 기자회견에서 ...	177960	4875	215	1
SYV-A43OLOE	안철수 후보, 비온뒤에 출연해 단일화 여부 공개, '안철수의 이름을 걸고 정권 교체하겠다' #Shorts	"안철수 후보는 ""안철수의 이름을 걸고 정권 교체하겠다""라며 12일 오후 2시 30분에 의학채널 비온뒤의 '대선후보 건강의료정책 라이브 ..."	2774	129	41	1
RIgtEiCVJOM	국민의당 안철수 대선후보 '단일화 제안' 특별 기자회견 - [끝까지 LIVE] MBC 중계방송 2022년 02월 13일	국민의당 안철수 대선 후보는 오늘(13일) 오전 유튜브 생중계로 특별 기자회견을 합니다. 안 후보는 당초 오늘 과천 중앙선관위를 찾아 ...	50868	1251	117	1
QT5Ihgcgty0	안철수 후보, “K-방역 낙제점 수준'	안철수 국민의당 대선후보는 “방역 시스템은 국가의 실력이고, 백신 수급은 정권 실력이다”라며, “현 정부의 코로나19 방역에 대해 ...	914	122	18	1
lJh71_U_4lI	안철수 대통령 후보 특별기자회견	안철수 대통령 후보 특별기자회견 ▣ KBS 뉴스 ◇ PC : http://news.kbs.co.kr ◇ 모바일 : http://mn.kbs.co.kr ▣ KBS뉴스 유튜브 구독 ...	21104	854	95	1
q0W894Fwwlw	[안철수] 중앙선거관리위원회 20대 대통령 후보 등록 | LIVE	안철수 #20대대통령 #국민의당 #기자회견.	32892	0	420	1
0v7xTEm04tE	[생중계] 안철수 후보, 20대 대통령 후보 등록 및 특별 기자회견 (2022.02.13 오전)	[생중계] 안철수 후보, 20대 대통령 후보 등록 및 특별 기자회견 (2022.02.13 오전) #안철수 #20대 #대통령 #후보 #2022대선 #등록 ...	114997	0	261	1
MgTUTt0_jNU	안철수, 잠시 후 유튜브 기자회견…단일화 언급 전망 / 연합뉴스TV (YonhapnewsTV)	안철수, 잠시 후 유튜브 기자회견…단일화 언급 전망 국민의당 안철수 대선 후보가 잠시 후인 오전 11시 30분 유튜브를 통해 특별 기자 ...	1596	38	7	1
F5BVBhFT0Cs	(긴급)안철수“단일화 제안 기자회견 예고' 했다가 배우자인 김미경교수 코로나 확진으로 연기. 본인 자가격리	안철수의 단일화 제의로 야당 후보의 단일화 급물살 탈것으로 보인다.	18800	9882	1190	-1
0VWxIrg6v0k	[생중계] 안철수, 특별 기자회견…단일화 제안 주목 / 연합뉴스TV (YonhapnewsTV)	[생중계] 안철수, 특별 기자회견…단일화 제안 주목 국민의당 안철수 대선 후보가 잠시 후인 특별 기자회견을 합니다. #안철수 #기자 ...	3580	718	26	1
Zhx1_3Th1IQ	[생중계] 안철수 후보, &#39;단일화 제안&#39; 특별 기자회견 (2022.02.13 오전)	[생중계] 안철수 후보, '단일화 제안' 특별 기자회견 (2022.02.13 오전) [생중계] 안철수 후보, '단일화 제안' 특별 기자회견 (2022.02.13 ...	35617	0	0	1
ExOn1RGyRHk	[안철수] 안철수 대통령 후보 특별 기자회견 | LIVE	안철수 #20대대통령 #국민의당 #기자회견.	3779	0	64	1
dNYw8Y653MA	안철수 윤석열 단일화!! 시작부터 삐그덕~ㅋ &#39;간짜장&#39; 연합 난리났다 ㅋㅋㅋ	언론알아야바꾼다 공식 후원(유튜브 멤버십) https://www.youtube.com/channel/UC-VnP-VdGUaIbssXoOhz5OQ/join ◎ 언론알아야 ...	27160	9290	109	-1
ByB8DhL-HsA	긴급) 안철수, 야권 단일화 관련 입장발표! 이제 윤석열 결단만 남았다! 이재명 지금 난리났다!!	정의구현 멤버십 가입 : https://www.youtube.com/channel/UCUNwNXVrWAHQpc8gPp1c6kw/join 자발적 구독료 : KB국민은행 ...	25832	9811	320	1
bV7NClAw7c8	김미경교수를 통한 안철수 단일화 거부	안철수부부 #이재명부부 #윤석열부부 #단일화 ♥ 후원안내 ♥ ※국내 후원 국민은행, 365202-01-189195 김*원 ※해외 후원 PayPal ...	414	82	5	1
9LO-lqBz_iw	안철수, 국민경선 방식에 의한 단일화 제안할 듯!		4332	881	84	1
vC51Tro5G4A	[Live] 국민의당 안철수 대통령 후보 등록 '이태규 총괄선대본부장 대리 등록' (22.02.13)	"국민의당 #안철수 #이태규 #후보 #등록 [Live] 국민의당 안철수 대통령 후보 등록 ""이태규 총괄선대본부장 대리 등록"" (22.02.13) 시사 ..."	31367	1621	126	1
LP-wURWfu-8	오늘 대선 후보 등록...安, 부인 확진에 일정 보류 / YTN	[앵커] 모레부터 20대 대선 공식선거운동이 시작되는 가운데, 여야 대선 후보들이 오늘 일제히 후보 등록에 나섭니다. 국민의당 안철수 ...	15800	248	141	1
ZwSO4-hJRdg	속보! 윤석열-안철수, 정권교체 위해 합병 발표! 이준석이 무너졌다! 김원웅 '사퇴하지 않는다'! 박은정 성남FC, 검거 수사 본격화!	"속보! 윤석열-안철수, 정권교체 위해 합병 발표! 이준석이 무너졌다! 김원웅 ""사퇴하지 않는다""! 박은정 성남FC, 검거 수사 본격화!"	3796	556	7	-1
OVlPgwKZycI	선관위) 안철수 기적 오렌지 혁명의 시작! 후보등록 #안철수 #대통령	턴라이트 - 구독 턴라이트  자발적후원 계좌   중소기업은행 341-108033-04-010 ❤ 문자응원 #70794296 ✓✓해외용페이팔 ...	2796	416	10	1
vIorrpWGk6s	안철수 질문에 버벅대는 윤석열 개망신	안철수토론#단일화#윤석열엉뚱한대답.	2275	227	35	-1
gbefreW9F90	안철수후보. 배우자 코로나 확진 단일화 생각을 말하겠다.		670	134	6	1
8tIxJKS-QQM	안철수 후보 긴급기자회견 취소 배우자 코로나 획진 안철수 후보는 PCR 검사하러 감	현장 뉴스 방송은 옥탑방 김기자 자율구독료 502-033 203-01-014 기업 박** 언제나 초심!!	5704	552	13	1
JtQUc1ZLMhE	[양대림/투표권 제한] 안철수 부인도 확진!!! 대선일정 전면중단... 확진자 투표 논란, 대안은 있다!! _220213	[하이라이트/양대림] 확진자 투표 논란, 대안은 있다!! 정도언론 인간존중 인류평화 를 위해 나아가는 아시아 투데이!!! 정론직필을 추구 ...	415	84	7	-1
-0kYzDAoc_I	국민의당 안철수 대통령 후보 특별 기자회견	세계타임즈TV.	20	3	0	1
sU_NQrqrH5Q	안철수후보 ‘특별기자회견’		75	15	0	1
YixydnBcC_o	긴급! 안철수 직접 후보등록 포기! 단일화 기자회견 취소! 과천서 대기중 자가격리! 부인 김미경교수 &#39;양성&#39; 반응! (진성호의 직설)		38535	8039	306	-1
B-EX1tcPew0	긴급) 안철수 이상한 행동! 윤석열에게 받아 들일 수 없는 제안! 야권 단일화 무산 위기! 이재명과 이준석만 신났다! 이제 총력전이다!!	정의구현 멤버십 가입 : https://www.youtube.com/channel/UCUNwNXVrWAHQpc8gPp1c6kw/join 자발적 구독료 : KB국민은행 ...	0	65	0	-1
w9TYWMsdR7o	정권교체 열망에 안철수 는 답했다.	안철수 #윤석열 #이재명 안철수 뽑으면 안철수 대통령 됩니다.	18	3	0	1
h755ptU3518	안철수의 아버지	안철수#대통령#안철수아버지.	1	0	0	1
YZRvs412860	속보! 안철수, 국민의힘에 단일화 제시	후원 : 우리은행 1005-603-591706 제이에이치 커뮤니케이션.	0	13	0	1
bF8X0fVXo1Q	[속보] 안철수, 윤석열에 선제적 단일화 제안. 안철수의 자신감 근거는? [RNB, 레지스탕스TV, 정광용TV]	자율구독료(후원): 하나은행 224-910502-42407 (예금주:정광용) ☆멤버십 가입: ...	3791	913	11	1
zeqTDFz8s7Y	2월 14일 / 이구산업 / 엘컴텍 / HRS / 우양 / 대선주 / 이재명 / 윤석열 / 김건희 / 안철수 / 작전주 / 우크라이나	실전투자대회 우승 경험으로 예뻐지는 차트를 찾아 소개하는 오공주차트룸! 오공주 멤버십을 시작합니다. 채널에 가입하여 혜택을 ...	58	6	0	1
cVmnDzFawnw	안철수, 윤석열에 &#39;국민경선 단일화 제의&#39; 하려다 아내 확진 판정에 선언 보류!  누구의 &#39;뜻&#39;?	후원계좌 신한은행 304 04 253850 This stream is created with #PRISMLiveStudioㄴ.	3065	919	0	-1
LM07YBwzlRo	[단독] 안철수, 윤석열에 ‘단일화 국민경선’ 제안 방침	최재욱TV #최재욱튜브 최재욱TV구독하기(컴퓨터에서만 가능한 ...	29	5	0	1
pFNvs1DOYPw	국민의당 안철수 대통령 후보 특별 기자회견	부자동네타임즈TV.	0	0	0	1
Y_se8sYI4qs	[풀영상] 국민의당 안철수 유튜브 기자회견 '단일화 입장 표명하나?' (22.02.13)	"국민의당 #안철수 #기자회견 #단일화 #Live [풀영상] 국민의당 안철수 유튜브 기자회견 ""단일화 입장 표명하나?"" (22.02.13) 시사 ..."	3728	1468	10	1
eMBz8g-UW1c	2월 14일 / 소룩스 / 와이지엔터 / 알루코 / 중앙에너비스 / 네온테크 / 인터파크 /  대선주 / 이재명 / 윤석열 / 김건희 / 안철수 / 작전주 / 우크라이나	실전투자대회 우승 경험으로 예뻐지는 차트를 찾아 소개하는 오공주차트룸! 오공주 멤버십을 시작합니다. 채널에 가입하여 혜택을 ...	49	5	0	1
nNkVUJzVys8	(라이브 뉴스) 속보 / 안철수, 윤석열에 단일화 제안! 압도적인 정권교체 가즈아! / 2022.02.13	'수개표국민운동' 자발적 구독료 : (국민은행 : 예금주 신혜식 ) 5333-0201-137296 이준석 소환 운동 ...	0	46	0	1
gLA_2Kygbq4	영혼이 있는 승부사 #안철수		28	14	2	1
YHAxfbMKWzM	윤석열에 단일화 국민경선 제안 방침. (안철수)		0	0	0	1
TCrR50tMtI4	단일화는 독! 안철수 대선 필승 전략 공개! (For 안철수 지지자)	안철수 #단일화 #안일화 #안철수단일화 #이재명 #윤석열 #대선 #연금개혁 #안철수중도 #마크롱 #세대교체 #정권교체 #노무현 ...	1	0	0	1
6kZBnyyqAM8	이재명·윤석열 등 4인, 오늘 대통령 후보 공식 등록 / 연합뉴스TV (YonhapnewsTV)	이재명·윤석열 등 4인, 오늘 대통령 후보 공식 등록 오늘(13일)부터 이틀동안, 공식 대통령 후보 등록이 시작됩니다. 원내 정당의 대선 ...	572	17	7	1
lILNOM0DnA0	1.안철수 단일화 제안:후원:새마을 9003 2622 1623 2		53	17	0	1
TGtkX4p3ZpI	김미경 교수님 코로나 확진판정. 선거운동 우리가 더 열심히!	안철수 #윤석열 #이재명 안철수 뽑으면 안철수 대통령 됩니다.	24	9	0	1
0yWZQjefV8Q	대선토론을 보고도 이재명? 윤석열? 2030 청년들은 안철수를 지지한다.	윤석열, 이재명 둘은 사퇴하라. ✓벅스토리 채널, 많은 관심과 사랑 부탁드립니다. 자발적 후원 : 국민 457401-04-210381 (박ㅎㅅ)	1954	298	12	-1
iMGwrYsp5OI	[#알고리줌] 실력 리더 vs. 정권 교체 / YTN	YTN 알고리줌(ZOOM) 71회 다시 보기 (2022년 2월 12일) 00:29 [현재 판세는?] - 윤석열의 박빙 우세…“역전 가능성은 충분” 02:02 ...	12517	733	345	1
5JPtMi8T97I	이준석 개 처 발리는 장면 ㅎㅎ 이준석 채널 ONE (강원)이만 만나면 개 처발린다. ㅎㅎ #홍준표#이준석#국민의힘#윤석열#김건희#이재명#안철수#심상정#대선#후보등록#TV토론	이준석 개 처 발리는 장면 ㅎㅎ 이준석 채널 ONE (강원)이만 만나면 개 처발린다. ㅎㅎ #홍준표#이준석#국민의힘#윤석열#김건희# ...	91	25	5	-1
bt9wsG63c1o	#허경영 #대통령후보 #박정희대통령 #참배 #육영숙여사 #선거등록 #윤석열 #심상정 #안철수 #이재명 #1억	반갑습니다 허경영로또배기입니다 오늘 허경영대통령 후보님이 등록을 마치고 제일 먼저 박정희 대통령이 안 티된 현충원을 찾아 ...	1	0	0	1
b-rBcZ1XCN4	안철수,엄청 충격적 단일화방안 제시!대충격-안철수부인, '확진 증세 안좋아 이송중'!‘샤이 이재명’ 진짜 얼마나 있을까?李도 尹도 ‘패싱’ 논란... 충청 민심이 술렁거린다!	윤석열TV: https://www.youtube.com/channel/UCcl16CxYqlbKQJVCfdhSJVw 윤석열 공식 유튜브 주소입니다. 나라를 살리는 모든 ...	0	11	0	-1
