ID	title	description	viewcount	likecount	commentcount	label
oFeRYzJe8c8	[Live] 열정열차 Day3 제1부 : 여수~보성		10362	5730	35	1
l1doGz7JRfo	[MBC 뉴스 팩트체크] 윤석열 끝났다 (100분토론 김은혜 대망신ㅋㅋㅋ)	영상설명 : MBC 뉴스 소식과 함께 100분 토론 후속 내용 등 전해드리겠습니다 감사합니다.	38452	15125	560	1
64QvShZYqLQ	윤석열, 마이크 펜스 전 미국 부통령 면담 / 연합뉴스TV (YonhapnewsTV)	윤석열, 마이크 펜스 전 미국 부통령 면담 국민의힘 윤석열 대선 후보는 오늘(13일) 마이크 펜스 전 미국 부통령을 면담합니다. 윤 후보 ...	4303	664	86	1
u-bTw_ESgkU	윤석열 '진실 왜곡기사 하나로 언론사 파산할 수도' / 연합뉴스TV (YonhapnewsTV)	"윤석열 ""진실 왜곡기사 하나로 언론사 파산할 수도"" [앵커] 국민의힘 윤석열 대선 후보가 진실을 왜곡한 기사 하나가 언론사를 파산하게 ..."	4619	410	149	1
WcOmoAZ78X8	열차타고 호남 간 윤석열, 이재명 향해 '급한 모양' / 연합뉴스TV (YonhapnewsTV)	"열차타고 호남 간 윤석열, 이재명 향해 ""급한 모양"" [앵커] 국민의힘 윤석열 후보는 유세용 전세 열차를 타고 호남 곳곳을 누비며 ""호남을 ..."	2708	130	46	1
RQka3d0ba5o	신천지 VIP 명단, 윤석열 후보도 추가 되었나?	이만희 #윤석열 #홍준표 후원계좌 : 국민은행 933502-00-026889 한진희 문자후원 : #70791226 (건당 2천원) 정기후원 ...	2452	1217	98	-1
jweLvKXDyF8	윤석열 후보 노동관, 꼰대스럽습니다. #shorts		178	46	9	-1
uyfD2NL7Gsk	충청 간 이재명 '복수혈전의 장 아냐'…윤석열 직격 / 연합뉴스TV (YonhapnewsTV)	"충청 간 이재명 ""복수혈전의 장 아냐""…윤석열 직격 [앵커] 연일 중도 표심 끌어모으기에 주력하는 더불어민주당 이재명 대선 후보는 ..."	1557	148	33	1
0NYE1PQXI1c	윤석열 눈썹털	채널에 가입하여 혜택을 누려보세요. https://www.youtube.com/channel/UCmy_IBOjMMNkTyWgN0h_ykg/join.	813	185	22	1
ByB8DhL-HsA	긴급) 안철수, 야권 단일화 관련 입장발표! 이제 윤석열 결단만 남았다! 이재명 지금 난리났다!!	정의구현 멤버십 가입 : https://www.youtube.com/channel/UCUNwNXVrWAHQpc8gPp1c6kw/join 자발적 구독료 : KB국민은행 ...	25832	9809	320	1
sIUVlKD5Ph0	[노영민의 폭로] 윤석열 &#39;총장면접&#39;에서 거짓말 '공수처 반드시 필요' &#39;충성 맹세&#39;	전체보기 : https://youtu.be/tVZ_enqNs-g 노영민 전 대통령 비서실장은 12일 오후 '오마이TV'와 단독 생방송 인터뷰를 진행했다.	36509	0	544	-1
6kZBnyyqAM8	이재명·윤석열 등 4인, 오늘 대통령 후보 공식 등록 / 연합뉴스TV (YonhapnewsTV)	이재명·윤석열 등 4인, 오늘 대통령 후보 공식 등록 오늘(13일)부터 이틀동안, 공식 대통령 후보 등록이 시작됩니다. 원내 정당의 대선 ...	572	17	7	1
zeqTDFz8s7Y	2월 14일 / 이구산업 / 엘컴텍 / HRS / 우양 / 대선주 / 이재명 / 윤석열 / 김건희 / 안철수 / 작전주 / 우크라이나	실전투자대회 우승 경험으로 예뻐지는 차트를 찾아 소개하는 오공주차트룸! 오공주 멤버십을 시작합니다. 채널에 가입하여 혜택을 ...	58	6	0	1
Bc-_bu9DYoI	건방진 이준석 논란, 선 넘었다! 최민희 '윤석열은 언론 개혁 주장하며 그걸 모르는듯' - 이재명 제주 공약 발표.. 노무현&amp;문재인 대통령 지지자 결집 '지켜야한다'	건방진이준석홍준표지지자분노 #최민희윤석열언론발언비판 #이재명제주공약 #문재인노무현지지자결집 ▣ 황희두 멤버십 후원 ...	18000	6396	239	-1
lYXOlWdVaII	호남 발전 없었다는 윤석열. 팩트체크 들어가니 “내 주장이 아니라...”	윤석열 국민의힘 대선후보는 “호남이 특정 정당에 의해 수십 년 장악 돼 왔다고 할 수 있는데, 사실 발전은 크지 않았다”고 주장했다.	21653	2468	636	-1
dNYw8Y653MA	안철수 윤석열 단일화!! 시작부터 삐그덕~ㅋ &#39;간짜장&#39; 연합 난리났다 ㅋㅋㅋ	언론알아야바꾼다 공식 후원(유튜브 멤버십) https://www.youtube.com/channel/UC-VnP-VdGUaIbssXoOhz5OQ/join ◎ 언론알아야 ...	27160	9279	109	-1
p2Cr7K7NA_Q	순국선열에 참배하는 윤석열후보!!	윤석열 #남원 #만인의총.	1118	283	15	1
Iin2R-esmjM	토익 5년까지 성적 인정 이건 레알 인정 (feat. 윤석열)		2153	395	10	1
EIHo8G5466w	남원 만인 의총 찾은 윤석열후보 ~!!	윤석열 #이준석 #만인의총.	457	105	5	1
iMGwrYsp5OI	[#알고리줌] 실력 리더 vs. 정권 교체 / YTN	YTN 알고리줌(ZOOM) 71회 다시 보기 (2022년 2월 12일) 00:29 [현재 판세는?] - 윤석열의 박빙 우세…“역전 가능성은 충분” 02:02 ...	12504	733	338	1
YBbzNh2N4ZM	&#39;노영민의 깜짝 답변!&#39; 윤석열은 처음부터 문재인 대통령 겨냥 배신의 칼을 품었다	전체보기 : https://youtu.be/tVZ_enqNs-g 노영민 전 대통령 비서실장은 12일 오후 '오마이TV'와 단독 생방송 인터뷰를 진행했다.	5812	0	73	1
yaQA6X0_838	경이로운 석열!	윤석열 #이재명 #신천지특검 #임기5년대통령.	35351	9576	624	-1
vIorrpWGk6s	안철수 질문에 버벅대는 윤석열 개망신	안철수토론#단일화#윤석열엉뚱한대답.	2271	227	35	-1
FaWqN4YdzqE	충격 문재인 윤석열 지지	모든 영상은 저의 개인적인 의견이 포함되어 있습니다. 시청에 주의해주세요. [후원하기] 후원계좌: 국민은행 619202 04 173003 ...	898	182	6	-1
-PCnF6MLjSk	윤석열 수행비서 황씨 미스터리. 양정철, 전 운전수행 사실을 왜 밝혔나?		95	21	0	-1
9xB8U6rgGZk	김인수변호사 인터뷰]영국에서 윤석열 대권도전 어림없는 이유는.20대 가장 큰 피해볼 수도	힘내라조국#민주정부연장#이재명 **제보,제휴 관련메일 puritypd@naver.com **자발적 시청료(정기.일시) : 기업은행 040 10743 701 ...	1444	683	42	1
eMBz8g-UW1c	2월 14일 / 소룩스 / 와이지엔터 / 알루코 / 중앙에너비스 / 네온테크 / 인터파크 /  대선주 / 이재명 / 윤석열 / 김건희 / 안철수 / 작전주 / 우크라이나	실전투자대회 우승 경험으로 예뻐지는 차트를 찾아 소개하는 오공주차트룸! 오공주 멤버십을 시작합니다. 채널에 가입하여 혜택을 ...	49	5	0	1
0yWZQjefV8Q	대선토론을 보고도 이재명? 윤석열? 2030 청년들은 안철수를 지지한다.	윤석열, 이재명 둘은 사퇴하라. ✓벅스토리 채널, 많은 관심과 사랑 부탁드립니다. 자발적 후원 : 국민 457401-04-210381 (박ㅎㅅ)	1954	298	12	-1
qmv9XNRMn-Q	안철수, 단일화 관련 특별 기자회견 / SBS	국민의당 안철수 대선 후보는 오늘(13일) 오전 11시30분 유튜브 생중계로 특별 기자회견을 합니다. 안 후보는 오늘 특별 기자회견에서 ...	177960	4866	205	1
3-gNE3OHRHk	윤석열후보 등록후 백브리핑	구독 추천 알람 ^^	397	97	3	1
xievkpdKKAk	'이재명 승기 잡았다'	"유튜브 이송원TV 2월 13일(일) 오전 9시에 '노무현 트라우마' 앞에 다시 뭉친 與…지지층도 '봉합' 움직임 이재명의 포효 ""검사 ..."	9634	4506	20	1
B-EX1tcPew0	긴급) 안철수 이상한 행동! 윤석열에게 받아 들일 수 없는 제안! 야권 단일화 무산 위기! 이재명과 이준석만 신났다! 이제 총력전이다!!	정의구현 멤버십 가입 : https://www.youtube.com/channel/UCUNwNXVrWAHQpc8gPp1c6kw/join 자발적 구독료 : KB국민은행 ...	0	57	0	-1
KOZmoLnRQB4	대선후보 조원진을 바로 알면, 윤석열 낙동강 오리알 시간문제..	조원진 #우리공화당 #대박뉴스tv.	2153	758	0	1
eOCpHeB8f_4	[정치人싸] 안철수 &#39;여론조사&#39; 야권 단일화 공식 제안, 국힘 받을까?｜ “文 적폐수사” 尹이 소환한 ‘검찰공화국’의 공포 - 현근택, 장성철, 김준우, 윤희석 &amp; 전종환	인싸를 꿈꾸는 네 남자의 유쾌·상쾌·통쾌 정치 토크쇼! | 시즌 3 PPL을 원하시는 분은 댓글 혹은, mbcradiofocus@gmail.com 으로 메일 ...	26583	1532	245	1
ZlAekChlR6U	윤석열 대통령후보 '대통령 후보 등록'	This stream is created with #PRISMLiveStudio.	127	66	0	1
fWO0WbL5zG4	해결사 윤라에몽, 단번에 문제 해결?!?! #윤석열 #도라에몽패러디#구직앱 #청년실업 #청년취업 #청년일자리 #shorts		33	18	1	1
wrwMP_4kSBc	윤석열 대통령 후보 등록	구독 추천 알람^^	703	143	7	1
A6FyKAc7CWc	호남에 바람을? 사진찍기 바빴던 그들만의 열차	윤석열 국민의힘 대선 후보는 12일 일명 '열정열차'에 탑승해 전주, 남원, 순천, 여수를 방문했는데, 함께 열차에 탑승해보니 이동도 ...	38454	4010	1295	1
RNTFRvXjuew	찐 찐 찐이야 ~~🎶  윤석열이 나타났다.🎵 기호2번 윤석열 화이팅‼️		6	2	0	1
LP-wURWfu-8	오늘 대선 후보 등록...安, 부인 확진에 일정 보류 / YTN	[앵커] 모레부터 20대 대선 공식선거운동이 시작되는 가운데, 여야 대선 후보들이 오늘 일제히 후보 등록에 나섭니다. 국민의당 안철수 ...	15800	247	142	1
LM07YBwzlRo	[단독] 안철수, 윤석열에 ‘단일화 국민경선’ 제안 방침	최재욱TV #최재욱튜브 최재욱TV구독하기(컴퓨터에서만 가능한 ...	29	5	0	1
roF9qt87i6w	'경선토론에 비하면 이재명은 뭐...' 이재명 맥이는 윤석열과 이준석	윤석열#이준석#이재명#tv토론.	1672	221	25	-1
ZwSO4-hJRdg	속보! 윤석열-안철수, 정권교체 위해 합병 발표! 이준석이 무너졌다! 김원웅 '사퇴하지 않는다'! 박은정 성남FC, 검거 수사 본격화!	"속보! 윤석열-안철수, 정권교체 위해 합병 발표! 이준석이 무너졌다! 김원웅 ""사퇴하지 않는다""! 박은정 성남FC, 검거 수사 본격화!"	3796	556	7	-1
j3vhB1FrVjo	(ㅋㅋ하다 하다 별~) 오전에 없던 눈썹, 오후엔 쑥쑥 자라? 먼지야? 개털이야? /윤석열토론 /운석열 눈썹 /윤석열 지지도 /윤석열 이재명 /2차 토론 /윤석열 무속	2차 토론에서 눈에 띠었던 윤석열의 하얀 눈썹!, 주술인가? 우연인가? *영상 -mbn #윤석열눈썹 #김건희무속 #윤석열무속 #윤석열 ...	2749	748	82	-1
-8xJu7E0ksE	윤석열 후보가  마이크 펜스 면담		2	0	0	1
kb51Q1Qkowc	윤석열의 실체		2	1	2	1
DQ7ib51Ex7g	[블리극장] 총장의 길(윤석열 총장의 국회 법사위 출석)-201126	출처: [매불쇼] https://www.youtube.com/watch?v=QUgMFb-wn30 [이지선 성우] 채널: ...	2	1	0	1
eX9152Edcnk	2월12일 이준석 당 대표 대구 동성로 방문	국민의 힘으로 내일을 바꿉니다! 2월 14일(월) 오전 10시 '윤석열 국민펀드' 출시 □ 모금방식 : 국민 누구나 참여할 수 있는 '크라우드 ...	2773	561	97	1
pxhcYZzQr0M	충청은 &#39;대선 풍향계&#39;…직접 들어본 중원 표심 / 연합뉴스TV (YonhapnewsTV)	충청은 '대선 풍향계'…직접 들어본 중원 표심 [앵커] 역대 대통령선거에서 충청은 스윙보터 지역으로 꼽힙니다. 지역색이 옅어 선거 때 ...	708	30	3	1
Zhx1_3Th1IQ	[생중계] 안철수 후보, &#39;단일화 제안&#39; 특별 기자회견 (2022.02.13 오전)	[생중계] 안철수 후보, '단일화 제안' 특별 기자회견 (2022.02.13 오전) [생중계] 안철수 후보, '단일화 제안' 특별 기자회견 (2022.02.13 ...	35617	0	0	1
