ID	title	description	viewcount	likecount	commentcount	label
oJCxuTI6j_E	이재명, 위기극복 국민통합 선언 기자회견 / SBS	더불어민주당 이재명 대선 후보가 공식 선거운동 시작 하루 전인 오늘(14일) 오전 11시, 서울 명동예술극장 사거리에서 '위기극복·국민 ...	6225	187	17	1
MT7VGazf_Z0	[풀영상] 더불어민주당 이재명 후보, 위기극복·국민통합 선언 기자회견/2월 14일(월)	더불어민주당 이재명 대선 후보는 오늘(14일) 위기극복·국민통합 선언 기자회견을 열었습니다. 이 후보는 오늘 오전 서울 명동에서 ...	5371	579	0	1
jPAztiJch7M	[현장영상+] 이재명 '통합정부 위해 필요하면 이재명 정부 표현 안 쓸 것' / YTN	[앵커] 더불어민주당 이재명 대선 후보는 공식 선거운동 개시 하루를 앞두고 서울 명동에서 기자회견을 열었습니다. 이번 대선에서 ...	1155	66	52	1
tp_QRJBCiZ8	강남 아파트 가격도 주춤…이재명 &#39;김포 2억&#39; 논란에 지역 반발 [굿모닝 MBN]	【 앵커멘트 】 서울 아파트 거래 절벽이 이어지는 가운데 강남 집값도 하락세를 보이는 등 집값이 주춤하고 있습니다. 대선을 앞두고 ...	894	36	11	-1
mfhh2uzqHTA	'이재명 40.4% 윤석열 43.5%...지난주보다 격차 줄어' / YTN	여야 대선 후보 다자 가상대결에서 민주당 이재명 후보와 국민의힘 윤석열 후보가 오차범위 안에서 접전을 벌인다는 여론조사 결과가 ...	5688	105	175	1
tF8MKtdtyFY	이재명 32억 · 윤석열 77억 · 안철수 1,979억 재산 신고 (자막있슈) / SBS	20대 대선 후보 등록 첫날인 어제(13일) 11명의 후보자가 신상 정보를 선관위에 제출했습니다.후보자 등록을 하며 신고한 내용들을 ...	881	9	13	1
MZoBDxcppPY	더불어민주당 이재명, 위기극복·국민통합 선언 기자회견 - [끝까지 LIVE] MBC 중계방송 2022년 02월 14일	이재명 더불어민주당 대선후보는 오늘(14일) 오전 11시 서울 명동예술극장 사거리에서 기자회견을 하고 코로나19 위기를 기회로 ...	31610	4290	30	1
8AaUdPQ05qg	공식 선거운동 나서는 이재명 심경과 각오 “죽을 힘 다하겠다”	"공식 선거 운동을 하루 앞둔 14일 국립현충원을 참배한 이재명 더불어민주당 대선후보는 ""제 영혼의 밑바닥까지 다 동원해서, 죽을힘 ..."	3958	1429	159	1
Jqt21IP4tVU	[생중계] 이재명 후보, 위기극복·국민통합 선언 기자회견 (2022.2.14 오전)	[생중계] 이재명 후보, 위기극복·국민통합 선언 기자회견 (2022.2.14 오전) #이재명 #위기극복 #국민통합 #2022대선 #오마이TV ...	22888	0	0	1
LwkSdAwyK_0	윤석열 '安 제안 긍정 평가하지만 아쉽다'…이재명 '민생이 중요' 선긋기	"윤석열 후보는 안철수 후보의 단일화 제안에 일단 긍정적으로 평가한다고 밝혔지만, 여론조사를 통한 경선 방식에는 ""아쉽다""는 반응 ..."	9945	178	103	-1
zZXhNyJ8P5c	[현장영상] 이재명 후보 &#39;위기 극복·국민 통합&#39; 선언…&#39;4년 중임제&#39; 등 개헌 추진	더불어민주당 이재명 대선 후보는 국민통합정부를 위해 필요하다면 이재명 정부라는 표현도 쓰지 않겠다고 밝혔습니다. 이 후보는 ...	14047	825	42	1
fpZJISJXt5E	[현장연결] 이재명 '모든세력 연대해 국민내각…이재명정부 표현 안쓰겠다' / 연합뉴스TV (YonhapnewsTV)	"[현장연결] 이재명 ""모든세력 연대해 국민내각…이재명정부 표현 안쓰겠다"" 공식 선거운동을 하루 앞둔 오늘(14일) 더불어민주당 ..."	252	12	3	1
Rds1jN60xGU	2/14(월) 김진애가 말하는 윤석열과 이재명의 리더십_노영희의 뉴스인사이다[대담한 대담]	2월 14일 (월) 노영희의 뉴스인사이다 ▷ 노영희의 [대담한 대담] 김진애 전 열린민주당 의원 - 김진애가 말하는 공정과 상식의 힘 - 이번 ...	1397	315	13	1
NzYK6tNv-qo	현근택 '윤석열, 단일화 패배 두렵나' vs 김근식 '이재명, 도둑이 제발 저린가'	〈민주당 선대위 현근택 대변인〉 안철수 단일화 제안, 완주 명분 찾기? 국민의힘 '철수해주면 고맙다'는 입장 단일화되면 일방적 승리?	4405	133	45	-1
sCB2JCIKIIU	[생방송] 이재명 후보 서울 동작동 국립현충원 참배	일시후원: 국민은행 794001-04-154041 서울의소리(강경자) ✓전화후원: 1877-1590 ✓정기후원: ...	22860	4605	128	1
VqB9xy3z7wI	야권 단일화 신경전...내일 공식선거 운동 개시 / YTN	[앵커] 내일부터 20대 대선 공식 선거운동의 막이 오르는 가운데 단일화 논의가 본격화한 야권은 벌써 치열한 신경전이 이어지고 ...	3889	77	72	1
k6QPNT9Fg9s	이재명 윤석열 대선 후보와 그들의 배우자 김혜경 김건희 관련 비리 의혹 수사가 전면 중단된다. 후보등록이 마감된 공직선거법에 따른 상황이다.  그러나...언론 보도는 계속된다.		2921	897	21	-1
e_padDzhL0A	[생방송] 이재명 후보, 위기극복 국민통합 기자회견 현장	일시후원: 국민은행 794001-04-154041 서울의소리(강경자) ✓전화후원: 1877-1590 ✓정기후원: ...	19040	4794	0	1
7-SW9SukcCY	'선열들의 뜻을 이어..' 이재명 후보 국립현충원 참배	이재명 #대선 #국립현충원 #순국선열 ✓일시후원: 국민은행 794001-04-154041 서울의소리(강경자) ✓전화후원: 1877-1590 ✓정기 ...	829	201	14	1
GlEHA3-OEsQ	이재명 지지 선언LIVE	일시후원: 국민은행 794001-04-154041 서울의소리(강경자) ✓전화후원: 1877-1590 ✓정기후원: ...	8459	2202	87	1
tyTFq-g_JpM	신문브리핑 2 '민주당 초긴장 '대선 쉽지 않아져'' 외 주요기사 [아침&amp;매일경제]	"(매경)신문브리핑 2 ""민주당 초긴장 ""대선 쉽지 않아져"""" 외 주요기사(0214) #아침앤매일경제 #신문브리핑 #이상훈앵커 #초긴장 ..."	2145	83	31	1
-2H3xij00CQ	[생방송]윤석열 &#39;열차 구둣발&#39; 사진, 해명에도 파장 큰 이유 그리고 &#39;제주 술자리&#39;-안진걸/[녹화중계]이재명 민주당 후보 현충원 참배 후 언론브리핑 (2022.2.14 오후)	[생방송]윤석열 '열차 구둣발' 사진, 해명에도 파장 큰 이유 그리고 '제주 술자리'-안진걸/[녹화중계]이재명 민주당 후보 현충원 참배 후 ...	33512	0	207	-1
6WQCdK_oiLk	이재명, 김건희 ‘주가조작’ 의혹 언급하며 尹 ‘맹폭’ | 김진의 돌직구 쇼 929 회	이재명, 김건희 '주가조작' 의혹 언급하며 尹 '맹폭' | 김진의 돌직구 쇼 929 회 이재명 ＂김건희, 5월 이후 수십억 수차례 거래＂ 윤석열 ...	1923	77	47	-1
F9LtgxEiSaA	이재명 현재 상황 ㅋㅋ #shorts		185	13	2	1
UAKF7jtwDvY	이재명 “尹, 검사 나부랭이·궁예…국민들 불안 느껴” | 김진의 돌직구 쇼 929 회	이재명 “尹, 검사 나부랭이·궁예…국민들 불안 느껴” | 김진의 돌직구 쇼 929 회 ﻿＂정치 보복 공언하는 후보＂ 이재명, 윤석열 향해 맹공 ...	3290	174	70	-1
fFxsBnpfw6w	이재명 '정치 보복과 민주 국가의 기로...죽을 힘을 다해 노력할 것'	이재명 더불어민주당 대선 후보가 14일 국립서울현충원에서 참배 후 기자들과 만나 질문에 답하고 있다.	20	6	2	1
uxJJ4JLwwrE	Live-이재명 '제주 기본소득 시범실시/김현종, 펜스만나/안철수, 윤석열에 단일화 제안/윤석열의 구둣발/중국 아이스하키	멤버쉽 링크 - https://www.youtube.com/channel/UCkI2g2FvX-haxXqqDMqc96A/join 송작가TV몰 링크 ...	3902	5339	0	1
d62Bpwo8L9E	이재명이 사라졌다 #shorts	shorts.	1155	213	9	-1
8O2yOu_c99c	[더불어민주당 2/14(월) 일정] *이재명 대통령 후보 * 1️⃣ 09:00 국립서울현충원 참배 / 국립서울현충원	더불어민주당 2/14(월) 일정] *이재명 대통령 후보 * 1️⃣ 09:00 국립서울현충원 참배 / 국립서울현충원 2️⃣ 11:00 위기극복 국민통합 ...	5457	1130	21	1
hQWJ-KAIXg4	권영세 '준비 없이 거짓말만 하는 이재명 후보의 후안무치에 실망을 금할 수 없어'	권영세 #이재명 #김포 #아파트 #후안무치 권영세 국민의힘 선거대책본부장이 22년 2월 14일 서울 여의도 국회에서 열린 국민의힘 ...	3101	647	41	-1
3ou5myZmnlc	[박대표의 운명돌파]  2.14(월)   이재명 40.4%·윤석열 43.5% &#39;초접전&#39;..안철수 7.8%    심상정 3.5%·허경영 1.2%·김동연 0.6%	정치인물분석 #사팔랩 #박대표 #정치인의운명 #더불어민주당 #이재명후보 #국민의힘 #윤석열 #인물심리분석 #이재명 #지지율조사 ...	0	45	0	-1
KFUdVOAEGk4	[생중계] 이재명 대선 후보, 위기극복·국민통합 선언 기자회견 / 연합뉴스TV (YonhapnewsTV)	이재명 대선 후보가 명동 한복판에서 대선 승리를 위한 결의를 밝힙니다. #이재명 #더불어민주당 ▣ 연합뉴스TV 유튜브 채널 구독 ...	2210	147	7	1
ECyeltxB-rY	문종형, 민주당 공세에 '청년들은 이재명·김혜경의 &#39;갑질 공화국&#39;을 두려워해'	문종형 #이재명 #김혜경 #공화국 #청년 문종형 국민의힘 청년보좌역이 22년 2월 14일 서울 여의도 국회에서 열린 국민의힘 선거대책 ...	3736	960	62	-1
4-IMg4OeeqE	권영세, “안철수 단일화 제안, 이재명이 가장 바라는 시나리오 일수도...”	[영상] 권영세, “안철수 단일화 방식, 이재명이 가장 바라는 시나리오 일수도” 안철수 제안 존중하면서 사실상 통 큰 양보 거론 “민주당 ...	144	18	14	-1
ePhvuLh7xu0	[단독]  윤석열, 이재명 지지자들의 방해에 대한 반응 ㅋㅋㅋ	종이TV 자율구독료 ○ 카카오뱅크 3333-03-8393457 박ㅈㅇ 국민 632302-04-024991 박ㅈㅇ ○ 종이의 멤버십 ...	3165	889	31	-1
wDaUCrCGKV4	변발헤-이재명 건보 공약/안철수-윤석열 단일화?/윤석열 구둣발 앞좌석에 올려	멤버쉽 링크 - https://www.youtube.com/channel/UCkI2g2FvX-haxXqqDMqc96A/join 송작가TV몰 링크 ...	5270	2262	46	1
KsEnKbDM0R4	[김종배의 시선집중][FULL] &amp; [정치직격]│安 &#39;여론조사 단일화&#39; 전격 제안│‘정치보복’ 논란에 대한 李 대응은?│[김병민·강훈식·이상돈·우석진], MBC 220214 방송	2022년 2월 14일 월요일 #시선집중 #정치직격 #MBC라디오 1부 [JB TIMES] #야권단일화 #이재명지지율 #자가검사키트 · '막판 ...	114081	6095	187	-1
Gv7bdEqTL9w	준비한 대통령 이재명  #shorts	이재명 후보는 성장과정이 어려운 현실에 순응하면서 살아온 경험으로시장 도지사 공약 95% 성공으로 대통령 수업을 체험한 분이 ...	11	0	0	1
XK1j9njrvSo	[이재명의 경북 청도 공약] 청도 앞으로! 발전 제대로! 청도군민을 위해, 이재명!	아름다운 생명고을! 청도 군민 여러분! 청도는 봄철 미나리, 여름철 복숭아, 가을철 우렁이쌀, 겨울철 반건시와 감말랭이가 철철이 생산 ...	7	5	0	1
pzZ3l0Aurbk	이재명 정부의 한반도 평화 비전	이재명 정부의 한반도 평화 비전.	18	0	0	1
r5YdJtebna4	[이재명의 경북 울릉 공약] 울릉 앞으로! 발전 제대로! 울릉군민을 위해, 이재명!	존경하는 울릉군민 여러분, 대한민국 최동단 울릉도는 가장 작지만 특별한 기초자치단체입니다. 경제의 중심은 어업에서 관광산업 ...	9	5	0	1
6ku0ASCKWUs	[이재명의 전남 신안 공약] 섬 주민 삶의 질 제고, 천혜의 자원으로 소득 증대, 제대로 이재명!	존경하는 신안군민 여러분, 신안은 천혜의 환경과 자원을 가지고 있습니다. 기후 위기 극복을 위한 대전환의 시대에 신안이 가진 자연 ...	4	4	0	1
Zawp_cjbZ30	[이재명의 서울 양천 공약] 양천 앞으로! 발전 제대로! 양천 구민을 위해, 이재명!	존경하는 서울 양천구민 여러분, 우리 양천구는 서울의 대표적인 교육도시입니다. 높은 교육열에 걸맞은 교육 인프라를 갖추고 있지만, ...	8	6	0	1
iEaO2BoE-wA	[이재명의 전남 무안 공약] 도심과 농촌이 상생하고 사람과 자연이 공존하는 국제도시 무안!	존경하는 무안군민 여러분! 누구나 살고 싶은 명실상부한 서남부 관문도시, 살기 좋은 농촌과 신도심이 함께 어우러진 무안은 이재명과 ...	8	5	1	1
I6sNh-u3ejQ	2/14(월) - 안철수 여론조사 단일화(이태규)/ 대선후보등록 김동연/ 단일화패배 두려운 윤석열(↓) 복수혈전 제발저린 이재명(↓)(현근택·김근식)/ [D-23]여론조사 뚜껑여니	2월14일(월) 김현정의 뉴스쇼 +++++ 김현정 앵커의 개인 사정으로 김광일 기자가 대신 진행합니다 +++++ ▣ 라이브 방송 안내 뉴스쇼 ...	120310	2314	153	1
HZN0y5fDuJA	[이재명의 경남 산청 공약] 자연친화관광‧전통문화의 도시 산청! 이재명은 합니다!	존경하는 경남 산청군민 여러분, 산청은 지리산 자락에서 시작된 불교문화와 가야문화가 꽃핀 역사 도시이자 각​종 고품질 농산물의 ...	16	12	0	1
hrv1eSJ4dB0	[이재명의 인천 강화 공약] 강화 앞으로, 발전 제대로!	인천 강화군민 여러분, 인천 강화군은 수도권의 외곽에 위치한, 북한과 불과 1.8km의 거리를 둔 인구 7만의 농어촌지역입니다. 강화군 ...	10	7	0	1
nfsAUz34SRg	진성호TV 김혜경 책임진다더니 이재명 후보 등록! 암만 생각해도 괘씸하다 #Shorts		1801	238	0	-1
RTBfySKKv7g	이재명 ‘검사사칭 판결문’ 듣기, 검사 나부랭이를 왜 사칭?		229	61	5	-1
hxJp_Sn1cIU	[이재명의 전남 고흥 공약] 미래우주항공중심도시, 관광거점도시, 고흥군!	존경하는 고흥군민 여러분, 고흥군은 전남 남해안 고흥반도와 230개의 섬으로 이루어진 자연환경지역입니다. 최근 고흥은 대한민국 ...	4	3	0	1
