ID	title	description	viewcount	likecount	commentcount	label
PcltE_lEEWI	오늘의 뉴스체크✔ 안철수 &#39;야권 단일화&#39; 제안…&#39;선 그은&#39; 윤석열 (2022.2.14 / JTBC 아침&amp;)	"안철수, 윤석열에 먼저 '단일화' 제안…""여론조사 경선"" 0:00 단일화 방식엔 '선 그은' 윤석열…이재명 '말 아끼기' 2:23 닷새째 5만 명대 ..."	29750	341	218	1
96fIem1mcdg	안철수 “여론조사로 단일화 하자”…윤석열 “고민하겠지만 아쉬워” / KBS  2022.02.14.	국민의당 안철수 후보가 야권 후보 단일화를 국민의힘 윤석열 후보에게 전격 제안했습니다. 방식을 두고도 지난해 서울시장 보궐선거 ...	1679	21	34	1
tF8MKtdtyFY	이재명 32억 · 윤석열 77억 · 안철수 1,979억 재산 신고 (자막있슈) / SBS	20대 대선 후보 등록 첫날인 어제(13일) 11명의 후보자가 신상 정보를 선관위에 제출했습니다.후보자 등록을 하며 신고한 내용들을 ...	881	9	13	1
WqDT_4MMjPA	안철수, 윤석열에 단일화 제안…'오세훈과 같은 방식으로'	대선이 23일 앞으로 다가온 가운데 야권 단일화가 대선을 흔들 최대 변수로 떠올랐습니다. 단일화에 대해 선을 그어 오던 국민의당 ...	18442	1387	1056	1
jgT1g08byBE	2022년 2월 14일 (월) JTBC 아침&amp; 다시보기 - 안철수 &#39;단일화&#39; 제안…'여론조사 방식'	"2월 14일 (월) 아침& 주요뉴스 □ 02:43 안철수 '단일화' 제안…""여론조사 방식"" 대선 후보 등록일인 어제(13일), 국민의당 안철수 후보 ..."	14053	113	50	1
t2UHFMZOCwE	[최경영의 최강시사]  안철수, 윤석열에 국민경선 단일화 제안 - 진성준 의원(더불어민주당),성일종 의원(국민의힘)｜KBS 220214 방송	(1부) [뉴스 언박싱] '오늘 아침, 가장 뜨거운 뉴스' - 민동기 기자 + 김민하 시사평론가 [뜨거운 겨울, 여기는 베이징입니다] 2022 베이징 ...	3611	180	118	1
fkNMxLF6wsc	안철수 제안한 ‘서울시장 단일화 방식’ 이란? | 김진의 돌직구 쇼 929 회	안철수 제안한 '서울시장 단일화 방식' 이란? | 김진의 돌직구 쇼 929 회 安 주장 '서울시장 보선식 여론조사', 역선택 방지 조항 없어 尹 ...	400	15	8	-1
I6sNh-u3ejQ	2/14(월) - 안철수 여론조사 단일화(이태규)/ 대선후보등록 김동연/ 단일화패배 두려운 윤석열(↓) 복수혈전 제발저린 이재명(↓)(현근택·김근식)/ [D-23]여론조사 뚜껑여니	2월14일(월) 김현정의 뉴스쇼 +++++ 김현정 앵커의 개인 사정으로 김광일 기자가 대신 진행합니다 +++++ ▣ 라이브 방송 안내 뉴스쇼 ...	120310	2314	153	1
4VhtEdEDDz0	이태규 '윤석열 국민경선 안 받으면? 안철수, 가던 길 간다'	단일화 제안, 꼬리표 떼고 결론 내자는 뜻 * 국힘, 단일화 협상 가짜뉴스 흘리고 있어 * 국민경선 제안, 국힘 방식인데 왜 피하나?	3062	159	112	-1
Z5dsb55KsF4	[안철수] 이랬다 저랬다 소신과 철학이 무엇입니까? | 토론하이라이트		2825	0	264	1
7od7ESU3jRw	2월 14일 (월) 국민경선 야권 단일화 제안한 안철수, 가능성은?/고삐풀린 미국물가, 금리인상으로 잡힐까/러시아, 우크라이나 침공할까/토론은 두근두근 - 현근택 vs 이두아	[1부] 뉴스 온더 블럭 #최형창 세계일보 기자 [2-3부] 뉴스싹쓰리 - 국민경선 야권단일화 제안 안철수, 가능성은? - 적폐수사 충돌, 민심 ...	377	11	3	1
iW7_CGzqDJA	[뉴스포커스] 안철수 '여론조사 단일화'…윤석열 '고민해보겠다' / 연합뉴스TV (YonhapnewsTV)	"[뉴스포커스] 안철수 ""여론조사 단일화""…윤석열 ""고민해보겠다"" 출연 : 조기연 더불어민주당 선대위 공명선거법률지원단 부단장· ..."	2557	77	32	1
eoa74LjBYRQ	[11시 김광일 쇼 LIVE]  대선판 막판 변수 &#39;단일화&#39; 안철수의 진짜 속내 |  與 ‘김혜경 무관’ 녹취록엔 “네, 사모님“ 초밥 배달엔  “기생충이 있나봐”	조선닷컴 공식 홈페이지 http://www.chosun.com 조선일보 무료 구독 체험 http://bit.ly/2WnNAF7 ◈ 사실에 대한 믿음, 할 말을 하는 ...	34330	13135	9	1
iVRMRJ-tdxY	우파의 저주 안철수	모든 영상은 저의 개인적인 의견이 포함되어 있습니다. 시청에 주의해주세요. [후원하기] 후원계좌: 국민은행 619202 04 173003 ...	2486	645	78	-1
uxJJ4JLwwrE	Live-이재명 '제주 기본소득 시범실시/김현종, 펜스만나/안철수, 윤석열에 단일화 제안/윤석열의 구둣발/중국 아이스하키	멤버쉽 링크 - https://www.youtube.com/channel/UCkI2g2FvX-haxXqqDMqc96A/join 송작가TV몰 링크 ...	3913	5340	0	1
wy8NNehqzOs	[뉴스라이브] 안철수, 야권 단일화 전격 제안...결론은? / YTN	진행 : 김선영 앵커, 김대근 앵커 □ 출연 : 추은호 / 해설위원 * 아래 텍스트는 실제 방송 내용과 차이가 있을 수 있으니 보다 정확한 내용 ...	4888	80	83	1
diR-lSzwlc0	안철수 단일화 선언, 이재명과 손 안잡는다	자율구독료: 490701-01-183911 국민(고성국) * 정기구독 계좌이체 신청: http://www.ihappynanum.com/Nanum/B/QLUJSFZ0MJ ...	2943	648	47	1
g4uxNtWR3zY	[최경영의 최강시사] 국민경선 통한 야권 단일화.. 안철수 막판 승부수 통할까?- 최진석 상임선대위원장 (국민의당)｜KBS 220214 방송	[최강 인터뷰] 국민경선 통한 야권 단일화.. 안철수 막판 승부수 통할까? - 최진석 상임선대위원장 (국민의당) ----- ▷ #최강시사 ...	1281	45	18	1
07LR5gc_upo	안철수, 윤석열에 단일화 제안 “여론조사 국민경선”ㅣ안철수 대선 후보 특별 기자회견	대선을 24일 남겨둔 13일 국민의힘 안철수 대선 후보의 단일화 공개 제안으로 야권이 단일화 국면에 본격 접어들었다. #안철수 ...	96	2	3	1
NJPE9y2gxy4	2/14(월) 안철수, 여론조사 단일화 제안 / 윤석열 “허위기사 쓰면 언론사 파산할 수 있게 해야' / 윤석열 이번엔 기차 좌석에 구둣발_노영희의 뉴스인사이다[뉴스픽]	2월 14일 (월) 노영희의 뉴스인사이다 ▷ 한동인 기자의 뉴스픽 - 안철수, 여론조사 단일화 제안…尹 “역선택 가능성” - 윤석열 “허위 ...	1767	438	21	-1
wDaUCrCGKV4	변발헤-이재명 건보 공약/안철수-윤석열 단일화?/윤석열 구둣발 앞좌석에 올려	멤버쉽 링크 - https://www.youtube.com/channel/UCkI2g2FvX-haxXqqDMqc96A/join 송작가TV몰 링크 ...	5270	2262	46	1
N7C5mhMpapQ	안철수, 아내 코로나 확진 소식 전하며 울먹 '고생은 고생대로 다 하고'ㅣ안철수 대선 후보 특별 기자회견 #shorts	"안철수 #울먹 #코로나 안철수 국민의당 대선후보가 배우자 김미경 서울대 교수의 코로나 확진 소식을 전하며 울먹였다. ""세상을 보는 ..."	255	3	3	1
0ELGvUkFJFw	[비즈앤머니] 중기중앙회, 안철수 대선 후보와 중기 미래 비전 공유...'초격차 디지털 대한민국 중소기업의 미래'	중소기업중앙회 #김기문 #국민의당 #안철수 #대선후보 #정책 #중소기업 ▷ 팍스경제TV 제보 메일 : jebo@paxetv.com ...	6	0	0	1
4-IMg4OeeqE	권영세, “안철수 단일화 제안, 이재명이 가장 바라는 시나리오 일수도...”	[영상] 권영세, “안철수 단일화 방식, 이재명이 가장 바라는 시나리오 일수도” 안철수 제안 존중하면서 사실상 통 큰 양보 거론 “민주당 ...	144	18	14	-1
mfhh2uzqHTA	'이재명 40.4% 윤석열 43.5%...지난주보다 격차 줄어' / YTN	여야 대선 후보 다자 가상대결에서 민주당 이재명 후보와 국민의힘 윤석열 후보가 오차범위 안에서 접전을 벌인다는 여론조사 결과가 ...	5714	105	175	1
QmmicZwNqP0	[정치직격] '윤석열-신천지 의혹, 공직선거법 문제될 수도' 법학 박사 이상돈이 짚어주는 &#39;정치적 미숙&#39;한 윤석열의 문제! - 이상돈 전 의원, MBC 220214 방송	2022년 02월 14일 [김종배의 시선집중] | 출연 : 이상돈 전 의원 #정치직격 #윤석열 #안철수 #야권단일화 #이재명 #김혜경 #과잉의전 ...	33707	2622	178	-1
lcQUVVMxrO8	(종목추천) 까뮤이앤씨 지금부터가 강력한 저점이다! #대선주 #안철수 #써니전자	종목 : [까뮤이앤씨] 유형 : [중장기스윙] 매수가 : [2300원] 이하 (2000원까지 분할매수) 익절가 : [2800원] 부근 (전량매도) 손절가 : 그게 ...	223	44	26	1
t1xp_YPTGvQ	내일 공식선거 운동 개시...야권 단일화 신경전 / YTN	"야권 단일화 신경전…""100% 여론조사"" vs ""후보 합의"" 국민의힘 ""역선택 우려…통 큰 단일화 필요"" 국민의당 ""일방적 양보 요구…"	2899	33	48	-1
VqB9xy3z7wI	야권 단일화 신경전...내일 공식선거 운동 개시 / YTN	[앵커] 내일부터 20대 대선 공식 선거운동의 막이 오르는 가운데 단일화 논의가 본격화한 야권은 벌써 치열한 신경전이 이어지고 ...	3891	77	72	1
bG3iBcSKEJ8	[대선 D-23] 안철수의 단일화 제안, 향후 대선정국은? / 족발 석열의 민폐 열차	"추경대폭증액 #24시간영업연장 #대선여론조사 ""시사의품격"" 2022년 2월 14일 방송입니다 ◼︎ 후원계좌 : 국민은행(윤선희) ..."	204	171	0	1
j02fCsTthyk	권영세, 안철수 제안에 ‘NO!’ “정권교체 위해 통 큰 단일화 필요”	권영세 국민의힘 선거대책본부장이 14일 오전 서울 여의도 국회에서 열린 선거대책본부 전체회의에서 모두발언을 했다.	8	0	1	1
LmGkxicOq6c	대선특집 - 윤석열 후보와 안철수 후보의 단일화편	윤석열후보와 안철수후보의 단일화는 가능한가? 두 후보의 궁합은? 두 후보의 대운과 세운은? 단일화를 거부하는 안철수후보의 ...	5	2	0	1
KgnCiDQD1_M	[국민혁명당 LIVE] 안철수에게 명예로운 후퇴의 길을 마련하라!! , 이동호 자가격리위반죄 무죄 판결!! - ​​​이동호 사무총장 2022.02.14.	자발적후원 농협 302-0303-8482-11 오충권 ----------------국민혁명당 홈페이지----------------- 국민혁명당에 큰 지지를 보내주심을 진심 ...	2088	647	15	1
c6nIvyFgCRQ	안철수 윤석열 단일화 정리 #shorts	안철수와 윤석열의 운명은!? #윤석열 #안철수 #윤석열김건희 #윤석열사주 #윤석열적폐 #윤석열유튜브 #안철수지지율 #안철수 ...	20	6	1	-1
04HgC87OOFY	안철수 선제타격 에 탈선한 족발열차 !	안철수 #윤석열 #이재명 안철수 뽑으면 안철수 대통령 됩니다.	16	8	0	1
V8u3gESfq8k	망신당한 이준석, 멘탈 나갔다! '트롤 이준석의 팀킬 주머니.. 윤석열차 아닌 나락열차' - 안철수 위로한 이재명 근황.. 공부왕찐천재 &#39;100만 돌파&#39; 뜨거운 반응	망신당한이준석 #이준석비단주머니윤석열차 #안철수위로한이재명 #공부왕찐천재이재명100만돌파 ▣ 황희두 멤버십 후원 ...	27154	15803	594	-1
QRPRKMOXkN4	박근혜 대구 사저 인산인해!윤석열 집권하면 박근혜 어떻게?#안철수,尹 코너로 몰았다#尹의 비선 양정철#청와대해체는 윤석열판 문화혁명#청와대 앞 이멜다#이재명,TK에서 박근혜 부활?	윤창중칼럼세상은 보수우파의 집권이 목표입니다. 실현 가능한 해법과 방향을 분명히 제시합니다. 윤칼세를 도와주십시오. 윤칼세TV ...	6555	1719	45	-1
coYdbiULL6Q	[국민혁명당 LIVE] 안철수에게 명예로운 후퇴의 길을 마련하라!! , 이동호 자가격리위반죄 무죄 판결!! - ​​​이동호 사무총장 2022.02.14.	광화문 On 가입 안내---------------------- 3월1일 대국본앱이 광화문온으로 개편되었습니다. 아래링크를 눌러 업데이트 버튼을 클릭 ...	3964	1575	14	1
i2hRosJuCqc	與, 단일화 관련 공식 입장 없어…침묵 속 ‘예의 주시’ | 김진의 돌직구 쇼 929 회	與, 단일화 관련 공식 입장 없어…침묵 속 '예의 주시' | 김진의 돌직구 쇼 929 회 안철수 '1월 3주차' 17% → '2월 2주차' 13% 윤석열 '1 ...	395	15	1	1
drx5uEcaVYM	[가상5자토론] 대선후보 소득정책 비교해보니 역시 오준호 뿐! | #기본소득당 #대선후보 #오준호	지난 2차 토론회의 주제는 청년, 일자리, 소득 정책이었죠. 하지만 네 명의 후보 중 누구도 국가가 적극적으로 나서서 폭넓게 국민을 ...	12	5	0	1
U3wRDME9u50	배승희 민영삼의 따따부따(윤석열 안철수 단일화?) #shorts		346	65	0	1
xBdpLezUogE	윤석열, 안철수 고사 작전! 정권교체 보다는 잿밥!	후원 : 우리은행 1005-603-591706 제이에이치 커뮤니케이션.	0	6	0	1
qaFowDMuW5s	배승희 민영삼의 따따부따(윤석열 안철수 합의하자?) #shorts		248	42	0	1
hVtJZ6bTaak	공을던진 안철수/ 협박하는 이재명/ 쩍뻗하는 윤석열	안철수 내~가 이럴줄 알았지.	0	11	0	-1
1YMBRX9Q2MI	신문브리핑 1 '정권교체 실패 &#39;책임론&#39; 우려에 安 결단…尹 '경선 아닌 담판으로'' 외 주요기사 [아침&amp;매일경제]	"(매경)신문브리핑 1 ""정권교체 실패 '책임론' 우려에 安 결단…尹 ""경선 아닌 담판으로"""" 외 주요기사(0214) #아침앤매일경제 #신문 ..."	4016	226	44	1
1l9jU_KaNMI	#안철수동행  2022.2.14.(월)서문시장 2:00 모두 국민만을 위해 달리는 안철수 후보님 응원 갑시다!		28	14	1	1
o2EUCTKIPiM	안철수후보는 윤석열후보 부르지 말고 허경영후보와 경선해라		3	1	0	1
NWlLovQx5d8	2차 TV토론 관전평 | 친문결집이 시작됐다 | 끊이지 않는 김건희 리스크, 어쩔? | [짤짤이쇼 라이브 69화]	고기는 3일, 영양제는 3개월, 비너폴로 온열벨트는 3년! 구매처 : https://bit.ly/3mrGmhF (링크를 타고 들어가시면 시빌리언들을 위한 ...	87778	12325	358	1
pq7MXDGfn7k	[콕스톡][안철수 관련주] 안랩, 다믈멀티미디어, 까뮤이앤씨, 써니전자, 링네트, 오픈베이스	수익을 당연하게 여기는 생각은 주가가 큰 폭으로 하락하면 확실하게 치유된다. – 피터린치 [콕스톡 - 주식종목 추천서비스] ▷구글 ...	9	4	0	1
ic6EUYvVhns	2/14.안철수후보 야권단일후보 제안하다. 환영합니다.	사단법인 인천광역시 의정회(전회장) 사회복지사 소방안전기사 현대건설 근무 인천광역시 의회 초대 시의원 인천광역시 민선 초대 ...	8	3	0	1
