ID	title	description	viewcount	likecount	commentcount	label
PcltE_lEEWI	오늘의 뉴스체크✔ 안철수 &#39;야권 단일화&#39; 제안…&#39;선 그은&#39; 윤석열 (2022.2.14 / JTBC 아침&amp;)	"안철수, 윤석열에 먼저 '단일화' 제안…""여론조사 경선"" 0:00 단일화 방식엔 '선 그은' 윤석열…이재명 '말 아끼기' 2:23 닷새째 5만 명대 ..."	29750	341	218	1
EE8xJ9Vfi3U	윤석열, 사법제도와 법집행·자본시장 관련 공약 발표 / SBS	국민의힘 윤석열 대선후보가 오늘(14일) 오전 11시 여의도 당사에서 사법 구현 관련 정책 공약을 발표할 예정입니다. #SBS뉴스 #8 ...	24102	1516	72	1
S2ORd-aZy8w	신문브리핑 3 '윤석열 &#39;열정열차&#39; 좌석에 구둣발 올려 논란' 외 주요기사 [아침&amp;매일경제]	"(매경)신문브리핑 3 ""윤석열 '열정열차' 좌석에 구둣발 올려 논란"" 외 주요기사(0214) #아침앤매일경제 #신문브리핑 #이상훈앵커 ..."	1136	38	60	-1
mfhh2uzqHTA	'이재명 40.4% 윤석열 43.5%...지난주보다 격차 줄어' / YTN	여야 대선 후보 다자 가상대결에서 민주당 이재명 후보와 국민의힘 윤석열 후보가 오차범위 안에서 접전을 벌인다는 여론조사 결과가 ...	5688	105	175	1
kJVJ4hpCGcE	윤석열 후보, 염수정 추기경 예방	윤석열 국민의힘 대선후보가 염수정 추기경을 예방했습니다. 염 추기경은 희망을 주는 정치를 당부했습니다.	465	46	22	1
6ODPgg9rhhw	국민의힘 윤석열, 대선공약 발표 - [끝까지 LIVE] MBC 중계방송 2022년 02월 14일	윤석열 국민의힘 대선후보는 오늘(14일) 오전 11시 중앙당사에서 사법구현 관련 대선 공약을 발표합니다. * 본 LIVE 방송은 발표가 ...	6001	99	20	1
96fIem1mcdg	안철수 “여론조사로 단일화 하자”…윤석열 “고민하겠지만 아쉬워” / KBS  2022.02.14.	국민의당 안철수 후보가 야권 후보 단일화를 국민의힘 윤석열 후보에게 전격 제안했습니다. 방식을 두고도 지난해 서울시장 보궐선거 ...	1679	20	34	1
tF8MKtdtyFY	이재명 32억 · 윤석열 77억 · 안철수 1,979억 재산 신고 (자막있슈) / SBS	20대 대선 후보 등록 첫날인 어제(13일) 11명의 후보자가 신상 정보를 선관위에 제출했습니다.후보자 등록을 하며 신고한 내용들을 ...	881	9	13	1
JpbAqyyb2q8	[Live] 2월 14일 윤석열 대통령 후보 정책 공약 발표 - 국민이 신뢰하는, 국민에게 봉사하는 사법구현		5122	3450	74	1
LwkSdAwyK_0	윤석열 '安 제안 긍정 평가하지만 아쉽다'…이재명 '민생이 중요' 선긋기	"윤석열 후보는 안철수 후보의 단일화 제안에 일단 긍정적으로 평가한다고 밝혔지만, 여론조사를 통한 경선 방식에는 ""아쉽다""는 반응 ..."	9945	178	103	-1
QmmicZwNqP0	[정치직격] '윤석열-신천지 의혹, 공직선거법 문제될 수도' 법학 박사 이상돈이 짚어주는 &#39;정치적 미숙&#39;한 윤석열의 문제! - 이상돈 전 의원, MBC 220214 방송	2022년 02월 14일 [김종배의 시선집중] | 출연 : 이상돈 전 의원 #정치직격 #윤석열 #안철수 #야권단일화 #이재명 #김혜경 #과잉의전 ...	33598	2618	178	-1
40upMfpSEVY	윤석열 후보, 일단 우기면 장땡이라는 토론 자세 [아침옳소] 0214	"[힐로소피 안내]** ○ 구매링크 : [https://healosophy.co.kr] ○ 문의전화 : 010-7411-0123 ○ 힐로소피 ""옳은소리"" 이벤트! 1. 3개이상 ..."	16818	5496	36	1
uxJJ4JLwwrE	Live-이재명 '제주 기본소득 시범실시/김현종, 펜스만나/안철수, 윤석열에 단일화 제안/윤석열의 구둣발/중국 아이스하키	멤버쉽 링크 - https://www.youtube.com/channel/UCkI2g2FvX-haxXqqDMqc96A/join 송작가TV몰 링크 ...	3902	5335	0	1
4VhtEdEDDz0	이태규 '윤석열 국민경선 안 받으면? 안철수, 가던 길 간다'	단일화 제안, 꼬리표 떼고 결론 내자는 뜻 * 국힘, 단일화 협상 가짜뉴스 흘리고 있어 * 국민경선 제안, 국힘 방식인데 왜 피하나?	3062	159	112	-1
NzYK6tNv-qo	현근택 '윤석열, 단일화 패배 두렵나' vs 김근식 '이재명, 도둑이 제발 저린가'	〈민주당 선대위 현근택 대변인〉 안철수 단일화 제안, 완주 명분 찾기? 국민의힘 '철수해주면 고맙다'는 입장 단일화되면 일방적 승리?	4405	132	45	-1
-2H3xij00CQ	[생방송]윤석열 &#39;열차 구둣발&#39; 사진, 해명에도 파장 큰 이유 그리고 &#39;제주 술자리&#39;-안진걸/[녹화중계]이재명 민주당 후보 현충원 참배 후 언론브리핑 (2022.2.14 오후)	[생방송]윤석열 '열차 구둣발' 사진, 해명에도 파장 큰 이유 그리고 '제주 술자리'-안진걸/[녹화중계]이재명 민주당 후보 현충원 참배 후 ...	33512	0	207	-1
yQsQcAjYUXA	넘어지면 큰일! 낙상사고 예방용품 지원합니다! #shorts #윤석열 #59초공약짤	shorts #윤석열 #59초공약짤.	2562	924	62	1
rsBHoDhp6Oo	[생중계] 윤석열 후보, '국민이 신뢰하는, 국민에게 봉사하는 사법구현 등' 정책공약 발표 (2022.2.14 오전)	"[생중계] 윤석열 후보, ""국민이 신뢰하는, 국민에게 봉사하는 사법구현 등"" 정책공약 발표 (2022.2.14 오전) #윤석열 #사법분야 #정책 ..."	2772	0	73	1
wDaUCrCGKV4	변발헤-이재명 건보 공약/안철수-윤석열 단일화?/윤석열 구둣발 앞좌석에 올려	멤버쉽 링크 - https://www.youtube.com/channel/UCkI2g2FvX-haxXqqDMqc96A/join 송작가TV몰 링크 ...	5270	2262	46	1
Rds1jN60xGU	2/14(월) 김진애가 말하는 윤석열과 이재명의 리더십_노영희의 뉴스인사이다[대담한 대담]	2월 14일 (월) 노영희의 뉴스인사이다 ▷ 노영희의 [대담한 대담] 김진애 전 열린민주당 의원 - 김진애가 말하는 공정과 상식의 힘 - 이번 ...	1397	315	13	1
iW7_CGzqDJA	[뉴스포커스] 안철수 '여론조사 단일화'…윤석열 '고민해보겠다' / 연합뉴스TV (YonhapnewsTV)	"[뉴스포커스] 안철수 ""여론조사 단일화""…윤석열 ""고민해보겠다"" 출연 : 조기연 더불어민주당 선대위 공명선거법률지원단 부단장· ..."	2557	77	33	1
xjPpe58yeq4	윤석열 사진 &#39;논란&#39;...이준석 '전후 관계없이 잘못된 일' 사과 / YTN	진행 : 김선영 앵커, 김대근 앵커 □ 출연 : 추은호 / 해설위원 * 아래 텍스트는 실제 방송 내용과 차이가 있을 수 있으니 보다 정확한 내용 ...	56787	2174	1814	-1
gV2VSlFByq0	윤석열, 기차서 구두 신은 채 좌석에 발 올려..'부끄럽다' '다리 경련' 여야 공방	윤석열 국민의힘 대선 후보. 정책 공약 홍보 기차 '열정열차' 안에서 찍은 사진이 논란이 되고 있습니다. #윤석열열차 #이포커스 #뉴스 ...	154	26	14	-1
xjI1xjgtn0A	[풀영상] 국민의힘 윤석열 후보, 사법구현 정책 공약 발표/2월 14일(월)	국민의힘 윤석열 대선 후보는 오늘(14일) 오전 당사에서 사법 구현을 위한 정책 등 공약을 발표합니다. 자세한 내용, 영상으로 확인 ...	4996	219	35	1
3rCn5H-e3Mc	윤석열,쭉뻗열차 난리  심기경호가 도를 넘었다 숨은 그림찾기	윤석열 #쭉뻗 #쭉벌 #숨은 그림찾기 #열정열차 #석열열차 ♥ 후원안내 ♥ ※국내 후원 국민은행, 365202-01-189195 김*원 ※해외 ...	170	33	5	-1
k6QPNT9Fg9s	이재명 윤석열 대선 후보와 그들의 배우자 김혜경 김건희 관련 비리 의혹 수사가 전면 중단된다. 후보등록이 마감된 공직선거법에 따른 상황이다.  그러나...언론 보도는 계속된다.		2921	897	21	-1
jeecH7g-k1M	신천지 의혹 윤석열	신천지 유착 의혹을 받고 있는 윤석열 후보가 대선 토론에서 이재명 후보에게 까이고있다 #윤석열 #대선후보 #윤석열신천지 #신천지 ...	55	8	0	-1
NPLe4rOdiFk	윤석열, 변호사 소개해 주고도 윤우진 사건 몰랐다? #shorts	이재명 #더불어민주당 #대통령후보 #2030 #어대명 #정책 #공약 #윤석열 #국민의힘 #이준석 #홍준표 #김건희 #김종인.	157	28	1	-1
qs-XyoH3nSo	안치환, 이런 인간이었나? 대선 앞두고 김건희 겨냥한 네거티브! 윤석열 격앙!  민심 부글부글!!	정의구현 멤버십 가입 : https://www.youtube.com/channel/UCUNwNXVrWAHQpc8gPp1c6kw/join 자발적 구독료 : KB국민은행 ...	11960	4211	370	-1
YG37lEETe7U	긴급) 윤석열 방금 여의도 당사에 도착! &#39;적폐수사&#39; 법과 원칙대로 제대로 끝장낸다! 문재인·이재명 기겁! 민주 지금 난리났다!!	정의구현 멤버십 가입 : https://www.youtube.com/channel/UCUNwNXVrWAHQpc8gPp1c6kw/join 자발적 구독료 : KB국민은행 ...	9299	5555	0	-1
A_L6b77mlnQ	[풀영상] 윤석열 사법구현 공약발표 '공수처 정상화 시켜도 문제점 발생하면 폐지'	국민의힘 #윤석열 #사법구현 #공약발표 #공수처 #폐지 국민의힘 윤석열 대선후보가 22년 2월 14일 국민의힘 당사 3층 브리핑룸에서 ...	3066	515	47	1
WqDT_4MMjPA	안철수, 윤석열에 단일화 제안…'오세훈과 같은 방식으로'	대선이 23일 앞으로 다가온 가운데 야권 단일화가 대선을 흔들 최대 변수로 떠올랐습니다. 단일화에 대해 선을 그어 오던 국민의당 ...	18442	1387	1056	1
eoA6-uqDU4Q	충격!!! 기차 앞좌석에 구둣발 올린 윤석열	"유튜브 이송원TV 2월 14일(월) 오전 9시에 서귀포시 생긴이래 최대인파 모였답니다 이재명, '공격수' 전환.. ""尹 집권 시 옥상 유인물 ..."	10346	3968	7	1
t1xp_YPTGvQ	내일 공식선거 운동 개시...야권 단일화 신경전 / YTN	"야권 단일화 신경전…""100% 여론조사"" vs ""후보 합의"" 국민의힘 ""역선택 우려…통 큰 단일화 필요"" 국민의당 ""일방적 양보 요구…"	2846	33	46	-1
G1vJr4bE1Cg	李 “윤석열 신천지 특검 필요”…尹 “급한 모양”  | 김진의 돌직구 쇼 929 회	李 “윤석열 신천지 특검 필요”…尹 “급한 모양” | 김진의 돌직구 쇼 929 회 李, 신천지·주가조작·대장동 관련 尹 비판 李 ＂윤석열 신천지 ...	531	34	11	-1
DN_LmODmwOw	ㅉㅉ, 딱한 윤석열 #shorts	이재명 #더불어민주당 #대통령후보 #2030 #어대명 #정책 #공약 #윤석열 #국민의힘 #이준석 #홍준표 #김건희 #김종인.	301	46	4	-1
t2UHFMZOCwE	[최경영의 최강시사]  안철수, 윤석열에 국민경선 단일화 제안 - 진성준 의원(더불어민주당),성일종 의원(국민의힘)｜KBS 220214 방송	(1부) [뉴스 언박싱] '오늘 아침, 가장 뜨거운 뉴스' - 민동기 기자 + 김민하 시사평론가 [뜨거운 겨울, 여기는 베이징입니다] 2022 베이징 ...	3611	180	118	1
Sdxr9lSNvG4	[풀영상] 국민의힘 박대출-윤석열 선거운동 첫째 날 일정 브리핑 (22.02.14)	국민의힘 #박대출 #선거운동 #윤석열 #일정브리핑 [풀영상] 국민의힘 박대출-윤석열 선거운동 첫째 날 일정 브리핑 (22.02.14) 시사 ...	5225	791	20	1
u5tX_W2kZIs	윤석열 쭉뻗 이준석 해명		12	1	0	-1
3ou5myZmnlc	[박대표의 운명돌파]  2.14(월)   이재명 40.4%·윤석열 43.5% &#39;초접전&#39;..안철수 7.8%    심상정 3.5%·허경영 1.2%·김동연 0.6%	정치인물분석 #사팔랩 #박대표 #정치인의운명 #더불어민주당 #이재명후보 #국민의힘 #윤석열 #인물심리분석 #이재명 #지지율조사 ...	0	45	0	-1
_0Zht0kLpP0	[풀영상] 윤석열 정부의 기본 교육 기조?...'교육에 정치 못 들어오게 하겠다'	국민의힘 #윤석열 #교육 #정치 #사다리 국민의힘 윤석열 대선후보가 22년 2월 14일 당사에서 교육 정책 기본 방향에 대해 발언하고 ...	271	59	9	1
tSyZ52vd8wY	본부장 컴퍼니 I 2022년을 강타할 패밀리 비즈니스 #윤석열	윤석열 후보의 본인, 부인, 장모 비리 '의혹'을 기업 광고의 형태로 풍자해보았습니다. 홍준표 의원의 '본부장', 윤석열 후보의 '대선은 ...	111	65	10	-1
FrmTdkKhH5M	윤석열의 생활밀칙형 '59초공약짤' 모아보기 4탄 / #윤석열 #59초공약짤 #우리가윤석열이다 #내가윤석열이다	"국민의힘 윤석열 대통령 후보의 생활밀착형 공약을 모았습니다. 생활밀착형 ""59초 공약짤"" 4탄 ▣ 가다실 9가 접종 비용 지원합니다 ..."	42	8	1	1
Cmmz2O3mskE	[현장라이브] 전쟁광 윤석열 사퇴 촉구 기자회견	전쟁광윤석열은사퇴하라 #백자TV #빨간아재TV #시사의품격 #안진걸TV #양희삼TV #우희종TV #주권방송 #촛불전진 2022년 2월 ...	2674	1063	14	-1
LmGkxicOq6c	대선특집 - 윤석열 후보와 안철수 후보의 단일화편	윤석열후보와 안철수후보의 단일화는 가능한가? 두 후보의 궁합은? 두 후보의 대운과 세운은? 단일화를 거부하는 안철수후보의 ...	5	1	0	1
Rfb2fl-nkjo	[윤석열과 강신업]  D-23 닥치고 야권단일화 닥치고 정권교체/대한민국 최고의 고품격 정통 정치시사 방송!	안철수 #야권단일화 #정권교체.	56	160	4	1
KdsG5bYQOXU	신정아와 윤석열 그리고 김건희 - 이상로의 카메라 출동 (2022. 2. 13)	김경재 후원회 농협 352 - 1924 - 7661 - 93 예금주 : 김영숙 (회계) 신정아와 윤석열 그리고 김건희 - 이상로의 카메라 출동 (2022. 2.	408	129	10	1
NJPE9y2gxy4	2/14(월) 안철수, 여론조사 단일화 제안 / 윤석열 “허위기사 쓰면 언론사 파산할 수 있게 해야' / 윤석열 이번엔 기차 좌석에 구둣발_노영희의 뉴스인사이다[뉴스픽]	2월 14일 (월) 노영희의 뉴스인사이다 ▷ 한동인 기자의 뉴스픽 - 안철수, 여론조사 단일화 제안…尹 “역선택 가능성” - 윤석열 “허위 ...	1732	438	21	-1
ieYoup1KdfY	윤석열은 김혜경을 안 건드리는데 이재명은 김건희 저격! 대조적 인간성.		2939	679	16	-1
07LR5gc_upo	안철수, 윤석열에 단일화 제안 “여론조사 국민경선”ㅣ안철수 대선 후보 특별 기자회견	대선을 24일 남겨둔 13일 국민의힘 안철수 대선 후보의 단일화 공개 제안으로 야권이 단일화 국면에 본격 접어들었다. #안철수 ...	96	2	3	1
