ID	title	description	viewcount	likecount	commentcount	label
izpJqesO5fo	[안철수, 국민의당 후보 구미역 중앙시장 유세] / 2월 15일 (화) 풀영상 / 디지털Only	안철수 국민의당 대선후보는 공식 선거운동이 시작되는 오늘(15일) 대구를 시작으로 유세에 나섭니다. 안 후보는 구미역 중앙시장을 ...	4749	237	44	1
3PQq76diXUM	안철수 후보 향한 여·야 러브콜, 단일화 방향은? MBN 220214 방송	안철수 후보 향한 여·야 러브콜, 단일화 방향은? #판도라#탁석산#노웅래#나경원#강훈식#유상범#이재명#윤석열#안철수#심상정#4 ...	352	6	6	1
DNuWZCmTqcE	[안철수, 국민의당 후보 김천역 광장 유세] /02월15일(화)/디지털Only	안철수 국민의당 대선후보는 공식 선거운동이 시작되는 오늘(15일) 대구를 시작으로 유세에 나섭니다. 안 후보는 김천역 광장을 찾아 ...	5716	304	97	1
g_oNhglvqwk	안철수 공식 선거운동 시작 - 대구 첫 유세 / SBS	국민의당 안철수 대선 후보는 공식 선거운동이 시작되는 오늘(15일) 대구에서 첫 유세를 시작합니다. 안 후보는 오늘 아침 대구 범어 ...	18754	586	197	1
hZDLApSEzAM	'철수 하실 거예요?'…돌발 상황에 빛난 안철수의 &#39;대응력&#39; (현장영상) / SBS	국민의당 안철수 후보가 14일, 보수진영의 '텃밭'인 대구.경북 지역을 찾았습니다. 지난 주말 국민의힘 윤석열 대선후보에게 '단일화 ...	10859	324	160	1
rQnfDq-3nko	안철수, 선거운동 첫날..경북 김천역 유세 / SBS	SBS뉴스 #8뉴스 #안철수 #경북 #김천 #유세 #실시간 으로 만나 보세요 라이브 뉴스 채널 SBS 모바일24 ▷SBS 뉴스로 제보해주세요 ...	9275	282	75	1
DOlrprXp_sE	심상정, 호남 1박 2일...안철수, 박정희 생가 방문 / YTN	[앵커] 제3지대 후보들의 유세 일정도 알아보겠습니다. 정의당 심상정 후보는 호남으로 국민의당 안철수 후보는 TK로 향했죠?	1450	11	34	1
0Ne6K6ZMANo	안철수 첫 유세 대구...'박정희 잇는 한강의 기적 만들겠다' / YTN	국민의당 안철수 후보는 대구에서 첫 선거운동을 시작하며 고 박정희 전 대통령의 뒤를 이어 한강의 기적을 만들어내겠다고 강조 ...	996	21	30	1
in3rszlP95Y	신문브리핑 2 '포항·성주·대구…안철수, TK 돌며 보수층 잡기' 외 주요기사 [아침&amp;매일경제]	"(매경)신문브리핑 2 ""포항·성주·대구…안철수, TK 돌며 보수층 잡기"" 외 주요기사(0215) #아침앤매일경제 #신문브리핑 #이상훈앵커 ..."	1240	43	31	1
ruO89RZdF08	윤석열-안철수, 단일화 줄다리기 시작? [아침에 이슈]	20대 대선의 본격적인 막이 올랐습니다. 여야 주요 후보들이 일제히 후보 등록을 마치고, 내일부터는 공식 선거운동이 시작됩니다.	18640	1893	278	1
PhV4g2tMvzQ	대선 선거운동 시작…심상정 “대한민국 대전환”·안철수 “미래 먹거리 해결” / KBS  2022.02.15.	정의당 심상정 후보는 호남선 첫 기차로 전북 익산과 전주를 찾아 공식 선거운동을 시작했습니다. 심 후보는 기득권 양당 정치를 막을 ...	87	2	1	1
LtkUQPa6Cjc	[안철수] [코로나19 극복을 위한 민심청취] 기호4번 안철수 대통령 후보 시민인사 | 김천 황금시장 | LIVE	안철수 #4 #기호4 #4번 #20대대통령 #국민의당 #코로나19 #민심 #시민 #김천 #황금시장.	4837	0	107	1
61cEspkifhI	[안철수] 안철수 대통령 후보 대구 반월당 현대백화점 앞 유세 | LIVE	안철수 #20대대통령 #국민의당 #유세 #유세현장 #대구.	12323	0	393	1
eslPyd2HBKQ	[안철수] 안철수 대통령 후보 선거유세 | 김천역 광장 | LIVE	안철수 #4 #기호4 #4번 #20대대통령 #국민의당 #김천 #김천역.	4361	0	116	1
B17w0fF4BG8	[안철수] 기호4번 안철수 대통령 후보 선거유세 | 구미역 앞 광장 | LIVE	안철수 #4 #기호4 #4번 #20대대통령 #국민의당 #구미 #구미역.	7488	0	236	1
y2L8z6QBg5I	'안철수는 ‘대선후보 단일화에서 반역 제 1적’이 되려 합니까?' 충격적인 신문광고	자유민주당이 일간신문에 안철수의 단일화 제안의 '꼼수'를 비판하는 광고를 실었다.	79247	12298	862	-1
Wy-MjlBerME	[최병묵의 팩트] 단일화 재촉하는 안철수 왜	이틀전 야권후보 단일화를 제안했던 안철수 후보가 다시 윤석열 후보의 답변을 재촉했습니다. 초조함일까요. 이유를 분석해 ...	25673	9670	479	-1
e22Lrj7LVng	내가 하면 단일화! 남이 하면 야합? MBN 220214 방송	내가 하면 단일화! 남이 하면 야합? #판도라#탁석산#노웅래#나경원#강훈식#유상범#이재명#윤석열#안철수#심상정#4자토론# ...	330	6	2	-1
T_0k4PIfNvs	[만나보니] 대구에 온 안철수 “‘내수용 법률가’가 하는 일은 과거에 대한 응징···미래 볼 수 없어”	[대구MBC뉴스] 제20대 대통령 선거 공식 선거운동 첫날, 국민의당 안철수 대선후보는 아침 일찍부터 대구 현대백화점 앞에서 유세를 ...	112	4	4	1
Iy-bou6lb4U	윤석열 안철수 단일화 시원한 결말은? [김영환 前의원]	격렬한 토론 끝에 시원한 결말 [김영환 前의원] [이봉규TV 멤버십 가입] ...	9126	2529	423	1
SLmXua3Wjrc	[생방송]  윤석열의 단일화 전략은 안철수 고립화? | 여의도 하이킥 76회	방송: 여의도 하이킥 76회 □일시: 2월 15일 오후 2시 □진행: 박상병 정치평론가 □패널: 엄경영 시대정신연구소 소장 안철수 국민의 ...	103	42	0	1
Exmy5cg2lNo	안철수 단일화 제안, 명분은 충분했나?	오전11시 KBC와 함께하는 광주방송 유튜브 콘서트 Hot News YouTube Concert with KBC at 11am.	120	2	0	1
nrPE0oODIlE	긴급! '민주 지지층, 안철수 역선택할 수밖에' 우상호 방금 충격발언! 안철수 큰일났다! 윤석열로 단일화? (진성호의 직설)		52662	9035	444	-1
UPOFIhi-DK0	대선 유세 첫날 、、허본좌 뉴스、、。안철수가 대구와 구미로 간 까닭은..ㄷㄷ	누리PD 후원계좌// 신한은행 김준O -----110 321 750470 ---- 자율구독료 성격입니다. 후원 해 주시는 모든 분들에게 허리 굽혀 진심 ...	471	151	24	1
pbi5tQFdpOs	민주당 정성호 '이재명 통합내각, 안철수-유승민도 함께 했으면'	라이브 방송 안내 뉴스쇼 라이브 방송 | 매주 월~금 오전 7시20분~9시 댓꿀쇼 라이브 방송 | 뉴스쇼 본방송 끝나자마자 이어서 오전 9시 ...	2879	118	34	1
oDLBm3uTCQ8	단일화 ‘룰의 전쟁’?…야권 줄다리기 본격화 | 뉴스A 라이브	"단일화 '룰의 전쟁'?…야권 줄다리기 본격화 '단일화 방식' 놓고 야권 줄다리기 본격화 안철수 ""단일화 방식, 윤석열이 직접 답해야"" ..."	1951	86	16	1
ZSR_SN5pNhE	Sim Sang-jung, Ahn Cheol-soo start presidential campaigns	선거운동 첫날…심상정 호남으로, 안철수 TK 공략 Presidential candidates, Sim Sang-jung from the Justice Party and Ahn ...	28	2	0	1
KWfog2Mm94g	두 번째 4자 TV 토론, 평화는 짧고 &#39;네거티브&#39;만 남았다!? MBN 220214 방송	두 번째 4자 TV 토론, 평화는 짧고 '네거티브'만 남았다!? #판도라#탁석산#노웅래#나경원#강훈식#유상범#이재명#윤석열#안철수# ...	356	5	3	-1
Zc30bfv0-_c	안철수 후보 박정희대통령 생가 방문 #안철수 #대통령 #오렌지군단	턴라이트 - 구독 턴라이트  자발적후원 계좌   중소기업은행 341-108033-04-010 ❤ 문자응원 #70794296 ✓✓해외용페이팔 ...	4345	713	22	1
n3l3wOyvI4g	김천역 광장 유세 나선 안철수 '망친 나라 살릴 4번 타자가 되겠습니다'	안철수 #김천역 #광장 #타자 #4번타자 #홈런 국민의당 안철수 대선후보가 22년 2월 15일 열린 김천역 광장 앞 유세차량에서 발언 ...	1150	54	42	1
AW1BJePYAFQ	[뉴스외전 정치 맞수다] 선거운동 첫날, 누가 앞서나?..여야가 보는 현재 대선 판세 (2022.02.15/뉴스외전/MBC)	출연: 기동민 더불어민주당 의원, 최형두 국민의힘 의원 대선 공식 선거운동 시작 공식 선거운동 돌입..22일간 총력 유세전 이재명, ...	662	13	12	1
iGtmb73Qgh4	[안철수] [코로나19 극복을 위한 민심청취] 기호4번 안철수 대통령 후보 시민인사 | 안동 신시장 | LIVE	안철수 #4 #기호4 #4번 #20대대통령 #국민의당 #코로나19 #민심 #시민 #안동 #신시장.	0	0	0	1
-_2w4bHcoqY	[황태순-TV]  후보단일화 &#39;안철수 효과&#39; 현재 0.42%에 불과...그나마 점점 떨어질 것!		11134	2371	133	1
yGXfCifxQLw	안철수의 단일화 선빵 ~ 대선에 미칠영향은?	안철수#윤석열#단일화.	16	1	0	1
sh5LeXwo6jg	제20대 대통령선거 국민의당 안철수 후보 대구 유세현장		1200	67	4	1
WJIGTAndqRg	안철수 '대한민국 9회 말 투 아웃, 홈런 쳐줄 4번 타자될 것'	"안철수 국민의당 대통령 후보가 15일 경북 김천시 김천역 선거 유세에서 ""대한민국은 9회 말 투 아웃 위기이고, 자신이 4번 타자가 ..."	192	6	4	1
sFuXEEAmRtw	안철수, 대구서 유세 시작 '간절한 마음으로 나라 살리러 나왔다'	국민의당 #안철수 #유세 #국고 #간절 안철수 국민의당 대선 후보가 22년 2월 15일 대구 중구 반월당 현대백화점 앞 유세 현장에서 ...	915	40	45	1
p0WObTFjzLs	국민의당 안철수, 구미역 중앙시장 유세 '지금은 9회말 2아웃...홈런 칠 4번 타자 필요해'	"국민의당 #안철수 #구미역 #중앙시장 #유세 #홈런 국민의당 안철수, 구미역 중앙시장 유세 ""지금은 9회말 2아웃...홈런 칠 4번 타자 ..."	1939	77	74	1
HcslH0ZZcPM	안철수 위대한 여정의 시작 #안철수 #대통령 #오렌지군단	턴라이트 - 구독 턴라이트  자발적후원 계좌   중소기업은행 341-108033-04-010 ❤ 문자응원 #70794296 ✓✓해외용페이팔 ...	2763	457	23	1
ZNXLQl92Kjg	[풀영상] 국민의당 안철수, 김천 황금시장 시민인사 (22.02.15)	안철수 #국민의당 #김천 #황금시장 #시민인사 [풀영상] 국민의당 안철수, 김천 황금시장 시민인사 (22.02.15) 시사포커스TV는 창간 ...	937	57	9	1
Khl7BPKqsKI	7년 전 안철수가 연구개발해서 발표한 안철수 경제정책 공정성장 #안철수 #대선후보 #경제 #공정성장 #베끼지마		38	27	2	1
V5JMWnbENhs	안철수 '박정희 뒤 이어 제2 한강의 기적 만들 것'	"안철수 국민의당 대통령 후보가 15일 대구 수성구에서 열린 첫 출정식에서 ""박정희 전 대통령 뒤 이어 제2의 한강의 기적을 만들겠다"" ..."	162	10	6	1
FGVIzdHmqNw	[시사특공대] 오늘부터 공식 선거운동 시작..이재명 '정치교체' 윤석열 '정권교체' / 안철수와 단일화 협상..입장은? &#39;이준석 인터뷰&#39;	"[시사인가요] #박연미 평론가 #이승원 평론가 - 오늘부터 대선 공식 선거운동 시작 - 이재명 ""정치교체"" 윤석열 ""정권교체"" [특공초대석] ..."	19380	485	6	1
8PAEgZtS5j8	안철수 공약 정책	안철수국민의당대통령 후보 #국민의당 #안철수 #국상자 #안철수공약 #이재명공약 은 #윤석열공약은 100원 아니라 1000만원 ...	8	6	2	1
smPROHZc1Sw	&#39;뉴욕 발칵&#39;..집 안까지 쫓아가 한인 피살 - MBC AMERICA (2022년 2월 14일)	"1부 ▶️ 뉴욕 30대 한인여성 피습... ""노숙자가 집 따라가"" ▶️ LA 한인타운 한복판 주유소 총격…갱 관련 조사 ▶️ ""한국 방문 피하라"" ..."	4177	139	4	-1
i4FunZCeJwE	윤석열 방금 난리났다, 비호감도 1위찍고 안철수와 단일화 조사도 졌다 (진중권 누나 '족발 사진 한장으로 윤서결 끝났다')	채널에 가입하여 혜택을 누려보세요. https://www.youtube.com/channel/UCXizVvs2c7LtFZAu25sK5Fg/join [이재명 후원회 홈페이지] ...	125851	22217	923	-1
tED4H3k6z5g	[YTN라디오 이슈&amp;피플] 오늘의 이슈앤피플 - #문재인 #이재명 #윤석열 #안철수 #여야선대위 #선거운동 #우상호 #단일화 #이언주 #리스크 #민주당선대위 #국힘선대위 #정신상담	YTN라디오(FM 94.5) [YTN 뉴스FM 김혜민의 이슈&피플] 세상은 이 시간 뉴스와 지금 내 옆에 있는 사람들로 채워집니다 . T.I.P을 알면 ...	1323	35	3	1
gwtvKbNZXv8	기호 4번 안철수 와 과학중심국가 로 갑시다.	안철수 #윤석열 #이재명 안철수 뽑으면 안철수 대통령 됩니다.	12	8	0	1
yYBsPOs8s-Q	안철수의 여론조사 협박, 尹 야바위 방식 뿌리치고 당당히 가야	3200명에게 전화로 물어 사실상의 대통령을 뽑자는 게 말이 되는가. 그것도 지지율이 5분의 1밖에 안되는 후보가. 마지막 제안이라고?	7577	1880	133	-1
dU16fnWuYHI	안철수공약  쉽게 언행일치대통령	안철수#대통령#안철수공약.	1	1	1	1
