ID	title	description	viewcount	likecount	commentcount	label
j1hXNH66ODs	[윤석열 국민의힘 후보 서울 청계광장 유세] 2월 15일 (화) 풀영상 / 디지털Only	윤석열 국민의힘 대통령후보는 공식 선거운동 기간 첫날인 오늘(15일) 출정식을 마친 뒤 1박2일 전국 순회 유세에 돌입합니다. 첫번째 ...	25105	390	246	1
ANwMc9MRyIs	윤석열 공식 선거운동 시작 - 서울 청계광장 첫 유세 / SBS	국민의힘 윤석열 대선 후보가 공식 선거운동이 시작되는 오늘(15일) 서울에서 출발해 대전·대구·부산에 이르는 경부축 450㎞를 훑는 ...	114563	6160	1025	1
--leuJzPWd4	[윤석열, 국민의힘 후보 대전 거점 유세] / 02월15일(화)/디지털Only	윤석열 국민의힘 대통령후보는 공식 선거운동 기간 첫날인 오늘(15일) 출정식을 마친 뒤 1박2일 전국 순회 유세에 돌입합니다. 윤 후보 ...	6267	144	119	1
nYLB2xcVWzE	국민의힘 윤석열, 윤석열, 서울서 출정식…대전·대구 거쳐 부산으로 - [끝까지 LIVE] MBC 중계방송 2022년 02월 15일	윤석열 국민의힘 대선후보는 공식 선거운동이 시작되는 오늘(15일) 서울에서 출발해 대전·대구·부산에 이르는 경부축 450㎞를 훑는 ...	19836	198	277	1
aSGlJG1CmkA	[현장영상] 공식 선거운동 시작 첫 유세 호응도..누가 뜨거웠나 / #YTN #윤석열 #2022대선	[윤석열 / 국민의힘 대선후보] 존경하고 자랑스러운 우리 위대한 대한민국 국민 여러분, 저 윤석열, 위대한 국민의 뜻을 받들어 반드시 ...	93189	2318	241	1
FJkIqyWWZZ4	[다시보기]공식선거전 개막…이재명-윤석열 경부선 대결│2022년 2월 15일 김진의 돌직구쇼	2월 15일 뉴스A 라이브 주요뉴스 대선 선거전 개막…22일간 후보들 '유세 대장정' 코로나 확진자·격리자 투표 가능…선거법, 본회의 ...	42654	1484	106	1
UccsJKYVG0A	윤석열, 서울→부산 &#39;경부선&#39; 하행 유세...'정권 교체' / YTN	[앵커] 엄윤주 기자, 윤석열 후보도 두 번째 현장 유세에 돌입했죠? [기자] 네, 서울에서 출정식을 열며 첫날 유세를 시작한 윤석열 후보, ...	4264	72	175	1
wAABKLRIzVc	[현장영상+] 윤석열 '자영업자 살리고 집값 확실히 잡을 것' / YTN	[앵커] 국민의힘 윤석열 대선 후보가 공식 선거운동 첫날을 맞아 국립현충원 참배 뒤 서울 청계광장에서 출정식을 엽니다. 그리고 대전 ...	11718	352	618	1
eA2GzUvDGhc	윤석열 청계광장서 출정식…'부패·무능정권 심판' / 연합뉴스 (Yonhapnews)	"(서울=연합뉴스) 국민의힘 윤석열 대선 후보는 15일 서울 중구 청계광장에서 열린 유세 출정식에서 ""이 부패하고 무능한 민주당 정권 ..."	473	8	11	1
i7Yn4LBa0P4	대선전 공식 개막...이재명-윤석열 경부선 격돌 / YTN	[앵커] 오늘부터 제20대 대통령 선거 공식 선거운동이 막을 올렸습니다. 민주당 이재명 후보는 경부선 상행선을, 국민의힘 윤석열 후보 ...	1707	28	61	1
YJOQvvibWfY	대선전 공식 개막...이재명-윤석열 경부선 격돌 / YTN	[앵커] 오늘부터 제20대 대통령 선거 공식 선거운동이 막을 올렸습니다. 민주당 이재명 후보는 경부선 상행선을, 국민의힘 윤석열 후보 ...	3493	85	79	1
VK0RGX89Opo	“반드시 정권교체” 윤석열, 서울에서 부산으로 / KBS  2022.02.15.	오늘 국민의힘 윤석열 후보는 이재명 후보와는 반대로, 서울에서 시작해 부산으로 이동하는 일정입니다. 윤 후보는 부패와 무능을 심판 ...	301	3	14	1
dwVgp7Hig-w	공식 선거운동 시작! 구둣발, 적폐수사, 단일화 덫에 걸린 윤석열과 거칠어진 이재명의 입 [예언해줌]	공식 선거운동 시작! 구둣발, 적폐수사, 단일화 덫에 걸린 윤석열과 거칠어진 이재명의 입 ▷한겨레TV 온라인 쇼핑몰 마켓하니 ...	4678	342	5	1
cKjouUamm1w	[풀영상] 국민의힘 윤석열 후보, 대선 출정식/2월 15일(화)	국민의힘 윤석열 대선 후보는 오늘(15일) 오전 서울 청계광장에서 대선 출정식을 열고 선거운동에 돌입했습니다. 윤 후보는 출정식을 ...	8501	210	125	1
KyDyU22913I	[TV광고] 국민이 키운 윤석열 내일을 바꾸는 대통령 - 아이편		12135	3976	465	1
Ugzc0bEyf_0	[LIVE] 윤석열 중기중앙회 초청 중소기업 정책비전 발표 / SBS	국민의힘 윤석열 대선 후보가 오늘(14일) 중소기업중앙회 초청으로 '중소기업 정책비전 발표' 행사에 참석합니다. 윤 후보는 지난해 10 ...	2484	85	7	1
cydaoNqh7Ss	와우. 2017년으로 타임슬립한 듯한 윤석열 출정식. 이재명과 확 비교되는 첫 행보	청계천에서 시작된 윤석열 후보의 공식 대선 선거운동 출정식. 이재명과 비교되는 첫 행보 민중의소리 Youtube 채널 ※vstar ...	6798	786	151	1
Lqz0g8SIGNg	기성미디어를 넘어서, 대안뉴스 #72 - 윤석열의 시민의식, 토론하면 죽는다는거 알잖아	양지열 #거의없다 #민동기 ① 삼성 갤럭시 버즈 프로 https://wrd.appstory.co.kr/rd.flad?n=76454 ② 제주의 싱그러움과 달콤함을 그대 ...	31899	6214	47	1
RbSDYE2SBXM	'윤석열 공약대로면 검찰은 대통령의 칼이 되고 아무도 통제 못해'	매우 심각한일. 박주민의원이 설명하는 윤석열 검찰 관련 발언 해석 민중의소리 Youtube 채널 ※vstar : https://goo.gl/tk8PC7 ※곰곰이 ...	961	298	18	-1
tJLeiEPoC84	공식선거전 개막…이재명-윤석열 ‘경부선 격돌’ | 김진의 돌직구 쇼 930 회	공식선거전 개막…이재명-윤석열 '경부선 격돌' | 김진의 돌직구 쇼 930 회 이재명 부산·윤석열 서울 출정식…경부선 따라 엇갈린 유세 ...	1401	145	31	1
Y-ztJ8ZI5U0	[다시보기]공식선거전 개막…이재명-윤석열 경부선 대결│2022년 2월 15일 김진의 돌직구쇼	2월 15일 김진의 돌직구쇼 오프닝 김진의 돌직구쇼 - 2월 15일 신문브리핑 공식선거전 개막…이재명-윤석열 '경부선 격돌' 대선 후보 ...	1484	65	14	1
pDMZVavnfx4	두 눈 가린 추미애 &#39;62초 영상&#39;…&#39;윤석열 신천지&#39; 의혹 들춘 불꽃연기	중앙일보 구독하기 https://www.youtube.com/c/JoongAngIlbo?sub_confirmation=1 추미애 전 법무부 장관이 이재명 더불어민주당 ...	1181	51	32	-1
hgG5OW1yhls	🔴[LIVE] 윤석열, 국민의힘 후보 대구 거점 유세 / 디지털Only	윤석열 국민의힘 대통령후보는 공식 선거운동 기간 첫날인 오늘(15일) 출정식을 마친 뒤 1박2일 전국 순회 유세에 돌입합니다. 윤 후보 ...	5013	56	0	1
tLY1k6MS_sw	검찰을 위해 출마한 거 맞다는 윤석열 [아침옳소] 0215	오투비스 살균기 구매링크 : https://www.단비몰.com/ ○ 오투비스 살균기 문의전화 : 02-6954-2080@ ○ 김성회 옳은소리 1+1 이벤트, ...	22918	5234	62	1
2-n_HQyDSZY	[브이라이브]윤석열, &#39;국민이 키운 윤석열&#39; 출정식｜2022. 02. 15.	윤석열 #출정식 #유세현장 윤석열 국민의힘 대선 후보 '국민이 키운 윤석열' 출정식 현장입니다.	2443	68	42	1
4kvQnZ6ZZe4	윤석열, 청계광장 출정식…'위대한 국민과 함께' / 연합뉴스TV (YonhapnewsTV)	"윤석열, 청계광장 출정식…""위대한 국민과 함께"" [앵커] 국민의힘 윤석열 대선 후보는 오늘 오전 9시 국립현충원 참배로 공식 선거운동 ..."	6422	418	59	1
D0VquG9bqiM	Live-이재명, &#39;군부대 폭력 희생자&#39; 묘역 참배/신천지 각시탈/윤석열 검찰독재 선언?/안철수, 홍준표 만나/윤도망	멤버쉽 링크 - https://www.youtube.com/channel/UCkI2g2FvX-haxXqqDMqc96A/join 송작가TV몰 링크 ...	20278	9010	7	-1
Ly1OOxXscrw	[천기누설] 126화 - ‘민주주의 부정’하는 위험천만 윤석열! 언론들이 침묵하니 JB가 직접 나선다🔥😡🤬 (김종배 &amp; 박지훈)	2022년 02월 15일 [천기누설] 멋털도사 김종배와 얼쑤무당 박지훈이 풀어놓는 놀라운 이슈분석! 매주 화, 목요일 오전 8시 30분에 ...	78662	10550	1520	-1
iTHEa87c8Rs	[라이브] 공식선거운동 윤석열 출정식 | 서울, 대전, 대구, 부산 찍고	중앙일보 구독하기 https://www.youtube.com/c/JoongAngIlbo 국민의힘 윤석열 대선 후보가 15일 공식 선거운동에 맞춰 서울·대전· ...	1643	195	17	1
OxbaF7HqJG0	윤석열 유세 현장취재 동대구역 앞	윤석열 #동대구 #유세현장 with CameraFi Live.	10286	2223	113	1
NmAAfjlO82Y	[생중계] 이재명 후보, 부산 부전역 유세/모욕감 느낀 사람들 &#39;윤석열 임명장&#39; 반납하며 이재명 지지선언-윤성효 기자/전재수 '윤석열, 검찰제국 선언' (2022.02.15 오전)	"[생중계] 이재명 후보, 부산 부전역 유세/모욕감 느낀 사람들 '윤석열 임명장' 반납하며 이재명 지지선언-윤성효 기자/전재수 ""윤석열, ..."	164046	0	308	-1
OVKGdbCuRH8	22일간 &#39;대선 레이스&#39; 돌입…이재명-윤석열 &#39;경부선 격돌&#39;	제 20대 대통령 선거 공식 선거운동이 오늘부터 시작됐습니다. 첫날 민주당 이재명 후보는 부산에서 서울로, 국민의힘 윤석열 후보는 ...	782	17	6	1
ao7qLShiPgQ	야권 단일화 신경전ㅣ윤석열 &#39;적폐수사&#39; 발언 후 지지율 변화?(박시영,이택수) / &#39;팀 킴&#39; 한일전 완승ㅣ&#39;은빛 질주&#39; 차민규ㅣ&#39;탑5&#39; 차준환(박동희,박문성) [김어준의 뉴스공장]	2월 15일(화) 김어준의 뉴스공장 ◎ 4부 [덩곱매치] 야권 단일화 신경전·尹 '적폐 수사' 발언.. 대선 구도에 미칠 영향은? - 박시영 대표 ...	107997	8175	329	-1
llQSV_Q4Fr8	윤석열이 꿈꾸는 검찰공화국이 되어서야	이승훈 변호사 2022. 2. 14. 채널A 뉴스탑텐 출연 #윤석열 #대선후보 #법무부장관 #수사지휘권 #추미애 #공수처 #폐지 #식물장관 ...	8	2	1	-1
R1ECgUnxIAY	국민의힘 선대본 김경진 '&#39;서초동 촛불&#39;로 국민 속인 민주당, 윤석열로 상식 회복하자'	라이브 방송 안내 뉴스쇼 라이브 방송 | 매주 월~금 오전 7시20분~9시 댓꿀쇼 라이브 방송 | 뉴스쇼 본방송 끝나자마자 이어서 오전 9시 ...	19226	1131	238	-1
7XPF8pb8Sxk	[Live] 2월15일 경북권 유세 (대구)		4618	3276	0	1
ZC_asSg5jgs	'문재인 정권 &#39;잃어버린 5년&#39; 찾아줄 후보, 윤석열'	오자수정 : 영상 자막 중 '김재현 전 국민의힘 경남선대위 공동선대위원장'을 현 국민의힘 경남선대위 공동선대위원장으로 수정합니다.	3597	64	136	1
2qhy3MKz7LU	윤석열 국민의힘 대통령 선거 출정식	제천단양 엄태영 국회의원은 선거운동기간 첫날 국민의힘 제천 선거연락소 앞 중앙교차로에서 오후는 단양구경시장 앞에서 제천단양 ...	11	0	0	1
uPAHIZT0o8U	윤석열표 사법개혁, 與 '검사독재 선언' 野 '검찰의 정상화' [황보선의 출발 새아침] / YTN라디오	YTN라디오(FM 94.5) [황보선의 출발 새아침] 우리의 이슈가 뉴스를 바꿉니다. 세상을 깨우는 황보선의 출발 새아침 중심잡힌 시선으로 ...	1513	106	48	1
-X2esA5D6YE	[현장연결] 윤석열 '무능하고 부패한 정권 교체…상식과 일상 회복' / 연합뉴스TV (YonhapnewsTV)	"[현장연결] 윤석열 ""무능하고 부패한 정권 교체…상식과 일상 회복"" 국민의힘 윤석열 대선 후보는 공식 선거운동 첫날인 오늘, 첫 지방 ..."	674	53	16	1
LtqXcp0pZBg	긴급) 윤석열 방금 청계광장 도착! 위풍당당 출정식에 광화문 지금 난리났다! 엄청난 인파가 몰려 들었다! 이재명 보고 있냐? 이게 바로 &#39;국민의 힘&#39;이다!!	정의구현 멤버십 가입 : https://www.youtube.com/channel/UCUNwNXVrWAHQpc8gPp1c6kw/join 자발적 구독료 : KB국민은행 ...	94866	10635	411	1
0jyzQxs3vH4	청년패싱 윤석열	ㅋㅋㅋㅋㅋㅋㅋㅋㅋㅋㅋㅋㅋㅋ #윤석열 #유세첫날 #의도치않은청년패싱 #윤석열유세 #국힘유세 #국민의힘 #국민의힘유세 #대선 ...	2647	95	31	-1
0-4KqMWP9N8	윤석열 장모 남편 사망 후 두 달 동안 무슨 일이? 수상한 사망일자와 토지거래 [빨간아재]	윤석열 후보의 장모 최은순 씨가 지난 1987년 남편이 사망한 뒤 상속 절차 없이 8억4천만 원 상당의 남편 명의 토지를 매각했다는 의혹 ...	8564	2706	217	-1
go4jHiDkcfo	윤석열, 호국영령과 순국선열 앞에서 대선 출사표! 나경원, 윤석열 지원사격! 물밑에서 물심양면으로 도왔다!!	정의구현 멤버십 가입 : https://www.youtube.com/channel/UCUNwNXVrWAHQpc8gPp1c6kw/join 자발적 구독료 : KB국민은행 ...	11062	2552	96	1
fK-L3JbLMQA	[11시 김광일 쇼 LIVE]  민주당 대외비 터졌다! '윤석열, 주술·폭탄주 중독' 몰아 |  李캠프 인사, 윤석열 밀짚 인형 찌르며 &#39;오살의식&#39; | 오늘부터 대선 공식 선거운동	조선닷컴 공식 홈페이지 http://www.chosun.com 조선일보 무료 구독 체험 http://bit.ly/2WnNAF7 ◈ 사실에 대한 믿음, 할 말을 하는 ...	115016	19487	706	1
dADiPH6MOG8	[뉴스초점] 공식 선거운동 시작…이재명·윤석열 &#39;경부선 격돌&#39; / 연합뉴스TV (YonhapnewsTV)	[뉴스초점] 공식 선거운동 시작…이재명·윤석열 '경부선 격돌' [출연 : 엄경영 시대정신연구소장] 오는 3월 9일 치러지는 제20대 대통령 ...	238	5	2	1
_k_K0JGWcuo	윤석열이 노동자 편이라고 말하는 이유 #shorts	이재명 #더불어민주당 #대통령후보 #2030 #어대명 #정책 #공약 #윤석열 #국민의힘 #이준석 #홍준표 #김건희 #김종인.	8633	546	91	-1
9Jw7FuZl7wQ	[뉴스라이브] 막 오른 선거운동, 이재명 vs 윤석열 &#39;경부선&#39; 대격돌 / YTN	진행 : 김선영 앵커, 김대근 앵커 □ 출연 : 김수민 / 시사평론가 * 아래 텍스트는 실제 방송 내용과 차이가 있을 수 있으니 보다 정확한 ...	3883	68	101	1
xnqVFu0tw58	[공유] [안녕, 대선?] 윤석열 저격수 최강욱 '적폐 수사 사과로 안🙅 끝나요 사퇴해~🤬 그리고 부동시 어떻게 된 거야 술자리에서처럼 해명해 봐 ~'	공유영상 : 유튜브 YTN news https://youtu.be/I6VMczB1Nwo #이재명 캠프 공동선대위원장 #최강욱 의원, 윤석열 후보 저격하러 옴!	2731	923	43	-1
yosjTSoFtkA	2월15일(화)🔴LIVE - 이재명 통합정부 VS 윤석열 검찰독립 [1번지 라이브]	백운기의 시사 1번지 [라이브 방송 안내] 라이브 방송 | 매주 월~금 오전 11시~12시 KBC와 함께하는 광주방송 유튜브 라이브 Famous ...	2110	78	0	1
