ID	title	description	viewcount	likecount	commentcount	label
U0bBIjEbfcM	더불어민주당 이재명, 대구 동성로 유세…대전 거쳐 서울로 - [끝까지 LIVE] MBC 중계방송 2022년 02월 15일	이재명 더불어민주당 대선후보는 공식 선거운동이 시작되는 오늘(15일) 부산에서 출발해 서울로 올라오는 `경부선 상행 유세`에 ...	32688	4022	228	1
ul-zz3WVYsM	이재명 공식 선거운동 시작 - 부산 부전역 첫 유세 / SBS	더불어민주당 이재명 대선후보가 공식 선거운동이 시작되는 오늘(15일) 부산에서 출발해 서울로 올라오는 '경부선 상행 유세'에 ...	11797	302	132	1
ObcGdlMY7F8	[이재명, 더불어민주당 후보 대구 동성로 유세] / 02월15일(화)/디지털Only	이재명 더불어민주당 대선후보는 오늘(15일) 부산시 부전역을 시작으로 첫 공식 유세에 나섭니다. 이 후보는 대구 동성로를 찾아 지지 ...	14676	1025	115	1
iPTZebbMXMY	이재명 선거운동 시작 첫날 - 대구 유세 / SBS	SBS뉴스 #8뉴스 #실시간 #이재명 #더불어민주당 #대선후보 #공식선거운동 #대구 로 만나 보세요 라이브 뉴스 채널 SBS 모바일24 ...	15496	233	119	1
ZcvCLKkl4k0	[현장영상+] 이재명 '국민의 마음 하나로 모아내는 대통합 대통령 될 것' / YTN	[앵커] 공식 선거운동 첫날 더불어민주당 이재명 대선 후보는 부산 부전역 앞에서 첫 유세를 시작합니다. 경부선 상행선을 따라 선거 ...	3921	189	111	1
Gj9gmD6MkGo	선거운동 개막...이재명·윤석열, 서울과 부산 사이 &#39;종단 대결&#39; / YTN	[앵커] 공식 선거운동 시작과 함께 여야 대선 후보들이 22일간의 열전에 돌입했습니다. 첫날 민주당 이재명 후보는 부산에서 서울로, ...	4441	223	120	1
66n-DaFIyRE	[풀영상] 더불어민주당 이재명 후보, 대구 동성로 유세/2월 15일(화)	더불어민주당 이재명 대선 후보는 오늘(15일) 대구 동성로에서 선거 유세에 나섰습니다. 오늘 오전 부산 부전역에서 첫 유세를 시작한 ...	4587	270	48	1
OTFPvSM8jBo	이재명, 부산에서 첫 유세...'위기 극복 총사령관 되겠다' / YTN	공식 선거 운동 첫날인 오늘(15일) 더불어민주당 이재명 대선 후보는 부산에서 첫 유세를 하고 위기를 극복하는 위기 극복 총사령관이 ...	1332	88	50	1
wL9mnY1mZeA	공식 선거운동 돌입…이재명, 부산에서 서울로 / KBS  2022.02.15.	3월 9일 대선을 향해 오늘부터 공식 선거운동이 시작됐습니다. 후보들은 전국 곳곳에서 자신들이 준비해온 대한민국 5년의 밑그림을 ...	621	32	21	1
i7Yn4LBa0P4	대선전 공식 개막...이재명-윤석열 경부선 격돌 / YTN	[앵커] 오늘부터 제20대 대통령 선거 공식 선거운동이 막을 올렸습니다. 민주당 이재명 후보는 경부선 상행선을, 국민의힘 윤석열 후보 ...	1707	28	61	1
6DDK155N6ec	새 운동화 받고 신난 이재명. 빵~터진 부산 시민들 (부전역 유세)	이재명 더불어민주당 대선후보는 15일 오전 대통령선거 공식 선거운동 첫 유세로 부산 부전역 앞을 찾아 시민들을 만났습니다.	64101	9834	842	1
YJOQvvibWfY	대선전 공식 개막...이재명-윤석열 경부선 격돌 / YTN	[앵커] 오늘부터 제20대 대통령 선거 공식 선거운동이 막을 올렸습니다. 민주당 이재명 후보는 경부선 상행선을, 국민의힘 윤석열 후보 ...	3493	85	79	1
QqjDhbSa8Mk	이재명 첫 유세에 함께 외치는 부산 시민들 감동 장면 #부전역	이재명 더불어민주당 대선후보가 15일 공식 선거운동 첫 유세로 부산 부전역을 찾았습니다. 아침 출근시간 추운 날씨였지만 자발적 ...	4822	932	58	1
nBKExrAU-_Y	이재명 지사 사퇴 후 성남 식당 결제 ‘0원’ | 김진의 돌직구 쇼 930 회	이재명 지사 사퇴 후 성남 식당 결제 '0원' | 김진의 돌직구 쇼 930 회 이재명 지사 사퇴 후…성남 식당 결제 '0원' 李 의전 총무과에 예산 ...	9144	830	213	1
KgRdNQ2EAE4	[생중계] 이재명 후보, 대구 동성로 유세 (2022.02.15 오전)	[생중계] 이재명 후보, '공식 선거 운동 첫 일정' 수출 운항 선박 근무자와 함께 (2022.02.15) #이재명 #대구동성로 #2022대선 ...	99045	0	155	1
tJLeiEPoC84	공식선거전 개막…이재명-윤석열 ‘경부선 격돌’ | 김진의 돌직구 쇼 930 회	공식선거전 개막…이재명-윤석열 '경부선 격돌' | 김진의 돌직구 쇼 930 회 이재명 부산·윤석열 서울 출정식…경부선 따라 엇갈린 유세 ...	1401	145	31	1
Y-ztJ8ZI5U0	[다시보기]공식선거전 개막…이재명-윤석열 경부선 대결│2022년 2월 15일 김진의 돌직구쇼	2월 15일 김진의 돌직구쇼 오프닝 김진의 돌직구쇼 - 2월 15일 신문브리핑 공식선거전 개막…이재명-윤석열 '경부선 격돌' 대선 후보 ...	1484	65	14	1
v8OkrKOJZLk	[LIVE] 이재명 후보, 부산 부전역 유세	'4기 #민주정부 수립, #부산이 이끌어 주십시오' #첫유세를 부산에서.	58668	10698	435	1
NmAAfjlO82Y	[생중계] 이재명 후보, 부산 부전역 유세/모욕감 느낀 사람들 &#39;윤석열 임명장&#39; 반납하며 이재명 지지선언-윤성효 기자/전재수 '윤석열, 검찰제국 선언' (2022.02.15 오전)	"[생중계] 이재명 후보, 부산 부전역 유세/모욕감 느낀 사람들 '윤석열 임명장' 반납하며 이재명 지지선언-윤성효 기자/전재수 ""윤석열, ..."	164046	0	308	-1
c4A380smBdI	이재명이 보내는 첫번째 메시지 [이재명의 편지] 편	이재명 #대선광고 #이재명을싫어하시는분들께.	26810	5893	767	1
OuWrZopxlRw	신문브리핑 3 '박정희 참배한 李 '국민 통합…이재명 정부란 말 안쓸것'' 외 주요기사 [아침&amp;매일경제]	"(매경)신문브리핑 3 ""박정희 참배한 李 ""국민 통합…이재명 정부란 말 안쓸것"" "" 외 주요기사(0215) #아침앤매일경제 #신문브리핑 ..."	454	14	18	1
3eemBwgTtNc	홍준표·박정희 정책? 좋으면 쓰겠다! 이재명 공식 선거운동 시작(feat.부산)	더불어민주당 이재명 대선 후보가 공식선거운동을 부산에서 시작했다. 이재명 후보는 15일 0시 부산에서 수출 현장의 최전선에서 ...	20	3	0	1
vHn-BaQXxzY	이재명의 부산 유세 50분 '언론에 의존하지 마십시오! 여러분의 입이 세상을 바꿉니다!'	이재명 더불어민주당 대선후보가 15일 오전 부산 부전역 앞에서 유세를 진행했다. * '매월 1만원' 자발적 시청료 내기 : 10만인클럽 ...	38161	0	644	1
Umh1i7pEs2Q	멋진 춤과 함께 선보인 이재명의 로고송 &#39;Tears&#39;	2022년 2월 15일 부산 부전역 앞에서 더불어민주당 이재명 대선후보의 부산 유세가 진행되었다. #팩트TV 정기후원회원이 되어 ...	5392	3234	307	1
o2vJaK6rQL0	이재명 후보와 이낙연 총괄선대위원장과의 관계 (2021.12.30 방송 발췌) - 부천 부산 용한 무당 점집 추천 후기 연화암 이보 #Shorts	이재명_후보와 #이낙연_총괄선대위원장과의_관계 #2021년_12월30일_방송_발췌 #용한무당추천 #부산점집 #부천점집 #근처점집 ...	791	34	0	1
mUFGGzaxLPg	첫유세 이재명 부산 부전역 현장취재!	이재명 #첫유세 #부산_부전역 with CameraFi Live.	31402	5511	117	1
YcY8JeLH4dw	이재명의 통합정부나 가족사 상처가 모두 거짓인 이유 2022.2.15 오후1시	윤석열과 이재명의 대조적인 출정식과 선거운동 화제 #김건희#김혜경#청계광장#부전역.	2609	962	60	1
oi43vIcuNCs	변발헤-이재명, &#39;군부대 폭력 희생자&#39; 묘 참배/신천지 압수수색은 이재명/윤석열 검찰 독재 선언?	멤버쉽 링크 - https://www.youtube.com/channel/UCkI2g2FvX-haxXqqDMqc96A/join 송작가TV몰 링크 ...	8484	2225	36	-1
7_XxniTPsHI	이재명, 부산서 선거운동 개시…'유능한 경제 대통령' / 연합뉴스TV (YonhapnewsTV)	"이재명, 부산서 선거운동 개시…""유능한 경제 대통령"" [앵커] 더불어민주당 이재명 대선 후보는 부산에서 공식 선거운동을 시작 ..."	1455	86	21	1
8B-JAQeXs5I	2/15(화) - 14명 후보, 투표용지 27cm/ 이재명의 통합정부(정성호)/ 법무장관 수사지휘권 폐지(김경진)/ 우크라이나 사태(김준형)/ [탐정] 길고양이 불태워 인증법 추적	2월15일(화) 김현정의 뉴스쇼 +++++ 김현정 앵커의 개인 사정으로 김광일 기자가 대신 진행합니다 ▣ 라이브 방송 안내 뉴스쇼 라이브 ...	108503	1888	103	1
dwVgp7Hig-w	공식 선거운동 시작! 구둣발, 적폐수사, 단일화 덫에 걸린 윤석열과 거칠어진 이재명의 입 [예언해줌]	공식 선거운동 시작! 구둣발, 적폐수사, 단일화 덫에 걸린 윤석열과 거칠어진 이재명의 입 ▷한겨레TV 온라인 쇼핑몰 마켓하니 ...	4678	342	5	1
gpeF_XCoXhM	이재명 사퇴 후 성남 맛집 결제 '0' 누가 먹었는지 아시겠죠? 설마 기생충이 먹었다고 오리발?????	백성문 #김태현 #김수민 정치 계의 두 절친 법조인 김태현 백성문 변호사의 정치 토크쇼 [정치왓수다] 후원 계좌 우리은행 ...	7326	822	56	-1
1oBDDveGUOc	이재명 더불어민주당 대통령 선거 출정식	더불어민주당 제천단양지역위원회가 신화당약국에서 이재명 대통령후보 제천단양출정식을 가졌다 출정식에는 이경용 민주당 지역 ...	12	1	0	1
OVKGdbCuRH8	22일간 &#39;대선 레이스&#39; 돌입…이재명-윤석열 &#39;경부선 격돌&#39;	제 20대 대통령 선거 공식 선거운동이 오늘부터 시작됐습니다. 첫날 민주당 이재명 후보는 부산에서 서울로, 국민의힘 윤석열 후보는 ...	782	17	6	1
F8Y8MAUPKvo	대구 사는 이재명 친구의 절규 '이재명을 나쁜사람처럼 말하는게 속상해 참 많이 울었다'	2022년 2월 15일 대구 동성로에서 더불어민주당 이재명 대선후보의 대구 유세가 진행되었다. #팩트TV 정기후원회원이 되어주세요.	1433	440	21	1
gpd5xGw5XG4	내가 이재명을 지지하는 이유 [이명노 학생]	이명노 학생이 공감의 정치를 위해 `나를 위한 유세단`에 참여해주셨습니다. 청년들의 모든 꿈과 아픔, 고민을 다 알 수는 없을지도 ...	4355	1803	128	1
zCI2NkMvlvM	심장이 뛴다는 대구경북 청년 농부 '이재명의 소신과 철학을 간곡히 믿는다'	2022년 2월 15일 대구 동성로에서 더불어민주당 이재명 대선후보의 대구 유세가 진행되었다. #팩트TV 정기후원회원이 되어주세요.	1202	394	38	1
pbi5tQFdpOs	민주당 정성호 '이재명 통합내각, 안철수-유승민도 함께 했으면'	라이브 방송 안내 뉴스쇼 라이브 방송 | 매주 월~금 오전 7시20분~9시 댓꿀쇼 라이브 방송 | 뉴스쇼 본방송 끝나자마자 이어서 오전 9시 ...	2877	118	34	1
aLZ8fjWwZkg	🔴[LIVE] 이재명, 더불어민주당 후보 대전 으능정이거리 유세 / 디지털Only	이재명 더불어민주당 대선후보는 오늘(15일) 부산시 부전역을 시작으로 첫 공식 유세에 나섭니다. 이 후보는 대전 으능정이거를 찾아 ...	1790	159	0	1
7sjsjOShkhE	이재명 첫 유세 연설	이재명이 만드는 새로운 대한민국! 기대됩니다 #이재명 #대선후보 #유세연설 #유세 #대선유세 #연설 #감동주의 #short #shorts.	544	98	4	1
D35ShGKO3Aw	[생중계] 이재명 후보, 대전 으능정이거리 유세 (2022.02.15 오후)	[생중계] 이재명 후보, 대전 으능정이거리 유세 (2022.02.15 오후) #이재명 #으느정이거리 #2022대선 #오마이TV * '매월 1만원' ...	27237	0	0	1
qX-5U5XaQSQ	2/15(화) '김종인, 결국엔 이재명 지원하게 될 것'_노영희의 뉴스인사이다[대담한 대담]	2월 15일 (화) 노영희의 뉴스인사이다 ▷ 노영희의 [대담한 대담] 손혜원 전 열린민주당 의원 - 야전에서 '이재명 지원'…선대위 합류 ...	3964	756	45	1
LEWdY5EksmQ	[생방송] 이재명 후보, 대구 동성로 유세현장	[생방송] 이재명 후보, 대구 동성로 유세현장 #이재명 #대구 #동성로 #합니다 #나를위해 #앞으로 #제대로 #민심속으로 #선거유세 ...	81990	10876	171	1
b6hCRL_rcR4	이재명, 부산서 첫 유세… 원고 없는 50분 명연설!	이재명, 부산서 첫 유세… 원고 없는 50분 명연설! #이재명 #유세 #부산 #해운대 #VTS ✓일시후원: 국민은행 794001-04-154041 서울 ...	2015	499	40	1
WbGbq8C6mKc	[유능한 경제대통령 이재명!] 유세 첫날 광진갑입니다 :)	공식 선거운동 첫 날 아침, 군자역 아침인사로 힘차게 출발했습니다. 눈이 내리는 추운 날씨 속에서도 눈웃음과 손을 흔들며 인사 ...	8	0	0	1
9Jw7FuZl7wQ	[뉴스라이브] 막 오른 선거운동, 이재명 vs 윤석열 &#39;경부선&#39; 대격돌 / YTN	진행 : 김선영 앵커, 김대근 앵커 □ 출연 : 김수민 / 시사평론가 * 아래 텍스트는 실제 방송 내용과 차이가 있을 수 있으니 보다 정확한 ...	3883	68	101	1
cH_5h4ZPzAo	이재명과 부산시민들의 합창 '부산을 위해!' '이재명!'	이재명 더불어민주당 대선후보가 15일 오전 부산 부전역 앞에서 유세를 진행했다. * '매월 1만원' 자발적 시청료 내기 : 10만인클럽 ...	1798	0	27	1
goEY4Lq_2no	[기호1번 이재명] 나를위해 이재명 선거송	나를위해 이재명 로고송, 선거송 더불어민주당 대선후보 기호1번 따로 올라와있는게 없어서 올립니다^^ 기호1번 이재명 화이팅!	353	73	7	1
YZQ3OzsUQQo	사과하면 죽는 병에 걸린 민주당 / 이재명 측 고소고발전의 사실관계		1677	848	16	-1
77pWIr-qA08	매따버스시즌2 '대구 동성로' #나를위해이재명 #이재명은합니다 #우리가언론이되겠습니다	This stream is created with #PRISMLiveStudio.	4200	1129	9	1
