ID	title	description	viewcount	likecount	commentcount	label
SUcOTM32aWk	[에디터픽] &#39;부인 확진&#39; 이어 &#39;유세 버스 사망 사고&#39;…대형 악재 마주한 안철수 / YTN	1. 安 부인 김미경 코로나 확진...安 검사 결과 '음성' (단신 / 2월 13일 보도) 2. 안철수, 부인 김미경 교수 코로나 확진에 '울먹이며' 기자 ...	198349	3863	160	-1
7ssx3aPlAJI	안철수 &#39;유세 버스 사망 사고&#39; 중대재해처벌법 적용 가능성도? / YTN	진행 : 김선영 앵커, 김대근 앵커 □ 출연 : 최진봉 / 성공회대 교수, 이두아 / 국민의힘 윤석열 선대본부 법률지원단 부단장 * 아래 텍스트 ...	3483	91	35	1
560zOclAm4w	[자막뉴스] 안철수 유세 버스에서 2명 사망·1명 위독...대체 무슨 일? / YTN	충남 천안시 신부동 거리에 안철수 국민의당 대선후보 유세 버스가 정차해 있습니다. 유세 버스 앞 도로 위에 의식이 없는 채로 쓰러져 ...	2151	64	40	1
fJBcvr-4ptU	[자막뉴스] '여론조사가 불안하면…' 답 기다리는 안철수 측, 담판 가능성도 내비쳐 / JTBC News	윤석열 후보 측이 '여론조사 단일화'가 아닌 '정치적 담판' 방식의 단일화를 검토 중입니다. 저희가 새롭게 취재한 바에 따르면, 윤석열 ...	5539	91	98	1
Yx14uRd9LUo	안철수 유세버스서 2명 사망…安, 선거운동 전면 중단 / 연합뉴스 (Yonhapnews)	안철수 유세버스서 2명 사망…安, 선거운동 전면 중단 (서울=연합뉴스) 20대 대통령선거 유세 첫날인 15일 국민의당 안철수 대선후보 ...	1035	34	8	1
NrRzZjm_oMs	신문브리핑 3 '안철수 유세차서 2명 숨져…선거운동 중단' 외 주요기사 [아침&amp;매일경제]	"(매경)신문브리핑 3 ""안철수 유세차서 2명 숨져…선거운동 중단"" 외 주요기사(0216) #아침앤매일경제 #신문브리핑 #이상훈앵커 ..."	1754	58	21	1
rcM-Qq-lB3Y	안철수 선거 유세 버스 &#39;3명 사상&#39; 오늘 합동감식 진행 / YTN	[앵커] 대통령선거 유세 첫날인 어제 오후 안철수 국민의당 대선후보 유세 버스에서 일산화탄소 중독으로 추정되는 사고가 발생 ...	5018	74	51	1
CX9R8yTjMZU	안철수 유세버스서 2명 사망 ＂선거 운동 전면 중단＂ [이슈픽]	20대 대통령 공식 선거 운동이 시작된 첫날인 15일, 안철수 국민의당 대선 후보의 유세 지원 버스에서 2명이 숨지는 사고가 발생 ...	610	18	1	1
wp4Kp2HjBx0	2022년 2월 16일 (수) JTBC 아침&amp; 다시보기 - 안철수 후보 유세 차량서 2명 숨져	2월 16일 (수) 아침& 주요뉴스 □ 05:13 안철수 후보 유세 차량서 2명 숨져 20대 대통령선거 공식 선거운동 첫날이었던 어제(15일), ...	1347	23	4	1
aX501OSsB-c	안철수 공식 선거운동 첫날... 어떻게 이런 일이... [온마이크]	안철수 국민의당 대선 후보가 유세 버스에서 숨진 선거운동원과 운전사 빈소를 차례로 방문해 유족들을 조문했습니다. 안 후보는 15일 ...	171	24	9	1
LpLPNPoRCgU	김재원 “안철수 제안한 단일화 방식은 불공정” [김어준의 뉴스공장 풀영상 2/16(수)]	[TBS 유튜브(수) 생방송] ▷7시 6분 : 김어준의 뉴스공장 ▷9시 : TBS 앞 유정다방 ▷10시 : 이차-저차, 읏차(최초공개) ▷10시 50분 ...	314799	32749	240	1
vgVgTsRUvII	[이슈인사이드] 안철수 유세 버스 사망사고...여야 &#39;애도&#39; 한목소리 / YTN	진행 : 강진원 앵커 □ 출연 : 김광삼 / 변호사 * 아래 텍스트는 실제 방송 내용과 차이가 있을 수 있으니 보다 정확한 내용은 방송으로 ...	8	1	0	1
K2wUimeJDXA	[11시 김광일 쇼 LIVE] 긴급! 윤석열-안철수 &#39;위로 회동&#39; 가능성! 윤석열, 안철수 운동원 장례식장 찾는다 | 하루 점심 저녁값 카드 18번 긁었다? 이재명의 법카 사용법	조선닷컴 공식 홈페이지 http://www.chosun.com 조선일보 무료 구독 체험 http://bit.ly/2WnNAF7 ◈ 사실에 대한 믿음, 할 말을 하는 ...	34184	13061	0	1
tzV9Y0BCwi8	@아스티즈 에어플로어 시스템 에코원 안철수 후보 선거유세 차량에서 가스중독으로 2명 사망 에코원 장착했더라면 안타까운 사망을 막았을텐데 고인의 명복을 빕니다.	안철수유세차량사망사고#안철수유세차량#안철수선거차량사망사건 @아스티즈 에어플로어 시스템 에코원 안녕하십니까? 전세계 ...	33	8	4	-1
XfKu3IPSqKo	2/16(수) 안철수의 단일화 제안, &#39;정권교체&#39; 매듭짓고 완주한다_노영희의 뉴스인사이다[대담한 대담]	"2월 16일 (수) 노영희의 뉴스인사이다 ▷ 노영희의 [대담한 대담] 이언주 전 국민의힘 의원 - 홍준표, '신천지 尹지원설'에 ""경선 직후 ..."	1736	301	21	1
aAAte1STkG0	박근혜,대구에서 어떻게 무너진 보수의 희망 새로 만들어야 하나#안철수,제2의 박정희 선언#尹청와대 해체는 무속적?#김종인,安한테 붙었다#이재명 박정희 마켓팅#윤석열,유승민 불러낸다	윤창중칼럼세상은 보수우파의 집권이 목표입니다. 실현 가능한 해법과 방향을 분명히 제시합니다. 윤칼세를 도와주십시오. 윤칼세TV ...	6276	1270	27	1
HMBY1LJorYk	2월 16일 아침인사 전) 안철수후보 선거운동원을 마음 깊이 애도합니다. 대한민국의 변화를 위해 힘쓰고 계신 모든 분들의 건강과 안위를 빕니다.		1402	412	20	1
YeQpMzYKUOg	이재명과 윤석열, 안철수에게 단일화 조건 전격 제시 | 이준석 백기투항 | 국힘당은 국민의 당과 조기 통합전대를 통한 당권 약속 |	유순호 '정치,역사,문화칼럼' TV 자발적 구독료(후원)｜국민은행：765201-04-239649 (예금주 유순호) #안철수단일화제안#여론조사 ...	203	60	25	1
kzmbAHDYG7g	안철수 &#39;유세 버스 사망 사고&#39; 중대재해처벌법 적용 가능성도?		231	42	1	-1
vuE6D-HXiWQ	천안 조문회동에 정치권 관심집중! 홍준표 유승민도 모두 함께! 2022.2.16 오전10시30분	후보단일화 막판 조율이 이뤄지는 가운데 이뤄지는 윤석열와 안철수의 조문만남 의미 분석 #안철수유세차사고#김미경교수코로나# ...	3695	1481	58	1
_N_fXpm0kmw	(오전뉴스) 윤석열, 오늘 안철수 전격 회동! 이재명 딱 걸렸다! 업무추진비, 하루에 식사 18번! 과일은 집근처에서!	공유 https://youtu.be/_N_fXpm0kmw 회원가입 https://www.youtube.com/channel/UCtmvuCbpw6_TFbeO4ToTAIw/join.	7452	1871	29	1
sHXv8F0kU_U	오늘의 뉴스체크✔ 본격 유세 첫날 살펴보니…&#39;통합·경제&#39; vs &#39;정권 심판&#39; (2022.2.16 / JTBC 아침&amp;)	본격 유세전…이재명 '통합·경제' vs 윤석열 '정권 심판' 0:00 안철수 유세 버스서 2명 사망·1명 중태…선거운동 중단 2:14 신규 확진 9 ...	876	13	17	1
vgBTzSOpO1M	심상찮은 여론 변화. 안철수가 뜨고 있다	안철수 #여론변화 #국민의당.	237	101	12	1
T2v54Zuyr0s	윤석열 '네, 형님!'에 활짝 웃은 홍준표...앙금 풀렸나? / YTN	"'보수의 심장' 대구에서 포옹한 윤석열과 홍준표 홍준표, 대구서 윤석열과 '합동 유세'…원팀 행보 계속? 윤석열 ""네, 형님!""에 활짝 웃은 ..."	3738	107	77	1
5d7IiANZg9Q	러시아군 일부 철수 한다고 안철수 한다고?	비트코인 #이더리움 #라이트코인 #네오 #도지 #XRP #리플 #이오스 #EOS #암호화폐 #코인 #차트 투네이션 후원 ...	2165	332	26	-1
MmoTiMmU4aQ	이재명, 서울서 '정치교체' vs 윤석열, 호남서 '정권교체' / YTN	[앵커] 공식 선거운동 둘째 날, 더불어민주당 이재명 후보는 서울 강남의 중심인 강남역에서 지지세가 약한 서울시민과 청년층을 공략 ...	4993	126	93	1
1sCi4GA1GuA	[2022년 2월 16일 수요일 오전 방송]	2022년 2월 16일 수요일 오전 방송] 단일화를 위한 윤석열-안철수 만남 촉구 국민 ...	67775	13050	73	1
XBBIM8sKiUE	원희룡 '&#39;굿판&#39; 김의겸, 대통령 무속 연등부터 답변하라'	윤석열이 검찰에 선물? 국회가 통제할 것 * 수사지휘권 폐지에 與 비판, 제발 저린듯 * 국정원, 서버문제 계속 끌면 의혹 더 공개 ...	3926	198	44	-1
9tHLnXqDhvU	“일산화탄소 중독…” 공식 선거운동 첫날, 안철수 후보의 유세차량서 들려온 소식은 이루 말할 수 없이 갑작스럽고 침통하다	제20대 대통령선거 공식 유세 첫날, 안철수 국민의당 대선 후보의 유세차량에서 2명이 숨지고 1명이 의식불명 상태에 빠지는 사고가 ...	2	0	0	1
MVF33ElR1nc	安 유세차량서 2명 사망…선거운동 전면 중단 | 김진의 돌직구 쇼 931 회	安 유세차량서 2명 사망…선거운동 전면 중단 | 김진의 돌직구 쇼 931 회 유세버스 가스 누출로 2명 숨져 安, 공식 선거운동 첫날에 ...	633	30	3	1
l8Sf90oOlro	윤석열과 안철수,솔로몬의 선택은?	[이봉규TV 멤버십 가입] https://www.youtube.com/channel/UCxuf... 이봉규 TV 후원계좌 신한은행 110-494-556972 [이봉규TV ...	11127	3206	276	1
k1hGSRBHWv8	[황보선의 출발 새아침] FULL다시보기 | 나경원 국민의힘 서울 총괄선대본부장 인터뷰 '정권교체의 서막이 열렸다', 부산 빅뱅 'PK에서 맞붙은 이재명vs윤석열' | 220216	"YTN FM 94.5MHz 우리의 이슈가 뉴스를 바꿉니다. 세상을 깨우는 ""황보선의 출발 새아침"" 중심잡힌 시선으로 가장 뜨거운 이슈를 ..."	4950	186	12	1
7RILgfOEEGw	안철수 선거유세 중단이유	안철수 #선거유세.	0	0	0	1
BfgOY2ry6Bg	SNL 안철수 별명 지어주는 주기자ㅋㅋ	ㅋㅋㅋㅋㅋ빠꾸없네 #shorts #주현영 #주기자 #안철수 #SNL 출처:https://www.youtube.com/watch?v=ZT_t8KLaeOU&t=2s.	97	3	1	1
0BqN93K5ofk	신문브리핑 1 '李 '가족문제 복잡해 죄송합니다' 셀프 디스 광고' 외 주요기사 [아침&amp;매일경제]	"(매경)신문브리핑 1 ""李 ""가족문제 복잡해 죄송합니다"" 셀프 디스 광고"" 외 주요기사(0216) #아침앤매일경제 #신문브리핑 #이상훈앵커 ..."	965	24	17	1
bBnrGRXyYU4	신문브리핑 4 ''안 보이는 게 도움' 대선 무대서 사라진 배우자' 외 주요기사 [아침&amp;매일경제]	"(매경)신문브리핑 4 """"안 보이는 게 도움"" 대선 무대서 사라진 배우자"" 외 주요기사(0216) #아침앤매일경제 #신문브리핑 #이상훈앵커 ..."	363	5	7	1
yaTWGV5qQd8	후보단일화 마무리 국면-이번주내 전격회동 담판 가능성 2022.2.16 오전8시	윤석열과 안철수의 후보단일화 물밑협상 양당 분위기 정밀 분석 #이재명#심상정#이준석.	6265	4664	171	1
Vkrql5Rjz-A	신문브리핑 2 '유세 첫날 &#39;박정희 소환&#39;한 후보들, 속내는 제각각' 외 주요기사 [아침&amp;매일경제]	"(매경)신문브리핑 2 ""유세 첫날 '박정희 소환'한 후보들, 속내는 제각각"" 외 주요기사(0216) #아침앤매일경제 #신문브리핑 #이상훈 ..."	792	24	11	1
XPYQO2HO8wc	2022년 2월 16일 (수) [아침&amp;매일경제] 다시보기 - 신문브리핑 1 '李 '가족문제 복잡해 죄송합니다' 셀프 디스 광고' 외 주요기사	"신문브리핑 1 ""李 ""가족문제 복잡해 죄송합니다"" 셀프 디스 광고"" 외 주요기사 신문브리핑 2 ""유세 첫날 '박정희 소환'한 후보들, 속내는 ..."	517	8	0	1
mCWyw4ok958	김원웅 광복회장, 18일 임시총회 소집…해임 투표 관심 [굿모닝 MBN]	【 앵커멘트 】 국회 카페 수익금을 사적으로 사용한 혐의를 받는 김원웅 광복회장에 대한 해임 투표가 오는 18일 진행됩니다. 김 회장은 ...	991	73	14	1
6jm-6NYjHK8	[11시 김동원의 하이파이브] '이재명 하루 18번 식사값 카드 결제' 야당 폭로 / 안철수 선거운동 전면 중단 / 불교 초유 긴 머리 자승 고발 _220216	"[11시 김동원의 하이파이브] ""이재명 하루 18번 식사값 카드 결제"" 야당 폭로 / 안철수 선거운동 전면 중단 / 불교 초유 긴 머리 자승 고발 ..."	1201	303	0	1
uuvqV23VVGA	명노희와 함께하는 대선, 충청의선택 (3)이종현 전 충남도의원 편	명노희와 함께하는 대선, 충청의선택 (3)이종현 전 충남도의원 편 #2022대선 #명노희 #윤석열 #안철수 #이재명 #이종현 #당진시장 ...	12	3	0	1
55P1F_kacX8	1979  안철수  그래도 모르겠는가???하늘의 경고를!!!하늘은 모든걸 주지 않는다!안철수 사주풀이  역학기초 2일완성반 모집		76	28	1	1
JzA_l-TU624	안철수 유세버스 사건 사고 실시간 뉴스 황당하고 기막힌 영상 1	구독+좋아요+댓글은 큰 힘이 됩니다 Subscribe, like, and comments give me a lot of strength. #스킬족구 #스킬티비.	0	0	0	1
HOnxmDyWE10	안철수 유세버스 사건 사고  실시간 뉴스 황당하고 기막힌 영상 2	구독+좋아요+댓글은 큰 힘이 됩니다 Subscribe, like, and comments give me a lot of strength. #스킬족구 #스킬티비.	0	0	0	1
vScaTOm1axk	[뉴스포커스] 이재명 '경제·통합 대통령'…윤석열 '무능·부패 정권 심판' / 연합뉴스TV (YonhapnewsTV)	"[뉴스포커스] 이재명 ""경제·통합 대통령""…윤석열 ""무능·부패 정권 심판"" [출연 : 김성완 시사평론가·이기재 동국대 겸임교수] 유세 첫날, ..."	71	3	2	1
YAJXixoKz2k	이재명, 강남역 집중 유세…윤석열, 호남 민심 공략 / 연합뉴스TV (YonhapnewsTV)	이재명, 강남역 집중 유세…윤석열, 호남 민심 공략 [앵커] 공식 선거운동 둘째 날, 주요 대선 후보들의 발걸음이 더 빨라지고 있습니다.	112	5	0	1
87X4bn8jwNU	국민의힘 최호상 논산계룡금산 당협위원장, 20대 대선 첫날 충렬탑 참배 대선 승리 염원	국민의힘 최호상 논산계룡금산 당협위원장, 20대 대선 첫날 충렬탑 참배 대선 승리 염원 '윤석열 후보 압승 위해 최선' 오는 3월 9일 ...	8	1	0	1
BSTd_IR0JnE	중국 공산당 대선 내정간섭 규탄 기자회견	중국공산당 #내정간섭 #전광훈 #윤석열 #안철수 #후보단일화 #한국교회방송 #이은재tv #남북통일 #미스바 성회 This stream is ...	1060	368	16	-1
NpV5cYhWb_Q	[기호2번 윤석열] 공식로고송 - 우리 모두 다같이	윤석열 #국민의힘 #로고송 #이재명 #단일화 #안철수 #토론 #김혜경 #소고기 #소고기깡 #혜경궁 #법인 #카드 #공무원 #비서 #심부름 ...	22	6	1	1
