ID	title	description	viewcount	likecount	commentcount	label
z4P_YMqxmC4	[윤석열, 국민의힘 후보 광주 거점 유세] / 02월 16일(수)/ 디지털Only	윤석열 국민의힘 대선후보는 공식 선거운동 2일차인 16일 호남에서 출발해 충북을 거쳐 강원까지 이동하는 유세전을 펼칩니다.	14412	476	210	1
maU2iJm5O5M	윤석열, 부산 유세 중 &#39;어퍼컷&#39;...'민주당 정권, 부산시민 이름으로 심판' / YTN	진행 : 김선영 앵커, 김대근 앵커 □ 출연 : 최진봉 / 성공회대 교수, 이두아 / 국민의힘 윤석열 선대본부 법률지원단 부단장 * 아래 텍스트 ...	5307	83	218	1
GcJCvdJldLY	[현장영상+] 광주 찾은 윤석열 '나에게 지역주의 자체가 없어' / YTN	[앵커] 국민의힘 윤석열 대선 후보는 공식 선거운동 이틀째인 오늘은 호남인 광주광역시에서 시작해 충북 청주와 강원도 원주를 잇는 ...	6158	263	269	1
Sy6HLqFZLX0	윤석열 후보, 광주 거점 유세 /SBS	SBS뉴스 #8뉴스 #윤석열 #후보 #광주 #유세 #실시간 으로 만나 보세요 라이브 뉴스 채널 SBS 모바일24 ▷SBS 뉴스로 제보해주세요 ...	29784	2768	439	1
yHwEDIJ0c4U	국민의힘 윤석열, `호남의 발전` 책임지는 약속! 광주 거점유세 - [끝까지 LIVE] MBC 중계방송 2022년 02월 16일	윤석열 국민의힘 대선후보는 오늘(16일) 호남에서 출발해 충북을 거쳐 강원까지 이동하는 유세전을 펼칩니다. 오전 9시50분에는 광주 ...	4559	106	85	1
zJ-xdoUPtX8	[생중계] 국민의힘 &#39;윤석열&#39; 전북권 선거운동 현장🧑‍🤝‍🧑전주역 첫마중길 | 제20대 대통령 선거 | 현장 라이브 | 전주MBC	제20대 대선 공식 선거운동 이틀째인 오늘(16일) 현재 윤석열 대선후보는 광주에서 선거운동을 하고 있습니다. 이후 전북·충북·강원 ...	1190	90	0	1
eb86TOX6qLw	윤석열, 광주 찾아 '민주당 독점 정치...지역주의 타파할 것' / YTN	국민의힘 윤석열 후보는 선거 운동 둘째 날 광주를 찾아 민주당의 독점 정치가 호남에 해준 것이 무엇이 있느냐며 지역주의 타파의 ...	1510	33	57	1
T2v54Zuyr0s	윤석열 '네, 형님!'에 활짝 웃은 홍준표...앙금 풀렸나? / YTN	"'보수의 심장' 대구에서 포옹한 윤석열과 홍준표 홍준표, 대구서 윤석열과 '합동 유세'…원팀 행보 계속? 윤석열 ""네, 형님!""에 활짝 웃은 ..."	3738	107	77	1
gjLHSU4Hcks	윤석열, 광주에서 원주로 X자 유세…'지역 통합 강조' / YTN	[윤석열 / 국민의힘 대선후보] 존경하는 광주시민 여러분, 송정 매일시장에서 여러분께 오늘 인사드리러 왔는데 오늘 이렇게 행운의 ...	4272	79	168	1
is2BsFhctTw	홍준표 와락 껴안고 '예 형님!'…윤석열 유세 현장 가보니  / 연합뉴스 (Yonhapnews)	"홍준표 와락 껴안고 ""예 형님!""…윤석열 유세 현장 가보니 (서울=연합뉴스) ""이 부패하고 무능한 민주당 정권을 정권교체로 반드시 심판 ..."	478	8	6	1
alaE_zpgWhQ	🔴[LIVE] 윤석열, 국민의힘 후보 전주 유세 / 디지털Only	윤석열 국민의힘 대선후보는 공식 선거운동 2일차인 16일 호남에서 출발해 충북을 거쳐 강원까지 이동하는 유세전을 펼칩니다.	1542	41	0	1
k8qHEZibBRE	윤석열 대통령 후보 대선 출정식_3월 9일 &#39;국민 승리의 날&#39;로 만들겠습니다		4982	1645	203	1
0mEQs7aM1ek	Live-발리예바, 할아버지 핑계/문대통령, 윤석열 지켜보고 있다/윤석열 공약집에 ‘오또케’/소 가죽 벗기는 굿판에 윤석열 부부 연등/安 '덩치는 큰데 겁은 많아“	멤버쉽 링크 - https://www.youtube.com/channel/UCkI2g2FvX-haxXqqDMqc96A/join 송작가TV몰 링크 ...	3789	5144	0	1
PFlQlThJXFI	꼬리자르기로 끝내려는 국힘. 윤석열에게만 사과한 교수. 대국민 사과는 누가?	민중의소리 Youtube 채널 ※vstar : https://goo.gl/tk8PC7 ※곰곰이 : https://bit.ly/2Q2lkIJ ※디액터 : https://bit.ly/2PXIWyv ※소중한 ...	414	159	14	-1
TfKzf7Hfp-c	[생중계] 윤석열 후보 전남권 광주 유세 (2022.2.16 오전)	[생중계] 윤석열 후보 전남권 광주 유세 (2022.2.16 오전) #윤석열 #광주 #전남권 #2022대선 #오마이TV * '매월 1만원' 자발적 시청료 ...	15440	0	369	1
SRIq5keyEPw	[사법논담] “윤석열! 검찰의, 검찰에 의한, 검찰을 위한 나라 만드려고?” 그래서 도이치모터스는? (김종배 &amp; 박지훈 &amp; 천하람)	2022년 02월 16일 [사법논담] | 출연 : 김종배 & 박지훈 & 천하람 매주 수요일 오전 8시 30분에 실시간 방송으로 만나요~ #사법논담 ...	21252	1549	515	1
8Gg5xJRwqjM	[현장연결] 윤석열, 광주 거점 유세…'저에게는 지역주의 자체가 없다' / 연합뉴스TV (YonhapnewsTV)	"[현장연결] 윤석열, 광주 거점 유세…""저에게는 지역주의 자체가 없다"" 대선 공식 선거운동 이틀 차, 국민의힘 윤석열 후보는 첫 유세지 ..."	1288	52	41	1
3tXQNnwQPsQ	[풀영상] 국민의힘 윤석열 후보, 광주 송정매일시장 유세/2월 16일(수)	국민의힘 윤석열 대선 후보는 오늘(16일) 오전 광주 송정매일시장을 방문해 유세 활동에 나섰습니다. 광주를 시작으로 호남지역 첫 ...	6329	346	127	1
qNTB14wvIrU	변발헤-문대통령 윤석열 지켜본다/이재명 첫 유세 키워드/소 가죽 벗기는 굿판에 윤석열, 김건희 이름	멤버쉽 링크 - https://www.youtube.com/channel/UCkI2g2FvX-haxXqqDMqc96A/join 송작가TV몰 링크 ...	5112	2144	34	1
wmM9ansSYf0	전국 누빈 이재명·윤석열…선거운동 첫날 모습은?	[앵커] 어제(15일)부터 대선 공식 선거 운동이 시작됐습니다. 경부선에서 격돌한 이재명, 윤석열 두 후보는 각각 경제 대통령과 정권 ...	16	0	3	1
4z1eYmb9fek	윤석열 첫날부터 개콘 #shorts	이재명 #더불어민주당 #대통령후보 #2030 #어대명 #정책 #공약 #윤석열 #국민의힘 #이준석 #홍준표 #김건희 #김종인 #로봇 #배달 ...	2476	131	30	1
U2DlWKkdLKY	윤석열 &#39;검언유착 의혹&#39; 관련, 단독 떴다! '윤석열 총장이 계속 묻나봐요. (한동훈-이동재) 음성파일' - 국민의힘 청년 보좌역 추모글 논란.. 이재명 택시운수 종사자 정책협약	윤석열한동훈이동재검언유착의혹 #국민의힘청년보좌역페북글논란 #이재명택시운수종사자정책협약 ▣ 황희두 멤버십 후원 ...	32500	15412	468	-1
fdgravTwO5Q	[국민의힘 유세] 충청권 대전 유세에서 윤석열 후보의 연설. (2월 15일)	[국민의힘 유세] 충청권 대전 유세에서 윤석열 후보의 연설. (2월 15일) (영상 편집 : 김상미 PD) * '매월 1만원' 자발적 시청료 내기 : 10 ...	4326	0	368	1
PKA2jbVsM_M	첫날 윤석열 압도한 이재명 거리유세 대승리 (지켜본 대전 엄마 '윤서결 안되겠네..이재명이 무조건 당선' ft. 대전 으능정이 대결)	채널에 가입하여 혜택을 누려보세요. https://www.youtube.com/channel/UCXizVvs2c7LtFZAu25sK5Fg/join [이재명 후원회 홈페이지] ...	68861	16506	934	1
5ew3oVg92Gg	윤석열 후보 지지 기자회견 -자유주의전북포럼 외 15개 시민단체 및 개신교 목회자 500명 [Live]	본 동영상의 광고는 크리스천투데이와 무관합니다. ◈크리스천투데이 공식 홈페이지: http://www.chtoday.co.kr ◈크리스천투데이 ...	377	101	7	1
qFiZAugA6eU	[LIVE] &#39;호남의 발전&#39; 책임지는 약속! 윤석열 첫 광주유세	20대 대통령 선거 운동이 본격화됐습니다. 오늘 오전에는 국민의힘 윤석열 후보가 광주에서 첫 유세에 나섭니다. 어떤 말을 하고 어떤 ...	455	29	0	1
89eC8o_4biw	긴급) 윤석열 방금 전주에 도착! 여기 전라도 맞아? 엄청난 환대에 국힘 잔칫집 분위기! 이재명 보고 있냐? 이게 바로 &#39;진짜 민심&#39;이다!!	정의구현 멤버십 가입 : https://www.youtube.com/channel/UCUNwNXVrWAHQpc8gPp1c6kw/join 자발적 구독료 : KB국민은행 ...	6892	2579	0	1
DMFanC6nNKg	윤석열 대선 유세~  BGM 만 넣어봤습니다. 좋아 빠르게 가~~~	채널에 가입하여 혜택을 누려보세요. https://www.youtube.com/channel/UCmy_IBOjMMNkTyWgN0h_ykg/join.	207	65	17	1
YAJXixoKz2k	이재명, 강남역 집중 유세…윤석열, 호남 민심 공략 / 연합뉴스TV (YonhapnewsTV)	이재명, 강남역 집중 유세…윤석열, 호남 민심 공략 [앵커] 공식 선거운동 둘째 날, 주요 대선 후보들의 발걸음이 더 빨라지고 있습니다.	112	4	0	1
LerJn167voM	윤석열ㅡ광주송정역유세		481	45	6	1
OOFsmRPSg20	[다시보기]윤석열, 광주 거점유세｜2022. 02. 16.	윤석열 #국민의힘 #유세현장 #광주 윤석열 국민의힘 대선 후보 광주 거점유세 현장입니다. 00:00 사전 행사 23:41 후보 연설.	942	57	8	1
jtnC8Wvz_i4	추미애 “윤석열의 검찰독재, 무덤 속 전두환이 부러워할 판”	尹 압수수색, 건진법사…해명 다 거짓말 * 수사지휘권 폐지? 수사권 자체 폐지해야 * 檢 예산 국회가 견제? 검찰권력 못 이겨 * 적폐 ...	1583	103	34	-1
Or4KqWudi4I	윤석열 신천지 압수수색 거부한 확실한 증거자료 #shorts	윤석열 신천지 압수수색 거부한 확실한 증거자료 #shorts.	1598	156	4	-1
5W23LFq9nnE	윤석열! 광주! 유세 송정 매일시장 난리 났다 이재명 맨붕	This stream is created with #PRISMLiveStudio#정권교체 #윤석열 #대선후보 #이재명 #대장동 #법인카드 #광주.	2205	731	5	1
TNiXmdfm4NQ	&#39;다시 호남행&#39; 윤석열 후보, 오늘 광주서 유세 / KBS 220216	대선 공식 선거운동 이틀째인 오늘(16일) 국민의힘 윤석열 후보가 광주를 찾아 지지를 호소합니다. 지난 주말에 이어 나흘 만에 다시 ...	4	0	1	1
u4WJx3qz5f8	윤석열 오또케 여성비하 #shorts	윤석열 오또케 여성비하 #shorts.	1374	158	6	1
9H7hGuVUYd4	국민의힘 윤석열 후보 지지 선언한 &#39;사격&#39; 진종오 '지난 5년 힘들었다'	진종오 #윤석열 #체육 #정권 #선언 사격 종목 올림픽 금메달리스트 진종오 선수가 22년 2월 16일 서울 여의도 한 카페에서 윤석열 ...	4276	1283	83	1
9EV9QLbYTIg	2월16일(수)🔴LIVE - 이재명 '위기 극복' VS 윤석열 '무능 심판' [1번지 라이브]	백운기의 시사 1번지 [라이브 방송 안내] 라이브 방송 | 매주 월~금 오전 11시~12시 KBC와 함께하는 광주방송 유튜브 라이브 Famous ...	1181	51	0	1
13Vo_RuNpYU	[기호2번 윤석열] 공식로고송 - 아로하	윤석열 #국민의힘 #로고송 #이재명 #단일화 #안철수 #토론 #김혜경 #소고기 #소고기깡 #혜경궁 #법인 #카드 #공무원 #비서 #심부름 ...	8	2	1	-1
K2wUimeJDXA	[11시 김광일 쇼 LIVE] 긴급! 윤석열-안철수 &#39;위로 회동&#39; 가능성! 윤석열, 안철수 운동원 장례식장 찾는다 | 하루 점심 저녁값 카드 18번 긁었다? 이재명의 법카 사용법	조선닷컴 공식 홈페이지 http://www.chosun.com 조선일보 무료 구독 체험 http://bit.ly/2WnNAF7 ◈ 사실에 대한 믿음, 할 말을 하는 ...	34184	13051	0	1
G_M5Q3nZk7I	대선 D-21 내가 윤석열후보 이재명후보 대장주는?		307	14	2	1
mEriysBijPc	(속보) 뽕알性열.. 3뽕 맞은 윤석열!! 궁민의 씸 윤석열,,ㅋㅋ 이게뭐야??예능인데 다큐로 덤비지말기!!	윤석열 #대권3뽕 #국민의힘 (후원) 국민 6345-01-01-002926 예금주 최현@ 미디어벙커 입니다.	3978	1473	136	-1
NpV5cYhWb_Q	[기호2번 윤석열] 공식로고송 - 우리 모두 다같이	윤석열 #국민의힘 #로고송 #이재명 #단일화 #안철수 #토론 #김혜경 #소고기 #소고기깡 #혜경궁 #법인 #카드 #공무원 #비서 #심부름 ...	22	6	1	1
ti1z5HcbOtY	국민이 키운 윤석열!! 설레는 첫유세!!	윤석열 #정권교체 #광화문.	450	154	9	1
7Z-uhK0aj_U	광주시민들 향한 박주선의 호소 '윤석열 찍어주시길 간곡히 부탁드립니다'	박주선 #윤석열 #호남 #광주 #한탄 박주선 전 국회부의장이 22년 2월 16일 광주시 광산구 송정매일시장에서 현장 지지발언을 하고 ...	2215	408	28	1
J22_gN_Plqc	(대선현장중계) 윤석열 호남서 대박 사건 터졌다! / 2022.02.16	윤석열 #대선유세 #윤석열현장 #윤석열유세 #국민의힘 #정권교체 #이재명 #민주당 #대장동 #화천대유 #대선 대국본앱 국민혁명당 ...	40349	8920	122	1
ao7v5Szdtk0	김의겸 “소가죽 굿판에 윤석열 부부 연등” | 김진의 돌직구 쇼 931 회	김의겸 ＂건진법사 과거 행사에 尹 부부 연등＂ 김의겸 기자회견 ＂소가죽 굿판에 尹 연등＂ 野 ＂건진법사 총감독? 李 지지자 소속 ...	503	29	17	1
l8Sf90oOlro	윤석열과 안철수,솔로몬의 선택은?	[이봉규TV 멤버십 가입] https://www.youtube.com/channel/UCxuf... 이봉규 TV 후원계좌 신한은행 110-494-556972 [이봉규TV ...	11127	3206	276	1
6mPY4N23-Ew	2월15일 대전으능정이 윤석열후보 유세#short		23	8	0	1
ZD7fUnFwIfA	(현장중계) 부산의 윤석열, 어마어마한 열기! 어퍼컷! / 김문수 TV	클릭해주셔서 감사합니다. 좋아요와 구독은 큰 힘이 됩니다 클립 챕터는 아래 '더보기' 클릭해주세요! TIMESTAMP 김문수 TV는 ...	1245	402	17	1
