ID	title	description	viewcount	likecount	commentcount	label
MmoTiMmU4aQ	이재명, 서울서 '정치교체' vs 윤석열, 호남서 '정권교체' / YTN	[앵커] 공식 선거운동 둘째 날, 더불어민주당 이재명 후보는 서울 강남의 중심인 강남역에서 지지세가 약한 서울시민과 청년층을 공략 ...	4983	126	93	1
u8kIcEL-93Q	이재명, 택시 4단체와 정책 협약...서울 집중 유세 / YTN	공식 선거운동 둘째 날인 오늘(16일) 더불어민주당 이재명 대선 후보는 택시 운수 종사자를 대표하는 택시 4단체 대표자들과 ...	596	62	22	1
5BrHlrn7S0s	[연설-004] 이재명 대통령 후보 연설(서울고속버스터미널)-v3	[연설-004] 이재명 대통령 후보 연설(서울고속버스터미널)-v3.	36	0	0	1
wmM9ansSYf0	전국 누빈 이재명·윤석열…선거운동 첫날 모습은?	[앵커] 어제(15일)부터 대선 공식 선거 운동이 시작됐습니다. 경부선에서 격돌한 이재명, 윤석열 두 후보는 각각 경제 대통령과 정권 ...	16	0	3	1
iODZu-2XPtw	[ 하이라이트 ] 이재명 후보 &#39;서울 강남고속터미널 유세&#39;... 3월 9일 저희는 반드시 승리할 것입니다!	이재명 #서울유세 #민주정부4기 #반드시승리한다.	7011	2608	140	1
To_i15RS6bo	이재명은 일꾼일 뿐입니다	대전 #으능정이거리 #유세.	797	450	27	1
3AW8RGShiD8	[찐경제 플러스] 이재명의 경제공약, 히든카드 대공개 - 채이배 민주당 선대위 공정시장위원장 (2022.2.16 오전)	[찐경제 플러스] 이재명의 경제공약, 히든카드 대공개 - 채이배 민주당 선대위 공정시장위원장 (2022.2.16 오전) #이재명 #경제공약 ...	26548	0	6	1
u2utBeENppQ	[공유] 이재명이 보내는 첫번째 메시지 [이재명의 편지] 편 (이재명 후보 대선TV광고)	공유영상 : 유튜브 '이재명' https://youtu.be/c4A380smBdI #이재명 #대선광고 #이재명을싫어하시는분들께 반송될지도, 어쩌면 ...	864	568	26	1
crKV6-tlZ64	내가 이재명을 지지하는 이유 [청년사업가 마준영]	부산 청년 사업가 마준영님께서 '나를 위한 유세단'에 참여해주셨습니다. 청년들을 위한 정치를 넘어 청년이 함께하는 정치를 만들 ...	565	313	27	1
EJZz2L0EfFo	[생방송] 이재명후보 첫 일정 전국개인택시조합방문	일시후원: 국민은행 794001-04-154041 서울의소리(강경자) ✓전화후원: 1877-1590 ✓정기후원: ...	20238	3577	77	1
st3gipJRtU4	이재명 후보 부인 김혜경, 사과 후 실신 연기 #Shorts	이재명 후보 부인 김혜경, 사과 후 실신 연기 #Shorts 2022 연기대상.	222	18	2	1
i2xFNh3VhXM	원빈을 보면 이재명후보가 생각나는 이유.	원빈이여 돌아오라. 보수재건 100원 후원 계좌 기업은행 222-029699-01-027 [예금주 최국] 카카오뱅크 3333-02-0541676 [해외 ...	2328	967	31	1
PKA2jbVsM_M	첫날 윤석열 압도한 이재명 거리유세 대승리 (지켜본 대전 엄마 '윤서결 안되겠네..이재명이 무조건 당선' ft. 대전 으능정이 대결)	채널에 가입하여 혜택을 누려보세요. https://www.youtube.com/channel/UCXizVvs2c7LtFZAu25sK5Fg/join [이재명 후원회 홈페이지] ...	68861	16506	934	1
YAJXixoKz2k	이재명, 강남역 집중 유세…윤석열, 호남 민심 공략 / 연합뉴스TV (YonhapnewsTV)	이재명, 강남역 집중 유세…윤석열, 호남 민심 공략 [앵커] 공식 선거운동 둘째 날, 주요 대선 후보들의 발걸음이 더 빨라지고 있습니다.	112	5	0	1
dwA9MsremIo	염태영이 말하는 이재명의 공공환수 #shorts	"김어준의 다스뵈이다 184회 출연 ""대장동 vs 엘시티"" 비슷하지만 다른것은? #이재명 #공공환수 #염태영 #대장동 #shorts."	6	4	0	1
ihBxpXUwYYI	[고창터미널사거리] 제20대 대통령선거 이재명 선대위 고창 출정식	고창e좋다 심덕섭tv.입니다 제20대 대통령선거 이재명 선대위 고창 출정식 현장입니다 이재명 대선후보께서 “우리동네공약”에 정읍 ...	116	19	0	1
G_M5Q3nZk7I	대선 D-21 내가 윤석열후보 이재명후보 대장주는?		307	14	2	1
ikkirFIFnho	이재명 후보 첫 지지연설 '유능한 경제대통령 이재명이 필요한 이유입니다'	문제는 경제입니다 해답도 경제입니다 경제의 해답은 디지털대전환입니다 얼마나 빨리 디지털로 전환하는지가 국가의 경쟁력입니다 ...	178	126	5	1
uoPYlQCfND8	이재명 후보 - 세가지 약속을 드립니다 !		140	49	2	1
9EV9QLbYTIg	2월16일(수)🔴LIVE - 이재명 '위기 극복' VS 윤석열 '무능 심판' [1번지 라이브]	백운기의 시사 1번지 [라이브 방송 안내] 라이브 방송 | 매주 월~금 오전 11시~12시 KBC와 함께하는 광주방송 유튜브 라이브 Famous ...	1181	51	0	1
SKL7qydDcQU	대구행 박근혜! 나라 구하려면 어떤 정치세력 모아야 할까? 이재명, 이승만 박정희 문화생 됐다? 윤창중칼럼세상TV(2022.02.16)	윤창중칼럼세상은 보수우파의 집권이 목표입니다. 실현 가능한 해법과 방향을 분명히 제시합니다. 윤칼세를 도와주십시오. 윤칼세TV ...	351	88	5	1
O62tMPCf6bY	남욱이 불었다 / 이재명 망했다 / 경련을 전공하신 최민희... / 윤석열은 단디한다!	가로세로연구소 구독 후원 방법 정기구독 후원 ARS 1877-0665 기업은행 655-026629-01-014 (예금주 : (주)가로세로연구소) 국민 ...	68392	12587	63	-1
YeQpMzYKUOg	이재명과 윤석열, 안철수에게 단일화 조건 전격 제시 | 이준석 백기투항 | 국힘당은 국민의 당과 조기 통합전대를 통한 당권 약속 |	유순호 '정치,역사,문화칼럼' TV 자발적 구독료(후원)｜국민은행：765201-04-239649 (예금주 유순호) #안철수단일화제안#여론조사 ...	203	60	25	1
ZDnJE4Gdj4Q	&#39;청년은 이재명이다’ 1분 이재명! #1 #shorts	강서을 지역위원회 MZ선거기획단 청년들이 이재명 후보의 공약을 쉽게 알리기 위한 릴레이 '1분이재명'을 시작합니다. 전국에 공급 ...	20	13	0	1
hvNfug6-Qj4	박영선 전 장관 지원유세- '유능한 경제대통령 이재명이 필요한 이유입니다' 대한민국 대 전환		1053	317	31	1
_N_fXpm0kmw	(오전뉴스) 윤석열, 오늘 안철수 전격 회동! 이재명 딱 걸렸다! 업무추진비, 하루에 식사 18번! 과일은 집근처에서!	공유 https://youtu.be/_N_fXpm0kmw 회원가입 https://www.youtube.com/channel/UCtmvuCbpw6_TFbeO4ToTAIw/join.	7452	1871	29	1
qNTB14wvIrU	변발헤-문대통령 윤석열 지켜본다/이재명 첫 유세 키워드/소 가죽 벗기는 굿판에 윤석열, 김건희 이름	멤버쉽 링크 - https://www.youtube.com/channel/UCkI2g2FvX-haxXqqDMqc96A/join 송작가TV몰 링크 ...	5112	2144	34	1
e7nthhhaPgk	이재명후보님의 어린시절(5탄)	이재명 #대선후보 #민주당 #나를위해_이재명 #더불어민주당 #앞으로제대로 #이재명은합니다 #대한민국 #대전환시대 #산업 #대구 ...	1	1	0	1
GjdwXp2hioM	이재명 후보님의 어린시절 (1탄)	이재명 #대선후보 #민주당 #나를위해_이재명 #더불어민주당 #앞으로제대로 #이재명은합니다 #대한민국 #대전환시대 #산업 #대구 ...	1	1	0	1
K2wUimeJDXA	[11시 김광일 쇼 LIVE] 긴급! 윤석열-안철수 &#39;위로 회동&#39; 가능성! 윤석열, 안철수 운동원 장례식장 찾는다 | 하루 점심 저녁값 카드 18번 긁었다? 이재명의 법카 사용법	조선닷컴 공식 홈페이지 http://www.chosun.com 조선일보 무료 구독 체험 http://bit.ly/2WnNAF7 ◈ 사실에 대한 믿음, 할 말을 하는 ...	34184	13057	0	1
DCTNX-Ab028	李 ‘셀프디스’ vs 尹 ‘국민의 부름’…TV광고 맞대결 | 김진의 돌직구 쇼 931 회	李 '셀프디스' vs 尹 '국민의 부름'…TV광고 맞대결 | 김진의 돌직구 쇼 931 회 이재명 '셀프 디스' 윤석열 '국민의 부름'…TV 광고도 격돌 ...	306	19	6	1
2v_Jz4noM84	이재명 후보님에 대해서 (1-1)	이재명 #대선후보 #민주당 #나를위해_이재명 #더불어민주당 #앞으로제대로 #이재명은합니다 #대한민국 #대전환시대 #산업 #대구 ...	0	1	0	1
ercn59ha5U8	이재명 후보님의 어린시절 (4탄)	(많은 공유 부탁드립니다) #이재명 #대선후보 #민주당 #나를위해_이재명 #더불어민주당 #앞으로제대로 #이재명은합니다 #대한민국 ...	1	1	0	1
cBotn-eIaGw	대선후보 이재명의 정치란?	Shorts #이재명 #더불어민주당 #대선후보 #제주도 #서귀포 #올레매일시장 #시장연설 #민주주의 #대선승리 #억강부약 #대동세상 ...	28	21	0	1
k1hGSRBHWv8	[황보선의 출발 새아침] FULL다시보기 | 나경원 국민의힘 서울 총괄선대본부장 인터뷰 '정권교체의 서막이 열렸다', 부산 빅뱅 'PK에서 맞붙은 이재명vs윤석열' | 220216	"YTN FM 94.5MHz 우리의 이슈가 뉴스를 바꿉니다. 세상을 깨우는 ""황보선의 출발 새아침"" 중심잡힌 시선으로 가장 뜨거운 이슈를 ..."	4950	186	12	1
QnOsX4XbIL8	D-21 이재명후보 강남역사거리 유세현장 스케치!!	이재명은합니다 #나를위해이재명 #우리를위해이재명 후원 : (국민) 453201-04-048641 한민우 후원금은 현장에서의 활동비로 ...	507	229	0	1
iWWzVgV4yI8	이재명이 유능? 토론도 못하고.. 법인카드 쓰는 것도 졸렬하다.	이준석#이재명#윤석열#유승민#홍준표 SBS라디오(22.02.15)	583	85	2	-1
l-PcU1ObGOc	D-22 이재명 대통령만들기 (부산편)	드디어 그날이 오고야 말았다.. 2월 15일 (화) 대선후보 공식 선거유세 당일이 밝았습니다   이재명 후보 첫 집중유세 장소는 부산 ...	24	9	0	1
4g2MquvTfJc	(대선현장중계) 전주 윤석열 지지 폭발! 호남도 이재명 타도! / 2022.02.16	윤석열 #대선유세 #윤석열현장 #윤석열유세 #국민의힘 #정권교체 #이재명 #민주당 #대장동 #화천대유 #대선 대국본앱 국민혁명당 ...	10219	1673	6	1
5W23LFq9nnE	윤석열! 광주! 유세 송정 매일시장 난리 났다 이재명 맨붕	This stream is created with #PRISMLiveStudio#정권교체 #윤석열 #대선후보 #이재명 #대장동 #법인카드 #광주.	2205	732	5	1
yfMGZ22vPXw	[2월16일] 이재명후보 일정 하이라이트 1편 (택시 정책협약식) #shorts	택시 회사와 기사분들도 참 많은 고충이 있었을텐데 기업상생 협약식 너무 멋있습니다! #이재명 #이재명후보 #더불어민주당 #대선 ...	4	3	0	1
GIW1uUwa9HE	[LIVE] 이재명 서울 강남역 유세 / SBS	SBS뉴스 #8뉴스 #이재명 #후보 #서울 #강남역 #유세 #실시간 으로 만나 보세요 라이브 뉴스 채널 SBS 모바일24 ▷SBS 뉴스로 제보 ...	2775	34	0	1
NpKCDuMRfDA	이재명, 인간 이재명 #나를위해 #이재명	나를위해 #이재명 #인간_이재명.	11	0	3	1
xg-Bfj7EJpo	오늘도 이재명과 함께 출발합니다 / 이재명'윤석열 신천지 압수수색...건진법사 / 윤도리 부산 유세현장 중에 역겨운 세레머니~ / 이재명,강남터미널 유세현장 스케치	이재명은약속을지킵니다 #이약지 자율구독료 안내 후원계좌: sc제일은행 211 2010 3693 예금주 정현준 카톡ID hjoon214 무엇 ...	183	59	3	-1
AOR2JHZHOSE	권규대...이재명의 대학동기이자 윤석열의 연수원동기의 의미있는 외침!	이재명의 대학동기이자 윤석열의 연수원동기의 의미있는 외침! James Lee.	227	90	7	1
-H2AlXjE8gU	배소현 임명권자는 이재명 혜경궁 김씨 사건도 배소현의 진술로 불기소!	백성문 #김태현 정치 계의 두 절친 법조인 김태현 백성문 변호사의 정치 토크쇼 [정치왓수다] 후원 계좌 우리은행 1005-903-567338 ...	4459	661	34	-1
Ma8R1MpDgk0	이재명...이재명은 일꾼일 뿐입니다..	이재명은 일꾼일 뿐입니다.	57	27	2	1
e29p3ptfMhk	이재명...[오늘, 이재명 1]..우리 가진 것 비록 적어도 손에 손 맞잡고 눈물 흘리니우리 나갈 길 멀고 험해도 깨치고 나아가 끝내 이기리라...	"[오늘, 이재명 1] 어떤 기억은 갈수록 생생해지고 또렷해집니다. ""너무 슬퍼하지 마라. 삶과 죽음이 모두 자연의 한 조각이다"" 당신은 ..."	133	54	5	1
9SL2wWWmjh4	공격성 질문 받아치는 이재명의 현명한 답변 #Shorts	기호1번 #이재명 #유능한경제대통령.	20	7	0	1
rcl1SaIowDA	정세균 전 총리 지원 유세-공약이행률 95%, 유능하고 좋은 공약, 약속 지키는 이재명 !		318	117	7	1
