ID	title	description	viewcount	likecount	commentcount	label
Wnl1bBOrIvI	이재명 대선후보, 서울 노원구 유세 / SBS	더불어민주당 이재명 대선 후보가 공식 선거운동 3일 차인 오늘(17일) 서울 표심을 공략합니다. 이 후보는 오늘 오전 노원구 번화가 ...	4659	103	46	1
aM-C6onv5oI	나란히 빈소 방문…이재명 &#39;수도권&#39; vs 윤석열 &#39;원팀 행보&#39; / JTBC 아침&amp;	이재명, 윤석열 두 대선후보가 어젯밤(16일) 국민의당 안철수 후보의 유세차 사고 희생자의 빈소를 나란히 찾았습니다. 오늘은 공식 ...	3676	98	42	1
9oovNbVyyP4	대선 20일 앞으로...이재명·윤석열, &#39;최대 승부처&#39; 수도권 격돌 / YTN	[앵커] 20대 대선이 20일 앞으로 다가온 가운데, 이재명·윤석열 양강 후보는 오늘 이번 선거의 최대 승부처인 수도권에서 격돌을 벌 ...	4365	46	72	1
PM0mr4QzU5c	맥락 일부러 무시한 채 말꼬리로 이재명 공격 나선 이준석	이재명 후보가 직업을 비하했다고 공격한 이준석 당대표. 택시를 탄광에 비유했다는 것. 알고보니 그건 이재명 후보의 말이 아닌 택시 ...	6214	964	158	-1
swc6_uYMIlI	이재명 윤석열 초박빙 대선! 얇은 판을 깨는 변수는? #배우자리스크 #적폐수사발언 #단일화  [정준희의 해시태그 96회 예고]	초박빙대선 #적폐수사발언 #단일화 #윤석열 #이재명 #안철수 #심상정 #지지율 #배우자리스크 #비호감대선 #이재명 후보 #문재인 ...	910	265	13	-1
QqTIUAfflv0	[LIVE] 이재명 후보, 노원구 유세		8081	7778	201	1
WvTIRU7BCKI	[집중분석] 이재명-윤석열 초접전, 안민석이 느낀 바닥민심은/[생중계] 이재명 후보, 서울 노원구 유세  (2022.2.17 오전)	[생중계] 이재명 후보, 서울 노원구 유세 / [집중분석] 이재명-윤석열 초접전, 안민석이 느낀 바닥민심은 (2022.2.17 오전) #이재명 #노원 ...	44152	0	78	1
C-62oskP_zk	이재명 '정치보복' vs 윤석열 '부패청산' [아침에 이슈]	20대 대선이 20일 앞으로 다가왔습니다. 공식 선거운동 둘째날이었던 어제 여야 후보들은 전략적 요충지를 찾아서 표심 공략에 나섰 ...	2213	149	45	1
60K2HVKlgpM	더불어민주당 이재명, 서울 노원구 유세 - [끝까지 LIVE] MBC 중계방송 2022년 02월 17일	이재명 더불어민주당 대선후보는 오늘(17일) 서울 표심을 공략합니다. 이 후보는 오전 노원구 번화가 롯데백화점 앞에서 첫 유세를 ...	13073	1793	133	1
EaywwvqYaXk	빨갱이 이재명 #JM#shorts	이재명.	201	52	4	-1
zUKuEXWFtA0	[이재명, 더불어민주당 후보, 서울 유세 노원] /02월 17일 (목) / 디지털Only	이재명 더불어민주당 대선후보는 공식선거운동 3일차인 오늘(17일) 서울 광화문과 홍대, 왕십리 등 서울의 주요 거점을 돌며 집중유세 ...	4734	387	47	1
jq41apXvdyE	D-20일 이재명-윤석열 초박빙접전, ‘쭉뻗 구둣발’ 여론조사에 얼마나 반영됐나 [황보선의 출발 새아침] / YTN라디오	YTN라디오(FM 94.5) [황보선의 출발 새아침] 우리의 이슈가 뉴스를 바꿉니다. 세상을 깨우는 황보선의 출발 새아침 중심잡힌 시선으로 ...	3678	188	15	1
i-VkGwb9KA0	원희룡 &#39;이재명 옆집&#39; 의혹 제기...'초밥 10인분 미스터리 풀리고 있다' / YTN	"원희룡 '이재명 옆집' 의혹 제기…경기주택공사 합숙소? 원희룡 ""이재명 옆집, 경기주택공사 합숙소로 전세계약"" ""경기주택공사 사장, ..."	6028	169	202	-1
kyl5K0fOZkU	변발헤-이재명 '미래냐 정치보복이냐'/검언유착 카톡 공개/윤석열 시장에서 '쇼핑몰 유치'	멤버쉽 링크 - https://www.youtube.com/channel/UCkI2g2FvX-haxXqqDMqc96A/join 송작가TV몰 링크 ...	4676	1958	32	-1
EBjMMI1lPfk	[ 하이라이트 ] 서울 노원구 유세... 위기를 기회로 만들 사람, 이재명입니다!	이재명 #서울노원구유세 #민주정부4기 #위기를기회로.	2800	864	56	1
jds6R7ue6WM	[최병묵의 팩트] 김만배가 말한 &#39;이재명 게이트&#39;	화천대유 대주주 김만배씨가 정영학 회계사와 대화에서 '이재명 게이트'를 언급했다고 합니다. 어떻게 된 일일까요.	23380	6960	139	-1
2DQYfCP0GpQ	이재명, 서울 유세 이틀째...강북권 표심 집중 공략 / YTN	[앵커] 20대 대선, 이제 20일 앞으로 다가왔습니다. 공식 선거 운동 사흘째에 접어든 오늘(17일) 민주당 이재명, 국민의힘 윤석열, 양강 ...	1698	68	75	1
dfu0dkSFwHI	방금 이재명 경제공약 지지율 1위 해냈다, 윤석열 지지율 대폭락, 경제.부동산.일자리 전 분야 이재명 1위	채널에 가입하여 혜택을 누려보세요. https://www.youtube.com/channel/UCXizVvs2c7LtFZAu25sK5Fg/join [이재명 후원회 홈페이지] ...	67431	25874	1061	1
SQfsrM6COFQ	응답하라! 윤석열 / 이재명이 살아난다 [2022년 2월 17일(목) 정군기의 텐텐뉴스]	00:00 오프닝 05:32 응답하라 윤석열 25:47 한 공무원의 언플 47:03 대선 후 대한민국 52:24 이런 증상이라면 영상이 마음에 드신 ...	5358	1445	40	1
FmGZ7CXVSig	[#378] 이재명, 박근혜 대통령에게 한 비열한 짓!!!-사람 죽이는 이재명의 손가락 혁명군!!	예레미TV는 '예레미TV'는 보수주의 가치를 바탕으로 국제 이슈와 세계적 현상을 전해 드리고 그 이면을 분석하는 시사 채널입니다.	103	39	21	-1
wXLa8v6aHcg	이재명, 서울 집중 공략…윤석열, 수도권 집중 유세 / 연합뉴스TV (YonhapnewsTV)	이재명, 서울 집중 공략…윤석열, 수도권 집중 유세 [앵커] 공식 선거운동 셋째 날인 오늘(17일) 양강 대선 후보 모두 수도권 공략에 힘을 ...	325	9	2	1
KMr4rkQlr5k	다급한 이재명 하다하다... 민주당내부도 뒤집어졌다! 당명 삭제한 이재명! #이재명전과4범	자율적구독후원 : 하나은행 : 106-910488-13707 (박*옥) 해외페이팔 후원링크 : https://www.paypal.me/jungsungsantv 문의 ...	4987	1606	49	-1
xHKXyiVSemY	이재명 후보 - 세상은 도도한 흐름으로, 민심이 천심입니다! 좋은 변화를 선택, 이재명을 선택해주세요!		945	293	18	1
HYC7MMMeFyg	한다면 한다! 이재명은 합니다 #shorts	2월 17일, 신가지구사거리에서 아침인사드렸습니다.^^ 시·구의원분들과 당원여러분과 힘을모아 이재명 후보 지지를 부탁드렸습니다.	40	15	2	1
E-_-fP5tGrc	윤석열→이재명, &#39;25분 시간차&#39; 안철수 만나 독대 / YTN	진행 : 김선영 앵커, 김대근 앵커 □ 출연 : 김준일 / 뉴스톱 대표 * 아래 텍스트는 실제 방송 내용과 차이가 있을 수 있으니 보다 정확한 ...	3186	100	34	1
OlKt1ePZJDM	[핫플]尹측, 이재명 유세차 사고 ‘조롱’…논란 일자 글 삭제 | 김진의 돌직구 쇼 932 회	[핫플]尹측, 이재명 유세차 사고 '조롱'…논란 일자 글 삭제 | 김진의 돌직구 쇼 932 회 '윤석열 캠프' 이한상 교수, 이재명 유세차 전복에 ...	426	17	6	-1
wIda97iDZao	아침 라이브! TV조선 방금확진 &#39;김혜경 불륜&#39;! 이재명, 이제 후회해도 이미 늦었다! &#39;X&#39; 증거물 등장! 배신에 이유 나왔다!		5756	1204	56	-1
hh9byrGvYNk	추미애 또 터졌다! 싸구려연기도전, 이재명동생취급, TV조선 작심하고 추미애뒤집어엎었다! #추미애X맨 #추미애TV조선	자율적구독후원 : 하나은행 : 106-910488-13707 (박*옥) 해외페이팔 후원링크 : https://www.paypal.me/jungsungsantv 문의 ...	6027	1915	68	-1
kp7ght1EBqU	🎉잼잼자봉단 X 재명이네슈퍼 🤝 콜라보레이션!	재명이네 홈페이지 - 재명이네.com - http://zone-jam.com/ ▷ 재명이네 유튜브 ...	1202	754	45	1
9wukQUv6pEw	김기현 '도둑이 제 발 저린 격, 이재명·민주당 검찰공화국 운운해'	김기현 국민의힘 원내대표가 17일 국회에서 열린 선대본-원내지도부 연석회의에 참여해 더불어민주당과 이재명 후보가 검찰공화국 ...	247	39	5	-1
fMhx41MGG3U	권영세 '황당하기만 하는 이재명의 인식, 코로나가 독감 수준? 책임질 수 있나?'	권영세 #이재명 #코로나 #독감 #책임 권영세 국민의힘 선거대책본부장이 22년 2월 17일 서울 여의도 국회에서 열린 국민의힘 선거 ...	4138	557	42	-1
CpCn2jl4N_o	권영세 '말 바꾸는데 능숙한 이재명, 대구서 당당하게 코로나 얘기 꺼내'	권영세 #이재명 #코로나 #대구 #기억 권영세 국민의힘 선거대책본부장이 22년 2월 17일 서울 여의도 국회에서 열린 국민의힘 선거 ...	4954	832	59	-1
k3_6LaHflAM	이재명 '재건축·재개발 합리적으로 풀겠다'	"이재명 더불어민주당 대통령 후보가 17일 서울 노원구 유세 현장에서 ""재개발·재건축 규제를 완화해서 행복하게 살길 열겠다""라고 ..."	144	2	13	1
htYmg4E9ex0	[현장영상] 윤석열 안성 유세 '위기 타파 유능한 이재명 경제대통령?...위기는 누가 만들었는데!'	국민의힘 #유세 #윤석열 #안성 #경기 국민의힘 윤석열 대선후보가 22년 2월 17일 열린 경기 안성 유세현장에서 발언하고 있다.	1849	323	33	1
O1ayj_2dkLY	[송국건의 혼술] 관상 전문가 “내가 이재명‧윤석열 부부 다 만나보니‧‧‧”	관상, 풍수 전문가 백재권 교수 인터뷰 진영대결로 치닫는 대선 판 안철수-윤석열 빈소에서 나눈 대화는? 김원웅이 광복회장 사퇴하며 ...	14185	4396	112	1
QhOwBYN_RQQ	이철규 '이재명, 검찰권 강화 프레임 즉각 중단해라'	이철규 국민의힘 전략기획부총장이 17일 국회에서 열린 선대본-원내지도부 연석회의에 참석해 “이재명 후보가 윤석열 후보의 사법 ...	249	23	1	-1
TWIl94T3tUE	이재명이 흠보다 상처가 많다고?   #shorts	shorts.	521	74	4	-1
upq66aQcSiw	2022.2.17. (생중계) 이재명 더불어민주당 후보 - 노원구 유세	팩트TV 정기후원회원이 되어주세요. 공식후원계좌▷ 우리은행, 1002-142-508338 이상엽 ARS신청 1877-0411, 직접신청 ...	2359	660	6	1
MkY26XbiQV4	[2월17일] 이재명후보 일정 하이라이트 1편 (노원구 유세) #shorts	대선에 대한 우원식 국회의원의 팩트! #2월17일 #더불어민주당 #이재명 #이재명유세 #이재명유세현장 #유세현장 #유세차 #이재명 ...	156	46	3	1
scl-jnNkgwA	[풀영상] 국민의힘 이재명 비리 국민검증특위 회의 (22.02.17)	국민의힘 #김진태 #이재명 #국민검증 #특위 [풀영상] 국민의힘 이재명 비리 국민검증특위 회의 (22.02.17) 시사포커스TV는 창간 35년 ...	5034	1376	26	1
Dg1I6dKOrVs	李 “서민 힘겨울 때 주가 조작” vs 尹 “부정부패, 국민 약탈” | 김진의 돌직구 쇼 932 회	강남 간 이재명, 청년 기회 강조하며 ＂주가조작 완전 퇴출＂ 이재명 尹 겨냥 ＂서민 힘겨울 때 주가 조작＂ 尹 ＂약 1조 챙긴 개발 봤나 ...	256	9	3	-1
_o60ZCosAZo	윤재옥 '김원웅을 마음의 형이라고 불렀던 이재명, 어떤 면을 존경하나?'	윤재옥 #이재명 #김원웅 #존경 #마음의형 윤재옥 국민의힘 선거대책부본부장 겸 상황실장이 22년 2월 17일 서울 여의도 국회에서 ...	1733	223	22	1
r3eU4pruOP8	[#378] 이재명, 박근혜 대통령에게 한 비열한 짓!!!-사람 죽이는 이재명의 손가락 혁명군!!	후원계좌(국내) : 신한은행 110-532-395014 이** □ 후원계좌(해외) : WOORI BANK (SWIFT CODE : HVBKKRSEXXX) ...	168	52	2	-1
KG5bmYZxQgI	[청년유세단] 박용일 - 민주당과 이재명후보에게 엄중히 경고한다	후원계좌 : 국민은행 067501-04-088071 (예금주:국민의힘 중앙당후원회) [후원시 유의사항] ① 개인 명의로만 후원 가능 - 법인, 단체, ...	256	44	2	-1
ODzy_4IYLPQ	이재명, 민주당 텃밭 노원롯데 공간이 널널합니다..	현장 뉴스 방송은 옥탑방 김기자 자율구독료 502-033 203-01-014 기업 박** 언제나 초심!!	2361	275	20	1
O3zB_vLi3KY	이철규 '광부를 천박한 직업으로 왜곡 시킨 이재명, 석고대죄해라'	이철규 #이재명 #광부 #왜곡 #국민 이철규 국민의힘 의원이 22년 2월 17일 서울 여의도 국회에서 열린 국민의힘 선거대책본부-원내 ...	381	57	2	-1
yvEBMYsffMM	이재명, 60대, 추위가 문제아니다 뜨거운 지지~^^♡		97	38	3	1
XNvr8srOHFw	2022.2.17. (생중계) 이재명의 천군만마 - 이재명 후보 지지선언	팩트TV 정기후원회원이 되어주세요. 공식후원계좌▷ 우리은행, 1002-142-508338 이상엽 ARS신청 1877-0411, 직접신청 ...	0	353	0	1
IJvm9ikvcpg	윤석열 선라이즈 크라우드펀드 처맞고 이재명지지선언	선라이즈게이트#크라우드펀드사기#윤석열#이재명#지지선언#항복.	198	30	9	-1
qRiz2N35abo	이재명이 싫다고 하시는 분은	나를 위해 우리를 위해 이재명.	4	0	0	-1
