ID	title	description	viewcount	likecount	commentcount	label
EaLYDl7wktA	[윤석열 국민의힘 후보, 수도권 유세 안성] / 02월 17일 (목) /디지털Only	윤석열 국민의힘 공식선거운동 3일차인 오늘(17일) 서울·경기 수도권 집중유세에 나섭니다. 윤 후보는 이날 오전 안성시 안성 중앙 ...	6133	198	85	1
aM-C6onv5oI	나란히 빈소 방문…이재명 &#39;수도권&#39; vs 윤석열 &#39;원팀 행보&#39; / JTBC 아침&amp;	이재명, 윤석열 두 대선후보가 어젯밤(16일) 국민의당 안철수 후보의 유세차 사고 희생자의 빈소를 나란히 찾았습니다. 오늘은 공식 ...	3676	98	42	1
9oovNbVyyP4	대선 20일 앞으로...이재명·윤석열, &#39;최대 승부처&#39; 수도권 격돌 / YTN	[앵커] 20대 대선이 20일 앞으로 다가온 가운데, 이재명·윤석열 양강 후보는 오늘 이번 선거의 최대 승부처인 수도권에서 격돌을 벌 ...	4365	46	71	1
AzeYjp2ZzHY	[Live] 2월 17일 '윤석열이 대한민국에 안성맞춤!' 안성 유세		6738	5435	192	1
FNB0YHQZwKs	[생중계] 윤석열 후보, “윤석열이 대한민국에 안성맞춤!” 안성 유세 (2022.2.17 오전)	[생중계] 윤석열 후보, “윤석열이 대한민국에 안성맞춤!” 안성 유세 (2022.2.17 오전) #윤석열 #안성 #2022대선 #오마이TV * '매월 1 ...	11879	0	414	1
swc6_uYMIlI	이재명 윤석열 초박빙 대선! 얇은 판을 깨는 변수는? #배우자리스크 #적폐수사발언 #단일화  [정준희의 해시태그 96회 예고]	초박빙대선 #적폐수사발언 #단일화 #윤석열 #이재명 #안철수 #심상정 #지지율 #배우자리스크 #비호감대선 #이재명 후보 #문재인 ...	910	265	13	-1
C-62oskP_zk	이재명 '정치보복' vs 윤석열 '부패청산' [아침에 이슈]	20대 대선이 20일 앞으로 다가왔습니다. 공식 선거운동 둘째날이었던 어제 여야 후보들은 전략적 요충지를 찾아서 표심 공략에 나섰 ...	2213	149	45	1
kLItfAzrY94	'정권 교체' 윤석열 청주에서 첫 유세/HCN 충북방송	대선 주자 가운데 처음으로 국민의힘 윤석열 후보가 청주에서 거점 유세를 벌였습니다. 무능한 정권을 교체해야 한다며 현 정부와 ...	84	0	0	1
7VsXyr08yyA	전직 검사 '&#39;검찰권 강화&#39; 윤석열 공약, 독재 시각 내제...무서움 느껴' [김어준의 뉴스공장 풀영상 2/17]	[TBS 유튜브(목) 생방송] ▷7시 6분 : 김어준의 뉴스공장 ▷9시 : 짤짤이쇼 라이브 ▷10시 50분 : TBS특보 코로나19 ▷18시 6분 ...	321906	32491	223	-1
zPIg6ILW_AM	국민의힘 윤석열, '윤석열이 대한민국에 안성맞춤!' 안성 유세 - [끝까지 LIVE] MBC 중계방송 2022년 02월 17일	윤석열 국민의힘 대선후보는 오늘(17일) 서울과 경기 일대를 돌며 수도권 집중 유세를 벌입니다. 오전 10시부터 오후 5시 30분까지 ...	5217	144	117	1
WvTIRU7BCKI	[집중분석] 이재명-윤석열 초접전, 안민석이 느낀 바닥민심은/[생중계] 이재명 후보, 서울 노원구 유세  (2022.2.17 오전)	[생중계] 이재명 후보, 서울 노원구 유세 / [집중분석] 이재명-윤석열 초접전, 안민석이 느낀 바닥민심은 (2022.2.17 오전) #이재명 #노원 ...	44152	0	78	1
jq41apXvdyE	D-20일 이재명-윤석열 초박빙접전, ‘쭉뻗 구둣발’ 여론조사에 얼마나 반영됐나 [황보선의 출발 새아침] / YTN라디오	YTN라디오(FM 94.5) [황보선의 출발 새아침] 우리의 이슈가 뉴스를 바꿉니다. 세상을 깨우는 황보선의 출발 새아침 중심잡힌 시선으로 ...	3678	188	15	1
1Ukq5yrQ4do	국민의힘 윤석열, '역동적 혁신성장 대한민국 만들기!' 용인 유세 - [끝까지 LIVE] MBC 중계방송 2022년 02월 17일	윤석열 국민의힘 대선후보는 오늘(17일) 서울과 경기 일대를 돌며 수도권 집중 유세를 벌입니다. 오전 10시부터 오후 5시 30분까지 ...	9277	148	0	1
hxLFQF2ias0	김용민 “한동훈, 억울하면 휴대전화 여시라, 윤석열은 해명해야” [황보선의 출발 새아침] / YTN라디오	YTN라디오(FM 94.5) [황보선의 출발 새아침] 우리의 이슈가 뉴스를 바꿉니다. 세상을 깨우는 황보선의 출발 새아침 중심잡힌 시선으로 ...	3445	384	48	1
B5yF30aRT0A	[LIVE] 윤석열 대선후보, 경기 용인 유세 / SBS	국민의힘 윤석열 대선 후보가 공식 선거운동 3일 차인 오늘(17일) 서울과 경기 일대를 돌며 수도권 집중 유세를 벌입니다. 오늘 오전 10 ...	16736	684	0	1
n885UfmCTPo	🔴[LIVE] 윤석열 국민의힘 후보, 수도권 유세 용인 / 디지털Only	윤석열 국민의힘 공식선거운동 3일차인 오늘(17일) 서울·경기 수도권 집중유세에 나섭니다. 윤 후보는 이날 오전 안성시 안성 중앙 ...	9794	259	0	1
2-GoYMKOqAE	윤석열 신천지 연관규탄 기자회견  LIVE	일시후원: 국민은행 794001-04-154041 서울의소리(강경자) ✓전화후원: 1877-1590 ✓정기후원: ...	5173	1428	78	-1
dfu0dkSFwHI	방금 이재명 경제공약 지지율 1위 해냈다, 윤석열 지지율 대폭락, 경제.부동산.일자리 전 분야 이재명 1위	채널에 가입하여 혜택을 누려보세요. https://www.youtube.com/channel/UCXizVvs2c7LtFZAu25sK5Fg/join [이재명 후원회 홈페이지] ...	67421	25868	1061	1
txAqwefHPgs	여성 신체 불법촬영혐의 입건된 윤석열 선대위 메세지  담당	"유튜브 이송원TV 2월 17일(목) 오전 9시에 배우 이원종, ""너나우리를 위해... 이재명! "" 이재명 대학 동기이자 윤석열 사시 동기의 당부 ..."	7293	3452	12	1
SQfsrM6COFQ	응답하라! 윤석열 / 이재명이 살아난다 [2022년 2월 17일(목) 정군기의 텐텐뉴스]	00:00 오프닝 05:32 응답하라 윤석열 25:47 한 공무원의 언플 47:03 대선 후 대한민국 52:24 이런 증상이라면 영상이 마음에 드신 ...	5358	1445	40	1
wXLa8v6aHcg	이재명, 서울 집중 공략…윤석열, 수도권 집중 유세 / 연합뉴스TV (YonhapnewsTV)	이재명, 서울 집중 공략…윤석열, 수도권 집중 유세 [앵커] 공식 선거운동 셋째 날인 오늘(17일) 양강 대선 후보 모두 수도권 공략에 힘을 ...	325	9	2	1
cB_z32J_Fkk	윤석열의 박빙지지율은 낙선을 의미한다! 2월을 뒤흔들 막판 대선 변수 &#39;평화냐 전쟁이냐!&#39;	민주당 #이재명 #평화대통령 ------------------------------------------ 후원계좌: 국민은행 817201-04-168778 촛불전진 블로그: ...	296	121	9	1
E-_-fP5tGrc	윤석열→이재명, &#39;25분 시간차&#39; 안철수 만나 독대 / YTN	진행 : 김선영 앵커, 김대근 앵커 □ 출연 : 김준일 / 뉴스톱 대표 * 아래 텍스트는 실제 방송 내용과 차이가 있을 수 있으니 보다 정확한 ...	3186	100	34	1
Lgx-Oy04kqs	사랑교회장로 김회재의원 '윤석열 신천지와의 유착 의혹 명명백백히 해명하라'	윤 후보와 박빙의 경선을 치렀던 홍준표의원도 경선 직후에 알았다 신천지에 개입은 이번만이 아니다. 누가 주도했는지 짐작이 간다 ...	2735	572	39	-1
htYmg4E9ex0	[현장영상] 윤석열 안성 유세 '위기 타파 유능한 이재명 경제대통령?...위기는 누가 만들었는데!'	국민의힘 #유세 #윤석열 #안성 #경기 국민의힘 윤석열 대선후보가 22년 2월 17일 열린 경기 안성 유세현장에서 발언하고 있다.	1849	323	33	1
5EKe2kaTwzc	2/17(목) 윤석열, &#39;한동훈·이동재 파일&#39;을 왜 기자에게 물었나_노영희의 뉴스인사이다[이슈삼합]	2월 17일 (목) 노영희의 뉴스인사이다 ▷ 이슈삼합 신장식 변호사 김필성 변호사 - 김의겸 “엽기 굿판 무속인, 코바나컨텐츠 행사에서 ...	1465	308	18	1
PDwTxZaXK1E	국민의힘 윤석열후보 유세현장		183	90	0	1
m-Xjx-9pOuU	[풀영상] 국민의힘 윤석열 'D-20 3일차 경기 안성 유세 ' (22.02.17)	"국민의힘 #유세 #윤석열 #안성 #경기 [풀영상] 국민의힘 윤석열 ""D-20 3일차 경기 안성 유세 "" (22.02.17) 시사포커스TV는 창간 35년 ..."	5915	1755	20	1
FVqdwb3YqKY	윤석열 안성 유세 '정치보복은 누가 더 잘했나?...이 사람들은 공작전문가'	국민의힘 #윤석열 #안성 #유세 국민의힘 윤석열 대통령 후보가 22년 2월 17일 열린 안성 유세장에서 발언하고 있다. 시사포커스TV는 ...	1976	300	38	1
uWLQRgAn_uA	민주당 기독교·천주교 의원들 '윤석열, 신천지와의 유착 의혹, 명명백백하게 해명하라!'	윤석열 #민주당 #신천지 더불어민주당 기독교·천주교 의원들이 22년 2월 17일 국회 소통관 기자회견장에서 국민의힘 윤석열 대선 ...	1600	30	61	-1
4NzGo8R38Eo	긴급! 윤석열, 이재명에 9%p 압승! 공식선거 시작하자 돌풍! 악명 높은 그 조사마저 ・・・ (진성호의 직설)		18217	2336	73	1
A8THoqlNA_M	윤석열 후보의 어퍼컷 평가?... 권영세 '유권자들에게 긍정적으로 비출거라 생각'	윤석열 #대선후보 #권영세 국민의힘 권영세 선거대책본부장이 22년 2월 17일 국회에서 열린 선거대책본부-원내지도부 연석회의 후 ...	621	108	11	1
wjCcP2tQw-U	[생중계] 윤석열 후보, “역동적 혁신성장 대한민국 만들기!” 용인 유세 (2022.2.17 오전)	[생중계] 윤석열 후보, “역동적 혁신성장 대한민국 만들기!” 용인 유세 (2022.2.17 오전) #윤석열 #용인유세 #2022대선 #오마이TV ...	5752	0	0	1
ubxLhXWyROM	💥대학생들.. 🔺윤석열 후보는.. 공정 과 상식이 있다..#shorts	청년의소리 정말 리얼한 청년들의 목소리 여러분의 구독과 좋아요가 큰 힘이됩니다 ...	21	1	0	1
yptOEOix73g	윤석열 강원 원주 연설 (강원도민 여러분 모두 들어주세요)	윤석열 #강원도 #김진호TV.	129	7	3	1
8lUEX8_NPSk	(대선현장중계) 윤석열, 문재인 정권타도 대선 유세 / 2022.02.17	윤석열 #대선유세 #윤석열현장 #윤석열유세 #국민의힘 #정권교체 #이재명 #민주당 #대장동 #화천대유 #대선 대국본앱 국민혁명당 ...	16058	3831	50	1
O1ayj_2dkLY	[송국건의 혼술] 관상 전문가 “내가 이재명‧윤석열 부부 다 만나보니‧‧‧”	관상, 풍수 전문가 백재권 교수 인터뷰 진영대결로 치닫는 대선 판 안철수-윤석열 빈소에서 나눈 대화는? 김원웅이 광복회장 사퇴하며 ...	14185	4394	112	1
ycDHIQIqaQk	[풀영상] 국민의힘 윤석열 후보, 경기도 안성 유세/2월 17일(목)	국민의힘 윤석열 대선 후보는 오늘(17일) 오전 경기도 안성을 방문해 유세를 이어갔습니다. 윤 후보는 안성 중앙시장을 찾아 시민들의 ...	6935	409	122	1
3lVuWEJRlU8	윤석열 '민주당은 선거 전문가, 국민 속이는 공작 전문가'	윤석열 국민의힘 대통령 후보가 17일 경기 안성시 안성 중앙시장 앞에서 열린 유세에서 “민주당이 선거때만 되면 국민 갈라 치기로 ...	134	18	6	1
gV-nIkBMBBg	[짤] 유세에서 비호감 대방출한 윤석열	새날마켓 바로가기 : https://www.saenalmarket.com 새날패밀리 구독하기 ...	12649	3426	191	1
l0v6xAmfBfI	한국노총 부산지역 산별대표자 &#39;윤석열 지지&#39; 선언	한국노총 부산지역 산별 대표자와 단위 대표 위원장이 15일 윤석열 후보 지지 성명을 발표했습니다. 참석자들은 현 정부의 정권교체를 ...	1	1	0	1
DxGnwGu8foE	춘천시 팔호광장 윤석열대통령만들기 유세현장입니다	윤석열 #김진호 #대통령.	10	3	1	1
n-PLECgjCfo	변지량 춘천시장 후보 윤석열 대통령만들기 연설 오늘도 수고 하셨습니다.	윤석열 #변지량 #춘천시.	1	1	0	1
1M5w9fTyvSs	국민의 부름을 받은 국민의힘 윤석열 대선후보 안상수tv	윤석열 #국민의힘 #안상수TV #대선후보 #정권교체 #기호2번 #석열2형 #국민의부름 #대선 #선거운동 #안상수전인천시장 # 정권 ...	1	1	0	1
IJvm9ikvcpg	윤석열 선라이즈 크라우드펀드 처맞고 이재명지지선언	선라이즈게이트#크라우드펀드사기#윤석열#이재명#지지선언#항복.	198	30	9	-1
O3hi_qudC3I	&#39;검사 윤석열&#39; 전격공개	NGN뉴스 공식 채널입니다. 경기도,가평,포천,연천,남양주,의정부 뉴스 #윤석열#검사윤석열#국민의힘 http://www.ngnnews.net ...	24	3	4	1
v_kcqnQD1ik	[대통령선거유세현장] 웅변의 달인 황재호 작가님#윤석열 후보 지지호소!! 부천역곡남부역(2.16)		3	0	0	1
IrEpj3qdmt0	기성미디어를 넘어서, 대안뉴스 #74 - 검언유착 한가운데 있는 윤석열, 어떤 짓을 해도 봐주는 언론	양지열 #거의없다 #민동기 ① 긁지말고 뿌리세요, 가려움 완화제 글루타셀 https://smartstore.naver.com/stemdr/products/530822713 ...	6904	5037	0	-1
bGkOppBs9dg	[대선풍향계] '윤석열 주술중독, 야당 신천지 바글바글' / 여당 “유세 이렇게 하라” 지침 문건 파문!! _220216	"[대선풍향계] ""윤석열 주술중독, 야당 신천지 바글바글"" 여당 “유세 이렇게 하라” 지침 문건 정도언론 인간존중 인류평화 를 위해 ..."	319	44	3	-1
lb5H3-egubc	[다시보기]윤석열, 경기 안성 유세｜2022. 02. 17.	윤석열 #안성 #유세현장 #경기 윤석열 국민의힘 대선 후보 경기 안성 유세 현장입니다. 00:00 사전행사 06:50 후보 연설.	642	49	19	1
