ID	title	description	viewcount	likecount	commentcount	label
kHY-Q_trUjk	더불어민주당 이재명, `약무호남 시무국가` 순천 유세 - [끝까지 LIVE] MBC 중계방송 2022년 02월 18일	이재명 더불어민주당 대선후보는 오늘(18일) `텃밭`인 호남에서 경제 위기에 강한 대통령 이미지를 부각하며 유세를 이어갑니다.	11693	1484	77	1
FF-pZCRZ7eo	[뉴스라이브] 광화문 선 이재명 vs 성남 파고든 윤석열 / YTN	진행 : 김대근 앵커 □ 출연 : 추은호 / 해설위원, 최진봉 / 성공회대 교수 * 아래 텍스트는 실제 방송 내용과 차이가 있을 수 있으니 보다 ...	3823	79	67	1
tvdXfBRnEZ0	이재명 &#39;호남&#39; vs 윤석열 &#39;TK&#39;...전통적 지지층 결집 유세 / YTN	[앵커] 20대 대선 공식 선거운동 나흘째, 이재명·윤석열 두 양강 후보는 전통적 지지 기반에서 집중 유세를 벌입니다. 이재명 후보는 ...	2830	40	67	1
3X3NVaxEalI	이재명 &#39;호남&#39; vs 윤석열 &#39;TK&#39;...전통적 지지층 결집 유세 / YTN	[앵커] 20대 대선 공식 선거운동 나흘째, 이재명·윤석열 두 양강 후보는 전통적 지지 기반에서 집중 유세를 벌이고 있습니다. 이재명 ...	1364	25	27	1
ubScqOCR9pk	윤석열, 다자구도서 이재명에 앞서거나 접전 양상 / 연합뉴스 (Yonhapnews)	윤석열, 다자구도서 이재명에 앞서거나 접전 양상 (서울=연합뉴스) 대선 다자대결에서 더불어민주당 이재명 후보와 국민의힘 윤석열 ...	503	7	10	1
iA3xflLXGIw	[생중계] 이재명 후보, ‘약무호남 시무국가’ 순천 유세 (2022.02.18 오전)	[생중계] 이재명 후보, '약무호남 시무국가' 순천 유세 (2022.02.18 오전) #이재명 #전남 #순천 #유세 #2022대선 #약무호남 #시무국가 ...	58611	0	189	1
-YFEy94hlAo	[LIVE] 이재명 후보, &#39;약무호남 시무국가&#39; 순천 유세		18403	7444	147	1
NXHvNdzWA6A	☝️코로나 손실 보상, 이재명은 합니다.💪 #shorts	재명이네 홈페이지 - 재명이네.com - http://zone-jam.com/ ▷ 재명이네 유튜브 ...	273	148	6	1
oBPdaW7eKpA	김진의 돌직구 쇼 / 與 “尹 손동작 신천지 V” · ‘이재명 옆집’ 진실 공방	[김진의 돌직구 쇼] 채널A 김진의 돌직구 쇼 (08:50~10:50) [채널A 뉴스·시사 프로그램 방송시간] 〈평일〉 08시 50분 김진의 돌직구 쇼 ...	107537	4681	133	1
zptyIkYKoOc	광화문에 다시 선 이재명 '촛불에 쫓겨난 정치세력이 5년 만에 다시 복귀하고 있다'	이재명 더불어민주당 대선 후보가 18일 오후 서울 광화문역 청계광장을 방문했다. ( 영상 편집 : 현보라 PD ) * '매월 1만원' 자발적 ...	6730	0	130	1
w0rb93Lm92A	[이슈&amp; LIVE] 이재명 옆집에서 무슨 일이?]	뉴욕증시, 우크라 긴장 고조에 큰 폭 하락 이재명 옆집에 경기주택공사 합숙소...우연? ◇이슈앤 (월~금 오전 8시 30분~10시 20분) ...	2614	38	0	1
qm27bA3i8nA	이재명 전남 순천 유세 연향패션거리 현장취재!	이재명 #전남_순천 #선거유세현장 with CameraFi Live.	20903	6996	136	1
CpupVAIs8aA	[이재명 더불어민주당 후보, 전남 순천 유세] / 02월 18일 (금) /디지털Only	이재명 더불어민주당 대선 후보는 오늘(18일) 전남 순천을 시작으로 1박2일 호남 집중 유세에 나섭니다. 이 후보는 이날 오전 10시 ...	6988	470	44	1
3x-ueIzwDik	서울 첫 연설 이재명, 서울 강남터미널 유세에서 ‘동막골 이장’ 성대모사한 까닭은?	이재명 더불어민주당 대선 후보가 15일 오후 서울 강남고속터미널을 방문했다. ( 영상 취재 : 방태윤 기자, 장정익 PD / 영상 편집 ...	3890	0	75	1
M7EXxp8VXZk	이재명 잡는 윤희숙 클라스는 역시   &#39;하루에 18번 밥 먹고도 배가 안터지고 살아있네&#39;	윤희숙 #윤석열 #종로.	4120	1352	94	1
CJQzNuz3oH4	대전 유세 현장 '이재명이 걱정되십니까? 3월9일의 태양은 전혀 다를 것'	이재명 더불어민주당 대선 후보가 15일 오후 대전 으느정이거리를 방문했다. ( 영상 편집 : 한상우 PD ) * '매월 1만원' 자발적 시청료 ...	13873	0	402	1
81x2UF0m8dc	[현장연결] 이재명 '김대중 대통령이 꿈꿨던 세상, 제가 완수할 것' / 연합뉴스TV (YonhapnewsTV)	"[현장연결] 이재명 ""김대중 대통령이 꿈꿨던 세상, 제가 완수할 것"" 더불어민주당 이재명 대선 후보는 1박 2일로 호남 표밭갈이에 나섰 ..."	569	16	14	1
DAHb5O_oPU4	청주육거리시장 이재명 후보 당선을 위한 유세 연설	청주육거리시장에서 이재명 후보 당선을 위한 유세 연설! #앞으로#제대로#나를위해#이재명#이재명지지선언#송재봉.	15	1	0	1
ol5CBNVzpyY	[이재명의 서울 송파 공약] 송파 앞으로, 발전 제대로! 새로운 송파구를 위해!	존경하고 사랑하는 서울 송파구민 여러분 송파구는 전국에서 인구가 가장 많은 자치구입니다. 잠실운동장과 올림픽공원 등 국제 규모 ...	48	6	2	1
J7UAXhVt1gw	박성준 '윤석열, 어설픈 트럼프' vs 김은혜 '이재명 옆집엔 누가'	라이브 방송 안내 뉴스쇼 라이브 방송 | 매주 월~금 오전 7시20분~9시 댓꿀쇼 라이브 방송 | 뉴스쇼 본방송 끝나자마자 이어서 오전 9시 ...	1780	59	28	1
Z2nSQLICnHQ	준비된 대통령 기호1번 이재명 김부선 보리살 한포대? 국민이 키운 대통령후보 기호2번 생사람 잡은 윤석열?	권력자잘사는세상 #준비된대통령이재명 #국민이키운윤석열 #범죄자잘사는세상 #검찰비리 #판사님비리 #오거돈비리 #박원순비리 ...	1487	284	51	-1
NVGk3yBtyAo	오늘 이재명 후보가 광주를 방문합니다 #shorts	오늘(2022.2.18.금) 이재명 후보가 광주를 방문합니다. 깨어있는 주권자 시민의 힘으로 이재명 후보에게 힘을 보태주십시오.	28	9	0	1
nzSxmYPq3W8	우등생 이재명이 1타강사 염태영을 만나면?! #shorts	이재명이 준비된 대통령 후보인 이유!! #염태영 #이재명 #선행학습 #shorts.	9	5	0	1
-fuJFCwuou4	이재명 유세차에 올라 팩폭으로 무대 장악한 4명의 문화예술인. 이정석, 신대철, 이은미, 윤일상	이재명 후보의 잠실새내역 집중유세에서 가수 이정석, 기타리스트 신대철, 가수 이은미, 작곡가 윤일상 씨가 지지연설을 했습니다.	3203	930	69	1
6MDCYsGAbes	선거운동 나흘째 &#39;텃밭&#39; 공략…이재명 &#39;호남&#39; 윤석열 &#39;영남&#39; / 연합뉴스TV (YonhapnewsTV)	선거운동 나흘째 '텃밭' 공략…이재명 '호남' 윤석열 '영남' [앵커] 제20대 대선 후보 소식 알아보겠습니다. 양강 대선후보들은 각 당의 ...	95	1	0	1
z35VqoilDWM	여러분 손을 높이 들고 이재명을 외쳐주십시오!	우리는하나 #윤석열 #유세 #현장 #마음의소리.	3333	708	92	1
iTWCudITLZk	[김용민 브리핑] 이재명의 3억 기본주택, 가능합니다!	김용민TV [김용민 브리핑] 22.02.16. 이재명의 3억 기본주택, 가능합니다! 최지은TV '구독'과 '좋아요' 많이 부탁드립니다^^ 풀버전 ...	56	28	0	1
-cTd6IC1DyQ	이재명 후보 지지 유세_오강현 시의원	이재명 지지 유세 연설_오강현 김포시의원 2017년엔 정권을 바꾸고 싶어서 문재인 후보를 찍었고, 2022년엔 나라를 바꾸고 싶어서 ...	1	0	0	1
eDe_g5QLgcY	이재명(호남1) ㅡ순천연향 거리 집중유세	This stream is created with #PRISMLiveStudio.	2586	1033	8	1
j_v62LlVGcw	[다시보기]이재명, 전남 순천 유세｜2022. 02. 18.	이재명 #유세현장 #전남 #순천 이재명 더불어민주당 대선 후보 전남 순천 유세 현장입니다.	612	101	3	1
Q1lM5_WuHVY	[송국건의 혼술] ‘김경수 제거’ 작전 실행자가 이재명 비밀 선거캠프 책임자?	윤석열-안철수 주말 담판 임박 드루킹 고발로 김경수 구속, 실행자 이헌욱은 누구? 지상파 3사, 전국지표조사 결과는? 박근혜 달성 ...	13978	5300	196	-1
x3jmS6C6mEU	흥미진진한 국내최고 관상학자의 윤석열,이재명 평가! #백제권교수 #윤석열필승	자율적구독후원 : 하나은행 : 106-910488-13707 (박*옥) 해외페이팔 후원링크 : https://www.paypal.me/jungsungsantv 문의 ...	865	160	3	1
6kEPBH-rvsc	긴급! 한국갤럽의 대반란! 윤석열, 7%p차로 이재명 제압! 역대 대선 방정식대로면 선거 결과 나왔다!안철수 충격! (진성호의 직설)		28607	3344	105	1
uHgghBm9eFY	이재명, 윤 후보 가자마자 빈소 등장 #shorts	자유일보가 일간지로 새롭게 개편되었습니다. 구독자 여러분들의 많은 구독 부탁드립니다. http://jayupay.com/ TV 자유일보는 구독자 ...	233	41	0	1
lku8umHNoYE	김혜경의 관용차, 배소현의 역할 그리고 이재명의 분신술!	백성문 #김태현 정치 계의 두 절친 법조인 김태현 백성문 변호사의 정치 토크쇼 [정치왓수다] 후원 계좌 우리은행 1005-903-567338 ...	2377	388	28	1
oerp6n8POD4	이재명 망언에 택시기사들 화났다! '택시기사 가슴에 대못 박은 이재명 당장 사과해라!'	이재명 #택시기사 #망언 택시 산업 종사자들이 22년 2월 17일 국회 소통관 기자회견장에서 더불어민주당 이재명 대선 후보의 택시 ...	5042	1533	160	-1
Dn1nobWhpc8	[이재명 대통령 후보 로고송] #1 뿜뿜	강서을 지역위원회 MZ선거기획단 청년들이 준비한 이재명 후보의 로고송 1탄, '뿜뿜'입니다. 청년과 함께! 가자, 이재명과 함께!	56	40	1	1
RDIMhRP0YKA	[속보] 김만배, '이재명, 사업 도와주기는커녕 많이 괴롭힌 사람..'	이재명 #유능한_경제대통령 #김만배.	1965	115	9	-1
Psh5klI7LPw	2/18 *이재명 대통령 후보 ② 13:00 ‘김대중 대통령님, 그립습니다’ 목포 유세 / 목포 평화광장 원형로	2/18 *이재명 대통령 후보 ① 10:00 '약무호남 시무국가' 순천 유세 / 순천 연향패션거리(전남 순천시 연향동 1337-1) ② 13:00 '김대중 ...	1128	361	0	1
3AJjMORfXTw	조선시대 임금을 능가할 이재명 시장 부부의 한끼 식사  텔레그램에 나오는 내용까지 보니!	후원계좌 신한은행 304 04 253850 This stream is created with #PRISMLiveStudioㄴ.	3235	990	2	1
AHwv1ogJ3E0	이재명 홍대,실패가 자산인 사회 만들겠다#shorts	이재명 홍대,실패가 자산인 사회 만들겠다#shorts.	223	63	5	1
ALYxBZcw0nw	이재명 홍대,,진보의 둥지를 함께 가도록 하겠다#shorts	이재명 홍대,,진보의 둥지를 함께 가도록 하겠다#shorts.	212	66	5	1
jOld4wTOwBo	이재명 홍대,미래의통찰력과 새로운미래,용기와 추진력 필요#shorts	이재명 홍대,미래의통찰력과 새로운미래,용기와 추진력 필요#shorts.	59	24	1	1
FGBMLVLDzW4	'거시기!'-'해불자!' 전남 순천 뒤집은 이재명 연설!	이재명 #전남 #순천 #거시기 #대선 ✓일시후원: 국민은행 794001-04-154041 서울의소리(강경자) ✓전화후원: 1877-1590 ✓정기후원: ...	172	57	3	1
6YlhdbFJLdk	이재명 '김대중 대통령 꿈꿨던 세상 내가 완성할 것'	"이재명 더불어민주당 대통령 후보가 18일 전남 순천 유세 현장에서 ""인권·평등·평화가 보장되는 김대중 대통령이 꿈꿨던 세상 내가 ..."	225	7	21	1
CiIXyupHnr8	이재명 홍대,정치권 책임지고 기회를 만들어 줘야#shorts	이재명 홍대,정치권 책임지고 기회를 만들어 줘야#shorts.	185	52	3	1
6iTfPlCE2OY	[청년유세단] 염정우 - 인격도 국격도 없는 후보, 이재명은 사퇴하라!	후원계좌 : 국민은행 067501-04-088071 (예금주:국민의힘 중앙당후원회) [후원시 유의사항] ① 개인 명의로만 후원 가능 - 법인, 단체, ...	1237	368	25	-1
InZ-bGZt1hI	To 이재명, 직능인들의 목소리?!📢 | 직능본부 활동 모음zip📁  | 김병욱 TV	김병욱 의원이 본부장으로 있는 더불어민주당 이재명 후보 선대위 직능본부! 직능본부 활동을 요약한 영상입니다 좋아요, 구독, 댓글 ...	19	7	3	1
Mk8Vn-29T_I	이재명 후보 전남유세 오늘 여수공항 등장씬	이재명 더불어민주당 대선후보 오늘 전남유세 여수공항 등장씬입니다.	4	1	0	1
Pi4a3MWBsZo	국민노조·전국중소상공인위원회도 윤석열 지지한다! '이재명·민주노총 결탁 의심스러워'	윤석열 #대선후보 #지지선언 국민의힘 홍석준 의원, 국민노동조합 및 전국중소상공인위원회 및 자영업자들이 22년 2월 17일 국회 ...	5770	1310	83	-1
