ID	title	description	viewcount	likecount	commentcount	label
CsNWjIeXdbM	안철수, 지역선대위원장 영결식 참석...'어떤 풍파에도 굴하지 않겠다' / YTN	[앵커] 국민의당 안철수 후보는 유세 버스 사고로 숨진 故 손평오 지역 선대위원장의 영결식에 참석했습니다. 안 후보는 사망 사고가 ...	1626	84	38	1
MWCDO7aISqI	윤석열-안철수 야권 단일화 끝내 실패한다면….	뉴스데일리베스트는 구독자 여러분의 자발적 후원으로 제작•운영합니다. ◇신한은행 110-479-077-775 민들레 ◇페이팔 후원 ...	2505	761	37	1
bkBejmwNZ94	유권자라면 반드시 봐야 할 안철수 연설 3가지 핵심	깨끗하고 유능한! 준비된 후보! 오직, 국민만 바라보는 후보! '기호 4번 안철수'	172	112	29	1
ATXL7kWwW68	안철수 응원 국민 릴레이 #안철수 #대통령		255	159	20	1
vOBJ_duBVfQ	신문브리핑 4 '아파트 입주율 70%로 &#39;뚝&#39;' 외 주요기사 [아침&amp;매일경제]	"(매경)신문브리핑 4 ""아파트 입주율 70%로 '뚝'"" 외 주요기사(0218) #아침앤매일경제 #신문브리핑 #이상훈앵커 #부동산 #아파트 ..."	710	20	8	1
XELwWdWOhJ0	안철수 응원 국민 릴레이 #안철수 #대통령		60	12	0	1
ATjrLVY-xCA	안철수 후보님 힘내세요	안철수#기호4번#대선#대통령#선거.	11	5	0	1
6kEPBH-rvsc	긴급! 한국갤럽의 대반란! 윤석열, 7%p차로 이재명 제압! 역대 대선 방정식대로면 선거 결과 나왔다!안철수 충격! (진성호의 직설)		28607	3349	105	1
mnPKfA3xwRg	[11시 김광일 쇼 LIVE] 초밥 10인분 퍼즐 맞춰져 '혈세로 그림자 대선 조직 뒷바라지 의구심' | 이준석 “安 단일화 결정한다면 합당도 당연히 검토” 대신 조건 있다!	조선닷컴 공식 홈페이지 http://www.chosun.com 조선일보 무료 구독 체험 http://bit.ly/2WnNAF7 ◈ 사실에 대한 믿음, 할 말을 하는 ...	35132	11621	0	1
9yeYIIn0ca0	윤석열, 히틀러ㆍ무솔리니 소환! 안철수, 완주의사 피력! 이재명 지지자 또 멘붕 왔다!	후원 : 우리은행 1005-603-591706 제이에이치 커뮤니케이션 This stream is created with #PRISMLiveStudio.	132	85	0	-1
BPPjEQ7kdig	박근혜 윤석열 누가 역사의 승자될까#박근혜 비웃은 윤석열 유승민 최재형#박근혜 팔이들의 배신#안철수,인간에 대한 예의#이준석 성상납의혹#김건희 영부인 자격#이재명 촛불처럼 사라지나	윤창중칼럼세상은 보수우파의 집권이 목표입니다. 실현 가능한 해법과 방향을 분명히 제시합니다. 윤칼세를 도와주십시오. 윤칼세TV ...	7905	1326	35	-1
tvdXfBRnEZ0	이재명 &#39;호남&#39; vs 윤석열 &#39;TK&#39;...전통적 지지층 결집 유세 / YTN	[앵커] 20대 대선 공식 선거운동 나흘째, 이재명·윤석열 두 양강 후보는 전통적 지지 기반에서 집중 유세를 벌입니다. 이재명 후보는 ...	2830	40	67	1
3X3NVaxEalI	이재명 &#39;호남&#39; vs 윤석열 &#39;TK&#39;...전통적 지지층 결집 유세 / YTN	[앵커] 20대 대선 공식 선거운동 나흘째, 이재명·윤석열 두 양강 후보는 전통적 지지 기반에서 집중 유세를 벌이고 있습니다. 이재명 ...	1395	25	27	1
9MXq0q3i6Mc	윤석열 40%·이재명 31%·안철수 8%…중도층, 尹으로 넘어갔다	윤석열 40%·이재명 31%·안철수 8%…중도층, 尹으로 넘어갔다 라고 하는데요. 이에 대한 네티즌들의 다양한 반응을 소개하겠습니다.	8	2	0	-1
VjwUjW7U1N8	[썰전 인터뷰] 김재원 '안철수, 윤석열 도우면 정권교체 주역돼'	[출처:JTBC썰전라이브_220217] #김재원, #윤석열, #이재명, #안철수, #심상정, #허경영, #국민의힘, #더불어민주당, #기생충, ...	24	0	0	1
felztPZo5ss	허경영+안철수 신진개혁세력 구축할까?	허경영#국가혁명당#안철수#국민의당.	71	29	5	1
lM1nNQPn0mI	&#39;또 오해영&#39; OST/기다린만큼, 더(Till the End of Time) 검정치마/Cover by LAK Band, Vocal 안철수(Charllie Ahn)		4	3	0	1
2IAJbIcYE0U	신문브리핑 2 '李 35.2% vs 尹 39.2%…李 31% vs 尹 40%' 외 주요기사 [아침&amp;매일경제]	"(매경)신문브리핑 2 ""李 35.2% vs 尹 39.2%…李 31% vs 尹 40%"" 외 주요기사(0218) #아침앤매일경제 #신문브리핑 #이상훈앵커 ..."	3956	145	47	1
R1Od1SlNWVo	초박빙 대선 승부 가를 변수는? (feat. 적폐 수사 발언, 김혜경의 전 논란, 윤석열 특활비, 단일화) [정준희의 해시태그 96회]	진 행 : 정준희 (언론 비평가) 거의없다 (영화 비평 크리에이터) ▷게스트 : 김은지 (시사IN 기자) 이봉우 (미디어인권연구소 뭉클 객원 ...	14832	2137	76	-1
NFJFNjs5UtY	단일화는 국민의 명령! 윤석열, 안철수 후보는 잘 받아야... 이근봉의 시사주간 팩트	국민여러분 안녕하십니까? 한주간의 중요한 시사이슈들을 정리하여 논평하는 '이근봉의 시사주간 팩트'입니다. - 이번 주 시사- 단일화 ...	4	2	2	1
EL2JE7clKIc	Front-runners in S. Korea&#39;s presidential election head to their strongholds on Friday	금요일 이재명, 윤석열 각자 텃밭으로... 심상정은 포항, 안철수는 발인까지 지켜 The candidates running in South Korea's March ...	19	0	1	1
tsGy_D2KAEE	2022년 2월 18일 (금) [굿모닝MBN] 다시보기 - 2월 18일 굿모닝 MBN 주요뉴스	"2월 18일 굿모닝 MBN 주요뉴스 코로나 확진 10만 명 돌파…'6인-10시-3주' 검토 확진 10만·재택환자 30만…의료진 과로사 ""한계 ..."	1713	49	2	1
6MDCYsGAbes	선거운동 나흘째 &#39;텃밭&#39; 공략…이재명 &#39;호남&#39; 윤석열 &#39;영남&#39; / 연합뉴스TV (YonhapnewsTV)	선거운동 나흘째 '텃밭' 공략…이재명 '호남' 윤석열 '영남' [앵커] 제20대 대선 후보 소식 알아보겠습니다. 양강 대선후보들은 각 당의 ...	100	1	0	1
e5L94vBATRk	[2022년 2월 18일 금요일 오전 방송]	2022년 2월 18일 금요일 오전 방송] [속물경제] 이성구박사 [특별대담] 성윤환의원, 강승규의원 단일화를 위한 윤석열-안철수 만남 ...	65760	13979	75	1
y8HNgRwGnzg	윤석열 독침발사 !	안철수 #윤석열 #이재명 안철수 뽑으면 안철수 대통령 됩니다.	17	5	0	1
5UoOqE4ora4	윤석열 에게 서민 🇮🇷 ?	안철수 #윤석열 #이재명 안철수 뽑으면 안철수 대통령 됩니다.	11	6	0	1
Ln0eU1vpK4I	윤석열 이 우크라이나 대통령 이였다면 ?	안철수 #윤석열 #이재명 안철수 뽑으면 안철수 대통령 됩니다.	16	5	0	1
ooM0jub2VQA	2022년 대선, 대한민국은 안철수가 필요하다		94	50	10	1
yJlI5wDkPuo	윤석열, 광주까지 가서 사기를 치네요 #shorts	윤석열광주 #윤석열광주복합쇼핑몰 #윤석열광주공약 #윤석열광주GDP #윤석열안철수단일화.	997	67	20	1
1OfMLhmzAPo	갤럽, 리서치뷰 2개 여론조사에서 윤석열 오차범위 밖 이재명에 우세 , 안철수는 지속적 하락 추세	윤석열 41%, 이재명 34%. 안철수 11% [갤럽]	7089	1679	64	-1
k6-ke6axIx4	김진의 돌직구쇼 - 2월 18일 신문브리핑 | 김진의 돌직구 쇼 933 회	김진의 돌직구쇼 - 2월 18일 신문브리핑 | 김진의 돌직구 쇼 933 회 동아 이 35.2 vs 윤 39.2 이 31 vs 윤 40 조선 이 옆집에 경기주택 ...	383	24	2	1
kUIwSKcuzMk	목 쉰 이준석 '민주당 안에 어둠의 국민의힘 선대위가 있는 듯 합니다'	이준석#윤석열#이재명#이경#고민정#김의겸#안철수 KBS1라디오 최영일의시사본부(22.02.17)	2880	325	21	1
yL4QFbKfQ1s	대선 D-19…거세지는 네거티브 공방전 [아침에 이슈]	20대 대선이 19일 앞으로 다가왔는데요. 상대 후보를 향한 여야의 네거티브 공방이 한층 더 거칠어지고 있습니다. 네 분과 함께 자세한 ...	9452	595	204	1
Q1lM5_WuHVY	[송국건의 혼술] ‘김경수 제거’ 작전 실행자가 이재명 비밀 선거캠프 책임자?	윤석열-안철수 주말 담판 임박 드루킹 고발로 김경수 구속, 실행자 이헌욱은 누구? 지상파 3사, 전국지표조사 결과는? 박근혜 달성 ...	13978	5307	196	-1
6Ey5tKu_Urg	가주 엔데믹 향한 스마터 플랜 공개(02.17.2022) 한국TV 이브닝 뉴스	코로나 확산세가 누그러 지자 게빈 뉴섬 주지사가 엔데믹으로 가기 위한 첫 번째 플랜을 오늘 공개했습니다. 엘에이 시장 후보들에 ...	3	0	0	1
3VLrEyzBJJY	[황보선의 출발 새아침] FULL 다시보기 | 2402호의 진실 &amp; 채널A 기자 카톡... 네거티브 끝장판, '이러다 다~죽어' 방역완화, 의료 현장은? | 220218	"YTN FM 94.5MHz 우리의 이슈가 뉴스를 바꿉니다. 세상을 깨우는 ""황보선의 출발 새아침"" 중심잡힌 시선으로 가장 뜨거운 이슈를 ..."	4941	267	0	1
4Ph8go1NWd8	[시선집중] 백낙청 '정권교체는 &#39;촛불정신&#39; 지우려는 프레임, 2기 촛불정부 적임자는 이재명' - 백낙청 (계간 창작과비평 명예편집인), MBC 220218 방송	2022년 02월 18일 [김종배의 시선집중] | 출연 : 백낙청 계간 창작과비평 명예편집인 (서울대 명예교수) #시선집중 #백낙청 #대통령 ...	6037	581	67	1
wHsEaQBBCkg	[김종배의 시선집중][FULL] &amp; [언중유골]｜[백낙청 출연] 대선 특별기획│한동훈, MBC 기사 미리 보고 받았다?│[정미경·이재갑·이지선·임경빈], MBC 220218 방송	"2022년 2월 18일 금요일 #시선집중 #언중유골 #MBC라디오 1부 [JB TIMES] #한동훈 #채널에이 #대선지지율 · 김만배 ""박영수에 ..."	82796	5235	143	1
uHgghBm9eFY	이재명, 윤 후보 가자마자 빈소 등장 #shorts	자유일보가 일간지로 새롭게 개편되었습니다. 구독자 여러분들의 많은 구독 부탁드립니다. http://jayupay.com/ TV 자유일보는 구독자 ...	233	41	0	1
B4HtnuT5GjI	02/18/금-아침에 꼭 봐야하는 상승테마!관심종목 공유!-동시호가도 점검하세요	깡샘TV채널은 함께 공부하며 성장하는 채널입니다!!! 후원 링크 : https://toon.at/donate/637482948909251538 라이브 방송[정규장] ...	1119	159	0	1
Lq3UgRkucMo	[한국경제] 립스틱 짙게 바를 날 오나…화장품株 급등 이슬기 기자	[한국경제] 립스틱 짙게 바를 날 오나…화장품株 급등 한국경제 이슬기 기자 [확대 + 가로 화면 보기 = 글씨가 더 잘 보입니다] ...	4	1	1	1
gHw_BXWkueY	2/18(금) 윤석열 후보가 배운 &#39;가장 나쁜 정치&#39;_노영희의 뉴스인사이다[대담한 대담]	"2월 18일 (금) 노영희의 뉴스인사이다 ▷ 노영희의 [대담한 대담] 우상호 선대위 총괄선대본부장 - 정치 보복 사과없는 '윤석열' ""정권이 ..."	2175	571	67	1
PG9tUvhkvII	2/18 (금) 풀영상｜[추미애] 윤석열표 사법개혁 공약, 어떻게 보나?｜[김재원] 혼돈의 대선, 판세와 전망｜[김경일] 올림픽 시즌, 스포츠와 심리학｜ KBS 220218 방송	(1부) [뉴스 언박싱] '오늘 아침, 가장 뜨거운 뉴스' - 민동기 기자 + 김민하 시사평론가 [주간 여론조사 리뷰] - 김봉신 대표 (메타보이스) ...	2375	116	12	1
F9OM1IcYwDs	대선 막판 여야 네거티브 끝장판 &#39;이재명 옆집 2402호실&#39; 의혹, 진실은...  [황보선의 출발 새아침] / YTN라디오	YTN라디오(FM 94.5) [황보선의 출발 새아침] 우리의 이슈가 뉴스를 바꿉니다. 세상을 깨우는 황보선의 출발 새아침 중심잡힌 시선으로 ...	344	23	3	-1
X7hK1WvL9Jk	북한 김정은 사주로 보는 2022년 남북관계...충격적인 결과가 계속 나오네요..준비해야겠습니다 [부천점집] [천신도령] ☎️010 4682 1913☎️	부천 천신도령⭐ ▷상담문의 ☎️010 4682 1913☎️ ▷신당위치 : 부천 #북한 #김정은 #김정은사주 #남북관계 #북한김정은 #전쟁 ...	92	15	0	1
pqWs-sTHDxo	[최경영의 최강시사] 올림픽 시즌, 스포츠와 심리학 - 김경일 교수(아주대 심리학과)｜KBS 220218 방송	[뉴스는 심리다] 올림픽 시즌, 스포츠와 심리학 - 김경일 교수 (아주대 심리학과) ----- ▷ #최강시사 홈페이지: ...	310	9	0	1
NXSZz_GFBSU	2/18(금) 윤석열·이재명 지지율 격차 벌어진 이유는?_노영희의 뉴스인사이다[쇼미더민심]	2월 18일 (금) 노영희의 뉴스인사이다 ▷ 쇼미더민심 배종찬 인사이트K 연구소장 윤석열 40%, 이재명 31%…일주일 만의 급변 - 다른 ...	3408	570	69	1
cl7AG4D8xjA	단독) 지금 많은사람들이 모르거나 알면서도 간과하고 있는 어떤 것	지금 많은 분들께서 간과하고 있는 선거의 본질에 대한 영상입니다. #대선 #대통령 #선거.	380	54	21	-1
b8wRyam3WTM	윤석열 40% 이재명31% 방송3사 평정. 이번주말 윤석열 안철수 단일화 타결 확실.  유승민 원팀합류.	전 Tbc 방송인.	3	1	0	1
ZduNP_eUP3k	2월21일오후2시상암동mbc #안철수 #대선후보토론		6	4	0	1
