ID	title	description	viewcount	likecount	commentcount	label
Cqc6EHly9PU	[윤석열 국민의힘 후보, 경북 상주 유세] / 02월 18일(금) /디지털Only	윤석열 국민의힘 대선후보는 상주 풍물시장 유세를 시작으로 대구·경북 일정에 나섭니다. 주제는 '대한민국 농업의 수도 상주의 힘!	2653	100	40	1
8G_8Wrm-tnI	윤석열 대선후보, 경북 상주 유세 / SBS	SBS뉴스 #8뉴스 #실시간 #윤석열 #국민의힘 #상주 #대선 #유세 로 만나 보세요 라이브 뉴스 채널 SBS 모바일24 ▷SBS 뉴스로 제보 ...	33397	2016	175	1
ubScqOCR9pk	윤석열, 다자구도서 이재명에 앞서거나 접전 양상 / 연합뉴스 (Yonhapnews)	윤석열, 다자구도서 이재명에 앞서거나 접전 양상 (서울=연합뉴스) 대선 다자대결에서 더불어민주당 이재명 후보와 국민의힘 윤석열 ...	503	7	10	1
tvdXfBRnEZ0	이재명 &#39;호남&#39; vs 윤석열 &#39;TK&#39;...전통적 지지층 결집 유세 / YTN	[앵커] 20대 대선 공식 선거운동 나흘째, 이재명·윤석열 두 양강 후보는 전통적 지지 기반에서 집중 유세를 벌입니다. 이재명 후보는 ...	2830	40	67	1
FF-pZCRZ7eo	[뉴스라이브] 광화문 선 이재명 vs 성남 파고든 윤석열 / YTN	진행 : 김대근 앵커 □ 출연 : 추은호 / 해설위원, 최진봉 / 성공회대 교수 * 아래 텍스트는 실제 방송 내용과 차이가 있을 수 있으니 보다 ...	3823	79	67	1
3X3NVaxEalI	이재명 &#39;호남&#39; vs 윤석열 &#39;TK&#39;...전통적 지지층 결집 유세 / YTN	[앵커] 20대 대선 공식 선거운동 나흘째, 이재명·윤석열 두 양강 후보는 전통적 지지 기반에서 집중 유세를 벌이고 있습니다. 이재명 ...	1364	25	27	1
AO3026LBlgI	중장년층이 재충전 할 수 있는 공간! 청춘공간 개설하겠습니다! #윤석열 #shorts #59초공약짤	윤석열 #shorts #59초공약짤.	2472	849	60	1
prMz9B9mk5g	[Live] 2월 18일 “대한민국 농업의 수도 상주의 힘! 내일을 바꾸는 대통령!” 상주 유세		5807	3705	60	1
N5-2ki-10RQ	[최경영의 최강시사] 윤석열표 사법개혁 공약, 어떻게 보나? - 추미애 더불어민주당 명예선대위원장 (전 법무부 장관)｜KBS 220218 방송	[최강 인터뷰] 윤석열표 사법개혁 공약, 어떻게 보나? - 추미애 더불어민주당 명예선대위원장 (전 법무부 장관) ----- ▷ #최강시사 ...	4975	591	65	1
UgyLVcdS8yE	[사자후] 민주당 본진 털러 간 윤석열의 폭탄은?	빨대왕의 쾌도난마 사자후. 복합 쇼핑몰이 없는 유일한 광역시 광주. 윤석열이 떨어뜨린 복합 쇼핑몰 공약은 과연 터질 것인가?	6982	2875	140	1
K5xz7lu6FiA	VAPC0235  윤석열 후보! 대통령 당선 보인다!!	윤석열 후보! 20대 대통령 당선 보인다!! 라는 영상.	1115	291	37	1
IY7YP4wtZKs	고민정의 윤석열 지지선언?!? #shorts	내시십분 #윤석열 #고민정 #shorts.	3663	481	59	-1
VPKUQWkSDmI	국민의힘 윤석열, “영남제일문(嶺南第一門) 김천 행복시대! 윤석열과 함께!” - [끝까지 LIVE] MBC 중계방송 2022년 02월 18일	윤석열 국민의힘 대선후보는 오늘(18일) 사흘 만에 대구·경북(TK) 지역을 다시 찾아 보수 표심 다지기에 나섭니다. 윤 후보는 오전 경북 ...	268	9	0	1
PG9tUvhkvII	2/18 (금) 풀영상｜[추미애] 윤석열표 사법개혁 공약, 어떻게 보나?｜[김재원] 혼돈의 대선, 판세와 전망｜[김경일] 올림픽 시즌, 스포츠와 심리학｜ KBS 220218 방송	(1부) [뉴스 언박싱] '오늘 아침, 가장 뜨거운 뉴스' - 민동기 기자 + 김민하 시사평론가 [주간 여론조사 리뷰] - 김봉신 대표 (메타보이스) ...	2375	116	12	1
1SrgPBKbGhE	국민의힘 윤석열, “대한민국 농업의 수도 상주의 힘! 내일을 바꾸는 대통령!” - [끝까지 LIVE] MBC 중계방송 2022년 02월 18일	윤석열 국민의힘 대선후보는 오늘(18일) 사흘 만에 대구·경북(TK) 지역을 다시 찾아 보수 표심 다지기에 나섭니다. 윤 후보는 오전 경북 ...	7299	118	47	1
QceZyfwhlIc	윤석열, 전통시장 상인들 앞에서 할 말인가? #shorts	이재명 #더불어민주당 #대통령후보 #2030 #어대명 #정책 #공약 #윤석열 #국민의힘 #이준석 #홍준표 #김건희 #김종인 #광주유세.	5359	239	58	1
i2YHQlpDA80	[대선 특집] '규제 풀거니까, 집 파세요!' 윤석열 후보의 3가지 필살기｜부동산 공약 대해부 윤석열 편	대선이 한달도 채 안 남았습니다. 내 마음에 둘 후보가 없어 고민이라면 🗳️대선특집 부동산 공약 파헤치기🗳️에 주목해주세요! 배우자 ...	2	1	0	1
9zMruQPs6Y0	김건희, 봉은사 노마스크 일파만파! 윤석열도 난리났다, 집안 파평윤씨에서 첫 비판 나왔다. 윤여준 '세상물정 몰라 ㅇ험, 이재명은 공부많이'	채널에 가입하여 혜택을 누려보세요. https://www.youtube.com/channel/UCXizVvs2c7LtFZAu25sK5Fg/join [이재명 후원회 홈페이지] ...	72117	16376	1502	-1
BsLzE1-ww0U	봄에는 ‘아싸~ 호랑나비’ 김흥국 “으아 윤석열로 들이대”  [황보선의 출발 새아침] / YTN라디오	YTN라디오(FM 94.5) [황보선의 출발 새아침] 우리의 이슈가 뉴스를 바꿉니다. 세상을 깨우는 황보선의 출발 새아침 중심잡힌 시선으로 ...	304	6	14	1
YtziWwKVAkM	슈퍼스타 윤석열의 폭풍연설		4193	1299	68	1
HDKqYLSMbhA	‘윤석열 저격수’였던 유승민, 선거 운동 합류	유승민 전 의원이 2월17일 윤석열 대선 후보와 만나 선거운동에 합류했습니다. 지난해 11월5일 국민의힘 대선 경선에서 유승민 전 ...	80	11	5	1
BPPjEQ7kdig	박근혜 윤석열 누가 역사의 승자될까#박근혜 비웃은 윤석열 유승민 최재형#박근혜 팔이들의 배신#안철수,인간에 대한 예의#이준석 성상납의혹#김건희 영부인 자격#이재명 촛불처럼 사라지나	윤창중칼럼세상은 보수우파의 집권이 목표입니다. 실현 가능한 해법과 방향을 분명히 제시합니다. 윤칼세를 도와주십시오. 윤칼세TV ...	7905	1326	35	-1
ZDtibDtU2c4	윤석열 캠프 &#39;단톡방 논란&#39; 터졌다! 청와대 '문재인 정권이 정치 보복? 윤석열 검찰이 했나' - 소상공인&amp;자영업자 챙기는 이재명.. 민주당 국민의힘 반대시 추경안 단독  처리	윤석열캠프단톡방논란 #문재인정부비난하는윤석열 #소상공인자영업자이재명 #더불어민주당추경안 ▣ 황희두 멤버십 후원 ...	27538	12990	575	-1
ZgmbJzpfVcs	[공약 1타 강사 서석광] 윤석열 대선후보 &#39;울산공약&#39; - &#39;울산공항 업그레이드&#39;, 어떻게? 무슨 도움이 되나?	지방고시 출신으로 21년간의 공직생활을 통해 울주군 부군수 및 울산광역시 내에 다양한 요직을 역임한 행정전문가 서석광이 전하는, ...	20	5	1	1
x3jmS6C6mEU	흥미진진한 국내최고 관상학자의 윤석열,이재명 평가! #백제권교수 #윤석열필승	자율적구독후원 : 하나은행 : 106-910488-13707 (박*옥) 해외페이팔 후원링크 : https://www.paypal.me/jungsungsantv 문의 ...	865	159	3	1
KFFmkzV20Lo	긴급) 윤석열 방금 상주 풍물시장 도착! 엄청난 인파가 몰려 들었다! 이재명 보고 있냐? 이게 바로 &#39;TK 민심&#39; 이다!!	정의구현 멤버십 가입 : https://www.youtube.com/channel/UCUNwNXVrWAHQpc8gPp1c6kw/join 자발적 구독료 : KB국민은행 ...	11389	6359	59	1
6MDCYsGAbes	선거운동 나흘째 &#39;텃밭&#39; 공략…이재명 &#39;호남&#39; 윤석열 &#39;영남&#39; / 연합뉴스TV (YonhapnewsTV)	선거운동 나흘째 '텃밭' 공략…이재명 '호남' 윤석열 '영남' [앵커] 제20대 대선 후보 소식 알아보겠습니다. 양강 대선후보들은 각 당의 ...	95	1	0	1
eIKFDOUYI0I	윤석열은 필승을 위해  망동을 자제,품격을 갖춰라 국힘도 정신 차려라 이재명/문재인을 기사회생 시키지 말라	이재명 우클릭 #윤석열 망동 #국힘 정신차려라 ♥ 후원안내 ♥ ※국내 후원 국민은행, 365202-01-189195 김*원 ※해외 후원 PayPal ...	161	21	6	1
6kEPBH-rvsc	긴급! 한국갤럽의 대반란! 윤석열, 7%p차로 이재명 제압! 역대 대선 방정식대로면 선거 결과 나왔다!안철수 충격! (진성호의 직설)		27672	3323	105	1
Pi4a3MWBsZo	국민노조·전국중소상공인위원회도 윤석열 지지한다! '이재명·민주노총 결탁 의심스러워'	윤석열 #대선후보 #지지선언 국민의힘 홍석준 의원, 국민노동조합 및 전국중소상공인위원회 및 자영업자들이 22년 2월 17일 국회 ...	5770	1310	83	-1
sVBwxCnOHHM	윤석열 손잡은 유승민 “조건 없이 지지” | 김진의 돌직구 쇼 933 회	윤석열 손잡은 유승민 “조건 없이 지지” | 김진의 돌직구 쇼 933 회 윤석열 손잡은 유승민 “조건 없이 지지” ○ 영상 보기 ...	382	21	2	1
8MTZNP3w_u0	윤석열 대통령 후보 응원영상 - 국민의힘 고양시을 당원협의회	영상제공: 국민의힘 고양시을 당원협의회 국민이 키운 윤석열, 내일을 바꾸는 대통령 #윤석열대통령 #국민의힘으로정권교체 #직능 ...	192	20	0	1
-ZAG2lRg5HE	안상수와 아이들 - ‘선택은 윤석열 (Our Choice Is Yoon Suk-yeol)’ M/V	안상수와 아이들 - 선택은 윤석열 (Our Choice Is Yoon Suk-yeol) 국민이 키운 우리 윤석열 내일을 바꿀 희망 윤석열 우리 모두 다같이 ...	45	5	3	1
bnvE5RjENwA	윤석열 '50년 된 낡은 혁명이론 밀고 나가는 민주당'	윤석열 국민의힘 대통령 후보가 18일 경북 상주시 풍물시장 유세 현장에서 '집값 폭등', '대장동 의혹' 등과 관련해 발언하며 상주 ...	231	30	1	-1
R1Od1SlNWVo	초박빙 대선 승부 가를 변수는? (feat. 적폐 수사 발언, 김혜경의 전 논란, 윤석열 특활비, 단일화) [정준희의 해시태그 96회]	진 행 : 정준희 (언론 비평가) 거의없다 (영화 비평 크리에이터) ▷게스트 : 김은지 (시사IN 기자) 이봉우 (미디어인권연구소 뭉클 객원 ...	14824	2137	76	-1
YiwX80zsKWI	[상주 유세 풀발언] 사람이 왜 이렇게 많아?...윤석열 상주에서 인기폭발	국민의힘 #윤석열 #상주 #유세 #인기폭발 국민의힘 윤석열 대통령 후보가 22년 2월 18일 열린 경북 상주 유세장에서 발언하고 있다.	1928	406	17	1
Wkng3GKjJTc	[브이라이브]윤석열, 경북 김천 유세｜2022. 02. 18.	윤석열 #유세현장 #경북 #김천 윤석열 국민의힘 대선 후보 경북 김천 유세 현장입니다.	67	10	0	1
J7UAXhVt1gw	박성준 '윤석열, 어설픈 트럼프' vs 김은혜 '이재명 옆집엔 누가'	라이브 방송 안내 뉴스쇼 라이브 방송 | 매주 월~금 오전 7시20분~9시 댓꿀쇼 라이브 방송 | 뉴스쇼 본방송 끝나자마자 이어서 오전 9시 ...	1780	59	28	1
g1mWAWDmVvQ	(AI윤석열) 서울대학교 파이팅	Shorts#AI윤석열#한국일자리방송#윤석열대통령후보.	1184	369	19	1
CUuuBbsyvGs	역효과를 부른 김혜경의 설익은 사과: 김혜경의 갑질, 공금횡령, 공무원 사적 이용, 호르몬제 대리처방	역효과를 부른 김혜경의 설익은 사과: 김혜경의 갑질, 공금횡령, 공무원 사적 이용, 호르몬제 대리처방 #이재명 #윤석열 #이재명김혜경 ...	143	36	3	-1
mOgukFeCLUg	청도군 추운날 산동을 지키기 위해 인사드립니다.	산동군의원#금천매전운문#전국지방동시선거#기초단체장선거#광역단처장선거#청도군의원#청도군수#청도#대통령선거#이재명# ...	201	19	3	1
VOy-Nh5eG4o	윤석열 캠프 가짜뉴스팀에서 일하다 이재명 지지하게된 사람 #Shorts	이재명 #윤석열 #가짜뉴스.	151	19	1	-1
A5Pt80amGPc	[2022/02/18 아침시황] 윤석열후보 지지율 급등! 승일 희림 NE능률 서연탑메탈 신원종합개발 웅진 강세 예상!	돈 되는 글 읽기, 퀀텀리서치 ▷▷▷ 퀀텀리서치 네이버 카페 https://cafe.naver.com/quantumresearch 윤석열후보 지지율 급등!	32	2	0	1
wGVIK6-02Cw	(대선현장중계) 윤석열 대선유세 김천 엄청난 인파 난리 났다! / 2022.02.17	윤석열 #대선유세 #윤석열현장 #윤석열유세 #국민의힘 #정권교체 #이재명 #민주당 #대장동 #화천대유 #대선 대국본앱 국민혁명당 ...	14031	2488	0	1
B3bRZ_N_N8Y	춤추는 윤석열 ~🕺~ 상주에서	Shorts#AI윤석열#한국일자리방송#윤석열대통령후보.	190	46	3	1
u-ogHnX4Nmw	선택은 윤석열  #shorts #윤석열 #선택은윤석열	선택은 윤석열 #shorts #윤석열 #선택은윤석열.	18	1	0	1
f9GYc0q5pks	심재철, '윤석열 후보 필수 공약 요약!'	심재철,#윤석열,#대통령,#국민의힘,#지하철,#정기권,#버스이용,#방과후,#돌봄교실,#1기신도시,#특별법,#전기요금,#탈원전.	42	21	0	1
s3L8zV_aS2Q	[전우활동1] 윤석열캠프 전투수당 환수촉구 추진! 2022.02.17.16시		755	90	5	1
yJlI5wDkPuo	윤석열, 광주까지 가서 사기를 치네요 #shorts	윤석열광주 #윤석열광주복합쇼핑몰 #윤석열광주공약 #윤석열광주GDP #윤석열안철수단일화.	997	67	20	1
dKj5OpJWgHA	윤석열 대통령후보 ‘상주 유세’		153	51	0	1
