ID	title	description	viewcount	likecount	commentcount	label
PcgSAJMbQbw	19일 오전 10시 [실시간 현장LIVE🎥] 국힘 대선후보 윤석열! 선거운동 시작 후 첫 울산 방문! 울산에 전한 메시지는?	국민의힘 #윤석열 #롯데광장 #선거운동 #대선 #공약.	927	0	6	1
88opV7gPAqc	이재명, 연이틀 호남 공략...윤석열, 이틀째 영남 집중 / YTN	[앵커] 더불어민주당 이재명 대선 후보는 어제 전남·광주에 이어, 오늘은 전북에서 지지층 결집에 나섭니다. 국민의힘 윤석열 후보는 ...	2792	140	94	1
wGf0LplGvMg	대구·경북 찾은 윤석열. 분위기 취해 근거없이 거친 표현들	윤석열 국민의힘 대선 후보는 18일 지지세가 강한 대구.경북 지역을 방문해 유세를 폈는데, 현장 지지자들의 호응을 유도하는데는 ...	4593	355	277	1
k6loeje6BpA	윤석열 vs 이재명, 과연 누가 대통령이될까?★선거 막판에 대 반전에 드라마가 일어날 수도 있다!★사주로 풀어보는 모의 대선 결과는?	반갑습니다. [멋진행복인생]입니다. 인생 고민 상담을 원하시는 분은 자신의 생년월일시와 구체적인 고민 사연을 ...	1969	463	101	1
BKB1IxW5-04	[실시간] 윤석열 국민의힘 대선 후보, 울산 선거 유세		1776	163	10	1
Pft7bhDsBiQ	윤석열 의 대구 폭풍연설에 시민들은 열광, 윤석열의 눈물에 시민들은 '울지마 ' '윤석열 대통령' 환호했다. 홍준표 이준석 손잡고 정권교체 외쳤다.	윤석열·홍준표·이준석, 대구서 손 맞잡고 정권교체 외쳐.	15454	8834	249	-1
ERHUr9oWMfE	[풀영상] 국민의힘 윤석열 후보, 울산광역시 유세 / 연합뉴스TV (YonhapnewsTV)	연합뉴스TV 유튜브 채널 구독 https://goo.gl/VuCJMi ▣ 대한민국 뉴스의 시작 연합뉴스TV / Yonhap News TV ...	6280	576	65	1
_-X8ypxvJBk	윤석열, 이틀째 영남권 지지 호소…울산 유세 현장 / 연합뉴스TV (YonhapnewsTV)	윤석열, 이틀째 영남권 지지 호소…울산 유세 현장 [앵커] 네, 이번에는 국민의힘 윤석열 대선 후보의 유세 현장으로 가보겠습니다.	892	56	7	1
Yaq4Jg_Lwoo	[2022년 2월 19일 토요일 오전 방송] 윤석열, 어퍼컷 유세로 민심을 달구다	2022년 2월 19일 토요일 오전 방송] [고성국TV 머그컵 1차 공동구매 신청서 링크] ...	93036	17598	107	1
Mg0ydjM0REg	윤석열 위해 의도적으로 수사정보 흘렸다	윤석열 #대장동 #대장동사건 #남욱변호사 #김만배 #대장동케이트 후원계좌 : 국민은행 933502-00-026889 한진희 문자후원 ...	2167	1133	38	-1
XKwcADurkgo	윤석열 지지해서 징계위기, 올림픽 사격영웅 진종오를 보호하자 #shorts	진종오 #샤인튜브 #진종오윤석열 [샤인튜브] 멤버십 가입 - https://www.youtube.com/channel/UCH_Bxedipg--u3iavdM57rg/join 자율 ...	3384	846	68	1
qSb2Gu2aZQE	안철수, 완주하느냐 아니면 윤석열의 손을 들어주느냐? 그에게 제시된 총리직,경기지사 출마.	완주 고민 안철수의 선택, 단일화 후 경기지사 출마 아니면 총리 카드.	22055	8435	451	1
bjaGNQgjhzY	윤석열, 영남 일정 이틀째…울산·거제·창원 방문 / 연합뉴스TV (YonhapnewsTV)	윤석열, 영남 일정 이틀째…울산·거제·창원 방문 국민의힘 윤석열 대선 후보는 영남 지역 일정 이틀째를 맞아 울산과 경남 곳곳을 방문 ...	924	50	13	1
45y-39rsxVk	구름인파라던 윤석열 VS 언급없는 이재명, 서초동 광주 유세 드론띄워 비교해보니! ㄷㄷ 윤서결 어쩔; 게임 끝났네.. 이재명 대통령	채널에 가입하여 혜택을 누려보세요. https://www.youtube.com/channel/UCXizVvs2c7LtFZAu25sK5Fg/join [이재명 후원회 홈페이지] ...	83626	17047	1189	1
xHQ6oS2ZmXs	신천지 윤석열 대선 개입 고발		3367	867	43	-1
4mqfLvwgnDw	이재명은 호남·윤석열은 영남…이틀째 텃밭 표심 잡기 / 연합뉴스TV (YonhapnewsTV)	이재명은 호남·윤석열은 영남…이틀째 텃밭 표심 잡기 [앵커] 공식선거운동이 시작되고 맞는 첫 주말, 더불어민주당 이재명 후보는 ...	664	23	4	1
SyW5Q308mrM	긴급) 윤석열 방금 울산 도착! 어마어마한 구름인파 몰려 들었다! 이재명 보고 있냐? 이게 바로 &#39;PK 민심&#39; 이다!!	정의구현 멤버십 가입 : https://www.youtube.com/channel/UCUNwNXVrWAHQpc8gPp1c6kw/join 자발적 구독료 : KB국민은행 ...	14445	4749	129	1
-4lEB7r56wo	윤석열을 완전히 낙선시키자! 서울 대학생 온라인 집회 중계	촛불행동 #촛불 #대선 ------------------------------------------ 후원계좌: 국민 584101-01-191121 양희삼(카타콤) 블로그: ...	1109	535	11	-1
J8RWnbi6TNY	윤석열후보 유세차에서 민주당원의 폭탄발언 터졌다! 이재명 긴급호소문 발표! #윤석열필승 #이재명전과4범 #민주당원윤석열지지	자율적구독후원 : 하나은행 : 106-910488-13707 (박*옥) 해외페이팔 후원링크 : https://www.paypal.me/jungsungsantv 문의 ...	4238	1170	23	-1
0Lt4eR9eOoo	(속보)윤석열방금도착  울산거점유세 2월19일	윤석열# This stream is created with #PRISMLiveStudio.	7800	2810	5	1
BVlHibvzRVk	윤석열 후보 구미 유세 2022. 2. 18.	2022년 2월 18일 14시 50분 경 부터 윤석열 대통령 후보의 구미 유세를 비디오로 찍어 동영상을 만들었습니다. 유세 장소는 구미역 앞 ...	7	1	1	1
OshAbQfmU84	[김광일쇼] 이재명·윤석열 부부, 같은 관상가 상담… 백재권 교수가 본 대선 후보 부부의 관상은?	조선닷컴 공식 홈페이지 http://www.chosun.com 조선일보 무료 구독 체험 http://bit.ly/2WnNAF7 당신의 건강과 행복을 위한 채널 ...	19354	3428	75	1
ZctRKTdG0Ws	윤석열을 끝장낼 동해시에서의 행태	"유튜브 이송원TV 2월 19일(토) 오전 9시에 이재명 후보도 깜짝놀란 구름떼 인파 이재명 ""밤 12시 영업 문제없어...관료들이 문제"" 추경 ..."	11974	4369	22	1
-kUc87l-Nkk	[울산유세] 국가 안보 말하던 윤석열...갑자기 동공지진 난 이유는?	국민의힘 #윤석열 #울산 #시민 #목청 국민의힘 윤석열 대통령 후보가 22년 2월 19일 열린 울산 유세장에서 발언하고 있다.	3170	659	38	-1
zxSl8-hot5M	한동훈 기사 방향,윤석열 신천지 압색 반대#shorts	한동훈 기사 방향,윤석열 신천지 압색 반대#shorts.	577	98	2	-1
SZqrBkAMQjs	윤석열 검찰증언조작 업무처리 능력 팩트체크 #shorts	윤석열 업무처리 능력 팩트체크 #shorts.	272	48	0	-1
g9O1h53IS2w	박근혜 컴백,3.9대선 이후 기다리고있다#윤석열,대선 코앞 박정희팔이#김평우 최진석,왜 안철수를#홍문종의 변절#안철수,굽히지 않겠다#이재명,박근혜 카드?#청와대 굿당 대 형수 욕설	윤창중칼럼세상은 보수우파의 집권이 목표입니다. 실현 가능한 해법과 방향을 분명히 제시합니다. 윤칼세를 도와주십시오. 윤칼세TV ...	7028	1448	29	1
FCPsNfb13nk	긴급) 윤석열 방금 양산 도착! 이마트 앞 유세현장 지금 난리났다! 엄청난 인파가 몰려들었다! 이재명 보고 있냐? 이게 &#39;정권교체 민심&#39; 이다!!	정의구현 멤버십 가입 : https://www.youtube.com/channel/UCUNwNXVrWAHQpc8gPp1c6kw/join 자발적 구독료 : KB국민은행 ...	8991	6572	0	1
qqVnmsPXjAQ	(대선현장중계) 윤석열 울산 유세현장 역대급 인파 모였다! / 2022.02.19	동성로유세 #동성로 #윤석열 #대선유세 #대구 #윤석열현장 #윤석열유세 #국민의힘 #정권교체 #이재명 #민주당 #대장동 #화천대유 ...	36244	7534	118	1
Pl8K4Cq0VxQ	윤석열 유세차에 오른, 민주당 친문 당원 '이재명을 비판했다고 수없이 많은 당원들이 고발당해.. 조국사태때 윤석열 총장에 모욕적 글들을 올렸어도 시민들이 고발당했단말을 못들어봐'	민주평화TV를 후원해주세요! ************************************* 투네이션 후원하기 https://toon.at/donate/637774955496275910 ㅡ ...	311	28	3	-1
vC0mT3PEwQY	기호2번 윤석열 : 공정과 상식을 말하다 편	대구를 바꾸고 지역주의와 세대간의 벽을 허물며 세상을 보는 진실의 눈을 가질 수 있는 시민 한분 한분의 힘이 되어 드리기 위해 ...	644	296	61	1
oFspFK-TJ3A	[울산 유세 풀발언] 윤석열 '맷집 좋은 저는 민주당 수백만 몰려와도 끄덕 없습니다'	국민의힘 #윤석열 #맷집 #울산 국민의힘 윤석열 대통령 후보가 22년 2월 19일 열린 울산 유세장에서 발언하고 있다. 시사포커스TV는 ...	4666	1549	164	1
PXc5Z4QW1b8	[울산 유세] 윤석열 '맷집 좋은 전 민주당 수백만 몰려와도 끄덕없어...이젠 택도 없다'	국민의힘 #윤석열 #맷집 #민주당 #택도없다 국민의힘 윤석열 대통령 후보가 22년 2월 19일 열린 울산 유세장에서 발언하고 있다.	4050	1426	123	-1
SLEB9XTBUgc	(라이브) 윤석열 대통령후보 “산업수도 울산의 화려한 내일은 윤석열과 함께!” 울산 유세	This stream is created with #PRISMLiveStudio.	7422	2307	4	1
m4FakMH2L48	윤석열 후보, 박정희 대통령 생가방문에 이어 박근혜 대통령 정치적 고향 달성 유세		422	70	3	1
5XS2MOEItt4	2월 18일 윤석열 대통령 후보, 대구 달서 월배시장 방문	후원계좌 : 국민은행 067501-04-088071 (예금주:국민의힘 중앙당후원회) [후원시 유의사항] ① 개인 명의로만 후원 가능 - 법인, 단체, ...	235	31	1	1
7qt7yfvcJ7c	윤석열 김건희 주가조작 팩트체크  도이치모터스 #shorts	윤석열 김건희 주가조작 팩트체크 도이치모터스 #shorts.	136	22	1	-1
BwG4HcqjrQE	[박지희 아나운서] 윤석열-삼부토건 봐주기 수사 추적 한겨레신문 김완 기자, 보도 좌절되자 &#39;사표&#39; 제출 [고발뉴스]	"지난 1월 20일부터 대선 후보자 검증을 진행했다는 김 기자는 사내 구성원들에게 보낸 글을 통해 ""1월 말 조남욱 회장의 아들 조시연 ..."	0	0	0	-1
EltWWvdfGic	3•9는 윤석열 지지 한데요 ~✌️~ ‘윤석열 현수막’을 보며…	Shorts#AI윤석열#한국일자리방송#윤석열대통령후보.	913	186	8	1
xBxqRVvQ4dw	제20대 대통령 선거 윤석열후보 지원유세/송상국포천시의원/직캠	제20대대통령선거 #윤석열후보 #지원유세 #송상국포천시의원.	15	1	0	1
ROX1Iqc7KXA	윤석열 기차 구두발 일본반응 #Shorts 윤석열 #대선후보 #대통령후보 #부끄러움은우리의몫		10	0	0	1
1JHnmwYcJa0	[국민의힘]윤석열대통령후보 대구중구동성로 집중유세현장	뉴스 미디어 2022.2.18(금)18:00 대구 중구 동성로.	17	1	0	1
3aGx1Q2JhnY	(라이브) 윤석열 대통령후보 '가야의 꿈, 김해의 꿈, 통합은 국민이 키운 윤석열!' 김해 유세	This stream is created with #PRISMLiveStudio.	3219	968	0	1
T8KiONq0mNk	60초 광고전쟁…'표심을 흔들어라' / 연합뉴스TV (YonhapnewsTV)	"60초 광고전쟁…""표심을 흔들어라"" [앵커] 상록수와 국밥, 성공한 대선 TV광고로 꼽히는 것들인데요. 대선이 18일 앞으로 다가온 ..."	362	7	2	1
RqJBZBs5H8w	(대선현장중계) 윤석열 양산의 내일을 바꾼다! 유세현장 역대급 인파 모였다! / 2022.02.19	동성로유세 #동성로 #윤석열 #대선유세 #대구 #윤석열현장 #윤석열유세 #국민의힘 #정권교체 #이재명 #민주당 #대장동 #화천대유 ...	23184	7334	0	1
pg3Oc3P-cOo	윤석열 경북 상주유세 2022.02.18	윤석열 #국민의힘.	8	1	0	1
FCNUfiazLPU	[풀영상] #윤석열 국민의힘 대통령후보-'대선 D-18  울산 유세' (22.02.19)	"국민의힘 #윤석열 #울산 #유세 #김기현 [풀영상] #윤석열 국민의힘 대통령후보-""대선 D-18 울산 유세"" (22.02.19) 시사포커스TV는 ..."	12461	3844	109	1
RXn1au_f9Us	(현장뉴스) 윤석열 울산 유세! 역대 최다 인원 모였다! 승리의 어퍼컷까지!	공유 https://youtu.be/RXn1au_f9Us 회원가입 https://www.youtube.com/channel/UCtmvuCbpw6_TFbeO4ToTAIw/join.	37826	8906	105	1
Uo-RE20OcVc	라이브 사주풀이'관상.명리.운명.역학.풍수.주식상승운.윤석열	This stream is created with #PRISMLiveStudio.	78	10	1	1
dWKxqiBxa_g	윤석열 경북 김천유세 2022.02.18	윤석열 #김천 #국민의힘.	4	2	0	1
