ID	title	description	viewcount	likecount	commentcount	label
GvTRCzSyE1M	🔵생중계 | 이재명 더불어민주당 대선 후보 전북 익산역 유세 현장 라이브 실시간 | KBS전주	대통령선거 #걸어서현장속으로 #전북유세 #익산역 #이재명 #더불어민주당 더불어민주당 이재명, 전북 지역 유세 현장 - 익산역 광장 ...	1581	0	15	1
88opV7gPAqc	이재명, 연이틀 호남 공략...윤석열, 이틀째 영남 집중 / YTN	[앵커] 더불어민주당 이재명 대선 후보는 어제 전남·광주에 이어, 오늘은 전북에서 지지층 결집에 나섭니다. 국민의힘 윤석열 후보는 ...	2792	140	94	1
wiHLFPeCVb0	[LIVE] 이재명 후보, &#39;익산에서 시작하는 전북 대전환!&#39; 익산 유세		25658	8028	130	1
k6loeje6BpA	윤석열 vs 이재명, 과연 누가 대통령이될까?★선거 막판에 대 반전에 드라마가 일어날 수도 있다!★사주로 풀어보는 모의 대선 결과는?	반갑습니다. [멋진행복인생]입니다. 인생 고민 상담을 원하시는 분은 자신의 생년월일시와 구체적인 고민 사연을 ...	1969	463	101	1
YnOkfo0fc68	2402호의 비밀이재명의 대선준비? LH 기획폭로?	백성문 #김태현 정치 계의 두 절친 법조인 김태현 백성문 변호사의 정치 토크쇼 [정치왓수다] *태디님이 앉아계신 의자! 듀오백 공식 ...	4492	745	51	1
MQo5HNtpDMs	[풀영상] 더불어민주당 이재명 후보, 전북 익산 유세 / 연합뉴스TV (YonhapnewsTV)	연합뉴스TV 유튜브 채널 구독 https://goo.gl/VuCJMi ▣ 대한민국 뉴스의 시작 연합뉴스TV / Yonhap News TV ...	6464	292	18	1
AC_hsVwHJYw	이재명 익산역 유세 현장취재!	이재명 #익산 #선거유세현장 with CameraFi Live.	24649	7610	86	1
9gk3AbOiwio	이재명 지역감정까지…막 산 인생의 한계 [2022년 2월 19일(토) 정군기의 텐텐뉴스]	00:00 저렴한 지역감정 13:43 QR코드 폐지? 18:23 '정권교체' 하자는 호위무사들 32:52 윤석열은 보수인가? 영상이 마음에 드신 ...	5627	1480	40	1
cflljkGgPGk	내가 이재명을 지지하는 이유 [사업가 안진섭 님]	이재명 #shorts.	995	462	37	1
hq_Z69t9nUU	[정치人싸] 박지훈 출격! '대장동 &#39;그분&#39;은 현직 대법관' 이재명이 몸통이라던 尹, 뻘쭘?｜신천지와 &#39;옆집&#39;에 대하여 - 현근택, 장성철, 천하람, 김준우 &amp; 박지훈 변호사	인싸를 꿈꾸는 네 남자의 유쾌·상쾌·통쾌 정치 토크쇼! | 시즌 3 PPL을 원하시는 분은 댓글 혹은, mbcradiofocus@gmail.com 으로 메일 ...	28161	5457	0	-1
4mqfLvwgnDw	이재명은 호남·윤석열은 영남…이틀째 텃밭 표심 잡기 / 연합뉴스TV (YonhapnewsTV)	이재명은 호남·윤석열은 영남…이틀째 텃밭 표심 잡기 [앵커] 공식선거운동이 시작되고 맞는 첫 주말, 더불어민주당 이재명 후보는 ...	664	23	4	1
85zfpsXzN3A	[생방송] 이재명 후보, 익산 유세 현장	[생방송] 이재명 후보, 익산 유세 현장 #이재명 #익산 #나를위해 #앞으로 #제대로 #합니다 #대선공약 #선거유세 ✓일시후원: 국민은행 ...	35873	6375	55	1
f63LOn35oDs	윤미향, 이재명 지지 선언에 댓글 폭주. '윤미향 고맙다' 폭발적 반응	'무소속' 윤미향, 이재명 지지 선언... “위안부 문제 해결할 사람.	1927	590	31	-1
SyW5Q308mrM	긴급) 윤석열 방금 울산 도착! 어마어마한 구름인파 몰려 들었다! 이재명 보고 있냐? 이게 바로 &#39;PK 민심&#39; 이다!!	정의구현 멤버십 가입 : https://www.youtube.com/channel/UCUNwNXVrWAHQpc8gPp1c6kw/join 자발적 구독료 : KB국민은행 ...	14445	4751	129	1
08OnTVss76I	다른 곳에는 30평형대, 2-3억대. 李 옆집은 60평형대 9억 5천. '옆집에 이재명 사는줄 몰랐다'변명.	규정을 어기고 이재명 옆에서 집을 얻어서 한 일이 서서히 드러나고있다.	26564	5942	310	-1
KzYVDKTGjEQ	[국민비타민 서영석] 위기에 강한, 유능한 경제대통령 이재명은 합니다!	국민비타민 #서영석 #경기 #부천시정 #더불어민주당 #국회의원 #경기도당 #지역 #선대위 #출범식 #선거운동 #시작 #위기에강한 ...	6	4	0	1
0Nz25p9YqCE	민주당은 후보,이재명을 잘못 뽑았다  감히 DJ와 비교하다니.. 정권교체바람이 분다	대선승리 #윤석열 #이재명 #안철수 #DJ #김영삼 #박정희 #이명박 #박근혜 ♥ 후원안내 ♥ ※국내 후원 국민은행, 365202-01-189195 ...	187	33	4	-1
J8RWnbi6TNY	윤석열후보 유세차에서 민주당원의 폭탄발언 터졌다! 이재명 긴급호소문 발표! #윤석열필승 #이재명전과4범 #민주당원윤석열지지	자율적구독후원 : 하나은행 : 106-910488-13707 (박*옥) 해외페이팔 후원링크 : https://www.paypal.me/jungsungsantv 문의 ...	4246	1170	23	-1
wnUsamlSdnM	끝까지. 간절하게 ㅡ 이재명 익산!!	This stream is created with #PRISMLiveStudio.	5429	1941	7	1
pxQU_KEUhkI	이재명, 전북서 집중 유세…호남 순회 후 수도권 공략 / 연합뉴스TV (YonhapnewsTV)	이재명, 전북서 집중 유세…호남 순회 후 수도권 공략 대선 공식 선거운동 후 첫 주말인 오늘(19일) 더불어민주당 이재명 후보는 전북 ...	208	14	6	1
5CMj0NKRYQg	왜 이재명인가? 신학대 교수 장난 아니네! '기독교인은 거대 악 앞에서 무능하다.. 하나님이 주신 이성과 지성으로 공약 96%를 지킨 이재명'	이재명지지이유 #윤석열 #김건희 #건진법사.	2773	883	47	-1
OshAbQfmU84	[김광일쇼] 이재명·윤석열 부부, 같은 관상가 상담… 백재권 교수가 본 대선 후보 부부의 관상은?	조선닷컴 공식 홈페이지 http://www.chosun.com 조선일보 무료 구독 체험 http://bit.ly/2WnNAF7 당신의 건강과 행복을 위한 채널 ...	19354	3430	75	1
iuRrzVUE3xM	#추미애 - 이재명 경제 대통령이 필요합니다	2022. 02,18일 부천에 추미애 전 법무부 장관이 나타났다. 문재인 정부는 검찰개혁 드라이브를 걸었다. 윤석열 검찰조직. 기재부.	13	1	0	1
u0XhLT-iK3c	이재명이 발표하는 대전을 위한 우리동네 공약! (2022.02.17)	대전환의 시대, 공정성장의 무대는 우리가 사는 지역 동네입니다. 부흥하는 혁신도시 대전중구를 만들기 위해 이재명의 대전 중구 5대 ...	51	38	5	1
QmtxBdYK0d8	유세5일차   익산역   이재명대통령 집중유세  흔들리지말자	나를위해이재명 #살기위해이재명 #대선유세 후원 국민 634501-01-002926 최현@ 감사합니다. This stream is created with ...	4780	1729	3	1
dbQcCp5pF5U	이재명 5,18광장,주술로 국정이 운영될수 있나#shorts	이재명 5,18광장,주술로 국정이 운영될수 있나#shorts.	169	49	3	1
bija_Y4JDGk	이재명,  차별금지법 찬성 기독교계에 그럴수가........	차별금지법#이재명#성서나라TV 구독과 좋아요'를 눌러주시면 큰힘이 됩니다. ㅡ사회와 정치를 성서적 세계관으로 세워 예수한국 ...	90	33	1	-1
iVUlbcuB4IA	[청년유세단] 김찬영 - 이재명, 김혜경의 갑질공화국 온 국민이 분노한다	후원계좌 : 국민은행 067501-04-088071 (예금주:국민의힘 중앙당후원회) [후원시 유의사항] ① 개인 명의로만 후원 가능 - 법인, 단체, ...	834	166	29	-1
Lho9oj1B4Jc	이재명이 말하는 골때리는 김만배,남욱,정영학 #shorts	이재명유세 #이재명토론 #이재명특검 #이재명관련주 #이재명나주 #이재명유세 #선거유세 #대장동특검 #특검 #민주당특검 #이재명 ...	3562	631	15	-1
hlSd2jbHoRY	이재명후보		21	5	2	1
Z_Q-QTi4Hy4	[생중계] 이재명 후보, &#39;익산에서 시작하는 전북 대전환’ 전북 익산 유세 (2022.2.19 오전)	[생중계] 이재명 후보, '익산에서 시작하는 전북 대전환' 전북 익산 유세 (2022.2.19 오전) #이재명 #전북 #익산 #2022대선 #오마이TV ...	80147	0	261	1
nKdgqd6KTKA	[Live]_이재명 후보, &#39;익산에서 시작하는 전북 대전환!&#39; 익산 유세	이재명 #전북유세 #익산유세 #대전환 ☆범 진보민주 개혁을 위한 방송입니다. 많은 구독과 지지 부탁드립니다. ☆광고, 협찬, 후원 ...	277	175	0	1
9FJhyOzuxPU	이재명 후보 중소 소상공인	힘든 시기 모두 잘 버텨내서 열심히 살면 나쁘지 않은 세상 함께 만듭시다. 3월9일 오전 6시~오후 6시 사전선거 3월4일 (금)~ 3월5일 ...	113	36	3	1
ZCfn55zMTJ8	주인공ㅡ이재명 대통령 선거 로고송 더불어민주당(우연우 작사/작곡/노래)	이재명대통령 #이재명 #우연우 #주인공 #이재명대통령선거송 주인공 ㅡ 우연우(작사/작곡/노래) 대한민국을 책임질 대통령은 이재명 ...	27	8	5	1
1FAIkMWSLSc	이재명 대통령 '선거송' '로고송'ㅡ주인공(우연우 작사/작곡/노래)	이재명대통령 #이재명 #우연우 #주인공 #이재명대통령선거송 주인공 ㅡ 우연우(작사/작곡/노래) 대한민국을 책임질 대통령은 이재명 ...	21	6	3	1
uYIQOCMmfxA	이재명 광주5,18광장,작은일을 잘해서 큰일을#shorts	이재명 광주5,18광장,작은일을 잘해서 큰일을#shorts.	75	25	0	1
GAXuQzYImH0	S급 긴급속보 김만배가 결국 이재명 끌어내렸다	채널에 가입하여 혜택을 누려보세요. https://www.youtube.com/channel/UCULYn1zisR91e3tZZ4tFi1A/join.	1915	574	18	1
fQecqEYsGHs	[똥팔육백과사전] 푸들, 치와와들이 이재명을 지지하기 시작했다?? EP.63 그들의 네거티브 #shorts		268	44	3	-1
4NMW_jEAFIM	이재명후보		10	0	0	1
N9NTMU8sfdM	[생방송] 이재명 후보, &#39;경기도가 키운 이재명, 대한민국에서 더 크게 씁시다!&#39; 화성 유세 현장	[생방송] 이재명 후보, '경기도가 키운 이재명, 대한민국에서 더 크게 씁시다!' 화성 유세 현장 #이재명 #경기도 #화성 #합니다 #나를 ...	0	206	0	1
eLI4YV0MQK0	이재명 후보 선거 유세  전북 익산 역 광장 연설(220219)오전 10시	이재명 후보 선거 유세 전북 익산 역 광장 연설(220219)오전 10시.	5	0	0	1
KZSPi-8rjxM	더불어민주당 대통령 후보 이재명/ &#39;익산에서 시작하는 전북 대전환!&#39; 익산 유세 현장	세계타임즈TV.	41	9	1	1
tgqYDwuIVyk	[#378] 이재명, 박근혜 대통령에게 한 비열한 짓!!!-사람 죽이는 이재명의 손가락 혁명군!!	후원계좌(국내) : 신한은행 110-532-395014 이** □ 후원계좌(해외) : WOORI BANK (SWIFT CODE : HVBKKRSEXXX) ...	467	110	21	-1
6DCktEfVf6Q	젊은이를 위한 나라, 여러분과 함께 반드시 이재명이 만들어 내겠습니다!!		2472	1332	51	1
gQ89R-u_R98	'나를 위해 이재명!  20대 대선 정책 메니페스토링'		12	1	0	1
KpyCVGrbrr8	이재명 익산이 디비진다. 익산역광장 집중유세 현장입니다.	이재명 #이재명유세 #익산유세 깨어있는 민주시민 정치타파 유튜버 억강부약ㆍ대동세상 나아가는 길 여러분과 함께합니다. 자발적 ...	3985	1268	10	1
fSHgqMEQk2I	[실시간 Live] 이재명후보 유세현장 5 #전북 #익산역광장 #이재명 #박기수브리핑	This stream is created with #PRISMLiveStudio.	8	3	0	1
oUB_3v7ili4	이재명 목포 유세현장에서 '이재명 전과4범' 외치다 [가세연 서포터즈]	이재명 #전과4범 #목포.	144	61	8	1
ClG1IN56zSM	광주 | 이재명 후보 연설, 뜨거운 열기!	광주 #이재명_후보 #뜨거운열기 #유세현장 #광주_앞으로 #광주_제대로 #경제대통령 #대한민국 #대전환 #뜨거운반응.	2	0	0	1
yn9Ol6qdPZ8	(광주의 절규) 쇼핑몰은 명품시계도,극우 포퓰리즘도,광주정신도 아닙니다!! 2022.2.19 오전8시	광주 쇼핑몰 논란이 확산되면서 민주당과 이재명의 오랜 위선과 독선적 정치행태 부각 #윤석열#이재명#김혜경#김건희#신세계스타 ...	6983	3096	224	-1
