ID	title	description	viewcount	likecount	commentcount	label
0CSEFXBgSxY	이재명, &#39;안방&#39; 경기도 집중 유세...윤석열, 토론 준비 매진 / YTN	[앵커] 1박 2일의 호남 유세를 마친 더불어민주당 이재명 대선 후보는 오늘 경기도에서 집중 유세를 이어갑니다. 국민의힘 윤석열 후보 ...	10726	397	335	1
thmgckE7x4Y	[풀영상] 더불어민주당 이재명 대선 후보, 수원 유세/ 연합뉴스TV (YonhapnewsTV)	더불어민주당 이재명 대선 후보가 수원에서 유세를 시작합니다. #이재명 #더불어민주당 ▣ 연합뉴스TV 유튜브 채널 구독 ...	5556	306	0	1
P5YpELlqB3o	[원희룡 특별강좌] 이재명 불법 비밀 합숙소에서 벌어진 충격적인 사건들. 진실. | 2401호 | 이헌욱 | 드루킹 | 김경수 |	원희룡의도전 #국민의힘 #정책 #정책본부장 #제20대대통령선거 #윤석열 #대선전략 #대선 #전략 #이재명 #2401호 #이헌욱 #경기 ...	1146	2293	156	-1
RxVnK06GSWA	[집중유세] 특임본부장 윤관석, '코로나 민생 위기 극복 총사령관 이재명'	인천 남동을 선대위 올리브백화점 사거리에서 집중유세를 가졌습니다! 눈이 오고 매서운 한파가 몰려왔지만! 지금의 위기를 극복하기 ...	33	4	0	1
6uLO5Saia3U	[D-1 #앞으로챌린지] #앞으로 Walking! #제대로 Working!	혼자서는 갈 수 없습니다. 이재명과 함께 걸어주십시오. 앞으로 제대로! 여러분의 파란 발걸음을 모아주세요. 2/21(월) 이재명 공식 ...	4020	2155	152	1
jRO5aOVIs5A	[현장연결] 이재명 '윤석열, 매번 거짓말…국민 바보 아니다' / 연합뉴스TV (YonhapnewsTV)	"[현장연결] 이재명 ""윤석열, 매번 거짓말…국민 바보 아니다"" 더불어민주당 이재명 대선 후보가 연이틀 자신의 정치적 고향인 경기도 ..."	409	9	2	1
nYKGQfs4jOM	천안시 서북구 더불어민주당 이재명 후보 유세단 &#39;블루스타&#39;의 두번째 이야기!		19	3	0	1
hHlkDN98oR8	[생중계] 이재명 후보, '검증된 실력과 성과, 대한민국을 위해 일하겠습니다!' 수원 유세 (2022.02.20 오전)	"[생중계] 이재명 후보, ""검증된 실력과 성과, 대한민국을 위해 일하겠습니다!"" 수원 유세 (2022.02.20 오전) * 오마이TV 정기후원 전화 ..."	98776	0	0	1
SYxpxW-oZM8	이재명 윤석열 누가 대통령이 될까? 택시기사님이 말하는 여론 나왔다.. 진짜 여론일 가능성 100%	채널에 가입하여 혜택을 누려보세요. https://www.youtube.com/channel/UCXizVvs2c7LtFZAu25sK5Fg/join [이재명 후원회 홈페이지] ...	80696	17928	1017	1
TUqjiAT-Wlg	최강욱 지원유세! 이재명 vs 윤석열 '날은 춥지만, 봄은 멀지 않았다' 22.02.17 (최강욱TV ep-176) #최강욱 #이재명	영상 공유로 가족과 친구 그리고 이웃과 함께 부탁드립니다.	5646	3359	278	1
WjqwAx74Uvk	이재명, 이틀째 &#39;안방&#39; 경기도 유세…윤석열, TV토론 준비 매진 / 연합뉴스TV (YonhapnewsTV)	이재명, 이틀째 '안방' 경기도 유세…윤석열, TV토론 준비 매진 [앵커] 공식 선거운동 시작 후 첫 주말을 맞은 대선 후보들 소식 정리해 ...	92	4	7	1
1XbojaZX2e8	이재명 후보 전북 집중 유세 - 2월 19일(토) 익산역 광장		34	2	0	1
sBS1e374LXQ	이재명 후보 전북 집중 유세 - 2월 19일(토) 전북대 구정문 앞		10	0	0	1
3Q4rne-1tpg	이재명 대통령 후보 전북대 유세	2022년 2월 19일 (토) 이재명 대통령 후보 전북대 구정문 유세현장.	4	1	1	1
jMogXbRLDMA	[Live]_이재명 후보, &#39;검증된 실력과 성과, 대한민국을 위해 일하겠습니다!' 경기도 수원 유세 현장	이재명 #경기도 #수원 #합니다 #나를위해 #앞으로 #제대로 #민심속으로 #선거유세 ☆범 진보민주 개혁을 위한 방송입니다.	318	248	0	1
rggB7SwhmVs	'안녕하세요, 이재명과 발전하는 경기 남부!' 안양 유세 - [끝까지 LIVE] MBC 중계방송 2022년 02월 20일	"더불어민주당 이재명, ""안녕하세요, 이재명과 발전하는 경기 남부!"" 안양 유세 - [끝까지 LIVE] MBC 중계방송 2022년 02월 20일 * 본 ..."	0	15	0	1
IxrlX1s6U5I	D-17 이재명후보 수원 유세현장 스케치!!(수원 만석공원)	이재명은합니다 #나를위해이재명 #우리를위해이재명 후원 : (국민) 453201-04-048641 한민우 후원금은 현장에서의 활동비로 ...	1294	328	2	1
PugILkVVYaA	[Live]_이재명 후보, &#39;검증된 실력과 성과, 대한민국을 위해 일하겠습니다!' 경기도 수원 유세 현장	이재명 #경기도 #수원 #합니다 #나를위해 #앞으로 #제대로 #민심속으로 #선거유세 ☆범 진보민주 개혁을 위한 방송입니다.	1620	886	0	1
YTNpb6gdeJA	추가 공개된 김만배 녹취록. 이재명 결백 선명해지고 윤석열 의혹은 확신으로	김만배와 정영학의 녹취록이 추가로 공개됐다 김만배가 윤석열과 친근한 사이임을 암시하는 동시에 윤석열에게 불리한 내용을 갖고 ...	14913	3261	250	-1
O8N3PBTWfaQ	이재명은 환호와 박수 소리에 &#39;긍정 메시지&#39;..윤석열은 보도 시간도 적고 심상정과 섞어서 &#39;부정적 많아&#39;	윤석열에 대해서 일방적으로 불리하게 보도하는 MBC 뉴스데스크의 편파 행태를 MBC노조가 폭로.	17314	8650	652	-1
MpoeNS_Q4So	이재명 대통령 후보 전북대 유세	2022년 2월 19일(토) 이재명 대통령 후보 전북대 구정문 유세현장.	3	1	0	1
z8mHeUXI5PI	이재명 슈팅세레모니 ‘시원한 사이다 연설’		8	2	0	1
yqGri-srqHw	이재명 수원 집중유세  “검증된 실력과 성과 대한민국을 위해 일하겠습니다”	억강부약 대동세상 #나를위해이재명 자발적 시청료 후원 계좌 안내 : 농협 150030-52-139080 진정화 바른소리TV 멤버십 가입하기 ...	1430	715	0	1
6eyyPlTcTEI	거꾸로 가는 대선! 이재명이 오히려 보수, 윤석열은 급진보!	국민의힘 윤석열 민주당 이재명 대선.	294	98	12	-1
30c9L48__GM	대선후보 유세현장에 브금을 틀어보니...	브금만 틀었습니다 #이재명 #윤석열 #제20대대선 #윤석열유세현장.	14	2	1	1
0gsxOvCtp_U	대한민국 혁명하라~! 민주당후보 이재명 선거유세 수원 만석공원	이재명 #이재명은합니다 #대한민국혁명하라! #이재명이승리한다 #사불범정 #우리가이재명이다 후원 신한은행 110-515-859162 ...	61	27	0	1
WVlhJrzCKuE	2022년 2월20일, 이재명후보  수원 만석공원 유세현장		611	147	0	1
ofozIPonWaM	더불어민주당 대통령 후보 이재명/&#39;검증된 실력과 성과 대한민국을 위해 일하겠습니다&#39; 수원 유세 현장	세계타임즈TV.	31	9	0	1
LzEYawhNB9E	나를위해,이재명) 이재명후보 수원 만석공원 유세현장	This stream is created with #PRISMLiveStudio.	60	39	0	1
GFPk0ckyb-M	이재명후보님의 수원 장안구 만석공원 제2음악당 유세 현장	안녕하십니까 행동하는 양심을 실천하는 민주보수청소년 박찬호입니다. 저는 약 7년을 나경원씨와 맞서 싸웠고 그 과정에서 가족과 친 ...	4074	1507	0	1
iOsE2BJ6p0k	이재명 연설&#39;&#39;&#39;		1	1	0	-1
Ag51YDEA-lc	이재명		0	1	0	1
bU9OfV_K-OY	#나를위해이재명 #이재명이야기	지지자가 만든 이재명이야기.	2	0	0	1
UTgiF9kc4s4	#나를위해이재명 #모두의친구이재명	지지자가 직접 만든 곡 고맙습니다 이재명이 됩니다.	1	0	0	1
gAEL8hYkkTg	안호영! 민주주의를 지켜주십시요! 이재명을 대통령으로  만들어 주십시요!	뉴스엔사람#구독#안호영#이재명 #전주유세#민주주의#대통령#김의겸TV#오마이 뉴스#서울의 소리#열린공감TV#새날#깨어있는 ...	3	1	0	1
KHs_muDnPSE	3월9일 다자구도 최종 지지율 예측 - 이재명 1.3%의 차이로 윤석열 이긴다 | 안철수 최종 지지율 18% | 윤석열은 결국 성접대 이준석으로 흥하고, 이준석으로 망한다 |	유순호 '정치,역사,문화칼럼' TV 자발적 구독료(후원)｜국민은행：765201-04-239649 (예금주 유순호) # 2022대선# 이재명후보# ...	30	16	3	-1
mK7PlYbMUWo	이재명 후보의 호감도?	이재명 후보의 호감도?□ ▯프로듀서, 촬영 -김민준, 주형돈 ▯편집-김성환 ▯기획-차우미(대구재린이지부 상임단장) ▯자문교수-박현선 ...	20	6	0	1
zZOgCATtU5c	허경영의 &#39;무궁화 발차기&#39; 이재명이 표절, '기본소득 공약도 베끼기' 윤석열의 어퍼컷 세리모니 때문..	"허경영, 이재명에 ""공약도 모자라 발차기까지 따라하나..출처 밝혀달라"""	20706	7517	370	-1
AROrPdi8CuY	속보! 이재명 사라졌다 ㅋㅋㅋ		617	103	6	-1
g5TxaBiDPnM	[대선풍향계] 4인 4색…대선주자 주요 공약 톺아보기 / 연합뉴스TV (YonhapnewsTV)	[대선풍향계] 4인 4색…대선주자 주요 공약 톺아보기 [앵커] 제20대 대통령 선거, 이제 17일 남았죠. 이번 주 대선풍향계에서는 각 ...	650	39	14	1
1YlbKOoH4MM	2월 20일 [남태우TV] 대선특별생방송 - 이재명 유세, 대선직썰 (팩트TV 제공)	남태우TV 지금 시작합니다! 여러분의 구독! 좋아요! 알람설정은 큰 힘이 됩니다! 자발적 후원 신한은행 40102789409 남태우 비자발적 ...	85	29	0	1
aWAu_Uiq_w0	이걸로 승리하자	이걸로 승리하자.	6077	1536	111	1
-6eWGzg-bnE	이재명! 전북을 새만금 특별도시로!	뉴스엔사람#구독#이재명#새만금특별도시#문화수도#전북#김의겸TV#오마이 뉴스#서울의 소리#열린공감TV#새날#깨어있는대구 ...	2	0	0	1
rBZiYXkxzFs	이재명 화성유세  경기도가 키웠으니 경기도가 대통령 만들어 주십시요!	뉴스엔사람#구독#화성#경기도#나를 키워준경기도#대통령 만들어주십시요#김의겸TV#오마이 뉴스#서울의 소리#열린공감TV# ...	1	0	0	1
1GFXxqs_RNI	#제주파란장바구니가간다#나를위해이재명	제주 #제주동문시장파란장바구니가간다 #이재명은합니다 #위기에_강한_경제대통령_이재명 #제주동문시장유세.	2	0	0	1
BSCRbKhI5IA	#제주#동문시장#나를위해이재명	앞으로#재대로#나를위해 #위기에_강한_경제_대통령_이재명 #제주동문시장 #제주 #동문시장유세 #3월9일반드시승리.	2	0	0	1
voT4e6xqS-w	이재명 대선후보 지지연설(최동민 전 청와대 행정관)	2022년 2월 19일 더불어민주당 동대문구을 선대위 출정식 이재명 대선후보 지지연설에 나선 최동민 동대문구을 공동선대위원장 (전 ...	31	5	1	1
Wpl3yzTvsVo	이재명 공약9단	이재명 공약9단에게 대한민국을 맡기자.	4	1	0	1
tHocPcfpvq4	#나를위해이재명 #꿈은이루어진다	정의롭고 공정한 세상 이재명은 합니다.	1	0	0	1
t3ws8QX55eY	#나를위해이재명 #이재명은합니다	익산역 유세 현장 이재명이 답이다.	0	0	0	1
