ID	title	description	viewcount	likecount	commentcount	label
-1JyFdTtvjU	안철수-윤석열 단일화 제안에 복잡해진 정치권 셈법 ★2월 19일 방송★	안철수-윤석열 단일화 제안에 복잡해진 정치권 셈법 ☆2월 19일 방송☆ #안철수 #윤석열 #단일화 #민주당 #완주 한다던 안철수, ...	514	75	8	-1
oz7PDGI9tmI	[안철수] 4번타자 안철수 | 안철수 로고송	제20대대통령선거.	331	0	35	1
rPTZhhmjyE4	안철수의 '바르고 깨끗한 과학경제 강국' 구호!		5320	1797	89	1
c54_PcRG0BM	[안철수] 슈퍼스타 | 안철수 로고송	제20대대통령선거.	378	0	31	1
jsSWhPshb74	[안철수] 질풍가도 | 안철수 로고송	제20대대통령선거.	161	0	4	1
ljPKuukycSM	[안철수] 하이어 | 안철수 로고송	제20대대통령선거.	109	0	7	1
0CSEFXBgSxY	이재명, &#39;안방&#39; 경기도 집중 유세...윤석열, 토론 준비 매진 / YTN	[앵커] 1박 2일의 호남 유세를 마친 더불어민주당 이재명 대선 후보는 오늘 경기도에서 집중 유세를 이어갑니다. 국민의힘 윤석열 후보 ...	10726	399	335	1
RKO9HVYkSsA	안철수 응원 국민 릴레이	안철수 #국민의당 #대통령.	456	227	29	1
_orVcH8N850	[국민의당]안철수대통령후보 대구동성로유세현장	뉴스 미디어 2022. 2. 19.	12	0	1	1
FuNTtHXBjNU	안철수 오늘 일정.	안철수 #윤석열 #이재명 안철수 뽑으면 안철수 대통령 됩니다.	33	5	0	1
09JYoID6Seo	안철수 응원송 사랑으로 꼭 대통령되어주세요	안철수#김미경교수#의료봉사#안철수대통령#안철수응원#사랑으로.	6	4	1	1
4OeKlLkuOLU	[정치人싸] “윤석열 후보가 통이 크지 않은 거죠” 추경-安 단일화-김건희 주가조작 의혹에 김준우가 내린 한 마디 정리! - 현근택, 장성철, 천하람, 김준우 &amp; 박지훈 변호사	인싸를 꿈꾸는 네 남자의 유쾌·상쾌·통쾌 정치 토크쇼! | 시즌 3 PPL을 원하시는 분은 댓글 혹은, mbcradiofocus@gmail.com 으로 메일 ...	27671	1620	179	-1
VMsXFQ_2jyw	안철수 가족	안철수 #윤석열 #이재명 안철수 뽑으면 안철수 대통령 됩니다.	5	4	0	1
GfLmTEOEccs	안철수신제가치국평천하	안철수 #윤석열 #이재명 안철수 뽑으면 안철수 대통령 됩니다.	10	7	0	1
UBHAF9wDvL8	대한민국 역사상 최악의 정치 무능자, 안철수...	대한민국 건국 이래로 안철수 만큼이나 무능력한 정치인이 과연 있었을까? 개인적인 정치적 역량을 논외로 치더라도 판단력과 학습 ...	12	2	0	-1
g5TxaBiDPnM	[대선풍향계] 4인 4색…대선주자 주요 공약 톺아보기 / 연합뉴스TV (YonhapnewsTV)	[대선풍향계] 4인 4색…대선주자 주요 공약 톺아보기 [앵커] 제20대 대통령 선거, 이제 17일 남았죠. 이번 주 대선풍향계에서는 각 ...	650	39	14	1
0oj3dMcFOHw	윤석열-안철수 단일화, 물 건너 갔나..? [RNB, 레지스탕스TV, 정광용TV]	자율구독료(후원): 하나은행 224-910502-42407 (예금주:정광용) ☆멤버십 가입: ...	7405	1689	90	1
RIfrwA7QiT8	속보! 이준석과 안철수의 은밀한 결속이 공개됐다! 배신당한 윤석열! 김건희 충격 발언! 이재명 사임! 문재인의 다크모드 긴급수사!	속보! 이준석과 안철수의 은밀한 결속이 공개됐다! 배신당한 윤석열! 김건희 충격 발언! 이재명 사임! 문재인의 다크모드 긴급수사!	2526	346	7	-1
KHs_muDnPSE	3월9일 다자구도 최종 지지율 예측 - 이재명 1.3%의 차이로 윤석열 이긴다 | 안철수 최종 지지율 18% | 윤석열은 결국 성접대 이준석으로 흥하고, 이준석으로 망한다 |	유순호 '정치,역사,문화칼럼' TV 자발적 구독료(후원)｜국민은행：765201-04-239649 (예금주 유순호) # 2022대선# 이재명후보# ...	30	16	3	-1
y5fRtY4VBDw	[#383] 안철수-새로운 감염병 올 것!!접종완료 기준 강화해야! VS윤석열 백신패스 철회	후원계좌(국내) : 신한은행 110-532-395014 이** □ 후원계좌(해외) : WOORI BANK (SWIFT CODE : HVBKKRSEXXX) ...	473	157	36	1
WjqwAx74Uvk	이재명, 이틀째 &#39;안방&#39; 경기도 유세…윤석열, TV토론 준비 매진 / 연합뉴스TV (YonhapnewsTV)	이재명, 이틀째 '안방' 경기도 유세…윤석열, TV토론 준비 매진 [앵커] 공식 선거운동 시작 후 첫 주말을 맞은 대선 후보들 소식 정리해 ...	92	4	7	1
QFZt76PHhMg	무지성 단일화가 위험한 이유	kbs일요진단 22.02.20 #이준석 #준스톤 #윤석열 #안철수 #단일화 #후보단일화 #이재명 #심상정.	1582	288	62	-1
iHEOxEu_QoY	21대 대통령 홍준표를향해 앞으로5년 다시한번 힘내서 응원합시다. #홍준표대통령 #21대 대통령 #무대홍 #청주홍 #돌돌홍 #어대홍 #컴백홍	홍준표 #홍준표대통령 #윤석열 #후보사퇴 #후보교체 #한줌욕영상 #김거희tv #장준호tv #윤석열지지율 #대장동 #아스팔트 #김상진tv ...	37	15	5	1
razIY2-yd_U	약속하셨고 대구는 홍준표가 발전시키려고 작정하셨습니다. 여러분 홍준표를 믿어주세요. #대구공항 #홍준표 #TK신공항 #대구시장 #윤석열 약속 #대구 부럽 #홍준표 공약 이행 #신의	홍준표 #홍준표대통령 #윤석열 #후보사퇴 #후보교체 #한줌욕영상 #김거희tv #장준호tv #윤석열지지율 #대장동 #아스팔트 #김상진tv ...	16	4	1	1
djDu558O-og	윤석열 구미 유세 인파 규모 #shorts #드론뷰 #항공뷰	종이TV 자율구독료 ○ 카카오뱅크 3333-03-8393457 박ㅈㅇ 국민 632302-04-024991 박ㅈㅇ ○ 종이의 멤버십 ...	1152	410	13	1
L-ZlAknOkrk	내일 월요일(21일) 관심주 = 대원전선(윤석열) 한전기술 팬오션 하이트진로 아모레퍼시픽 대원제약(종가매매)/우크라 리스크 존재 하지만 전면전은 제한적인 것에 배팅!!!	"시청해 주셔서 감사합니다 불끈봉 매매법은 기적의 종가 및 시초가 단타매매기법인 ""주식 불끈봉 비법"" 입니다. 이 기법의 시작은 불끈 ..."	35	4	0	1
9MS1vnkimHY	[일요진단 라이브] 야권 단일화…이준석 대표 해법은? / KBS  2022.02.20.	KBS 기사 원문보기 : http://news.kbs.co.kr/news/view.do?ncd=5399293 ▣ 제보 하기 ◇ 카카오톡 : 'KBS제보' 검색 ◇ 전화 ...	2964	173	146	1
EPHz4X5-RYE	[광주미문교회] 2022.02.20 주일 낮 예배 설교	본문 : 민수기 23장 11절~ - 제목 : 성도의 힘은 예수님 입니다.	10	0	0	1
dpzJjx5b6Xw	안민석의 뜬금없는 발언...광주에는 쇼핑물이...네티즌들 화 단단히 났다	안녕하세요 뉴스패널입니다 어려운 뉴스를 쉽게 풀어서 설명하고있습니다 자유민주주의를 위해 ...끝까지 함께 싸우겠습니다 #김혜경 ...	24	5	0	-1
q7QjWHQ4REo	내 얼굴에 점! 함부로 빼거나 만들면 큰일납니다.. [동자법당 ☎010-4946-4328]	전북군산점집 동자법당⭐ ▷상담문의 ☎️010-4946-4328☎️ ▷신당위치 : 전북 군산시 영화동 #관상 #점 #얼굴점 #관상점 #코점 ...	63	8	0	1
1zcretmXy3k	실시간 #무등산인호#동계스포츠  #안철수유세버스2명사망#교도소tv #코로나3주간오후10시까지	다정한부부#70대어머니와떠나는먹방여행#복부인 #교도소tv#불암산적#철이tv#동계올림픽 1. 정부, 확진자 관리 사실상 국민 자율에 ...	6	0	0	1
seU9q9Vp3is	이즈유 - 허경영 찍고 1억 받자 빚청산!	기호6번#허경영#1억받자#빚청산#이즈유#대통령#국가혁명#이재명윤석열안철수심상정#선거유세#지지선언#코로나긴급생계 ...	8	4	1	1
Sjnb-Zcsp_Y	기호6번 허경영과 박정희 전 대통령 연결고리	기호6번 허경영#박정희전대통령#블루넌주식TV#백금지휘봉#비밀보좌관#연결고리#돈걱정#대한민국자영업자#3월9일대통령선거# ...	6	2	0	-1
aT7-9bBctYg	국가예산 기호6번 허경영이 돌려드립니다	국가예산#기호6번#허경영#국민배당금통장#1억#대통령#절약#이재명윤석열안철수심상정#정신교육대#국회의원무보수100명#3 ...	6	3	0	1
bM-IwB4l0h8	실시간 #무등산인호#동계스포츠  #안철수유세버스2명사망#교도소tv #코로나3주간오후10시까지	다정한부부#70대어머니와떠나는먹방여행#복부인 #교도소tv#불암산적#철이tv#동계올림픽 1. 정부, 확진자 관리 사실상 국민 자율에 ...	3	0	0	1
YQQtnGJiBNg	실시간 #무등산인호#동계스포츠  #안철수유세버스2명사망#교도소tv #코로나3주간오후10시까지	다정한부부#70대어머니와떠나는먹방여행#복부인 #교도소tv#불암산적#철이tv#동계올림픽 1. 정부, 확진자 관리 사실상 국민 자율에 ...	17	2	0	1
JcnozAyRilY	실시간 #무등산인호#동계스포츠  #안철수유세버스2명사망#교도소tv #코로나3주간오후10시까지	다정한부부#70대어머니와떠나는먹방여행#복부인 #교도소tv#불암산적#철이tv#동계올림픽 1. 정부, 확진자 관리 사실상 국민 자율에 ...	2	0	0	1
llEYddeoSMw	저는 허경영을 지지합니다(달려라꿀승훈)	허경영#달려라꿀승훈#기호6번#언론탄압#대통령#3월9일대통령선거#이재명윤석열안철수심상정#역대급비호감선거#대통령자격 ...	4	2	0	-1
2r3_nN0nOBo	Live2/20) 국민의힘 기호2번 윤석열! 선거유세야? 싸이(PSY) 콘서트야? (feat. 가태교수,동이,쩐대표)	https://toon.at/donate/637541266754247950 투네이션 ☆평일live 월,화,수,목,금 오후11:15 멤버십 : 로우킥:990 미들킥1990 ...	0	0	0	1
-9zK7DMd86w	위험한 초대석 - (펌. 가로세로연구소 - 허경영)	가로세로연구소#강용석#김세의#허경영#대통령#기호6번#33정책#정신교육대#국회의원무보수명예직100명#위험한 초대석#가세 ...	4	1	0	1
