ID	title	description	viewcount	likecount	commentcount	label
13l3xD_NZQA	안철수 &#39;단일화 결렬&#39; 선언‥대선 구도 영향은 (2022.02.21/930MBC뉴스)	국민의당 안철수 후보가 야권 단일화 결렬을 선언하며 대선을 완주하겠다는 의사를 밝혔습니다. 안 후보는 윤석열 후보의 답변을 ...	3381	151	86	1
s8l5IzxQetE	뉴스A 라이브 / 안철수, 단일화 결렬 선언·우상호 ‘김만배 녹취록’ 공개	[뉴스A 라이브] 채널A 뉴스A 라이브 (12:00~13:20) [채널A 뉴스·시사 프로그램 방송시간] 〈평일〉 08시 50분 김진의 돌직구 쇼 12시 00 ...	454	35	0	1
kJ4URu76wQk	안철수 '단일화 결렬은 尹 책임'...&#39;경기지사 대가설&#39;이 원인? / YTN	방송 : YTN 뉴스LIVE □ 진행 : 김대근 앵커 □ 출연 : 추은호 해설위원 * 아래 텍스트는 실제 방송 내용과 차이가 있을 수 있으니 보다 ...	4856	199	103	-1
w0e5f6JhwCY	안철수 '내 길 가겠다'…일주일 만에 단일화 결렬 선언 / JTBC 아침&amp;	안철수 국민의당 대선후보가 어제(20일) 국민의힘 윤석열 후보와의 야권 단일화 결렬을 선언했습니다. 단일화 제안을 한 지 일주일 만 ...	655	24	17	1
T38RGKfksCY	안철수 “단일화 철회”…오늘 법정 첫 TV 토론회	안철수 국민의당 대선 후보가 야권 후보 단일화 제안을 공식 철회했습니다. 결국 이번 대선, 다자구도에서 치를 가능성이 높아진 ...	20	1	0	1
TKbAeoh54GY	이준석열 당혹ㅋㅋ 안철수 특별당비 80억 내버렸다ㄷㄷ ('3월 9일 이재명 웃을 듯')	영사설명 : KSOI 조서 결과와 함께 단일화 결렬 분석과 김성회 소장 판세 분석 등 전해드리겠습니다 (인용=쿠키뉴스 및 TBS)	40672	10857	351	-1
gFBGvuRrH3g	안철수에 비난 폭발! 지지율 폭락 물론 정치생명도 위험 2022.2.21 오전10시	후보단일화 결렬선언한 안철수의 무책임한 행태에 비난 집중,윤석열의 마지막 포용력에 기대 #이재명#이준석#심상정#대선후보법정 ...	4363	3047	256	-1
crhLCQeqKQ4	2/21(월) - 안철수 단일화 결렬 선언(권은희)/ 팬데믹 또 온다(정재훈)/ [뉴스닥] “히딩크 세리모니”(↑) “윤석열 막말 단일화 결렬”(↓)(김근식·현근택)/ 시사기상도	2월21일(월) 김현정의 뉴스쇼 ▣ 라이브 방송 안내 뉴스쇼 라이브 방송 | 매주 월~금 오전 7시20분~9시 댓꿀쇼 라이브 방송 | 화·금 주 2 ...	109934	2400	157	-1
z1sQymV-skA	단일화 결렬, 안철수-윤석열 오전 통화는?	방송 : CBS 라디오 '김현정의 뉴스쇼' FM 98.1 (07:20~09:00) □ 진행 : 김현정 앵커 □ 대담 : 김광일 (CBS 기자), 김준일 (뉴스톱 대표) ...	3092	110	23	1
_gq52P0Fx5Y	2월 21일 (월) 안철수, 단일화 제안 왜 철회했나/미국 NSC 회의 소집 이유?/코인 참패, 달러 so so, 금은 위너/토론은 두근두근 - 현근택vs이두아 [김태현의 정치쇼]	[1부] 뉴스 온더 블럭 #김동인 시사인 기자 [2-3부] 뉴스싹쓰리 - 안철수는 단일화 제안 왜 철회했나? - 광주 쇼핑몰 공방, 호남표심 변수 ...	539	20	2	1
qXDWsZIS7J0	[뉴스포커스] 안철수 '야권 단일화 결렬'…오늘 첫 법정 TV토론 / 연합뉴스TV (YonhapnewsTV)	"[뉴스포커스] 안철수 ""야권 단일화 결렬""…오늘 첫 법정 TV토론 [출연 : 조기연 더불어민주당 선대위 공명선거법률지원단 부단장· ..."	394	11	6	1
yBBRhXFPooY	안철수의 정치 여정 끝. 정치에서 종교로.	유재일입니다. 시청해주시는 모든 분들 감사합니다.   좋아요와 구독, 댓글은 채널 운영에 큰 힘이 됩니다! (더보기를 눌러주세요) ...	3357	798	61	1
a-pGz8NRby0	安측 인사들도 안철수 결정에 충격적인 반응. 네티즌들의 반응은 더 격앙. 김동길 인명진 반응 보니..	安측 김동길교수 “양보할줄도 알아야, 安결정 안타깝다”… 인명진 “충격적이고 의외”	26709	18535	2014	-1
F_dxz_JQDp4	대선후보 지지도 ‘이재명-윤석열 초접전...안철수 급락’(이강윤)/오락가락 여론조사 결과, 왜 그럴까? 제대로 따져보자(배종찬, 이택수)[김어준의 뉴스공장]	2월 21일(월) 김어준의 뉴스공장 ◎ 3부 [그것마저 알려주마] 2월 셋째 주 차기 대선후보 지지도 - 이강윤 소장 (한국사회여론연구소) ...	50147	6295	378	1
zToF4kuFzjA	대선 후보, 첫 법정 토론 격돌...安 &#39;단일화 철회&#39; 후폭풍 / YTN	[앵커] 오늘(21일) 저녁 대선 후보들이 중앙선거관리위원회가 주관하는 첫 법정 TV 토론회에서 격돌합니다. 이런 가운데 국민의당 ...	2953	45	31	1
wj1fhUIRsEM	대선 후보, 첫 법정 토론 격돌...安 &#39;단일화 철회&#39; 후폭풍 / YTN	[앵커] 오늘(21일) 저녁 대선 후보들이 중앙선거관리위원회가 주관하는 첫 법정 TV 토론회에서 격돌합니다. 이런 가운데 국민의당 ...	3778	74	66	1
bFega3WuUGk	'이재명 36.4%·윤석열 43.3%'...尹, 오차범위 밖 우세 / YTN	차기 대선 지지율 여론조사에서 국민의힘 윤석열 후보가 민주당 이재명 후보를 오차 범위 밖으로 앞서는 결과가 나왔습니다. 동아일보 ...	2573	30	59	1
7r4vSNuqW8o	긴급! 이회창 입 열었다! &#39;윤석열 안철수 단일화&#39; 충격발언! 이재명 큰일났다! (진성호의 직설)		34393	4874	264	-1
MexiXxoS8lY	박근혜 봄날 왔다! #안철수의 노련한 철수 #이준석은 정치 모리배 #윤석열 검찰공화국,과장일까 #이재명 안철수 뭉칠 가능성은? #윤석열이 땅을 치고 후회할 2가지	윤창중칼럼세상은 보수우파의 집권이 목표입니다. 실현 가능한 해법과 방향을 분명히 제시합니다. 윤칼세를 도와주십시오. 윤칼세TV ...	9016	1477	26	1
9mg6oPaa2UQ	단일화 결렬…윤석열·안철수, 무슨 일 있었길래 | 김진의 돌직구 쇼 934 회	단일화 결렬…윤석열·안철수, 무슨 일 있었길래 | 김진의 돌직구 쇼 934 회 서울 安 ＂제 길 간다＂…대선 코앞 무산된 野 단일화 서울 ...	2393	128	44	1
yvt56t6Gdv8	아내 김미경 교수가 연설에서 밝힌 대통령 후보 안철수	깨끗하고 유능한, 준비된 후보! 오직, 국민만 바라보는 후보! '기호 4번 안철수'	104	67	13	1
Lw7cdl2LtfU	[김종배의 시선집중][FULL] &amp; [정치직격]│김만배 녹취록 공개..'영장 들어오면 尹 죽어'│안철수, 단일화 결렬 선언│[조응천·하태경·김진애], MBC 220221 방송	2022년 2월 21일 월요일 #시선집중 #정치직격 #MBC라디오 1부 [JB TIMES] #안철수 #김만배녹취록 #윤석열 #이재명 · 안철수, ...	109053	6758	153	-1
fo4u3LhBMTg	[황보선의 출발 새아침] FULL다시보기 | 토요일 국회에서 14조 추경, '갈길 간다' 안철수 단일화 결렬 선언, 대장동 사건 타임라인 &amp; &#39;그 분&#39;의 진짜 정체 | 220221	"YTN FM 94.5MHz 우리의 이슈가 뉴스를 바꿉니다. 세상을 깨우는 ""황보선의 출발 새아침"" 중심잡힌 시선으로 가장 뜨거운 이슈를 ..."	9650	415	12	1
Ry9wOL0y0v4	안철수vs.윤석열 단일화 결렬 배경	안철수#윤석열 #단일화결렬.	38	11	1	-1
CAV5oL-QhRM	[천안TV 뉴스] 국민의당 선거운동원 사망 사고, 애도물결 이어져	천안TV 주간종합뉴스 국민의당 선거운동원 사망 사고, 애도물결 이어져 -방송일 : 2022년 2월 21일(월) -진행 : 정해인 아나운서 - 취재 ...	2	1	0	1
LOL0ho9ycMw	MBC) 안철수의 기적! 오렌지 축제 1부  #안철수 #국민의당 #대통령	턴라이트 - 구독 턴라이트  자발적후원 계좌   중소기업은행 341-108033-04-010 ❤ 문자응원 #70794296 ✓✓해외용페이팔 ...	1123	317	0	1
1VH8HvWwOaI	김근식 '단일화 가능성 남았다' vs 현근택 '희망회로 돌리나'	〈민주당 선대위 현근택 대변인〉 안철수 尹 원망 보니 단일화 완전히 끝난듯 이준석 등 국민의힘 발언에 安 심기 불편 윤석열 정치보복 ...	4387	196	75	-1
89Syb_NkgnY	TBS+KSOI,뒤집힌 여론조작 딱 걸렸네!안철수,결렬선언에 이사람이 젤 큰 영향!이회창 김동길 인명진 홍준표,단일화결렬 충격입장문!권은희-'단일화,사골곰탕처럼 우려먹으려 해'!	윤석열TV: https://www.youtube.com/channel/UCcl16CxYqlbKQJVCfdhSJVw 윤석열 공식 유튜브 주소입니다. 나라를 살리는 모든 ...	14374	1991	78	-1
APf56Sianl0	안철수의 생각	안철수의생각#안철수#대선후보#안철수책.	8	4	1	1
qX-u5WkcfIM	악랄한 이준석 얕은 수에 놀아난 답답한 안철수	가로세로연구소 구독 후원 방법 정기구독 후원 ARS 1877-0665 기업은행 655-026629-01-014 (예금주 : (주)가로세로연구소) 국민 ...	115385	16694	93	-1
RrLnDDFGT-c	흐름탄 이재명, 역전했다! 민주당 '17조 5000억 규모 추경 수정안 반드시 통과' - 우상호 윤석열 역공 시작.. 이준석 역풍 '안철수 조롱 비하발언, 일벌 백계해야'	이재명윤석열대선후보 #민주당17조5000억규모추경수정안 #우상호윤석열역공시작 #이준석역풍안철수측분노 ▣ 황희두 멤버십 ...	35482	12810	581	-1
9aryN8P-tGQ	민주당, 역전의 명수들!	이준석 #안철수 #윤석열 #이재명.	16410	5528	414	-1
6uKTQE1I_b0	안철수 단일화 철회		8	0	0	-1
iuZqXewMjT4	&#39;안철수 뒷통수&#39;에 장제원 격앙! &#39;安 후원회장&#39; 김동길 교수 작심 발언, &#39;양보할 땐 양보해라!&#39; 안철수 중대결심만 남았다!!	정의구현 멤버십 가입 : https://www.youtube.com/channel/UCUNwNXVrWAHQpc8gPp1c6kw/join 자발적 구독료 : KB국민은행 ...	13430	6462	419	-1
1l0cNYCI-TM	준스톤 인.간.교육 영상 (feat.XX 파일 더빙)	자유민주주의.정의실현.국민과 국가사랑실천 안철수가답이다뉴스(안답뉴)는 시청자분들의 소중한 댓글로 제작되는 안철수 후보 순수 ...	236	122	30	1
tk8MTpFz3dU	신문브리핑 1 '尹 전화 받은 安 '대리인끼리 먼저 논의하자'…3시간 후 '접겠다'' 외 주요기사 [아침&amp;매일경제]	"(매경)신문브리핑 1 ""尹 전화 받은 安 ""대리인끼리 먼저 논의하자""…3시간 후 ""접겠다"""" 외 주요기사(0218) #아침앤매일경제 #신문 ..."	1183	50	12	1
8WyoThUcXiQ	신문브리핑 2 '安은 단일화 철수했지만…국민의힘 '아직 끝나지 않았다'' 외 주요기사 [아침&amp;매일경제]	"(매경)신문브리핑 2 ""安은 단일화 철수했지만…국민의힘 ""아직 끝나지 않았다"""" 외 주요기사(0218) #아침앤매일경제 #신문브리핑 ..."	806	32	16	1
m1hMmds3EHk	안철수 김미경 부부		4	0	0	1
I3QoovaZ50I	안철수 단일화 철회		2	0	0	-1
GwXtcG0i53w	2/21(월) 안철수 '이제부터 저의 길 가겠다' / 김만배 '영장 들어오면 윤석열은 죽어' / '尹장모, 김건희 지인 동원해 부동산 차명투자'_노영희의 뉴스인사이다[뉴스픽]	"2월 21일 (월) 노영희의 뉴스인사이다 ▷ 한동인 기자의 뉴스픽 - 안철수 ""이제부터 저의 길 가겠다""…단일화 불발 - 김만배 ""윤석열 ..."	1102	247	10	-1
eRq1de-WabY	안철수 김미경		6	0	0	1
BkJ8uc1Qa98	단일화 결렬 후폭풍 | 추경 단독처리 | 문화계 블랙리스트 논란 | 첫 법정 TV토론 예정 [짤짤이쇼 라이브 71화]	경축! NEW 광고주 ☆ 다모애 탈모샴푸 ☆ 고백! 전직원 시빌리언 인증기업 ☆ (짤짤이쇼 세트 1) 다모애 탈모샴푸 2 SET ...	71959	8095	196	1
rjOc9Au_1cM	안철수 단일화 철회		3	0	0	-1
CAuZfRZE7Bs	안철수 단일화 철회		25	1	0	-1
CulMD1qNKpk	안철수 단일화 철회		3	0	0	-1
kkJnfFCUsQU	[송국건의 혼술] 안철수를 움직이는 김미경 “기적을 믿는다. 완주해라”	여론조사 '오차범위 안 윤석열 우세' 틀 깨졌다 안철수 단일화 거부 선언 막전막후: 진짜 이유 따로 있었다! 안철수 마이웨이 선언, 막후 ...	12911	3292	300	1
E8YT55Z41xk	이재명 끝내 이기리라  #이재명 #이재명대통령 #대선 #윤석열 #안철수 #선거유세		2	2	0	1
KdJm-P_rQgU	윤석열 안철수 통화		3	0	0	1
ooJy3AS6gGw	희림 내일은?  철수 형님  토론  기대~!  ( 안 vs 윤 ) #안철수#윤석열	깨달은 사람이 보는 주식의 움직임 분석은 무엇이 다를까요? 정답은 비슷합니다 .다만 마음 작용에 대해 더 많이 생각을 하는차이가 ...	3	1	0	1
sDQp6c5uv_k	긴급! 안철수, &#39;통일 포기&#39;에 대한 거창한 발언! 이재명, 김혜경 불륜 충격 후 패배 고백! 김건희 맞아! 윤석열 지지율 62.9% 급등!	긴급! 안철수, '통일 포기'에 대한 거창한 발언! 이재명, 김혜경 불륜 충격 후 패배 고백! 김건희 맞아! 윤석열 지지율 62.9% 급등!	2070	226	7	-1
