ID	title	description	viewcount	likecount	commentcount	label
Eh23N985tmg	[이재명 민주당 후보, 코로나 피해 극복 기자회견] / 02월 21일 (월) / 디지털Only	오늘(21일) 이재명 더불어민주당 대선 후보가 여의도 민주당사에서 '코로나 피해 극복과 대응 방안 관련 기자회견'을 열고 민생 의제를 ...	3618	232	46	1
50KphVxEv7M	더불어민주당 이재명 대선후보, 코로나19 피해극복·대응방안 기자간담회 - [끝까지LIVE] MBC 중계방송 2022년 02월 21일	더불어민주당은 오늘 오전 이재명 대선후보가 참석한 가운데 코로나19 피해극복 및 대응방안 관련 기자간담회를 개최합니다.	15355	1557	116	1
jEbbCWsilp8	이재명 코로나 극복과 대응 방안 기자회견 / SBS	SBS뉴스 #8뉴스 #이재명 #더불어민주당 #실시간 으로 만나 보세요 라이브 뉴스 채널 SBS 모바일24 ▷SBS 뉴스로 제보해주세요 ...	7773	187	59	1
4mdApSiAYIQ	[풀영상] 더불어민주당 이재명 후보, 코로나19 대응 정책 기자회견/2월 21일(월	더불어민주당 이재명 대선 후보는 오늘(21일) 오전 코로나19 대응 정책 관련 기자회견을 열었습니다. 오늘 저녁 TV토론 준비를 위해 ...	10883	754	90	1
RJDeAv0s8jQ	[현장영상] 이재명 '재택치료자 10만원 지급…국가가 함께 비용 감당해야' / JTBC News	"이재명 더불어민주당 대선 후보가 ""재택치료자에 대해 의약품 구입비 등에 소요되는 비용을 지원하기 위해 1인당 10만원의 추가 ..."	1876	71	90	1
bFega3WuUGk	'이재명 36.4%·윤석열 43.3%'...尹, 오차범위 밖 우세 / YTN	차기 대선 지지율 여론조사에서 국민의힘 윤석열 후보가 민주당 이재명 후보를 오차 범위 밖으로 앞서는 결과가 나왔습니다. 동아일보 ...	2573	30	59	1
8HP52lxVVoY	KSOI '이재명 43.7%·윤석열 42.2%'...치열한 경합 / YTN	차기 대선 지지율 여론조사에서 민주당 이재명 후보와 국민의힘 윤석열 후보가 치열한 경합을 벌이는 것으로 나타났습니다. 한국사회 ...	11811	710	274	1
FLyyehufuGs	이재명 부스터 슛 '코로나19 요 쬐깐한 것 확 한번 차보겠습니다' | 이재명 대선후보 전북방문 | 말말말	Shorts #이재명 #발차기 #대선후보 #퍼포먼스 #전북방문.	86	7	1	1
6fCRUE_PXOY	권영세 '이재명, 조급해도 최소한의 품격 지켜야' / YTN	국민의힘 권영세 선대본부장은 더불어민주당 이재명 후보에게 아무리 조급해도 최소한의 품격을 지켜달라고 당부했습니다. 권 본부장 ...	1026	18	50	1
PODAP634yjY	[LIVE] 이재명 후보, 코로나 피해 극복과 대응 방안 관련 기자회견		11759	9826	425	1
3yG2L6dWuEI	[생방송] 이재명 43.7%, 윤석열 42.2% 접전... 추경 처리 막판변수 - 안진걸 민생경제연구소장 (2022.02.21 오전)	[생방송] 이재명 43.7%, 윤석열 42.2% 접전... 추경 처리 막판변수 - 안진걸 민생경제연구소장 (2022.02.21 오전) #이재명 #윤석열 ...	58690	0	87	1
F_dxz_JQDp4	대선후보 지지도 ‘이재명-윤석열 초접전...안철수 급락’(이강윤)/오락가락 여론조사 결과, 왜 그럴까? 제대로 따져보자(배종찬, 이택수)[김어준의 뉴스공장]	2월 21일(월) 김어준의 뉴스공장 ◎ 3부 [그것마저 알려주마] 2월 셋째 주 차기 대선후보 지지도 - 이강윤 소장 (한국사회여론연구소) ...	50147	6293	378	1
luwjrQSaE34	[생중계] 이재명 “재택치료자에 10만원씩…당선시 거리두기 완화” (2022.02.21 오전)	[생중계] 이재명 후보, 코로나 피해 극복과 방안 관련 기자회견 (2022.02.21 오전) #이재명 #코로나 #극복 #2022대선 #피해 #방안 ...	26940	0	265	1
mfTcatM3D9E	대선주자 주식공약 비교 총정리(이재명vs윤석열)	어떤 후보가 내 주식 올려줄까? 타임라인 00:00 인트로 00:01 주식공약 (1)물적분할 04:18 주식공약 (2)공매도 05:23 주식공약 (3) ...	173	22	0	1
qT48ycD8F2E	[풀영상 다시보기]이재명 '당선 1호 지시, &#39;코로나 피해 긴급구제 특위&#39; 설치' - 코로나 피해 극복과 대응 방안 기자회견	"이재명 [이재명 ""당선 1호 지시, '코로나 피해 긴급구제 특위' 설치"" ] 더불어민주당 이재명 대선 후보는 21일 ""당선 1호 지시사항으로 ..."	673	103	10	1
_Ikm3Z_vvlU	[풀영상] 더불어민주당 이재명 후보, 코로나 피해 극복 방안 기자 회견 / 연합뉴스TV (YonhapnewsTV)	더불어민주당 이재명 대선 후보가 코로나 피해 극복과 대응 방안을 설명하는 기자회견을 열었습니다. 민생 위기를 벗어날 해법과 추경 ...	1708	92	12	1
p5wMHZFkv8s	이재명, 코로나19 피해 극복·대응 방안 기자회견 / YTN	[이재명 / 더불어민주당 대선 후보] 존경하는 국민 여러분, 더불어민주당 대통령 후보 이재명입니다. 오미크론이 급격하게 확산되면서 ...	2972	211	101	1
SwCTqanmcT0	이재명은 일을 잘합니다! #shorts	2022.2.21.(월) 흑석사거리 유세中 이재명 후보는 일을 잘합니다 이재명 후보는 약속을 지킵니다. 이재명 후보는 대한민국을 세계 최강 ...	19	11	0	1
RDgJbBdRkQA	이재명 “코로나 재택치료자, 10만 원씩 추가 지원”	이재명 더불어민주당 대선 후보가 21일 서울 여의도 더불어민주당 중앙당사에서 열린 코로나 피해 극복과 대응 방안 관련 기자회견을 ...	10	2	1	1
FCmVGJOWCII	이재명 방금 지지율 43.7% 1위 해냈다, 윤석열 어쩔; 또 폭락! (문재인 대통령 지지율 47.8% 올들어 최고 판 뒤집어졌다)	채널에 가입하여 혜택을 누려보세요. https://www.youtube.com/channel/UCXizVvs2c7LtFZAu25sK5Fg/join [이재명 후원회 홈페이지] ...	68232	19153	1148	-1
zToF4kuFzjA	대선 후보, 첫 법정 토론 격돌...安 &#39;단일화 철회&#39; 후폭풍 / YTN	[앵커] 오늘(21일) 저녁 대선 후보들이 중앙선거관리위원회가 주관하는 첫 법정 TV 토론회에서 격돌합니다. 이런 가운데 국민의당 ...	2953	45	31	1
EQR0SPbnm-0	변발헤-민주당 추경 단독 통과/독일 언론, 이재명 기대/김만배 '윤석열 죽어'/대장동 그분은  현직 대법관	멤버쉽 링크 - https://www.youtube.com/channel/UCkI2g2FvX-haxXqqDMqc96A/join 송작가TV몰 링크 ...	4741	1967	31	1
Wj3OJXFLmWM	2/21(월) 드러난 대장동 그분, 윤석열·이재명 공수전환_노영희의 뉴스인사이다[대담한 대담]	2월 21일 (월) 노영희의 뉴스인사이다 ▷ 노영희의 [대담한 대담] 김의겸 더불어민주당 의원 - 대장동 녹취록 속 '그분'은 현직 대법관 ...	2105	462	31	1
N5Sy6ysqxtg	이재명 대역전의 한주가 시작되었다 KSOI 이재명 43.7% 윤석열 42.2%	"유튜브 이송원TV 2월 21일(월) 오전 9시에 배우 장동직, ""이재명 후보를 지지합니다"" KSOI 여론조사 결과 소상공인 자영업자 여러분께 ..."	13366	4114	19	1
FwkPuFzTViE	[시사예보] 이재명의 바람이 분다	한사연 여론조사가 발표되었습니다. 지친 분들께 희망이 조금되길...... This stream is created with #PRISMLiveStudio.	2731	1103	0	1
RrLnDDFGT-c	흐름탄 이재명, 역전했다! 민주당 '17조 5000억 규모 추경 수정안 반드시 통과' - 우상호 윤석열 역공 시작.. 이준석 역풍 '안철수 조롱 비하발언, 일벌 백계해야'	이재명윤석열대선후보 #민주당17조5000억규모추경수정안 #우상호윤석열역공시작 #이준석역풍안철수측분노 ▣ 황희두 멤버십 ...	35482	12805	581	-1
-H96mkyHgmk	[천안TV 뉴스] 천안 찾은 이재명 후보, 지역 맞춤 공약으로 충청민심 &#39;다잡기&#39;	천안TV 주간종합뉴스 천안 찾은 이재명 후보, 지역 맞춤 공약으로 충청민심 '다잡기' -방송일 : 2022년 2월 21일(월) -진행 : 정해인 ...	7	1	0	1
pz_CpADrC9E	이재명 후보 - 코로나 피해 극복과 대응 방안 관련 기자회견		349	100	2	1
Z8oOVibiXsE	【맨인블랙의 닥치고 이재명 _057】 더도 말고 ‘ 한 명만 더’ 투표장으로 권하기 운동!	막바지까지 왔습니다. 공식 선거운동은 시작됐고, 운명의 날까지 20일도 남지 않았습니다. 내 운명을 윤후보 지지자들에게 맡겨둘 수 ...	30	11	0	1
7qp8BC4WeaU	[경북을 위해 이재명!] Be With You! 20대 대통령은 경북의 아들 이재명!	[경북을 위해 이재명!] Be With You! 20대 대통령은 경북의 아들 이재명!	2	1	0	1
ODzaC3SY1IM	이재명 대통령 후보- 10:00 코로나 피해 극복과 대응방안 관련 기자간담회 / 중앙당사 2층 브리핑룸	"① 09:00 교회 예배 / 수원중앙침례교회 ② 11:00 ""검증된 실력과 성과, 대한민국을 위해 일하겠습니다!"" 수원 유세 / 수원 만석공원 제2 ..."	2455	819	0	1
q2Jh-JT9KKg	20대 대선 기호 1번 이재명! 우리동네 공약 (영천)	영천 시민을 위해 이재명!	16	5	0	1
ral4dczlR7U	이재명 '재택치료자에 10만원 지원...청소년 방역패스 폐지 검토'	더불어민주당 이재명 대선후보가 21일 오전 서울 여의도 중앙당사에서 코로나 피해 극복과 대응 방안 관련 기자회견을 하고 있다.	17	3	0	1
szJmfCcH-V4	[풀영상] 더불어민주당 이재명, 코로나 피해 극복과 대응 방안 관련 기자회견 (22.02.21)	더불어민주당 #이재명 #코로나 #극복 #대응 [풀영상] 더불어민주당 이재명, 코로나 피해 극복과 대응 방안 관련 기자회견 (22.02.21) ...	980	30	36	1
2Lia4a1-2zM	20대 대선 청도를 위해 이재명!	20대 대선 청도를 위해 이재명!	0	0	0	1
WYR1F3j2OEg	이재명 팩트로 돌려까는 개그맨 등장 ㅋㅋㅋㅋㅋ	종이TV 자율구독료 ○ 카카오뱅크 3333-03-8393457 박ㅈㅇ 국민 632302-04-024991 박ㅈㅇ ○ 종이의 멤버십 ...	3780	1121	66	1
t5tlavigH8Q	[대선여론조사] 2월21일 KSOI 발표, 이재명 윤석열 역전, 각 후보 지지율, 문대통령 및 각 정당 지지율, 국회추경안 통과평가	[대선여론조사] 2월21일 KSOI 발표, 이재명 윤석열 역전, 각 후보 지지율, 문대통령 및 각 정당 지지율, 국회추경안 통과평가 ...	38	0	0	1
3etV7x3l-40	이재명 발차기·윤석열 어퍼컷…주목받는 ‘액션 정치’ | 김진의 돌직구 쇼 934 회	이재명 발차기·윤석열 어퍼컷…주목받는 '액션 정치' | 김진의 돌직구 쇼 934 회 동아 尹, 하루 30번 넘게 '어퍼컷 세리머니' 한경 李 ...	552	28	17	1
TKbAeoh54GY	이준석열 당혹ㅋㅋ 안철수 특별당비 80억 내버렸다ㄷㄷ ('3월 9일 이재명 웃을 듯')	영사설명 : KSOI 조서 결과와 함께 단일화 결렬 분석과 김성회 소장 판세 분석 등 전해드리겠습니다 (인용=쿠키뉴스 및 TBS)	40672	10856	351	-1
PN4St1ryvcg	이재명 '윤석열, 말뿐인 50조 공약... 휴지 조각만도 못해'	이재명 더불어민주당 대통령 후보가 21일 중앙당에서 열린 기자회견에서 코로나 피해 극복과 대응 방안과 추가경정예산에 대해 발표 ...	237	9	8	1
36rreL1eLtw	YTN뉴스, 이재명 대통령 수억원 들여 후보의선거 유세곡에서 장민호의 히트곡 사는 걸 공개! 장민호의 노래 덕분에 내 득표이 달라졌대요! 왜 장민호에 투자한 총액에 팬들 당황했다!	구독하고 저희 채널 많이 응원해 주셔서 감사합니다 ❤️❤️❤️ ❤️❤️❤️ Thank you for subscribing and supporting my channel.	402	49	0	1
uRh8f41VqdM	이재명의 눈물연설 Be with you	이재명 #대통령선거 #눈물연설 #3월9일.	86	4	0	1
Iyk3eK08eJI	'윤석열은 죽어' vs '좋은 분'...김만배의 상반된 평가? / YTN	진행 : 김대근 앵커 □ 출연 : 추은호 / 해설위원 * 아래 텍스트는 실제 방송 내용과 차이가 있을 수 있으니 보다 정확한 내용은 방송로 ...	6488	323	85	1
Vh9yVeb49Fk	올인방송&#39;s 이재명·윤석열, '저게 대통령 되면 되나?'에 시달려(2022/02/21)(후원: 농협 333053-51-072090 조영환)	"올인방송's 이재명·윤석열, ""저게 대통령 되면 되나?""에 시달려(2022/02/21)(후원: 농협 333053-51-072090 조영환)"	809	178	1	-1
2hZm1f7xQhc	이재명의합니다 소확행공약72 #국민연금 #군복무 #출산 #박기수브리핑	국민과 함께 소소하지만 확실하게 동행하겠습니다 이재명의합니다 소확행 공약 72 사회적 기여만큼 국민연금 가입기간 인정! 군복무 ...	3	3	0	1
EjoIJiVlDt0	신문브리핑 3 '&#39;尹 어퍼컷&#39; 인터넷 달구자 &#39;李 하이킥&#39; 맞불' 외 주요기사 [아침&amp;매일경제]	"(매경)신문브리핑 3 ""'尹 어퍼컷' 인터넷 달구자 '李 하이킥' 맞불"" 외 주요기사(0218) #아침앤매일경제 #신문브리핑 #이상훈앵커 ..."	343	17	6	1
gXNxMGE47IA	나를 위해 이재명(소확행공약)	이재명 후보의 소확행 공약 #앞으로 #제대로 #나를위해 #이재명 #소확행공약.	6	4	0	1
SzLigt5rKBk	(2부) 2월 한은 기준금리 1,25%로 동결... 하지만...	멤버쉽 가입 : https://www.youtube.com/channel/UCK6bIuN3aDIV4F53QQ4__Ng/join 00:00 오프닝 00:23 인사 04:01 [금통위 폴] ...	5271	671	4	-1
q6s55OU8jfE	이재명 대통령후보 코로나 피해 극복과 대응 방안 관련 기자회견	이재명 #추경 #방역지원금300 깨어있는 민주시민 정치타파 유튜버 억강부약ㆍ대동세상 나아가는 길 여러분과 함께합니다. 자발적 ...	1838	803	31	1
U4mMrETOezU	이재명 후보 로고 송_남행 열차(개사곡) 안동 역 에서(개사곡) 2곡 연속듣기	이재명 후보 로고 송 남행 열차(개사곡) 안동 역 에서(개사곡) 2곡 연속 듣기.	8	0	0	1
