ID	title	description	viewcount	likecount	commentcount	label
bFega3WuUGk	'이재명 36.4%·윤석열 43.3%'...尹, 오차범위 밖 우세 / YTN	차기 대선 지지율 여론조사에서 국민의힘 윤석열 후보가 민주당 이재명 후보를 오차 범위 밖으로 앞서는 결과가 나왔습니다. 동아일보 ...	2573	30	59	1
8HP52lxVVoY	KSOI '이재명 43.7%·윤석열 42.2%'...치열한 경합 / YTN	차기 대선 지지율 여론조사에서 민주당 이재명 후보와 국민의힘 윤석열 후보가 치열한 경합을 벌이는 것으로 나타났습니다. 한국사회 ...	11811	699	272	1
zO8DrzW2adI	신문브리핑 4 '대장동 역공 나선 與…'윤석열 영장 들어오면 죽는다' 녹취록 공개' 외 주요기사 [아침&amp;매일경제]	"(매경)신문브리핑 4 ""대장동 역공 나선 與…""윤석열 영장 들어오면 죽는다"" 녹취록 공개"" 외 주요기사(0218) #아침앤매일경제 #신문 ..."	1757	79	14	1
gh6DUZO9_Mo	‘대장동 그분’ 재조사 임박. 국힘과 윤석열 때린 민주당 '털면 털수록 윤석열 주변 증거들'	조승래 더불어민주당 선거대책위원회 수석대변인은 21일 오전 서울 여의도 당사 브리핑을 통해 더불어민주당 21일 대장동 개발 특혜 ...	601	221	12	-1
iBPlTZrc3UI	실언 쏟아낸 윤석열 '평범한 보통시민 정치에 관심없다'	2월 19일 울산을 찾은 윤석열 국민의힘 대선후보가 실언을 쏟아냈다. 윤 후보는 더불어민주당이 '직업정치인'을 양산해 정치공작에 ...	14578	1758	795	-1
IQOfdx5aZEk	윤석열의 치명적 팩트 오류, 역내 1인당총생산 꼴등은 광주가 아니라 대구! #shorts	광주 역내 GDP가 전국에서 몇 위쯤 합니까!? 꼴등입니다! 꼴등!” 윤석열 국민의힘 후보가 16일 광주 송정매일시장 유세에서 한 ...	1692	540	52	-1
3yG2L6dWuEI	[생방송] 이재명 43.7%, 윤석열 42.2% 접전... 추경 처리 막판변수 - 안진걸 민생경제연구소장 (2022.02.21 오전)	[생방송] 이재명 43.7%, 윤석열 42.2% 접전... 추경 처리 막판변수 - 안진걸 민생경제연구소장 (2022.02.21 오전) #이재명 #윤석열 ...	58690	0	87	1
F_dxz_JQDp4	대선후보 지지도 ‘이재명-윤석열 초접전...안철수 급락’(이강윤)/오락가락 여론조사 결과, 왜 그럴까? 제대로 따져보자(배종찬, 이택수)[김어준의 뉴스공장]	2월 21일(월) 김어준의 뉴스공장 ◎ 3부 [그것마저 알려주마] 2월 셋째 주 차기 대선후보 지지도 - 이강윤 소장 (한국사회여론연구소) ...	50131	6291	378	1
DTiokcWrxOM	권은희 '회견 직전 윤석열 전화, 마타도어 역할극이었다'	단일화는 없다, 윤석열 진정성 없음 확인 * 총리, 경기지사 제안? 국힘발 가짜뉴스 * 安에게 단일화 꼬리표 곰탕처럼 우려먹어 * 민주당, ...	4896	242	100	-1
mfTcatM3D9E	대선주자 주식공약 비교 총정리(이재명vs윤석열)	어떤 후보가 내 주식 올려줄까? 타임라인 00:00 인트로 00:01 주식공약 (1)물적분할 04:18 주식공약 (2)공매도 05:23 주식공약 (3) ...	172	22	0	1
vjU1ImHjUvY	[빨대왕 클립] 노총각 시절 윤석열도 연애할 뻔했다는데...?	윤석열 후보 동기 석동현 변호사가 밝히는 윤 후보 소개팅 썰. 그때 성공했다면 퐁석열 탈출할 수 있었는데...!!! #빨대왕 #서민교수 ...	5749	1433	34	-1
Wj3OJXFLmWM	2/21(월) 드러난 대장동 그분, 윤석열·이재명 공수전환_노영희의 뉴스인사이다[대담한 대담]	2월 21일 (월) 노영희의 뉴스인사이다 ▷ 노영희의 [대담한 대담] 김의겸 더불어민주당 의원 - 대장동 녹취록 속 '그분'은 현직 대법관 ...	2105	462	31	1
Iyk3eK08eJI	'윤석열은 죽어' vs '좋은 분'...김만배의 상반된 평가? / YTN	진행 : 김대근 앵커 □ 출연 : 추은호 / 해설위원 * 아래 텍스트는 실제 방송 내용과 차이가 있을 수 있으니 보다 정확한 내용은 방송로 ...	6488	320	85	1
VOu6nmJmjM0	(생방송)국힘 박창석,, 윤석열 대통령후보 설악장 선거 지지유세	This stream is created with #PRISMLiveStudio.	2	0	0	1
EQR0SPbnm-0	변발헤-민주당 추경 단독 통과/독일 언론, 이재명 기대/김만배 '윤석열 죽어'/대장동 그분은  현직 대법관	멤버쉽 링크 - https://www.youtube.com/channel/UCkI2g2FvX-haxXqqDMqc96A/join 송작가TV몰 링크 ...	4741	1966	31	1
l2ChYlV4eUA	[정치직격] '李 43.7% vs 尹 42.2%' 어퍼컷 날리던 윤석열, 오만함에 판 뒤집혔다?! 김진애가 날리는 묵직한 한 방! - 김진애 전 의원, MBC 220221 방송	2022년 02월 21일 [김종배의 시선집중] | 출연 : 김진애 전 열린민주당 의원 #정치직격 #이재명 #윤석열 #안철수 #심상정 #지지율 ...	37225	4962	429	-1
pHirB_9ph-g	(생방송)국힘 양희석, 윤석열 대통령후보 설악장 선거 지지유세	This stream is created with #PRISMLiveStudio.	9	0	0	1
t5tlavigH8Q	[대선여론조사] 2월21일 KSOI 발표, 이재명 윤석열 역전, 각 후보 지지율, 문대통령 및 각 정당 지지율, 국회추경안 통과평가	[대선여론조사] 2월21일 KSOI 발표, 이재명 윤석열 역전, 각 후보 지지율, 문대통령 및 각 정당 지지율, 국회추경안 통과평가 ...	38	0	0	1
vGbNuD_ZE_Q	민주당 윤석열 울산 유세, 거짓·선동의 연속 220220	민주당 울산시당은 오늘 논평을 통해 어제(19) 국민의힘 윤석열 후보의 울산 유세는 거짓과 선동의 연속이었다고 비판했습니다.	10	0	0	-1
wmKqDo5PIIU	(생방송)국힘 김용기, 윤석열 대통령후보 설악장 선거 지지유세	This stream is created with #PRISMLiveStudio.	6	0	0	1
bf9nA3cMvYA	[윤석열과 강신업] D-16 절박한 정권교체! 그래서 소중한 윤석열!!/ 대한민국 최고의 고품격 정통 정치시사 방송!	윤석열 #정권교체 #3월9일.	180	130	5	1
YSO0gEz1IM4	윤석열의 비하인드 스토리	[이봉규TV 멤버십 가입] https://www.youtube.com/channel/UCxuf... 이봉규 TV 후원계좌 신한은행 110-494-556972 [이봉규TV ...	136	51	0	1
N5Sy6ysqxtg	이재명 대역전의 한주가 시작되었다 KSOI 이재명 43.7% 윤석열 42.2%	"유튜브 이송원TV 2월 21일(월) 오전 9시에 배우 장동직, ""이재명 후보를 지지합니다"" KSOI 여론조사 결과 소상공인 자영업자 여러분께 ..."	13366	4113	19	1
kJ4URu76wQk	안철수 '단일화 결렬은 尹 책임'...&#39;경기지사 대가설&#39;이 원인? / YTN	방송 : YTN 뉴스LIVE □ 진행 : 김대근 앵커 □ 출연 : 추은호 해설위원 * 아래 텍스트는 실제 방송 내용과 차이가 있을 수 있으니 보다 ...	4848	199	103	-1
kXld18NTRDs	與 “영장 들어오면 윤석열은 죽어”…김만배 녹취록 추가 공개 | 김진의 돌직구 쇼 934 회	與 “영장 들어오면 윤석열은 죽어”…김만배 녹취록 추가 공개 | 김진의 돌직구 쇼 934 회 한겨레 ＂윤석열 영장 들어오면 윤은 죽어＂ ...	1136	49	13	-1
MexiXxoS8lY	박근혜 봄날 왔다! #안철수의 노련한 철수 #이준석은 정치 모리배 #윤석열 검찰공화국,과장일까 #이재명 안철수 뭉칠 가능성은? #윤석열이 땅을 치고 후회할 2가지	윤창중칼럼세상은 보수우파의 집권이 목표입니다. 실현 가능한 해법과 방향을 분명히 제시합니다. 윤칼세를 도와주십시오. 윤칼세TV ...	9015	1477	26	1
_Q7nLJ9b_rE	윤벤져스_대학생들이 윤석열을 위해 만든 띵작_with 어벤져스_마블 패러디	국민이 키운 윤석열 #내일을 바꾸는 대통령 _ 윤석열 대통령후보의 압도적 승리를 바라며 대학생들이 만든 띵작 윤벤져스. 위기에 ...	96	9	0	1
z1sQymV-skA	단일화 결렬, 안철수-윤석열 오전 통화는?	방송 : CBS 라디오 '김현정의 뉴스쇼' FM 98.1 (07:20~09:00) □ 진행 : 김현정 앵커 □ 대담 : 김광일 (CBS 기자), 김준일 (뉴스톱 대표) ...	3092	110	23	1
M_8JsB4olfk	광주서 윤석열 벽보만 빠졌다…국민의힘, 진상조사 요구 | 김진의 돌직구 쇼 934 회	광주서 윤석열 벽보만 빠졌다…국민의힘, 진상조사 요구 | 김진의 돌직구 쇼 934 회 광주서 尹 벽보 누락…野, 진상 조사 요구 광주 ...	2813	175	63	-1
WMeKBDHT6ZQ	윤석열 ㅡ군면제사유는?		68	14	1	-1
13l3xD_NZQA	안철수 &#39;단일화 결렬&#39; 선언‥대선 구도 영향은 (2022.02.21/930MBC뉴스)	국민의당 안철수 후보가 야권 단일화 결렬을 선언하며 대선을 완주하겠다는 의사를 밝혔습니다. 안 후보는 윤석열 후보의 답변을 ...	3381	151	86	1
3etV7x3l-40	이재명 발차기·윤석열 어퍼컷…주목받는 ‘액션 정치’ | 김진의 돌직구 쇼 934 회	이재명 발차기·윤석열 어퍼컷…주목받는 '액션 정치' | 김진의 돌직구 쇼 934 회 동아 尹, 하루 30번 넘게 '어퍼컷 세리머니' 한경 李 ...	552	28	17	1
c44JNCp2Lz0	‘부모 찬스’ 비판? ‘성별 갈라치기’ 아닌가…윤석열 대선광고 논란! 이재명 36.9% 윤석열 42.4%..'정권심판론, 尹으로 총결집'!  이재명 패배 직감? 윤석열 난리났다!	이재명 #윤석열 #안철수.	294	9	1	-1
T7yksZSHxmw	윤석열 비하 현수막 사용 허용한 중앙선관위에 국민의힘 '심판이 선수로 뛰는 것?'	국민의힘 #행안위 #중앙선관위 #정치편향적 #공직선거법 국민의힘 소속 행정안전위원회 박완수 의원이 22년 2월 21일 국회 소통관 ...	1116	195	38	-1
b45HOWmwNu8	✌윤석열!!을 외치고 대한민국을 살리자!!	오늘도 간절한 마음으로 마이크를 잡습니다. 바람이 몰아쳐도 진심을 전합니다. 내일을 바꾸고 대한민국을 살릴 대통령, 윤석열입니다.	14	0	0	1
nJ_l8drtCII	윤석열 즐거운 선거운동	국민이 키운 윤석열 내일을 바꾸는 대통령 기호2번 윤석열 즐거운 선거운동 #양주시 #경기도 #고읍동 #삼숭동 #광적면 #백석읍 ...	12	1	0	1
ubCUh2UXxVQ	윤석열, 이명박 4대강 사업 계속한다고? 4대강 재자연화 거부한 윤석열 규탄 대구 기자회견 현장 [라이브]	윤석열 #이명박 #4대강 - 윤석열 후보의 4대강 재자연화 정책 폐기 주장에 대한 규탄과 철회촉구 대구 시민 기자회견 현장 생중계 ...	647	233	0	-1
CAg9avNS_dI	윤석열 “민주당, 노무현·김대중 팔아 선거 장사” | 김진의 돌직구 쇼 934 회	윤석열 “민주당, 노무현·김대중 팔아 선거 장사” | 김진의 돌직구 쇼 934 회 한경 尹 ＂민주당, 김대중·노무현 팔아 선거 장사＂ 동아 尹 ...	289	11	4	1
w8aXBvshPaQ	(일일뉴스) 윤석열 여론조사 압도적! 김어준 방송 빼고 전승! / 2022.02.21	동성로유세 #동성로 #윤석열 #대선유세 #대구 #윤석열현장 #윤석열유세 #국민의힘 #정권교체 #이재명 #민주당 #대장동 #화천대유 ...	23313	6262	49	1
2g_stVYlyqA	안상수 위원장이 외치는 국민의힘 윤석열 대선후보 안상수TV	윤석열 #안상수 #안상수TV #국민의힘 #정권교체 #대선 #대선후보 #안상수위원장 #안상수전인천시장 #윤석열후보 #39대선 #대선 ...	3	1	0	1
TdEYvQ5g-2w	국민의힘 윤석열 대선후보로 정권교체 안상수TV	윤석열 #국민의힘 #안상수TV #정권교체 #대선 #대선후보 #국민의뜻 #윤석열어퍼컷 #기호2번 #기호2번윤석열 #대한민국의희망 ...	2	2	0	1
crhLCQeqKQ4	2/21(월) - 안철수 단일화 결렬 선언(권은희)/ 팬데믹 또 온다(정재훈)/ [뉴스닥] “히딩크 세리모니”(↑) “윤석열 막말 단일화 결렬”(↓)(김근식·현근택)/ 시사기상도	2월21일(월) 김현정의 뉴스쇼 ▣ 라이브 방송 안내 뉴스쇼 라이브 방송 | 매주 월~금 오전 7시20분~9시 댓꿀쇼 라이브 방송 | 화·금 주 2 ...	109934	2400	157	-1
whMBQJpZRBQ	[11시 김광일 쇼 LIVE] 단일화 결렬? '정치는 생물' |   지지율 격차 더 벌어졌다! 윤석열 &#39;반전 카드&#39;는?	조선닷컴 공식 홈페이지 http://www.chosun.com 조선일보 무료 구독 체험 http://bit.ly/2WnNAF7 ◈ 사실에 대한 믿음, 할 말을 하는 ...	35790	14039	0	1
TUlwJzGjBZk	윤석열 대통령 후보, 김영삼 대통령 생가 방문	클릭해주셔서 감사합니다. 좋아요와 구독은 큰 힘이 됩니다 클립 챕터는 아래 '더보기' 클릭해주세요! TIMESTAMP 김문수 TV는 ...	160	54	0	1
fo7TzGUHZ60	서구 구민 여러분, 출근길에도 ✌윤석열을 생각해 주십시오	하루를 시작하는 출근길에서도 외칩니다. 기호 2번 윤석열! 서구 구민 여러분을 생각하고 위하는 후보는 윤석열뿐이니까요. 제대로 ...	11	2	1	1
7r4vSNuqW8o	긴급! 이회창 입 열었다! &#39;윤석열 안철수 단일화&#39; 충격발언! 이재명 큰일났다! (진성호의 직설)		34393	4849	262	-1
9n5C0LP_I4k	제20대 대통령선거/윤석열후보 지원유세/최춘식 국회의원/직캠	제20대대통령선거 #윤석열후보 가평 현리 지원유세 #최춘식 포천,가평 국회의원 연설 2021년02월19일 오전11시.	8	1	0	1
FCmVGJOWCII	이재명 방금 지지율 43.7% 1위 해냈다, 윤석열 어쩔; 또 폭락! (문재인 대통령 지지율 47.8% 올들어 최고 판 뒤집어졌다)	채널에 가입하여 혜택을 누려보세요. https://www.youtube.com/channel/UCXizVvs2c7LtFZAu25sK5Fg/join [이재명 후원회 홈페이지] ...	68232	19151	1148	-1
3NYlRAstBJE	(라이브) 토론회 응원전도 승리, 윤석열 후보님도 승리! 제3차 4자 대통령 후보 토론회	This stream is created with #PRISMLiveStudio.	6722	1972	0	1
l_L8dqON9ZQ	정선군 예미농협 옆 장터 국민의힘 운동원 윤석열대통령 유세 실방송중	This stream is created with #PRISMLiveStudio.	4	2	0	1
