ID	title	description	viewcount	likecount	commentcount	label
h8YzYdeRfsY	'핀트 못 잡아'...안철수, 윤석열 답변에 고개까지 &#39;절레절레&#39; / YTN	방송 : YTN 뉴스LIVE □ 진행 : 김대근 앵커 □ 출연 : 김수민 시사평론가 * 아래 텍스트는 실제 방송 내용과 차이가 있을 수 있으니 보다 ...	22576	771	328	1
m1-UaTMoc_E	허구연이 본 주요 대선후보(이재명·윤석열·심상정·안철수)들의 체육 공약	체육공약 #대통령선거 #허구연 #야구당 대선이 얼마 남지 않았습니다. 후보마다 많은 공약을 내세우고 있는데 체육 분야에도 관심을 ...	553	49	12	1
7hJfOxuHsKc	🔴[LIVE] 안철수 국민의당 후보 부산 광복동 유세 / 디지털Only	안철수 국민의당 대선후보는 22일부터 1박 2일 동안 부산·울산·경남 지역을 방문합니다. 부산 출신인 안 후보는 이날 오전 10시 부산 ...	3287	195	0	1
-9lJgAUPLr4	윤석열·안철수 단일화 결렬 ‘문자’ 진실 공방 | 김진의 돌직구 쇼 935 회	윤석열·안철수 단일화 결렬 '문자' 진실 공방 | 김진의 돌직구 쇼 935 회 이준석 ＂나 제거해야 한 자리 얻는 건데＂ 이준석 ＂安, '정권 ...	271	13	4	-1
jKQZ4Gv23Gg	[안철수] 안철수 갈매기 | 안철수 로고송	제20대대통령선거.	991	0	87	1
ZBEHIOzL-9k	이재명-한국이 기축통화국된다. 돈 좀 펑펑 쓰자// 안철수-국민혈세 함부로 쓰지 마	누리PD 후원계좌// 신한은행 김준O -----110 321 750470 ---- 자율구독료입니다. 꾸벅~~	906	178	22	-1
07WC5cRbyFI	윤석열·안철수 단일화 수 싸움 아직 남아	[이봉규TV 멤버십 가입] https://www.youtube.com/channel/UCxuf3GXK290vcpFW0lxm0Uw/join 이봉규 TV 후원계좌 신한은행 ...	4183	1118	107	1
CPmTjFNz3LQ	안철수, &#39;단일화 결렬&#39; 책임 왜 尹에게 떠넘기나?		2453	710	50	-1
fAmuf6Dft34	신문브리핑 1 '尹 '법카 횡령' 공격에…李, &#39;尹 죽어&#39; 패널 꺼내' 외 주요기사 [아침&amp;매일경제]	"(매경)신문브리핑 1 ""尹 ""법카 횡령"" 공격에…李, '尹 죽어' 패널 꺼내"" 외 주요기사(0222) #아침앤매일경제 #신문브리핑 #이상훈앵커 ..."	3716	137	43	-1
erVy2tyGrcE	[시사뒷담화] 안철수가 나라를 구했다 ㅋㅋㅋㅋ	첫번째 법정토론 경제편 관전평 2부. 안철수의 재발견 This stream is created with #PRISMLiveStudio.	3263	1262	0	1
fEB5pCHm-Cc	강훈식 '안철수 &#39;절레절레&#39;가 바로 윤석열 보는 국민 마음'	라이브 방송 안내 뉴스쇼 라이브 방송 | 매주 월~금 오전 7시20분~9시 댓꿀쇼 라이브 방송 | 뉴스쇼 본방송 끝나자마자 이어서 오전 9시 ...	3619	124	35	1
FVB1sgngSeA	철수? 단일화? 이것이 팩트!		1020	0	54	1
gVoP9NOqh5c	뼈때린 안철수, 윤석열 혼쭐났다! 송영길 '대장동은 &#39;윤석열 게이트&#39; 대선 끝나도 특검' - 민주당 &#39;16.9조 추경 통과&#39;.. 자영업자 소상공인 챙기는 민주당 이재명 후보	윤석열뼈때린안철수 #송영길대장동윤석열게이트 #민주당16조9천억추경통과 #자영업자소상공인챙기는이재명 ▣ 황희두 멤버십 ...	26654	11290	373	-1
amQleJHAXvU	‘코로나19 극복을 위한 민심청취’ 국민의당 안철수 대선 후보, 부산 국제시장 인사 - [끝까지 LIVE] MBC 중계방송 2022년 02월 22일	국민의당 안철수 대선 후보는 오늘부터 1박 2일 동안 부산·울산·경남 지역을 방문합니다. 부산 출신인 안 후보는 이날 오전 10시 부산 ...	6723	318	0	1
dyf5a18x7xA	첫 법정TV 토론 한 줄평 '절레절레, 콧방귀. 동문서답'｜이재명 윤석열 심상정 안철수	라이브 방송 안내 뉴스쇼 라이브 방송 | 매주 월~금 오전 7시20분~9시 댓꿀쇼 라이브 방송 | 뉴스쇼 본방송 끝나자마자 이어서 오전 9시 ...	2697	133	29	1
MWzQ_WaC__U	박근헤의 부활은 실화다! #윤석열,박근혜 안철수 외면한 대가#인간에 대한 예의가 없는 이준석#홍준표를 바라보는 보수의 심정#X별들의 비겁한 폭로#윤석열,대선 지면 국힘 어떻게 될까	윤창중칼럼세상은 보수우파의 집권이 목표입니다. 실현 가능한 해법과 방향을 분명히 제시합니다. 윤칼세를 도와주십시오. 윤칼세TV ...	6228	1354	38	-1
Ly4lcXMYnI0	녹취록 공방전…'이재명 게이트 있다' vs '허위면 사퇴하라' / 연합뉴스 (Yonhapnews)	"녹취록 공방전…""이재명 게이트 있다"" vs ""허위면 사퇴하라"" (서울=연합뉴스) 더불어민주당 이재명 후보와 국민의힘 윤석열 후보가 21 ..."	490	21	22	-1
ZJCuksdThrw	윤석열 답변에 한숨쉬며 고개 절래절래 안철수	윤석열폭망#안철수#대선토론.	3834	508	111	-1
dFXvFH-Hk9o	[정문일침] #110 - 윤석열-안철수 단일화는 끝나지 않았다	[정문일침] #110 - 윤석열-안철수 단일화는 끝나지 않았다 2022.02.22 일요서울TV 오두환, 이은철 기자 일요서울TV는 시청자 여러분 ...	821	202	8	1
K6kJrV8kWfc	[생방송]  단일화 철회 이후 안철수의 행보는? | 여의도 하이킥 76회	방송: 여의도 하이킥 77회 □일시: 2월 22일 오후 2시 □진행: 박상병 정치평론가 □패널: 엄경영 시대정신연구소 소장 지난 20일, ...	0	0	0	1
vLhUB6ToNik	안철수 '거대 양당, 적폐 교대만 하고 있어'	"안철수 국민의당 대통령 후보가 22일 부산 중구 국제시장에서 ""거대 양당들이 정권 교대한다고 하면서 적폐 교대만 하고 있다""고 비판 ..."	107	5	8	-1
rNqbMrl1_Xk	오늘의 뉴스체크✔ 3번째 TV토론서 격돌…&#39;추경·방역·대장동&#39; 난타전 (2022.2.22 / JTBC 아침&amp;)	대선후보 3번째 TV토론…'추경·방역' 문제 놓고 격돌 0:00 이재명-윤석열 '대장동' 난타전…안철수, 윤석열에 '견제구' 2:22 16.9조 ...	1724	20	19	1
p-BbdD2eOZ4	안철수에게 아는척 하던 이재명의 최후?...'씁'💦 #SHORTS	"안철수 #이재명 #씁 #SHORTS 안철수에게 아는척 하던 이재명의 최후?...""씁""   #SHORTS 시사포커스TV는 창간 35년 정통언론, 시사 ..."	4713	360	57	-1
RJmuP4ntbno	대선후보 공약점검 &#39;부산엑스포 유치는?&#39;	대선후보 #엑스포 #대선공약 [앵커] KNN은 제20대 대선을 앞두고 주요 대선후보들의 지역공약을 소개하고 비교해보는 시간을 마련 ...	30	3	0	1
lEHA8vt1Yls	전장연 “심상정 ‘1분 발언’ 감사…이재명·윤석열·안철수 후보는?”	전장연 #이동권 #심상정.	16	1	0	-1
7KBxNtgPk9c	얼마나 무식했으면 안철수마저 윤석열에게 절레절레, 도리도리 했을까! #shorts #대선토론	윤석열 #대선토론 #안철수 #shorts #공공데이터 #폭망 ✔️윤석열은 공공데이터 개방에 관한 안 후보의 질문을 오독하여 정부 정보 ...	81	45	4	-1
UfvP4TKbVKA	[Live] #안철수 국민의당 대통령 후보-부산 부평 깡통시장 거리인사 및 유세현장   (22.02.22)	안철수 #국민의당 #부산 #깡통시장 #거리인사 [Live] #안철수 국민의당 대통령 후보-부산 부평 깡통시장 거리인사 및 유세현장 ...	2716	110	0	1
c-QeZNRF4VQ	사회자 &#39;단 한차례&#39; 경고 'OOO 후보, 규칙 위반하셨습니다'	2월 21일 중앙선거관리위원회가 주관한 대선후보 TV토론회가 열렸다. (주관 방송사 MBC) (영상 편집 : 김상미 PD) #이재명 #윤석열 ...	56090	3575	848	-1
WKWhKNGaU4A	&#39;대장동·주가조작&#39; 전방위 난타전 발끈하고 정색하고 [이슈픽]	두 후보는 대장동 개발과 배우자 관련 의혹 등 예민한 문제를 거듭 들춰내며 정면 충돌했습니다. 특히 이재명 더불어민주당 후보는 ...	1549	26	24	-1
0aNMJ5UUxJc	신문브리핑 2 ''문자 보냈다' '못 받았다'…尹·安, 단일화 무산 놓고 진실 공방' 외 주요기사 [아침&amp;매일경제]	"(매경)신문브리핑 2 """"문자 보냈다"" ""못 받았다""…尹·安, 단일화 무산 놓고 진실 공방"" 외 주요기사(0222) #아침앤매일경제 #신문브리핑 ..."	1446	46	18	-1
qhek3P2puR4	[송국건의 혼술] 부산 민심도 “디비졌다” 윤석열 52% 이재명 32%	안철수 단일화 불발 뒤끝 =첫 TV토론회서 윤석열 집중 공격 =윤석열과 '문자 메시지' 진실 공방 =이재명, 안철수에 러브 콜.	13587	5365	276	-1
urSRNj_M9pI	☆☆☆(속보)#못마땅한안철수#윤석열   답변에#절래절래 핀트 못잡아 #shorts	속보 #못마땅한안철수 #윤석열 답변에 #절래절래 #핀트못잡아 #shorts.	16	1	0	-1
O_qN6gAL0Ok	[춘천 MBC] [대선 공약 점검1]모두 &#39;특별자치도&#39; 내세웠지만 방점 달라	앵 커 ▷ 20대 대통령 선거가 이제 16일 앞으로 다가왔습니다. 춘천문화방송은 유권자들의 선택에 도움을 드리기 위해 주요 대선 후보 ...	12	1	1	1
QSG6scoEGB0	2/22(화) 이재명·윤석열 TV토론 득점과 실점_노영희의 뉴스인사이다[청정시대]	2월 22일 (화) 노영희의 뉴스인사이다 ▷ 청정시대 이경 더불어민주당 선대위 대변인 양준우 국민의힘 대변인 - 이재명‧윤석열 첫 법정 ...	3679	617	39	1
RIesscZ44Pw	[대선토론] 그래도 맞는 말 하는 안철수 (전국민 재난지원금 관련)	shorts #안철수 #대선토론 #간철수 전국민 재난지원금에 대한 안철수의 생각.	2	0	0	1
ziy30upfLkU	[뉴스현장] 심상정, 대선 선거운동 첫 주말 ‘인천’ 방문	심상정 #정의당 #인천 #대선 #대선후보 #선거운동 #대통령선거 #윤석열 #이재명 #안철수 심상정 정의당 대선후보가 20대 대통령 ...	14	1	0	1
xeUfNbKzmFg	&#39;은반&#39;(은은한 반말) 윤석열.. (심상정이 2살 누나인건 안비밀) [온마이크]	윤석열 국민의힘 대선후보와 심상정 정의당 후보가 21일 주식 양도세 폐지 공약을 놓고 공방을 벌였다. 심 후보는 이날 서울 마포구 ...	21	9	0	-1
dfzEYbYor2U	독썰라이브 26화 '이재명이 돌아왔다. 안철수가 달라졌다. 심상정이 독해졌다. 윤석열이 무너졌다'	오늘의 여론조사 : ARS골든크로스, 이제 역전이다 - 뉴스체크 : 대선토론회 관전평 - 최한욱의 썰 : 이대녀가 캐스팅보터다.	889	225	4	1
K0b2nIIiYf4	[LIVE] 0222 안철수 국민의당 대통령 후보 - 부산 국제시장 인사	[LIVE] 0222 안철수 국민의당 대통령 후보 - 부산 국제시장 인사 2022.02.22 일요서울 TV 정대웅 기자 *영상제공 - 국민의당.	581	42	0	1
O0Pc4vMYXW4	선거 율동의 달인 이학재! 춤으로 정권교체! 윤석열 대통령 가즈아~ #shorts	윤석열 #이재명 #단일화 #안철수 #토론 #선거운동 #로고송 #율동 #2번 #기호2번 #김혜경 #소고기 #소고기깡 #혜경궁 #법인 #카드 ...	35	7	2	1
xGSqMe1quyY	이준석 “安은 항상 하고싶은 대로 하는 사람…난 조롱할 수 있다” 안철수의 &#39;비토&#39; 배경은 이준석.	단일화 창구를 중구난방으로 하지 말고 윤석열 직접 안철수 만나 단일화 매듭.	21895	5420	561	-1
jRikK-LPm7c	윤석열 - 아는게 없음 모든 질문에 답변을 못하는 윤석열 이런걸 후보라고 지지하는 사람들도 한심함~~ #홍준표#윤석열#이재명#안철수#대선#대선후보#tv토론#대선유세#국민의힘#경선	윤석열 - 아는게 없음 모든 질문에 답변을 못하는 윤석열 이런걸 후보라고 지지하는 사람들도 한심함~~ #홍준표#윤석열#이재명# ...	78	27	6	-1
7xKtSqOaLXI	李는 TK, 尹은 호남 ‘상승’…영호남 지지율의 반전 | 김진의 돌직구 쇼 935 회	李는 TK, 尹은 호남 '상승'…영호남 지지율의 반전 | 김진의 돌직구 쇼 935 회 李는 TK서, 尹은 호남서 '상승'…왜? 이재명 43.7%·윤석열 ...	2421	117	55	-1
DfBtpKCszak	첫 법정TV토론, 장경태 “李 압도적 차이, 통쾌” vs 이영 “尹 신의 한 수, 완승”  [황보선의 출발 새아침] / YTN라디오	YTN라디오(FM 94.5) [황보선의 출발 새아침] 우리의 이슈가 뉴스를 바꿉니다. 세상을 깨우는 황보선의 출발 새아침 중심잡힌 시선으로 ...	587	34	12	1
1HuhB5thIL8	김진의 돌직구쇼 - 2월 22일 신문브리핑 | 김진의 돌직구 쇼 935 회	김진의 돌직구쇼 - 2월 22일 신문브리핑 | 김진의 돌직구 쇼 935 회 동아 尹 ＂법카 횡령＂ 공격에…李, '尹 죽어' 패널 꺼내 경향 안철수, ...	1581	120	9	-1
boDmpKwOk9M	&#39;윤석열 죽어&#39; 김만배 녹취록 '카드'에 대한 두 가지 해석 [황보선의 출발 새아침] / YTN라디오	YTN라디오(FM 94.5) [황보선의 출발 새아침] 우리의 이슈가 뉴스를 바꿉니다. 세상을 깨우는 황보선의 출발 새아침 중심잡힌 시선으로 ...	461	35	2	1
0ULyKFofjLE	[TV토론] 안철수 절레절레 ㅋㅋㅋㅋㅋㅋㅋㅋ	윤석열 무식인정.	4	1	0	-1
v95py1kxpDk	[LIVE] 대선토론 3차 이재명 윤석열 안철수 심상정, 핸우의 해설	ㆍ대선토론회 4자토론 3차 일시 : 2/21 (월) 저녁 8시, MBC 대선후보 : 이재명, 윤석열, 안철수, 심상정 주제 : '코로나 시대 경제 대책', ...	286	21	0	1
3qTKJqP_sdk	도리도리와 절레절레는?	안철수 #도리도리 #윤석열 #도리도리 ✓일시후원: 국민은행 794001-04-154041 서울의소리(강경자) ✓전화후원: 1877-1590 ✓정기 ...	639	172	11	1
jzGt1XHKHfo	[🔴LIVE]제 20대 대통령선거 후보 토론 (1차 - 경제분야)#대통령#윤석열#이재명#안철수#심상정#대선토론	버들잎새 #윤석열#이재명#대선후보#대통령#소가죽#jtbc 출처 #손정민 핸드폰 #느낌이슈 #소년이온다 #문성중 이비인후과 전문의 ...	1136	87	10	1
