ID	title	description	viewcount	likecount	commentcount	label
YBpMuXfYFrY	[최고의 5분] 윤석열표 사법 개혁안, 검찰 공화국 vs 검찰 독립 MBN 220221 방송	판도라 262회 윤석열 국민의힘 대선후보의 사법 개혁안을 놓고 민주당은 검찰 공화국이 될 것이라 우려하고 국민의힘은 검찰 독립이 ...	721	14	5	1
alwXkReUYSc	[윤석열 국민의힘 후보 충남 당진 유세] /02월 22일 (화) / 디지털Only	윤석열 국민의힘 대선후보는 오늘(22일) 충남과 전북 지역 표심을 공략합니다. 윤 후보는 충남 당진과 서산, 보령을 돌면서 지역 상인 ...	3037	105	40	1
6FazU93NghI	[풀영상] 국민의힘 윤석열 후보, 충남 당진 유세/2월 22일(화)	국민의힘 윤석열 대선 후보는 오늘(22일) 충남 당진을 찾아 유세를 이어갔습니다. 윤 후보는 당진을 시작으로 서산과 홍성, 보령을 돌며 ...	5480	299	39	1
h8YzYdeRfsY	'핀트 못 잡아'...안철수, 윤석열 답변에 고개까지 &#39;절레절레&#39; / YTN	방송 : YTN 뉴스LIVE □ 진행 : 김대근 앵커 □ 출연 : 김수민 시사평론가 * 아래 텍스트는 실제 방송 내용과 차이가 있을 수 있으니 보다 ...	21647	767	328	1
w_3Xw9Id1ko	`이용섭` 광주시장..`윤석열`에 강도 높은 비난 (2022.02.21/뉴스데스크/광주MBC)	이용섭` 광주시장..`윤석열`에 강도 높은 비난 (2022.02.21/뉴스데스크/광주MBC) (앵커) 20대 대선 공식선거운동 중반에 이용섭 광주 ...	13488	699	86	-1
n6syLF0gLuA	`윤석열` 복합쇼핑몰, 광주지역 정략적 이슈화 (2022.02.21/뉴스데스크/광주MBC)	윤석열` 복합쇼핑몰, 광주지역 정략적 이슈화 (2022.02.21/뉴스데스크/광주MBC) (앵커) 윤석열 국민의힘 대선후보의 복합쇼핑몰 유치 ...	915	31	21	-1
7Lxos5imZB8	윤석열 “이재명 게이트” vs 이재명 “허위면 후보사퇴하라” | 김진의 돌직구 쇼 935 회	윤석열 “이재명 게이트” vs 이재명 “허위면 후보사퇴하라” | 김진의 돌직구 쇼 935 회 한국 李 ＂김만배가 尹 언급＂ 尹 ＂이재명 ...	949	48	22	-1
g6pbwfseIw4	“서해안시대의 상서로운 꿈, 서산은 윤석열!” 국민의힘 윤석열 대선후보, 서산 유세  - [끝까지 LIVE] MBC 중계방송 2022년 02월 22일	국민의힘 윤석열 대선 후보는 오늘부터 1박 2일 동안 서해안 라인을 따라 충남·전북·전남을 차례로 방문하며 거점 유세를 벌입니다.	5702	67	0	1
YPBLO05wq0g	‘서해안 시대 거점도시 당진의 선택은 윤석열’ 국민의힘 윤석열 대선후보, 당진 유세  - [끝까지 LIVE] MBC 중계방송 2022년 02월 22일	국민의힘 윤석열 대선 후보는 오늘부터 1박 2일 동안 서해안 라인을 따라 충남·전북·전남을 차례로 방문하며 거점 유세를 벌입니다.	4729	98	44	1
emmfEm1AdC4	[Live] 2월 22일 “서해안시대 거점도시 당진의 선택은 윤석열!” 당진 유세		6067	4153	41	1
tHT4y0I5Or4	국채 발행하면 만사 OK? #shorts #윤석열 #TV토론		1511	629	23	1
c4aR-YP0lrk	날치기 통과 책임지고 물러나세요 #shorts #윤석열 #TV토론		1020	528	8	1
BtIXmaafMzk	원화가 곧 기축통화? 무지인가? 정신승리인가? #shorts #윤석열 #TV토론	shorts #윤석열 #TV토론.	3049	956	94	-1
mQeAEH24D0I	디지털 데이터 경제 완벽 정리 #shorts #윤석열 #TV토론	shorts #윤석열 #TV토론.	1092	544	19	1
f1Q0PhKQ-RI	국민의힘 윤석열 대선후보, 충남 당진 유세 / SBS	국민의힘 윤석열 대선 후보가 오늘(22일)부터 1박 2일 동안 서해안 라인을 따라 충남·전북·전남을 차례로 방문하며 거점 유세를 벌 ...	35792	2075	100	1
dI-upiQy9UQ	당연히! 이재명 후보를 의심합니다 #shorts #윤석열 #TV토론	shorts #윤석열 #TV토론.	3028	857	57	-1
m3Q16YWPbHM	국민이 키운 윤석열 내일을 바꾸는 대통령	국민이 키운 윤석열 내일을 바꾸는 대통령 국민의 선택, 지금 바로 윤석열 #국민의힘 #기호2번 #윤석열 #대통령 #이준석 #서범수.	373	26	0	1
u867n_jESd0	[시선집중] 박원석 '윤석열, 주식양도세 가르쳐달라? 관련 수사도 해서 알 줄 알았는데..' - 박원석 전 의원 (정의당 공보단장), MBC 220222 방송	2022년 02월 22일 [김종배의 시선집중] | 출연 : 박원석 전 의원 (정의당 공보단장) #시선집중 #심상정 #TV토론 #이재명 #윤석열 ...	10737	669	81	-1
brZH-Efow5g	이재명-윤석열 토론회 설전 ‘원화 기축통화’ ‘국채 발행’ 경제분야 팩트체크(최배근)/오미크론 확진자 3월 중순 27만 명...3월 중순 정점 예상(심은하)[김어준의 뉴스공장]	2월 22일(화) 김어준의 뉴스공장 ◎ 4부 [인터뷰 제4공장] “원화의 기축통화 가능성은?” 대선후보 첫 법정토론회 주요내용 팩트체크 ...	51021	5472	279	1
k87v7UxaJSU	[다시보기]국민의힘 윤석열 대선 후보, 충남 당진 유세｜2022. 02. 22.	윤석열 #당진 22일 국민의힘 윤석열 대선 후보 충남 당진 유세 현장입니다. 00:00 후보 도착 02:43 후보 연설.	731	30	14	1
PrIU4LLl7rI	MBC 앞 방송토론 응원 축제🎊 윤석열 후보가 찢었다ㅋㅋ #국민의힘 #윤석열 #은평 #3월9일 #shorts		61	3	2	1
ZOYIvi2MQ9s	법카 공금횡령은 민주주의 위기, 경제위기 #shorts #윤석열 #TV토론	shorts #윤석열 #TV토론.	1711	731	51	-1
-Sz6mPW81no	녹취록 끝엔 이재명 게이트? #shorts #윤석열 #TV토론	shorts #윤석열 #TV토론.	2019	719	26	-1
fEB5pCHm-Cc	강훈식 '안철수 &#39;절레절레&#39;가 바로 윤석열 보는 국민 마음'	라이브 방송 안내 뉴스쇼 라이브 방송 | 매주 월~금 오전 7시20분~9시 댓꿀쇼 라이브 방송 | 뉴스쇼 본방송 끝나자마자 이어서 오전 9시 ...	3619	124	35	1
_7Tr7vb4uKQ	뉴딜정책 시대에 맞습니까? #shorts #윤석열 #TV토론	shorts #윤석열 #TV토론.	802	477	16	1
boDmpKwOk9M	&#39;윤석열 죽어&#39; 김만배 녹취록 '카드'에 대한 두 가지 해석 [황보선의 출발 새아침] / YTN라디오	YTN라디오(FM 94.5) [황보선의 출발 새아침] 우리의 이슈가 뉴스를 바꿉니다. 세상을 깨우는 황보선의 출발 새아침 중심잡힌 시선으로 ...	461	34	2	1
dyf5a18x7xA	첫 법정TV 토론 한 줄평 '절레절레, 콧방귀. 동문서답'｜이재명 윤석열 심상정 안철수	라이브 방송 안내 뉴스쇼 라이브 방송 | 매주 월~금 오전 7시20분~9시 댓꿀쇼 라이브 방송 | 뉴스쇼 본방송 끝나자마자 이어서 오전 9시 ...	2697	133	29	1
wsOwRPaptbk	윤석열, 이어폰 끼고 토론했나?	21일 대선후보 토론회에서 윤석열이 이어폰(인이어)를 끼고 토론했다는 의혹이 제기되고 있습니다 정치초단 멤버십 가입 ...	52897	17486	2718	-1
QSG6scoEGB0	2/22(화) 이재명·윤석열 TV토론 득점과 실점_노영희의 뉴스인사이다[청정시대]	2월 22일 (화) 노영희의 뉴스인사이다 ▷ 청정시대 이경 더불어민주당 선대위 대변인 양준우 국민의힘 대변인 - 이재명‧윤석열 첫 법정 ...	3668	618	39	1
C0Pb5P4m_xI	[뉴스라이브] 첫 법정 TV토론, 이재명 vs 윤석열 격전 / YTN	진행 : 김대근 앵커 □ 출연 : 김수민 / 시사평론가 * 아래 텍스트는 실제 방송 내용과 차이가 있을 수 있으니 보다 정확한 내용은 방송로 ...	2496	53	53	1
hCNagWgsY-g	Live-토론회 후기/윤석열 묵비권/美, '이 후보가 미국에 더 유용'/대장동 부실수사 윤석열/김건희 주가조작 &#39;전방위 연루&#39;/윤석열, 유세 중 ‘액막이’ 퍼포먼스	멤버쉽 링크 - https://www.youtube.com/channel/UCkI2g2FvX-haxXqqDMqc96A/join 송작가TV몰 링크 ...	3561	5397	0	-1
nQYjwGCebgY	윤석열 충남·호남 거점 유세…'서해안 거점도시 육성' / 연합뉴스TV (YonhapnewsTV)	"윤석열 충남·호남 거점 유세…""서해안 거점도시 육성"" [앵커] 대선을 보름 앞둔 오늘(22일), 국민의힘 윤석열 후보는 충남과 호남 등 ..."	798	36	11	1
o7dUSmWyvF8	2/22(화) 조원진이 말하는 윤석열이 안되는 이유_노영희의 뉴스인사이다[대담한 대담]	2월 22일 (화) 노영희의 뉴스인사이다 ▷ 노영희의 [대담한 대담] 조원진 우리공화당 대선후보 - 박근혜, 대구 달성 사저 입주 임박 ...	2022	407	74	1
qqgYhWdF6tg	개인투자자 보호를 위한 주식양도세 폐지 #shorts #윤석열 #TV토론	shorts #윤석열 #TV토론.	1246	553	33	1
Mnem4wjvXKk	대선 2주 전, 여론조사 10개 중 7개서 윤석열 오차 밖 우위..1개는 이재명 오차 내 우세	선거 3주 전인 지난 17일부터 21일까지 발표된 여론조사 가운데 10개를 추렸습니다. 결과는 9대1. 윤석열 국민의힘 후보의 압승 ...	3489	394	43	1
xeUfNbKzmFg	&#39;은반&#39;(은은한 반말) 윤석열.. (심상정이 2살 누나인건 안비밀) [온마이크]	윤석열 국민의힘 대선후보와 심상정 정의당 후보가 21일 주식 양도세 폐지 공약을 놓고 공방을 벌였다. 심 후보는 이날 서울 마포구 ...	17	9	0	-1
rpWoDYNtIps	긴급) 윤석열 방금 당진 솔뫼성지 도착! 천주교 성지 &#39;김대건 신부 유적지&#39;에서 어떤 발언 나왔을까?!	정의구현 멤버십 가입 : https://www.youtube.com/channel/UCUNwNXVrWAHQpc8gPp1c6kw/join 자발적 구독료 : KB국민은행 ...	28414	4956	122	-1
buACHp5BHl0	뉴아바타?_윤석열 인이어끼고 토론?	21일 대선후보 토론회에서 윤석열이 이어폰(인이어)을 끼고 토론했다는 의혹이 제기되고 있습니다 www.stagenews.kr ...	1499	179	45	-1
CsqIVMrwU94	윤석열의 &#39;문재인 히틀러&#39; 발언에 여권 맹폭	윤석열 국민의힘 대선후보는 2월17일 경기도 안성 중앙시장 앞 유세에서, “정치 보복 누가 제일 잘했습니까. 옛날에도 히틀러나 ...	159	45	4	-1
gVoP9NOqh5c	뼈때린 안철수, 윤석열 혼쭐났다! 송영길 '대장동은 &#39;윤석열 게이트&#39; 대선 끝나도 특검' - 민주당 &#39;16.9조 추경 통과&#39;.. 자영업자 소상공인 챙기는 민주당 이재명 후보	윤석열뼈때린안철수 #송영길대장동윤석열게이트 #민주당16조9천억추경통과 #자영업자소상공인챙기는이재명 ▣ 황희두 멤버십 ...	26654	11285	373	-1
nS6yBpQAGxU	대선 토론에서 윤석열이  KO패를 당한 이유	유튜브 이송원TV 2월 22일(화) 오전 9시에 대선 토론 이재명 KO 승 우상호 의원 의 위엄 우리 이길수 있어요!! 1500 만 반려인 지지!	13844	4516	10	1
MWzQ_WaC__U	박근헤의 부활은 실화다! #윤석열,박근혜 안철수 외면한 대가#인간에 대한 예의가 없는 이준석#홍준표를 바라보는 보수의 심정#X별들의 비겁한 폭로#윤석열,대선 지면 국힘 어떻게 될까	윤창중칼럼세상은 보수우파의 집권이 목표입니다. 실현 가능한 해법과 방향을 분명히 제시합니다. 윤칼세를 도와주십시오. 윤칼세TV ...	6228	1354	38	-1
rfN_I4dKamM	윤서결 윤석열 어의 없는 답변 4자토론 #shorts	윤서결 윤석열 어의 없는 답변 4자토론 #shorts.	1249	216	26	-1
JgMMgw0Lxf0	윤석열 황당한 답변 성차별 개인문제 답변할 가치가 없다. #shorts	윤석열 황당한 답변 성차별 개인문제 답변할 가치가 없다. #shorts.	944	173	9	-1
O0Pc4vMYXW4	선거 율동의 달인 이학재! 춤으로 정권교체! 윤석열 대통령 가즈아~ #shorts	윤석열 #이재명 #단일화 #안철수 #토론 #선거운동 #로고송 #율동 #2번 #기호2번 #김혜경 #소고기 #소고기깡 #혜경궁 #법인 #카드 ...	35	7	2	1
-Ry_kv8fWJk	긴급) 윤석열 방금 당진 미소상가 도착! 엄청난 인파가 몰려들어 시장중앙길 꽉 들어찼다! 이재명 보고 있냐? 이게 바로 &#39;충청민심&#39; 이다!!	정의구현 멤버십 가입 : https://www.youtube.com/channel/UCUNwNXVrWAHQpc8gPp1c6kw/join 자발적 구독료 : KB국민은행 ...	10750	2729	31	1
_VEJaz4OrFM	윤석열은 죄 많은 사람...이재명의 핵사이다	윤석열은 죄 많은 사람...이재명의 핵사이다.	2155	796	61	-1
zHTpZ6SvxOA	후보단일화 찬반논쟁! 유비는 왜? 윤석열은 왜? 삼고초려 정치학 2022.2.22 오전10시	윤석열과 안철수의 단일화 최종담판이 가능한 최소한의 조건 점검 #이재명#이준석#김건희#김혜경#관우#장비#삼국지.	2160	894	63	1
RAXXR6s7HGc	국민의힘 윤석열 후보 청평 5일장 총유세	NGN뉴스 공식 채널입니다. 설명 http://www.ngnnews.net 카카오톡 채널 추가 http://pf.kakao.com/_xcnGyK 경기북부지역 주민에게 ...	59	12	0	1
qhek3P2puR4	[송국건의 혼술] 부산 민심도 “디비졌다” 윤석열 52% 이재명 32%	안철수 단일화 불발 뒤끝 =첫 TV토론회서 윤석열 집중 공격 =윤석열과 '문자 메시지' 진실 공방 =이재명, 안철수에 러브 콜.	13565	5357	276	-1
