ID	title	description	viewcount	likecount	commentcount	label
Ly4lcXMYnI0	녹취록 공방전…'이재명 게이트 있다' vs '허위면 사퇴하라' / 연합뉴스 (Yonhapnews)	"녹취록 공방전…""이재명 게이트 있다"" vs ""허위면 사퇴하라"" (서울=연합뉴스) 더불어민주당 이재명 후보와 국민의힘 윤석열 후보가 21 ..."	490	21	22	-1
7Lxos5imZB8	윤석열 “이재명 게이트” vs 이재명 “허위면 후보사퇴하라” | 김진의 돌직구 쇼 935 회	윤석열 “이재명 게이트” vs 이재명 “허위면 후보사퇴하라” | 김진의 돌직구 쇼 935 회 한국 李 ＂김만배가 尹 언급＂ 尹 ＂이재명 ...	949	48	22	-1
T4oogEDLE1k	[최경영의 최강시사]｜[이재명] 혼돈의 대선, 막판 필승 전략은?｜KBS 220222 방송	[최강 인터뷰] 혼돈의 대선, 막판 필승 전략은? - 이재명 대선후보 (더불어민주당) ----- ▷ #최강시사 홈페이지: ...	7436	2656	349	1
brZH-Efow5g	이재명-윤석열 토론회 설전 ‘원화 기축통화’ ‘국채 발행’ 경제분야 팩트체크(최배근)/오미크론 확진자 3월 중순 27만 명...3월 중순 정점 예상(심은하)[김어준의 뉴스공장]	2월 22일(화) 김어준의 뉴스공장 ◎ 4부 [인터뷰 제4공장] “원화의 기축통화 가능성은?” 대선후보 첫 법정토론회 주요내용 팩트체크 ...	51021	5476	279	1
Qt3fPMFMSww	2/22 (화) 풀영상｜[이재명] 혼돈의 대선, 막판 필승 전략은?｜[권은희] 야권 단일화 제안 철회...이유와 이후｜[김호기] 대선과 프레임｜KBS 220222 방송	(1부) [뉴스 언박싱] '오늘 아침 가장 뜨거운 뉴스' - 민동기 기자 + 김민하 시사평론가 [신혜리의 눈] 군사충돌 현실화된 우크라이나.	3026	186	18	1
oOKNQfjATC4	김기현 '김만배 정영학 녹취록에 &#39;이재명 게이트&#39; 있다...윤석열이 아니라 이재명 사퇴각'	라이브 방송 안내 뉴스쇼 라이브 방송 | 매주 월~금 오전 7시20분~9시 댓꿀쇼 라이브 방송 | 뉴스쇼 본방송 끝나자마자 이어서 오전 9시 ...	7482	539	149	-1
LoWvVHcRkN0	[최고의 5분] 이재명 업무추진비 부당 사용 의혹! MBN 220221방송	판도라 262회 매주 월요일 밤 9시 30분 본방송 #판도라 #이재명 #업무추진비 #MBN ☞ MBN Entertainment 구독하기 ...	517	15	6	1
_VEJaz4OrFM	윤석열은 죄 많은 사람...이재명의 핵사이다	윤석열은 죄 많은 사람...이재명의 핵사이다.	2155	796	61	-1
AAcEuzNnDn4	단일화 결렬 이재명에 유리? 노노이재명의 부스터슛! 부러우면 지는건데~	백성문 #김태현 #김수민 정치 계의 두 절친 법조인 김태현 백성문 변호사의 정치 토크쇼 [정치왓수다] 후원 계좌 우리은행 ...	4694	723	46	1
tc-XcAreoEw	[TV CHOSUN LIVE] 2월 21일 (월) 보도본부 핫라인 - 이재명과 윤석열, &#39;액션&#39; 경쟁	[TV CHOSUN LIVE] 2월 21일 (월) '보도본부 핫라인' ○ 이재명과 윤석열, '액션' 경쟁 ○ 후보 4인, 오늘 첫 법정 TV토론 ○ 安, 단일화 ...	2027	90	14	1
ghWNLOUzicM	경험과 역량, 어느 쪽에 더 있겠습니까?	이재명 #이낙연 #찬조연설.	6717	3332	463	1
dyf5a18x7xA	첫 법정TV 토론 한 줄평 '절레절레, 콧방귀. 동문서답'｜이재명 윤석열 심상정 안철수	라이브 방송 안내 뉴스쇼 라이브 방송 | 매주 월~금 오전 7시20분~9시 댓꿀쇼 라이브 방송 | 뉴스쇼 본방송 끝나자마자 이어서 오전 9시 ...	2697	133	29	1
dI-upiQy9UQ	당연히! 이재명 후보를 의심합니다 #shorts #윤석열 #TV토론	shorts #윤석열 #TV토론.	3028	857	57	-1
Y_yUVLlyhms	22년 2월 17일(목) 이재명이 적임자입니다!_영암군 시종5일장 유세	유능한 경제대통령 이재명! 코로나 위기 해결은 이재명이 답입니다.	5	2	1	1
5PHNRtbRhqI	[11시 김광일 쇼 LIVE] '이재명 게이트' 녹취록 공개에 민주당 당황했다 |  김혜경 제보자, 주말엔 이재명 수발까지 들었다	조선닷컴 공식 홈페이지 http://www.chosun.com 조선일보 무료 구독 체험 http://bit.ly/2WnNAF7 ◈ 사실에 대한 믿음, 할 말을 하는 ...	35780	15139	0	1
C0Pb5P4m_xI	[뉴스라이브] 첫 법정 TV토론, 이재명 vs 윤석열 격전 / YTN	진행 : 김대근 앵커 □ 출연 : 김수민 / 시사평론가 * 아래 텍스트는 실제 방송 내용과 차이가 있을 수 있으니 보다 정확한 내용은 방송로 ...	2496	53	53	1
ami2NfLbsc4	2022 대선 충격 반전 ㅣ 대장동 그분 이재명 아니다	이재명.	67	27	4	1
0Z9PboHqfi0	[빨대왕 서민] 이재명네 24층에선 양자역학이 벌어진다!	이재명 옆집에는 누가 살길래 초밥 10인분과 샌드위치 30인분이 사라지나? #서민교수 #빨대왕 #이재명.	8325	2516	105	1
01diRh2lgF8	22년 2월 20일(일) 우리의 길, 이재명입니다._영암 5일장 유세	아픔을 아는 이재명이 살아온 길이 바로 우리의 길입니다. ​ 나를 위해, 대한민국을 위해 유능한 경제대통령! 준비된 민생대통령 ...	3	2	0	1
GHoS2DNksZs	제주 유권자들이 이재명 후보를 지지해야 하는 이유는?	더불어민주당 송재호 제주선대위 총괄선거대책위원장 제주MBC 공식 유튜브 채널입니다. 계정 메시지나 댓글로 제보주세요.	4	1	1	1
QSG6scoEGB0	2/22(화) 이재명·윤석열 TV토론 득점과 실점_노영희의 뉴스인사이다[청정시대]	2월 22일 (화) 노영희의 뉴스인사이다 ▷ 청정시대 이경 더불어민주당 선대위 대변인 양준우 국민의힘 대변인 - 이재명‧윤석열 첫 법정 ...	3668	617	39	1
YYUazCC5S9o	이재명 후보의 부산 공약 _ 그 네번째 공약 내용입니다.	이재명 #수소경제_허브_부산.	7	4	0	1
-Sz6mPW81no	녹취록 끝엔 이재명 게이트? #shorts #윤석열 #TV토론	shorts #윤석열 #TV토론.	2019	720	26	-1
G-4YoeGqa0o	이재명 후보의 부산 공약 _ 그 두번째 공약 내용입니다.	이재명 #두번째_공약 #2030_엑스포_성공적_유치.	5	4	0	1
qhek3P2puR4	[송국건의 혼술] 부산 민심도 “디비졌다” 윤석열 52% 이재명 32%	안철수 단일화 불발 뒤끝 =첫 TV토론회서 윤석열 집중 공격 =윤석열과 '문자 메시지' 진실 공방 =이재명, 안철수에 러브 콜.	13565	5360	276	-1
6zcZDpPRJ-0	왜 이재명인가? 윤석열은 이해 못하는 소상공인 지원 정책 '지역화폐 승수효과'  #shorts	왜 이재명 후보인가? 현장을 잘 알기 때문에 실질적으로 도움 되는 정책들을 만들어 왔습니다. 나를 위해, 소상공인을 위해, 민생을 ...	6	4	0	1
WKWhKNGaU4A	&#39;대장동·주가조작&#39; 전방위 난타전 발끈하고 정색하고 [이슈픽]	두 후보는 대장동 개발과 배우자 관련 의혹 등 예민한 문제를 거듭 들춰내며 정면 충돌했습니다. 특히 이재명 더불어민주당 후보는 ...	1466	27	24	-1
Ghbibu7gNQw	YTN 선거방송준비중이였나? 이재명당선 방송준비중이였나?#shorts #이재명	영상보기 ▷https://youtu.be/aINvZnnEAYE 자유일보가 일간지로 새롭게 개편되었습니다. 구독자 여러분들의 많은 구독 부탁드립니다.	310	51	2	1
vwkhP0amcrM	자기도 무슨 말하는지 헷갈린 이재명의 좌충우돌!	후원계좌 신한은행 304 04 253850 This stream is created with #PRISMLiveStudioㄴ.	5512	1855	28	-1
U87Bd04pJqU	더불어민주당 이재명후보 남해군 공약발표		4	1	0	1
UBRcdWwh3bc	이재명 '윤석열, 허위사실이면 후보 사퇴하겠냐', '토론, 벽 대고 얘기한 느낌'	토론의 기본이 안된 윤석열 거짓말 퍼트리다 말문 막히니 우격다짐 안철수는 절레절레 #이재명 #유능한경제대통령 #이재명은합니다.	969	58	0	-1
t7UtR-har1w	[이재명과 함께 힘차게 나아갑시다! #앞으로챌린지]	안녕하세요, 이재명입니다. 지금 〈재밍〉에서 대국민 투표참여 캠페인 [앞으로 챌린지]를 진행중입니다. 방법은 간단합니다. 앞으로 ...	304	199	19	1
S0v57UQ5cn0	이재명 후보 목포 유세현장 촬영	당당한 대한민국을 위해 우리 모두 다함께 아자자~!!! 촬영 편집: 나윤상 수고 많으셨습니다.	115	47	0	1
RMTQMbpuYOk	[생중계] 이재명 후보, &#39;살고 싶은 곳, 힘이 나는 도시! 인천의 더 큰 미래 이재명이 열겠습니다!&#39; 인천 집중 유세 (2022.02.22 오전)	[생중계] 이재명 후보, '살고 싶은 곳, 힘이 나는 도시! 인천의 더 큰 미래 이재명이 열겠습니다!' 인천 집중 유세 (2022.02.22 오전) ...	0	0	0	1
mZJSYRNBNLQ	세금을 세금이라 말못하는 이재명?😷...심상정 팩폭에 렉 걸림? #SHORTS	심상정 #이재명 #배당 #세금 #SHORTS 세금을 세금이라 말못하는 이재명?  ...심상정 팩폭에 렉 걸림? #SHORTS 시사포커스TV는 ...	3635	442	39	-1
p-BbdD2eOZ4	안철수에게 아는척 하던 이재명의 최후?...'씁'💦 #SHORTS	"안철수 #이재명 #씁 #SHORTS 안철수에게 아는척 하던 이재명의 최후?...""씁""   #SHORTS 시사포커스TV는 창간 35년 정통언론, 시사 ..."	4713	360	57	-1
QxCtJRz1nV4	D-15 이재명후보 인천 집중유세현장 스케치!!	나를위해이재명 #우리를위해이재명 #미래를위해이재명 후원 : (국민) 453201-04-048641 한민우 후원금은 현장에서의 활동비로 ...	205	98	0	1
k75jXQq8yX4	대선토론 이재명 윤석열 처 주가조작 질의#shorts	대선토론 이재명 윤석열 처 주가조작 질의#shorts.	381	86	3	-1
w7BM3XaIafg	월간조선 이재명 공관 충격 폭로! 김혜경 제보자 텔레그램 난리났다! (진성호의 융단폭격)		58355	18928	768	-1
aJk17AitxOY	대선토론 이재명 윤석열 그분 조재연 나와 사과의향 없나#shorts	대선토론 이재명 윤석열 그분 조재연 나와 사과의향 없나#shorts.	324	70	4	1
aThW7j5gwLo	민주당 추경통과 잘했! 이재명 당선즉시, 추가 보상 하겠다!		88	33	0	1
45gOApgOcOU	대선토론 이재명 윤석열 국가부채 적정 수준#shorts	대선토론 이재명 윤석열 국가부채 적정 수준#shorts.	209	60	0	1
izvN-xmCneg	경제, 왜 이재명인가?	경제, 왜 이재명인가? 지도자의 리더쉽이 그 어느 때보다 중요한 순간입니다. 청년 일자리 문제 또한 심각한 상황입니다. 실제로 기업인 ...	3	0	0	1
ZikSshc4YyY	이재명 게이트(Here`s Jaemyung)	가로세로연구소 구독 후원 방법 정기구독 후원 ARS 1877-0665 기업은행 655-026629-01-014 (예금주 : (주)가로세로연구소) 국민 ...	129455	27527	169	1
7D7nUZBOPiA	난리났다! 이재명은 TV조선폐간! 민주당은 종편 폐간! #이재명전과4범 #민주당이원욱의원	자율적구독후원 : 하나은행 : 106-910488-13707 (박*옥) 해외페이팔 후원링크 : https://www.paypal.me/jungsungsantv 문의 ...	5030	2114	96	-1
U3mIgLXsvMY	이재명 대통령 만들기 대선 8일차 출근길 선거운동 - 화랑교차로(22.02.22.화)	07시. 화랑교차로 출근길 선거운동. 매서운 추위가 몰아쳐도 이재명 대통령 만들기 8일차 선거운동은 계속됩니다. 모두 함께 아자!	4	2	0	1
EGEKwSvdB50	경제 부스터샷이 필요합니다	이재명 #대선토론 #소상공인.	753	457	22	1
ZcpaNIaJ9Bc	앞으로 제대로 &#39;나를 위해&#39; 이재명 소하2동 출근 인사	광명의 기대! 김윤호는 합니다.	33	1	0	1
IPIDT5aUQrI	여러분의 생각은 어떠신가요? #이재명 #대선후보 #이재명토론		152	34	6	1
C-sP4e7pv3g	토론중 윤석열에 격노한 이재명, 허위사실이면 사퇴할래? 윤, 영혼까지 다 털림	이재명 #윤석열 #대선토론 채널에 가입하여 촛불동지로서 대선승리를 위해 함께 해요 ...	2808	857	108	-1
