ID	title	description	viewcount	likecount	commentcount	label
CWdQuCBogBw	이재명 1박 2일 충청 유세 돌입...윤석열 &#39;서해안 벨트&#39; 전남 공략 / YTN	[앵커] 20대 대선을 2주 남겨두고 대선 후보들은 전국 방방곡곡을 돌아다니며 선거운동에 열을 올리고 있습니다. 더불어민주당 이재명 ...	4786	83	105	1
x4ZD0M0cfI4	'2017년, 지지율에 취해서...' 반성문 올린 이재명, 왜? / YTN	진행 : 김대근 앵커 □ 출연 : 최진봉 / 성공회대 교수, 이두아 / 국민의힘 선대본부 대변인 * 아래 텍스트는 실제 방송 내용과 차이가 있을 ...	6871	134	170	-1
1zci-ptf7ZM	이재명, 1박 2일 충청 공략...윤석열, 전라도 집중 유세 / YTN	[앵커] 20대 대선을 2주 남겨두고 대선 후보들은 전국 방방곡곡을 돌아다니며 선거운동에 열을 올리고 있습니다. 더불어민주당 이재명 ...	1649	34	39	1
znETL5WMhuQ	[뉴스현장] 이재명, 대선후보 &#39;인천&#39; 선거유세	이재명 #더불어민주당 #인천 #대선 #대선후보 #선거운동 #대통령선거 #윤석열 #안철수 #심상정 이재명 더불어민주당 대선후보가 ...	23	3	1	1
qlHvsJY6gjk	이재명 정부는 준비되었는가?	채널에 가입하여 혜택을 누려보세요. https://www.youtube.com/channel/UC1mySWSKdHfheY5rM9zu-Vg/join 최배근TV 후원계좌: ...	904	425	21	1
U0ULLHcsORg	[김종배의 시선집중][FULL] &amp; [사법논담]｜[이재명] '위기에 강한, 유능한 경제대통령!'│[이준석] 安측 &#39;문제 제거하라&#39;? 입장은│[권은희], MBC 220223 방송	2022년 2월 23일 수요일 #시선집중 #사법논담 #MBC라디오 ** 김종배 진행자의 개인 사정으로 박지훈 변호사가 대신 진행합니다 1부 ...	153261	9298	360	1
ALIX_iT9jTU	조정식 “이재명 말한 &#39;기축통화?&#39; 준기축통화 의미”	'이재명 게이트'? 화천대유 터지기 전 발언 * 尹 김만배와 특수관계...대출비리로 종잣돈 * 尹 다 이긴 듯 오만한 행동...절실함 부족해 ...	1750	37	37	-1
thw9u7-PTh0	이재명 안산문화광장 연설! 감동과전율!ㄷㄷㄷ	'황기자' 채널 자발적 시청료 (유튜브 멤버십) https://www.youtube.com/channel/UCvm91pJsxBES2xBpvVPyeyg/join 이재명 후보 ...	4455	1484	101	1
RUjhzh9tbUA	[11시 김광일 쇼 LIVE] 이재명 페이퍼컴퍼니 딱 걸렸다! 정치자금 2.2억 지급 의혹 | 이준석 폭로! 이준석 '&#39;안철수 접게하겠다&#39; 제안 있었다'	조선닷컴 공식 홈페이지 http://www.chosun.com 조선일보 무료 구독 체험 http://bit.ly/2WnNAF7 ◈ 사실에 대한 믿음, 할 말을 하는 ...	35637	14074	0	-1
NSe_biUAs4A	내가 이재명을 지지하는 이유 &#39;굴곡진 인생&#39; [김하늘 님]	부평 #유세 #지지연설.	2382	1061	63	1
JvHApc5q1Ww	윤석열 이재명 지지율 격차는 소폭 축소,안철수는 소폭 상승 2022.2.23 오전8시	후보단일화 결렬선언이 지지율에는 큰 영향 미치지 않아,이제 윤석열과 안철수 담판에 의한 안철수 후보양보 가능성만 남은 이유는 ...	6925	3688	172	1
AB2c3mwZky4	정치개혁에 진심인 이재명 후보, 다당제, 책임총리 다 받는다 [아침옳소] 0223	"[휴닉 리얼 그래놀라 안내]** ○ 구매링크 : www.huenic.com ○ 문의전화 : 010-7272-6717 ○ 베지어트 ""옳은소리"" 이벤트! 1. 쇼핑몰 ..."	19087	5586	38	1
7UzzVaAkEiA	야권단일화 결렬 큰 영향 없다. 윤석열 이재명 지지율 격차 4.9%p→4.5%p [코리아정보리서치]	야권단일화 결렬 '찻잔 속 미풍' 이었나? 4.9%p→4.5%p 윤윤석열 44.0% 이재명 39.5% 안철수 7.5%	34432	7626	476	-1
p9oByQDU79U	?? : 이재명 후보 311만호 공급하겠다? 가능...? #short	이 클립이 나온 영상 (https://youtu.be/JQxMZgryvfM) '누구를 뽑을지 고민'이시라면 이번 머니방위대의 🗳️대선특집 부동산 공약 파헤 ...	10	2	1	1
Zz5HvDgDIgA	Live-이재명 후보, 문대통령에 '마음의 빚'/윤석열, 결국 색깔론/윤석열 깐 안철수/김건희, &#39;작전 의심 기간&#39; 9억대 차익/김만배 누나	멤버쉽 링크 - https://www.youtube.com/channel/UCkI2g2FvX-haxXqqDMqc96A/join 송작가TV몰 링크 ...	3715	5781	0	-1
oiAJ2v8zhLU	[신지호의 쿨-톡] 이걸 어쩌지? 판넬까지 들고나온 이재명 大망신	부메랑이 된 민주당의 회심의 일격.	16635	4264	117	-1
2ggpKarfwio	[공유] 이재명 후보 방송연설 #소년공_다이어리	공유영상 : 유튜브 '이재명' https://youtu.be/e6156fDczzs #이재명 #방송연설.	970	602	46	1
VO0NjMZ3r30	[시선집중] 이재명 '대장동, 윤석열이 몸통이라 100% 확신.. 선거 끝나도 특검하자' - 이재명 (더불어민주당 대선후보), MBC 220223 방송	2022년 02월 23일 [김종배의 시선집중] | 출연 : 이재명 더불어민주당 대선후보 #시선집중 #이재명 #윤석열 #안철수 #심상정 #TV토론 ...	11558	1768	197	1
cjQuUVJOq00	[한국수어] 이재명의 소확행 공약	더불어민주당 이재명 대선 후보는 3일 '한국 수어의 날'을 맞아 청각장애인들을 위해 전문 수어 통역 시스템을 개선하겠다고 밝혔다.	35	7	0	1
SvWv7hMhV5I	변발헤-이재명 후보, 문대통령에 '마음의 빚'/김건희 도이치모터스 9억 차익/윤석열 깐 안철수	멤버쉽 링크 - https://www.youtube.com/channel/UCkI2g2FvX-haxXqqDMqc96A/join 송작가TV몰 링크 ...	6180	2499	67	1
cc2_0Kp36PI	[ FNL NEWS ] 이재명의 플랫폼에선 '대한민국'은 사용금지라고? - 22.02.23	자유일보가 일간지로 새롭게 개편되었습니다. 구독자 여러분들의 많은 구독 부탁드립니다. http://jayupay.com/ TV 자유일보는 구독자 ...	373	149	8	1
dYsIw_WzL5o	이재명이 페이퍼컴퍼니랑 계약했답니다.	영상 속 AI여자는 AI플렛폼에서 유료결제를 해서 누구라도 쓸 수 있는 사람이에요. 이메일 : gkwkdlawo@google.com(사연/칼럼/뉴스 ...	771	194	30	1
fEW5LqfPOHQ	[송짤] 이재명후보 공식 선거운동 첫날! 송대표가 을지로입구역에?! #shorts	2022.2.14. 을지로입구역 공식선거운동 첫날, 처음 시민과 만난 을지로입구역! 시민 한 분 한 분의 환대에 미소가 절로 나고 피로는 싹 ...	13	6	0	1
ynwm9kWLSo8	[뉴스포커스] &#39;녹취록 공방&#39; 가열…이재명·윤석열, 첫 방송 연설 / 연합뉴스TV (YonhapnewsTV)	[뉴스포커스] '녹취록 공방' 가열…이재명·윤석열, 첫 방송 연설 첫 TV법정 토론에서 후보들이 꺼내든 '대장동 녹취록' 여진이 거셉니다.	208	6	0	1
pTRVMdroUc8	[송짤] 눈내리는 전북 군산에서 송영길 대표 유세 연설 #shorts (이재명 후보 공식 선거운동)	2022.2.16. 전북 군산 이재명 후보 공식 선거운동 코로나 위기를 극복할 수 있는 '위기극복 총사령관' 경제 회복시킬 '유능한 경제 ...	11	4	0	1
Dx-NoROCwlU	청주시장 입후보예정자 송재봉) 자녀에게 들려주는 이재명 공약 &#39;청주편&#39; AI영재고	청주시장 입후보예정자 송재봉이 자녀에게 들려주는 이재명 공약 청주편 두 번째! 4차 산업혁명 인재 배출을 위한 AI 영재고 설립 지원 ...	7	3	0	1
y6lbzvMmDTo	이재명 정치자금 터졌다! 페이퍼컴퍼니 정황까지! 윤석열 작심비판 나왔다! 뭐 이런 인간이 다 있어?!	정의구현 멤버십 가입 : https://www.youtube.com/channel/UCUNwNXVrWAHQpc8gPp1c6kw/join 자발적 구독료 : KB국민은행 ...	9754	2670	109	-1
rAC-sXVUxoY	재외동포 여러분~ 투표 모두 하셨나요~! #이재명	이재명 #재외국민 #대선 2월 23일부터 28일까지 6일간 실시되는 재외투표! 위기에 강한 경제대통령 이재명은 합니다!	416	220	34	1
D0q3_MDIPFM	'불도저 이재명' 적이 많은 진짜 이유!? 염태영이 8년간 보며 느낀 모습 #shorts	사람들은 왜 이재명을 싫어할까요?? 하지만.. 좋아하는 사람들이 더 많습니다!! 코로나로 인해 국민들이 힘들 때 지도자에게 필요한 ...	12	6	0	-1
u3oYf9lVtbs	우승희의 유세일지! 유능한 경제대통령! 이재명!	군민 여러분! 수도권에 있는 향우와 자녀에게 꼭 전화해주세요! 위에서 내려보는 기득권의 눈높이가 아닌 낮은곳에서 국민과 눈높이를 ...	25	7	0	1
O0zrRVJi-sA	[송국건의 혼술] 김만배 “이재명이는 유한기가 들어가서 손쓰면 되는 거고”	월간조선 김만배 녹취록 추가 공개 민주당, 김만배 녹취록 악마의 편집 안철수 “윤석열이 단일화 겁나 도망쳤다” 이준석 “나는 안철수를 ...	12745	3688	108	-1
HUWOqPmkK7U	D-14 인계사거리 아침인사 다녀왔습니다.#나를위해 #이재명 #위기에강한 #유능한 #경제대통령 #더불어민주당 #정당혁신위원 #김준혁 #인계동 #인계사거리 #수원 #shorts	나를위해 이재명 1번!! 여전히 매섭게 추운 날씨지만 청년들과 합께 흥겹고 신이납니다. 미래를 위해! 청년과 함께!! 이재명과 함께!	6	2	0	1
fO5sDFbxpZc	기축통화 똥볼 찬 이재명은 웃고있다//기축논쟁으로 양적완화가 보인다. 허경영의 1억원&amp;월 150만원//	누리PD 자율구독료&후원계좌// 신한은행 김준O -----110 321 750470 ---- 꾸벅~~	1825	433	39	-1
0pEgktZotnk	이재명 대통령 후보 ② 13:30 &#39;서해안의 중심도시 당진, 이재명이 만들겠습니다!&#39; 당진 유세 / 당진어시장	2/23 이재명 대통령 후보 ① 08:00 MBC라디오 김종배의 시선집중 인터뷰 ② 13:30 '서해안의 중심도시 당진, 이재명이 만들겠습니다!	2276	563	0	1
1jbLLBlAHpE	[국민응원영상]이재명을 괴물이라 부르는 분들께.	이재명 #대한민국 #세종특별자치시 #대통령.	4	0	0	1
H2dKYLZZlFw	[유세 현장] 시원한 윤희숙의 일격 '이재명 32살부터 60평 아파트? 그러면서 불쌍한 인생인 척 약을 팔아?'	국민의힘 #윤희숙 #이재명 국민의힘 윤희숙 전 의원이 22년 2월 22일 부산 남구 유세장에서 발언 하고 있다. 시사포커스TV는 창간 35 ...	3624	2822	193	1
IK9x02P5ayk	(긴급속보) 이재명, 3인이상 중대선거구제, 비례연동제, 책임총리제 등 &#39;정치개혁안&#39;으로 &#39;역단일화&#39; 공식 제안. 채널 A 보도	안철수 심상정 등 군소정당을 아울러서 일종의 연정형태의 단일화 추구. 특히 중대선거구제는 이들이 바랐던 것이어서 주목. 윤석열 ...	22078	9387	948	1
1sCqIlxY6JI	[사법논담] “김건희, 도이치모터스 주가조작 ‘전방위 연루’ 사실로 드러났다!”｜대장동은 ‘윤석열 게이트’인가 ‘이재명 게이트’인가 (김종배 &amp; 박지훈 &amp; 천하람)	2022년 02월 23일 [사법논담] | 출연 : 김종배 & 박지훈 & 천하람 매주 수요일 오전 8시 30분에 실시간 방송으로 만나요~ #사법논담 ...	34312	2516	843	-1
FQTCRsURp9c	이재명 페이퍼컴퍼니 의혹 충격적!!! 이재명 측 황당한 해명	가로세로연구소 구독 후원 방법 정기구독 후원 ARS 1877-0665 기업은행 655-026629-01-014 (예금주 : (주)가로세로연구소) 국민 ...	94662	15694	130	-1
lJOwTWigWto	이재명후보가 만드는 대한민국 대전환! #이재명 위기에 강한 유능한 경제대통령#이원호 #남양주		40	5	1	1
n2dKhWXBmkc	이재명 정치자금 페이퍼컴퍼니 1억6000만원 지급 의혹 경기의힘TV	이재명정치자금 #페이퍼컴퍼니 #성남페이퍼컴퍼니지출 #김혜경운전기사 #이재명선대위 #경호업체페이퍼컴퍼니 #국민의힘 ...	52	7	0	-1
eKNC6FJIOCk	#이재명#김혜경#절대안되는이유#귀에쏙쏙!?#김용숙tv	더불어민주당 이재명후보와 배우자 김혜경가 대통령이 되면 절대 안되는 이유를 귀에 쏙쏙 들어오게 이야기한 사람이 나타났습니다.	566	154	16	1
6Rw_oq1KNhs	현금지원, 내가 주면 유식 남이 주면 무식?... 이동영 '이재명, 정직하지 못한 정치인'	이동영 #이재명 #대선후보 #재난지원금 #기자회견 정의당 이동영 선대본 수석대변인이 22년 2월 22일 국회 소통관 기자회견장에서 ...	7889	1384	130	-1
ZU_i_lMdzO4	이재명에게 지역화폐로 공격했다가 역풍 맞은 안철수 #Shorts	이재명 #안철수 #지역화폐 #토론 BGM : 그 빵은 내꺼야 Music provided by 브금대통령 Track : 코믹한 BGM 모음 ...	64	9	3	-1
7KHXR6tWbm4	(일일뉴스) 특종! 현직 경기도 직원 양심선언 충격! 이재명의 민낯 다 알고 있다! / 2022.02.23	윤석열 #이재명 #민주당 #국민의힘 #정권교체 #대장동 #화천대유 #대선 대국본앱 국민혁명당 가입 ...	23518	9241	62	1
bT4Q9d3fOmM	[#388] 이재명 당선으로 화면 세팅? 49% 지지율 당선 확정! 충격! 대선 개표방송, 벌써 부정선거 셋팅?!	예레미TV는 '예레미TV'는 보수주의 가치를 바탕으로 국제 이슈와 세계적 현상을 전해 드리고 그 이면을 분석하는 시사 채널입니다.	75	31	0	1
qrHy5V7AZvU	화순 20•30 청년모임 이재명 지지선언		64	11	0	1
GxQdgsJX1pU	220223 박대통령 사저 대형 태극기 등장 外 추가소식. 이재명 스스로 망신을 자초한 2가지 질문. 감사돌입,김정숙 옷값 밝혀지나?	네티즌 조롱 쏟아진 李 게이트 녹취 민주당의원 황당 해명 * 李 한국 기축통화국 주장 똥볼의 최고치 * 구독료 후원 계좌: 신협 ...	549	163	8	-1
uW7cFCH1g-s	포스터의 승리-이재명의 승리, 들통나는 윤석열의 거짓말들	판이 뒤집히기 시작하니, 지지자들 더욱 열렬해집니다. 이재명 후보는 더 침착하게 늠름해지고, 들통나는 거짓말에 윤석열은 더 ...	0	14	0	-1
_3C6UtESrOU	윤석열을 참교육 시키는 이재명 #shorts	윤석열을 참교육 시키는 이재명 #shorts.	42	15	0	1
