ID	title	description	viewcount	likecount	commentcount	label
3tlYQsgjvMo	[실시간 현장LIVE🎥] 국민의당 안철수 울산방문! 지역 기자들에게 건낸 이야기는? 지역현안에 대한 기자들의 날카로운 질문들!	국민의당 #안철수 #대선후보 #선거운동 #대선 #공약.	4240	0	38	1
evboW36ZTLg	국민의당 안철수 대선 후보, 울산 태화종합시장 집중 유세 - [끝까지 LIVE] MBC 중계방송 2022년 02월 23일	국민의당 안철수 대선 후보는 오늘 울산과 경북 포항 등 영남 지역을 찾아 표심을 공략합니다. 첫 일정으로 울산지역 기자간담회를 ...	3921	172	0	1
wSfgh9QWxhY	[풀영상] 국민의당 안철수 후보, 울산 유세/2월 23일(수)	국민의당 안철수 대선 후보는 오늘(23일) 울산을 찾아 유세에 나섰습니다. 안 후보는 울산 남구에서 출근길 유세를 시작으로 태화종합 ...	1739	47	6	1
A1i_PBbgLxw	[안철수 국민의당 후보, 울산 태화종합시장 유세] /02월 23일 (수) / 디지털Only	안철수 국민의당 대선 후보는 오늘(23일) 울산과 경북 포항 등 영남 지역을 찾아 표심을 공략합니다. 안 후보는 이날 오전 울산시의회 ...	5189	216	8	1
f8aaiKy581A	[생중계] 안철수 후보, 울산 중앙전통시장 &#39;현장 유세&#39; (2022.02.23 오전)	[생중계] 안철수 후보, 울산 중앙전통시장 '현장 유세' (2022.02.23 오전) #안철수 #울산 #유세 #2022대선 #중앙전통시장 #국민의당 ...	17696	0	0	1
UEeL2mLuv6Q	안철수후보 지원연설	페이스북 친구 조명현님의 글를 받아 제작했습니다. #안철수 #2022대선 더빙:타입캐스트.	613	359	71	1
JvHApc5q1Ww	윤석열 이재명 지지율 격차는 소폭 축소,안철수는 소폭 상승 2022.2.23 오전8시	후보단일화 결렬선언이 지지율에는 큰 영향 미치지 않아,이제 윤석열과 안철수 담판에 의한 안철수 후보양보 가능성만 남은 이유는 ...	6925	3690	172	1
l-oL2fub9js	[안철수] 기호4번 안철수 대통령 후보 현장유세 | 울산 중앙전통시장 | LIVE	안철수 #4 #기호4 #4번 #20대대통령 #국민의당 #유세 #울산 #중앙전통시장.	4092	0	0	1
DZsXxqr5zeo	[윤태곤의 판] 왜 이준석은 끝까지 안철수를 자극할까	9회말 2점차, 뒤집느냐 막느냐 싸움 * 어퍼컷·하이킥·스윙..유세문화 달라져 * 이재명은 수도권, 윤석열은 호남 공략 * 민주당 승리 ...	17797	776	164	1
3qkkLCSUgJM	[이봉규TV 특별출연] 안철수, 이준석, 윤석열, 정권교체 실패 경고! 천인공노 할 국민공적이 되려는가!		6209	941	124	1
bXTpEoP2CEE	윤석열의 무식함에 무릎 꿇은 안철수! ㅋㅋㅋ #Shorts		279	73	0	-1
Y1aRS6betfY	[실시간] 안철수 국민의당 대선후보, 울산 선거 유세		0	0	0	1
RUjhzh9tbUA	[11시 김광일 쇼 LIVE] 이재명 페이퍼컴퍼니 딱 걸렸다! 정치자금 2.2억 지급 의혹 | 이준석 폭로! 이준석 '&#39;안철수 접게하겠다&#39; 제안 있었다'	조선닷컴 공식 홈페이지 http://www.chosun.com 조선일보 무료 구독 체험 http://bit.ly/2WnNAF7 ◈ 사실에 대한 믿음, 할 말을 하는 ...	35637	14084	0	-1
Yu_-3vjXT0M	안철수의 요즘 마음 💭 #Shorts	shorts [여기 이슈 타로] 5화 - 시사를 타로에 녹아보았습니다. 법선종 경전 구하는 곳 https://www.bubsunjong.com 심령세계이야기 ...	32	9	0	1
lH9VKKjH4LQ	안철수 대놓고 조롱하는 이준석..(실화) #shorts	이준석 #국민의힘 #국민의당 #안철수 #유세차 #이준석발언 #이준석망언 #이준석고인유지 #이재명유세 #이재명토론 #이재명특검 ...	5092	1088	293	-1
i-6SFaXm7tk	[안철수/윤석열] '안철수에 지나쳤다“ 국민의힘 낮은 자세로 단일화 불지피기 _220223	"[대선풍향계] ""안철수에 지나쳤다“ 국민의힘 낮은 자세로 단일화 불지피기 정도언론 인간존중 인류평화 를 위해 나아가는 아시아 ..."	1299	190	21	1
znETL5WMhuQ	[뉴스현장] 이재명, 대선후보 &#39;인천&#39; 선거유세	이재명 #더불어민주당 #인천 #대선 #대선후보 #선거운동 #대통령선거 #윤석열 #안철수 #심상정 이재명 더불어민주당 대선후보가 ...	23	3	1	1
zUxiGM5-j04	안철수 '윤석열이 너무 몰라 좀 깠다' #shorts	shorts #안철수 #윤석열 #의문의1패 #부산 #국민의힘 #국민의당 #국힘 #국당 #대환장파티.	174	37	3	-1
1nm5RfrRRTw	[Live] #안철수 국민의당 대통령 후보-울산 중앙전통시장  인사 및 유세 (22.02.23)	안철수 #국민의당 #울산 #태화종합시장 [Live] #안철수 국민의당 대통령 후보-울산 중앙전통시장 인사 및 유세 (22.02.23) 시사 ...	1290	80	0	1
XUmn5HuU7ZU	[단독] 가세연 '안철수 단일화 안하면 한방에 보낸다' (제2의 이인제, 이재명 김혜경)	가세연 단독 #가로세로연구소 단독 #강용석 #김세의 #안철수 #안철수단일화 #김미경 #안설희 #이재명 #김혜경 #김혜경웃음소리 ...	1348	195	7	1
TA4eSXpUIPE	심상정,안철수,이재명 유세차량 대형사고	심상정 #안철수#이재명 #유세차량 사고.	278	45	2	-1
BifFboHTKx4	[실시간] 안철수 국민의당 대선후보 울산지역 기자 간담회 / 2월 23일 오전 10시		160	14	0	1
ZU_i_lMdzO4	이재명에게 지역화폐로 공격했다가 역풍 맞은 안철수 #Shorts	이재명 #안철수 #지역화폐 #토론 BGM : 그 빵은 내꺼야 Music provided by 브금대통령 Track : 코믹한 BGM 모음 ...	64	9	3	-1
UPGfbEeUZkM	신문브리핑 3 ''그냥 가자' '이준석 책임져야' 국민의힘, 단일화 갑론을박' 외 주요기사 [아침&amp;매일경제]	"(매경)신문브리핑 3 """"그냥 가자"" ""이준석 책임져야"" 국민의힘, 단일화 갑론을박"" 외 주요기사(0223) #아침앤매일경제 #신문브리핑 ..."	7855	202	100	1
0CJDTcSZbfM	[단독] 가세연 '안철수 단일화 안하면, 평생 얼굴 못들게 만든다'	가세연 단독 #가로세로연구소 단독 #강용석 #김세의 #안철수 #안철수단일화 #김미경 #안설희 #이재명 #김혜경 #김혜경웃음소리 ...	941	241	8	1
LfyCYb7NrVo	안철수 응원 국민 릴레이 #안철수 #대통령		158	91	13	1
vSokauk50A0	안철수 대통령 후보 울산 중앙전통시장 유세	[안철수] 기호4번 안철수 대통령 후보 현장유세 | 울산 중앙전통시장 | LIVE #안철수 #울산 #유세.	20	6	0	1
1-wGb32Fi7I	카툰으로 보는 안철수 정책	안철수공약#안철수대통령#안철수대선후보#안철수.	2	1	0	1
CNdrMw_TGBM	[손본취]  윤석열-안철수 단일화 결렬? / '이재명 옆집 직원 합숙소 논란' 여전하구만?	정치뉴스 #대선후보 #이재명 #윤석열 #안철수 손수조 TV 본격 LIVE!! 취중토크를 시작합니다. 오늘은 한 주간의 정치 이슈였던 주제 ...	251	30	3	-1
Flni73ALRCs	이준석의 도를 넘고있는 안철수 조롱. 단일화를 거부하고 국민우려를 증폭시키는 안철수. 둘 다 친분이 있는 홍준표가 적극 나서야	이준석, 安조롱에…홍준표 “좀 심한 것 같지요?”	23197	9387	812	-1
IK9x02P5ayk	(긴급속보) 이재명, 3인이상 중대선거구제, 비례연동제, 책임총리제 등 &#39;정치개혁안&#39;으로 &#39;역단일화&#39; 공식 제안. 채널 A 보도	안철수 심상정 등 군소정당을 아울러서 일종의 연정형태의 단일화 추구. 특히 중대선거구제는 이들이 바랐던 것이어서 주목. 윤석열 ...	22078	9390	948	1
r6StasgL90U	안철수의진심#어이없음#절망#충격	shorts#동문서답#윤석렬이란인간은#대체정체가뭐니#국가위기 #신천지관련의혹#윤석렬적페대리인추정#대장동은#윤석렬게이트 ...	2	2	0	-1
7UzzVaAkEiA	야권단일화 결렬 큰 영향 없다. 윤석열 이재명 지지율 격차 4.9%p→4.5%p [코리아정보리서치]	야권단일화 결렬 '찻잔 속 미풍' 이었나? 4.9%p→4.5%p 윤윤석열 44.0% 이재명 39.5% 안철수 7.5%	34432	7626	476	-1
oHhoBi7fAmo	카툰으로보는 안철수공약 555신성장	안철수#안철수공약#555초격차#555신성장.	2	2	0	1
O0zrRVJi-sA	[송국건의 혼술] 김만배 “이재명이는 유한기가 들어가서 손쓰면 되는 거고”	월간조선 김만배 녹취록 추가 공개 민주당, 김만배 녹취록 악마의 편집 안철수 “윤석열이 단일화 겁나 도망쳤다” 이준석 “나는 안철수를 ...	12745	3692	108	-1
SvWv7hMhV5I	변발헤-이재명 후보, 문대통령에 '마음의 빚'/김건희 도이치모터스 9억 차익/윤석열 깐 안철수	멤버쉽 링크 - https://www.youtube.com/channel/UCkI2g2FvX-haxXqqDMqc96A/join 송작가TV몰 링크 ...	6180	2499	67	1
de0fJJgpYj0	[자막뉴스] '제왕적 대통령제 청산'…후보별 정치공약은 / 연합뉴스TV (YonhapnewsTV)	"[자막뉴스] ""제왕적 대통령제 청산""…후보별 정치공약은 민주당 이재명 후보는 대통령 4년 중임제 개헌을 공약했습니다. '책임총리제' ..."	493	9	12	1
41dOO38l2fA	[LIVE] 0223 안철수 국민의당 대통령 후보 - 울산 태화종합시장 인사 및 유세	[LIVE] 0223 안철수 국민의당 대통령 후보 - 울산 태화종합시장 인사 및 유세 2022.02.23 일요서울 TV 정대웅 기자 *영상제공 - 국민의 ...	354	14	0	1
wlPeKDPSUwY	[LIVE] 0223 안철수 국민의당 대통령 후보 - 울산 디자인거리 시민인사 및 유세	[LIVE] 0223 안철수 국민의당 대통령 후보 - 울산 디자인거리 시민인사 및 유세 2022.02.23 일요서울 TV 정대웅 기자 *영상제공 - 국민 ...	0	0	0	1
jBZP5q6xnTc	2022년 2월 23일 (수) JTBC 아침&amp; 다시보기 - '정점 아냐'…'풍토병 전환 초입 단계'	"2월 23일 (수) 아침& 주요뉴스 0:00 □ 01:49 ""정점 아냐""…""풍토병 전환 초입 단계"" 국내 코로나19 신규 확진자가 어제(22일) 하루 16 ..."	657	8	2	1
Zz5HvDgDIgA	Live-이재명 후보, 문대통령에 '마음의 빚'/윤석열, 결국 색깔론/윤석열 깐 안철수/김건희, &#39;작전 의심 기간&#39; 9억대 차익/김만배 누나	멤버쉽 링크 - https://www.youtube.com/channel/UCkI2g2FvX-haxXqqDMqc96A/join 송작가TV몰 링크 ...	3715	5791	0	-1
emCd0OLIBRM	정규재, 민주주의를 작살 내버린 윤석열 #shorts	대선토론 #윤석열토론 #이재명토론 #윤석열안철수단일화 #대장동 #도이치모터스.	356	47	1	1
mes7zu9-MGQ	안철수 유세 울산! 받침대가없어 소리만... 후원:농협010 5329 3606 08송만기	평일에는 시사 정치를 다루고 주말에는 음악 라이브 공연을 하는 프로 입니다. 많은 사람들에게 좋은 반응으로 구독층이 급격히 ...	426	141	0	1
K4ax9bSlHQg	이 '대장동 몸통은 윤석열'…윤 '국민, 약탈에 항거' / 연합뉴스TV (YonhapnewsTV)	"이 ""대장동 몸통은 윤석열""…윤 ""국민, 약탈에 항거"" [앵커] 대선주자들의 오늘(23일) 행보 알아보겠습니다. 더불어민주당 이재명 후보 ..."	655	10	6	1
VO0NjMZ3r30	[시선집중] 이재명 '대장동, 윤석열이 몸통이라 100% 확신.. 선거 끝나도 특검하자' - 이재명 (더불어민주당 대선후보), MBC 220223 방송	2022년 02월 23일 [김종배의 시선집중] | 출연 : 이재명 더불어민주당 대선후보 #시선집중 #이재명 #윤석열 #안철수 #심상정 #TV토론 ...	11712	1769	197	1
tD-Cxhg8EwQ	단일화추진위원회·국민통합연대 일동 '국민의 명령을 윤석열·안철수 단일화 촉구'	"단일화추진위원회·국민통합연대 외 일동은 23일 국회 소통관에서 열린 기자회견에서 ""국민의 명령으로, 윤석열·안철수 후보 단일화 ..."	816	148	25	1
MEwFPQCFplo	2022년 2월 23일 (수) [굿모닝MBN] 다시보기 - 2월 23일 굿모닝 MBN 주요뉴스	"2월 23일 굿모닝 MBN 주요뉴스 돈바스 지역 계속 포성…반군-정부군 교전 이어져 바이든 ""러시아 침공 제재""…푸틴, 우크라 공격 절차 ..."	987	25	9	1
p5h4IU7_kPI	[고성국TV]안철수, 좌파의 통일전선 전술에 이용당하지 마라	자율구독료: 490701-01-183911 국민(고성국) * 정기구독 계좌이체 신청: http://www.ihappynanum.com/Nanum/B/QLUJSFZ0MJ ...	8640	2309	212	1
Im8729NK8Ws	💥 안철수 후보... 🔸어떻게 나에게 그래.. 🔺나 완주 할겁니다..#shorts	청년의소리 정말 리얼한 청년들의 목소리 여러분의 구독과 좋아요가 큰 힘이됩니다 ...	6	0	0	1
skxLfRBt9JI	박근혜 대구사저 앞 대형태극기!윤석열 문재인 황교안 누가 박근혜 구속했나#안철수,단일화의강 건넜다#윤석열 속보이는 평양타령#이준석 너무한다#좌파연예인 총공세#이재명 갈 길 못찾았다	윤창중칼럼세상은 보수우파의 집권이 목표입니다. 실현 가능한 해법과 방향을 분명히 제시합니다. 윤칼세를 도와주십시오. 윤칼세TV ...	6357	1337	59	1
