ID	title	description	viewcount	likecount	commentcount	label
uiyyswnq4Kk	[안철수 국민의당 후보, 제20차 중앙선거대책위원회의] / 02월 24일 (목) / 디지털Only	오늘(24일) 안철수 국민의당 후보가 오전 여의도 국회에서 제20차 중앙선거대책위원회의를 주재합니다. #JTBC뉴스 #안철수 #2022 ...	13815	397	139	1
eyPAit4xgiw	안철수 '이미 단일화 결렬 선언'...여지 해석 차단 / YTN	국민의당 안철수 대선 후보는 이미 결렬을 선언했다면서 야권 후보 단일화에 여지를 남겼다는 해석을 차단했습니다. 안철수 후보는 ...	11065	465	139	1
yg88Wh6XHbQ	[현장영상] 이준석 '합당 제안 사실…안철수 출마 포기하면 예우하려 했다' / JTBC News	JTBC유튜브 구독하기 (https://bit.ly/2hYgWZg) ☞JTBC유튜브 커뮤니티 (https://bit.ly/2LZIwke) #JTBC뉴스 공식 페이지 (홈페이지) ...	2399	34	61	-1
O0AWJYk3mmk	안철수, 민주당 &#39;통합정부&#39; 공식 제안에 '소신 있으면 실행해라' / YTN	더불어민주당이 다당제를 보장하는 선거제도 개혁과 함께 '국민통합 개헌'을 추진하겠다며 정책 연대를 제안한 데 대해 국민의당 ...	1778	50	15	1
FIjTE-anH5o	송영길, 안철수 등 겨냥 &#39;연합정치&#39; 정치개혁 제안 / YTN	더불어민주당이 국회의원 연동형 비례제도와 권역별 비례대표제를 도입하는 선거제도 개혁과 함께 대통령 4년 중임제·대선 결선 ...	1115	56	28	1
C1DdXsBOGMI	안철수 문제로 국힘 내분. 이준석에 경고 날리는 권영세	국민의힘 권영세 선거대책본부장은 24일 단일화 여부를 두고 국민의당 안철수 대선후보 측과 갈등 상황을 지속하고 있는 이준석 대표 ...	4069	348	52	1
ysmJcA0qm1Q	[광주여론조사] 이재명 67.5% 윤석열 11.8% 안철수 8.3%.. 광주지역 민심은? / KBC뉴스	광주여론조사 #대통령지지도 이번 여론조사는 KBC와 UPI뉴스가 한국갤럽에 의뢰해 광주광역시에 거주하는 만 18세 이상 남녀 1003 ...	505	47	9	1
S8MucJA512s	[안철수] 제20차 중앙선거대책위원회의 | LIVE	안철수 #4 #기호4번 #국민의당 #중앙선거대책위원회의.	5415	0	298	1
nCqS2M7icLE	민주당, 안철수·심상정에 ‘민심 단일화’ 공개 제안...“다당제 연합정치”	이재명 #안철수 #민심단일화제안 [민주당, 안철수·심상정에 '민심 단일화' 공개 제안...“다당제 연합정치”] 더불어민주당 송영길 대표는 ...	647	34	10	1
0G-yd8M1KEE	안철수 심상정 겨냥 &#39;정책 단일화&#39; 개헌 카드 꺼낸 송영길, 다급해진 상황에 안철수에 러브콜	개헌 카드 꺼낸 송영길 “4년중임·결선투표 도입…총리 국회추천”	11513	1730	185	1
uqDvzduGBoQ	[뉴스라이브] 이준석 '安측 배신자'...단일화 기 싸움, 진실공방으로? / YTN	진행 : 김대근 앵커, 김선영 앵커 □ 출연 : 김관옥 계명대 교수 / 김근식 경남대 교수 * 아래 텍스트는 실제 방송 내용과 차이가 있을 수 ...	4417	118	68	1
Le90RSnbyeo	[ 뉴스반장 뇌피셜 ] 안철수는 '단일화 당한다!'	안철수 #윤석열 #단일화 #김건희.	28087	9188	561	1
jPS4XtR2FF0	‘여론도사’ 박시영 대표 다시 등판! | 첫 법정 TV토론 후일담 | 윤석열 발언에 안철수 절레절레 | 대선 중반 지지율 추이는? | [짤짤이쇼 라이브 72화]	짤짤이쇼 찐형제기업 룩백 올인원 로션 구매처 : https://lookback.kr/product/detail.html?product_no=11&src=image&kw=000081 ...	104673	15480	158	1
aZOhpq6abdw	(윤칼세TV 단독)이재명 안철수,충격적 내용 협상 중!#윤석열,김대중 아들인가#이준석의 더티플레이#윤석열 오만의 종착역#대한민국이 우크라이나 될 수 있다#박근혜의 기반은 태극기다!	윤창중칼럼세상은 보수우파의 집권이 목표입니다. 실현 가능한 해법과 방향을 분명히 제시합니다. 윤칼세를 도와주십시오. 윤칼세TV ...	7259	1503	26	1
knf5qdgvS7Y	단일화 관련 질문에 안철수 '지금 시간이 다 지났다…그래서 결렬 선언한 것'	안철수 #이준석 #윤석열 #단일화 #질의응답 안철수 국민의당 대선 후보가 22년 2월 24일 서울 여의도 국회에서 열린 중앙선거대책 ...	3117	262	158	1
mhNO6x3t96Y	중소기업전용 대체거래소 설립 의사 밝힌 안철수 '자금 조달 방법 획기적으로 개편'	안철수 #중소기업 #벤처기업 #자금 #조달 안철수 국민의당 대선 후보가 22년 2월 24일 서울 여의도 국회에서 열린 중앙선거대책 ...	689	24	30	1
1XkIvxjZkh0	안철수 '중소기업 절반 이자도 못 내...전용 대체거래소 만들 것'	안철수 국민의당 대선 후보가 24일 오전 서울 여의도 국회에서 열린 국민의당 중앙선거대책위원회의에서 모두발언을 하고 있다.	11	0	0	1
Yx6kCA6l7kI	이태규 '이준석 이중플레이, 왜 그러나 진짜 궁금해'	이준석, 합당 진정성 있다면 왜 安 비방하나? * 이준석 비판, 지지자들의 피로감이 매우 커 * 안철수 즉답 없었다, 결국 후보 간의 문제 ...	4065	175	44	-1
6LV-0INvkOg	안철수 '중소기업 위한 전용 대체거래소 설립할 것'	"안철수 국민의당 대통령 후보가 24일 국회에서 열린 선거대책위원회의에서 ""중소기업을 위한 중소기업전용 대체거래소를 설립 ..."	142	9	7	1
l4YVAugcvQ8	2월 24일 (목) 그들은 왜 기자회견을 자청했나?/윤석열-안철수 단일화, 더 꼬이나?/유세현장, 결정적 10초는?/대선 벽보-현수막 훼손? 큰 코 다칠수도 [김태현의 정치쇼]	2022년 2월 24일 목요일 김태현의 정치쇼 생방송 [1부] 뉴스 온더 블럭 (코로나 브리핑) - 조동찬 의학전문기자 [2부] 국회정보보고 ...	477	16	1	-1
QldA0hpBS2U	한눈에 보는 빅5 TV토론 냉정 평가// 아웅다웅 빅2// 완전히 다른 기호 6번 허경영// 안철수와 심상정의 노림수는	누리PD 자율구독료&후원계좌// 신한은행 김준O -----110 321 750470 ---- 꾸벅~~	2396	707	99	1
R-XdNtejPKc	송영길 '다당제 보장...안철수·심상정·김동연 정치개혁 함께하자'	더불어민주당 송영길 대표가 24일 오전 서울 여의도 중앙당사에서 국민통합을 위한 정치개혁 제안 기자회견을 하고 있다.	30	3	1	1
rymUZYedYvo	안철수 대통령 후보  제20차 중앙선거대책위원회의 모두발언	안철수 #기호4번 #선거유세 #4번 2022.02.24 국회본청 225호 안철수 유튜브 https://www.youtube.com/user/jinsimcamp.	124	0	13	1
eGI_GXYluuY	송영길, 국무총리 국회추천제 등 통합정부 공식 제안 / YTN	20대 대통령 선거를 10여 일 앞두고 더불어민주당 송영길 대표가 국무총리 국회추천제 등 통합 정부를 포함한 정치 개혁안을 공식 ...	2080	94	43	1
0zRDQ-ad3FI	배승희 민영삼의 따따부따(이재명 안철수의 단일화?) #shorts		578	99	0	1
VSrKO8XIXME	안철수 방문, 포항시민 반응은 포항용광로보다 뜨거웠다. 기자회견 및 유세, 시민반응 동영상	안철수 #국민의당 #포항구룡포, #포항영일대 방문, #포항시민 반은은 # 포스코 용광로 보다 더 뜨거웠다. #최연소 포스코 사외이사, ...	40	24	4	1
UdsvDN6GgCE	이준석,자중모드로..?그만하면 되었다 국당 이태규반격,배신자가 누구냐 안철수,단일화 안한다니까!	단일화 #이준석 #안철수 #윤석열 #이태규 ♥ 후원안내 ♥ ※국내 후원 국민은행, 365202-01-189195 김*원 ※해외 후원 PayPal ...	222	39	0	-1
FIedDY1M0eg	임인년, 특별사면된 박근혜 전 대통령의 사주. 부디 건강 잘 챙기세요!!(대구점집)(용한점집)(유명한점집)용한 점집 댓글 추천 후기. 문재인.이재명.안철수.윤석열.대선	안녕하세요. 15세 신령님을 모시고 무당의길을 걷고있는 대구점집 태공신당 가인선녀입니다. 진솔하고 진실하며 진지하게 여러분의 ...	40	0	1	1
55fAqmZV8rg	떠오른 단일화 물밑접촉…열정열차에 윤-안 동승? #윤석열 #안철수 #이준석	떠오른 단일화 물밑접촉…열정열차에 윤-안 동승? #윤석열 #안철수 #이준석.	1	0	0	1
ofSyLgWWHGI	여당은 크게 노는데, 대선이 장난? 국민이 우습지 [2022년 2월 24일(목) 정군기의 텐텐뉴스]	0:00:00 오프닝 0:04:57 송영길 대표의 개헌카드 0:11:26 이준석·이태규 0:14:17 이준석-안철수 측 '진흙탕 폭로전' 0:15:26 윤석열 ...	5615	1477	21	-1
LVfyxOqC4G0	안철수 이재명 후보님, 대한민국은 현재 비기축통화국입니다   대선후보   TV토론	안철수후보님가 대통령이 되어야 하는 이유 안철수로 유능한 정권교체. 윤석열로 무능한 정권교대. 이재명은 정권연장.	3	1	1	1
dclQYCJ9s00	안철수 삼성이 플랫폼 기업  기업 구분을 못 하시네요    대선후보   TV토론	안철수의 유능한 정권교체! 윤석열의 무능한 정권교대 이재명의 정권연장.	2	1	1	1
mRUtUimab1s	이재명 '혼자서 이기기 힘든 상황…&#39;마초&#39;  윤석열  빼고 협력하자' #안철수	"이재명 ""혼자서 이기기 힘든 상황…'마초' 尹 빼고 협력하자"""	0	0	0	-1
W_xx9YcLWM4	국민의.국민을 위한.국민에 의한 국민의당으로 모이세요	자유민주주의.정의실현.국민과 국가사랑실천 안철수가답이다뉴스(안답뉴)는 시청자분들의 소중한 댓글로 제작되는 안철수 후보 순수 ...	112	93	19	1
c4UACFWa2ag	[LIVE] D-13, 리얼미터-오마이뉴스TV 대선 여론조사 결과 동시 생방송 | 이택수 대표 출연 | 이재명 윤석열 안철수 심상정 | 대통령 선거 대선 후보	오마이뉴스-리얼미터 대선 후보 여론조사 발표 ○ 리얼미터TV 구독하기 : http://bitly.kr/MH9mn3N6Ep #리얼미터 #여론조사 #대통령 ...	2557	125	0	1
OIQRNLA_ufM	2022년 2월 24일 (목) [굿모닝MBN] 다시보기 - 2월 24일 굿모닝 MBN 주요뉴스	2월 24일 굿모닝 MBN 주요뉴스 신규 확진 이틀 연속 17만 명...'세계 최다' 다툴 지경 대구 '60세 미만' 식당·카페 방역패스 중지 [대선 ...	1354	27	4	1
wlci_awLSyg	윤석열후보 문재인 제대로 뒤집었다! 전여옥 이재명,김혜경 작심저격! 문재인의 국정원 터졌다! 서울대동기들의 안철수 평가! #윤석열필승!	자율적구독후원 : 하나은행 : 106-910488-13707 (박*옥) 해외페이팔 후원링크 : https://www.paypal.me/jungsungsantv 문의 ...	6249	1799	57	1
5viMiN61ogc	[🔴실시간] 대선 후보들이 ‘책임・공정・행복교육 공약(藥)’을 얼마나 수용했는지 100인 현장 평가 결과를 발표합니다ㅣ22.02.24 (목)	행사명 : 20대 대선 교육공약 국민 100인 현장 평가 결과 발표 기자회견 □ 일 시 : 2월 24일(목) 오전 11시 □ 장 소 : 사교육걱정없는 ...	104	14	0	1
9ehK_eEnJ_o	윤석열 안철수 단일화		16	0	0	1
TB8jjR5fd8A	안철수 누가 되던지 소상공인 대출 만기 연장 하자!! #shorts	청년의 목소리입니다 청년들이 나서지 않으면 이루어질 수 없습니다 #안철수 #소상공인 #대출 #만기연장.	7	0	0	1
2GzB6FcnBdY	이준석 안철수		5	0	0	1
IjvBBNKP_tI	이준석 안철수 배신자		1	0	0	-1
10ZPsIWQ2k8	이재명, 격전지 중원 이틀째 유세…'충청의 사위' / 연합뉴스TV (YonhapnewsTV)	"이재명, 격전지 중원 이틀째 유세…""충청의 사위"" [앵커] 대선 주자 소식입니다. 더불어민주당 이재명 후보 소식 먼저 들어보겠습니다."	223	7	12	1
GmS6cO8ackQ	이준석 안철수 단일화		4	0	0	1
PfHgD6FJ7dU	안철수 사실상 민주당 영구집권 주장	결정적 순간에 정권교체 방해하는 안철수.	3	1	1	-1
sPAmA9FS6jw	안철수 이재명에게 경제 강의!! #shorts	청년의 목소리입니다 청년들이 나서지 않으면 이루어질 수 없습니다 #안철수 #이재명.	5	0	0	1
3rhZW7N1U8U	'단일화 결렬 후, 李-尹 지지율 &#39;딱 붙어있어&#39;' [황보선의 출발 새아침] / YTN라디오	YTN라디오(FM 94.5) [황보선의 출발 새아침] 우리의 이슈가 뉴스를 바꿉니다. 세상을 깨우는 황보선의 출발 새아침 중심잡힌 시선으로 ...	632	44	4	1
klQRKOJaRA8	&#39;주가 조작&#39; 논란에 20대 개미들 표심 이동하나? [황보선의 출발 새아침] / YTN라디오	YTN라디오(FM 94.5) [황보선의 출발 새아침] 우리의 이슈가 뉴스를 바꿉니다. 세상을 깨우는 황보선의 출발 새아침 중심잡힌 시선으로 ...	891	98	9	1
0cz36M7l8wY	[송국건의 혼술] 윤석열 고립되는데 철부지 폭로전 불장난 열중하는 이준석	송영길 정치개혁 고리로 반윤석열 연대 시동 이준석과 이태규의 위험한 폭로전 안철수, 부산일보 인터뷰 내용은?	13039	3742	316	-1
3M-JMaZlxmk	[황보선의 출발 새아침] FULL 다시보기ㅣ대장동 &#39;그분&#39; 기자회견, 대선 목전에 갑자기? 단일화&#39; 무산되고 李-尹 지지율 초접전, 청년희망통장 형평성 논란  | 220224	"YTN FM 94.5MHz 우리의 이슈가 뉴스를 바꿉니다. 세상을 깨우는 ""황보선의 출발 새아침"" 중심잡힌 시선으로 가장 뜨거운 이슈를 ..."	4668	256	7	1
