ID	title	description	viewcount	likecount	commentcount	label
_8GKB0dBKy8	‘대한민국 국토 심장부 충북 발전, 이재명은 합니다!’ 더불어민주당 이재명 후보, 충주 집중 유세 - [끝까지 LIVE] MBC 중계방송 2022년 02월 24일	더불어민주당 이재명 대선 후보는 오늘(24일) 충청·강원 지역을 찾아 지지를 호소합니다. 이 후보는 이날 오전 불교방송과 전화 인터뷰 ...	13830	1426	30	1
2Brto6hpv3k	이재명 대선후보, 충북 충주 집중 유세 / SBS	더불어민주당 이재명 대선 후보가 오늘 충북 충주를 찾아 지역 균형개발을 강조한 뒤, 강원도 원주로 이동해 유세를 이어갑니다.	5852	127	23	1
2-RZPqOimFA	[풀영상] 더불어민주당 이재명 후보, 충북 충주 유세/2월 24일(목)	더불어민주당 이재명 대선 후보는 오늘(24일) 오전 충북 충주를 찾아 충청 지역 집중 유세를 이어갔습니다. 이 후보는 충주 젊음의 거리 ...	3323	219	7	1
RO1HkJRS0mU	이재명, 이틀째 충청 표심 공략…&#39;충청의 사위&#39; 강조 / YTN	[이재명 / 더불어민주당 대선후보] 반갑습니다, 여러분. 저는 처가댁에 사드 같은 이런 거 말고. 사드 같은 거 안 하겠습니다, 저는.	886	32	36	1
CVVaFinYY34	이재명 “윤석열이 대장동 몸통, 100% 확신” | 김진의 돌직구 쇼 937 회	동이재명 “윤석열이 대장동 몸통, 100% 확신” | 김진의 돌직구 쇼 937 회 아 李 ＂尹이 대장동 몸통, 100% 확신＂…野 ＂李가 '그분' 곧 ...	4951	535	333	1
o2gR_CNZya0	이재명, 충주·원주서 세몰이…윤석열, 수원 집중유세	대선이 13일 앞으로 다가오면서 각 후보들 지지세 결집에 나서고 있습니다. 민주당 이재명 후보는 어제에 이어 오늘 충북 충주에서 ...	1493	78	17	1
ysmJcA0qm1Q	[광주여론조사] 이재명 67.5% 윤석열 11.8% 안철수 8.3%.. 광주지역 민심은? / KBC뉴스	광주여론조사 #대통령지지도 이번 여론조사는 KBC와 UPI뉴스가 한국갤럽에 의뢰해 광주광역시에 거주하는 만 18세 이상 남녀 1003 ...	505	47	9	1
Hy8okI9MoO0	'충청의 사위가 왔다'...이재명, 충북 표심 공략/HCN 충북방송	더불어민주당 이재명 대선후보가 청주 첫 공식 유세에 나섰습니다. '충청의 사위'임을 내세운 그는 청주 도심 광역철도 추진을 약속 ...	68	3	13	1
OuUIqnVofmo	[LIVE] '국토 심장부 충북 발전, 이재명은 합니다!' 이재명 후보, 충주 유세 / YTN	이재명 후보는 이틀째 충청 지역에 머물며 유세전에 나서며 지역 주민들에게 지지를 호소할 예정입니다. #YTN #YTN실시간 #이재명 ...	7580	343	7	1
1_xH74HKYHc	[현장영상+] 이재명, 이틀째 충청 표심 공략...'처갓댁에 사드 절대 안할 것' / YTN	[앵커] 더불어민주당 이재명 대선 후보는 어제 충남에 이어 오늘은 부인의 고향이 있는 충북 지역 유세에 돌입했습니다. 이 후보는 자신 ...	1094	35	20	1
R_Y_fObyDKI	‘충청의 사위, 산척의 사위 이재명이 왔습니다!’ 더불어민주당 이재명 후보, 충주 산척 유세 - [끝까지 LIVE] MBC 중계방송 2022년 02월 24일	더불어민주당 이재명 대선 후보는 오늘(24일) 충청·강원 지역을 찾아 지지를 호소합니다. 이 후보는 이날 오전 불교방송과 전화 인터뷰 ...	0	4	0	1
jHMMT6F7dfE	썩은사과(이재명)은 쓰레기통으로! (부산 수영구 팔도시장)	부산 #이재명 #윤희숙 #유세.	3870	1457	122	1
6hEOZyNUkFA	이재명 충주 집중 유세 젊음의거리 3번출구 앞 현장취재!	이재명 #충주 #선거유세현장 with CameraFi Live.	12350	5054	13	1
7TaT0AiAefU	[생중계] 이재명 후보, &#39;대한민국 국토 심장부 충북 발전, 이재명은 합니다!&#39; 충주 집중 유세 (2022.2.24 오전)	[생중계] 이재명 후보, '대한민국 국토 심장부 충북 발전, 이재명은 합니다!' 충주 집중 유세 (2022.2.24 오전) #이재명 #충북충주 #집중 ...	24609	0	31	1
guVjLY8vFn8	이재명 '윤석열, 겁대가리 없이 건방지게...' #Shorts	"이재명 ""윤석열, 겁대가리 없이 건방지게..."" #Shorts."	97	3	1	-1
10ZPsIWQ2k8	이재명, 격전지 중원 이틀째 유세…'충청의 사위' / 연합뉴스TV (YonhapnewsTV)	"이재명, 격전지 중원 이틀째 유세…""충청의 사위"" [앵커] 대선 주자 소식입니다. 더불어민주당 이재명 후보 소식 먼저 들어보겠습니다."	222	7	12	1
eGI_GXYluuY	송영길, 국무총리 국회추천제 등 통합정부 공식 제안 / YTN	20대 대통령 선거를 10여 일 앞두고 더불어민주당 송영길 대표가 국무총리 국회추천제 등 통합 정부를 포함한 정치 개혁안을 공식 ...	2079	94	43	1
VrwcFjRtmOg	이재명의 유쾌한 일밍아웃(일베)	"""여러분 혹시 아시나 모르겠는데, 제가 일베 출신인거 아세요?"" #이재명 #일간베스트 #대통령."	124	15	1	-1
oJdcxz3F5QA	어서와 사진이 움직이는 건 처음이지?	이재명 #포스터 #벽보 #이재명플러스.	2767	838	56	1
WA9tzBn58uc	[팩트TV 풀영상] (2.23) 더불어민주당 이재명 대선후보 &#39;균형발전의 중심 청주, 충청권 메가시티로!&#39; 청주 유세	2022년 2월 23일 청주 롯데마트 앞에서 더불어민주당 이재명 대선후보 '균형발전의 중심 청주, 충청권 메가시티로!' 청주 유세가 진행 ...	219	19	2	1
8zvkGTk9eHY	[브이라이브]더불어민주당 이재명 대선 후보, 충북권 집중유세 ｜ 2022. 02. 24.	이재명 #유세현장 #충북 #충주 24일 더불어민주당 이재명 대선 후보 충북권 집중유세 현장입니다.	294	43	1	1
MKqU2hCx1jo	이재명, 두 번째 세종시 유세	시민대표와 이재명 후보, 세종시 6대 공약에 상호 서약 [굿뉴스365] 더불어민주당 이재명 대선후보가 지난 12일에 이어 23일 두번째로 ...	0	0	0	1
w4Uala1HBhg	(잘한다박민영)국민의힘 청년보좌역 이재명대저격! #이재명박민영 #이재명전과4범	자율적구독후원 : 하나은행 : 106-910488-13707 (박*옥) 해외페이팔 후원링크 : https://www.paypal.me/jungsungsantv 문의 ...	4984	1326	54	1
hcnOE2pjlTQ	이재명 옆집 관련 국힘 네가티브 규탄 live	일시후원: 국민은행 794001-04-154041 서울의소리(강경자) ✓전화후원: 1877-1590 ✓정기후원: ...	3706	777	72	1
einbNPmWf08	악마 이재명 ( + 무너진 광주 아이파크 근황)	인라이트 스쿨 구독계좌 : 하나은행 403-910045-18704 주식회사 인라이트스쿨.	777	173	1	1
ITjKzMcvJ2M	이재명 장남 의혹 제기		66	0	0	-1
jh1M7-gT92o	[신지호의 쿨-톡] 이재명은 &#39;아픈 손가락&#39;이라 했는데...		2995	880	34	-1
aZOhpq6abdw	(윤칼세TV 단독)이재명 안철수,충격적 내용 협상 중!#윤석열,김대중 아들인가#이준석의 더티플레이#윤석열 오만의 종착역#대한민국이 우크라이나 될 수 있다#박근혜의 기반은 태극기다!	윤창중칼럼세상은 보수우파의 집권이 목표입니다. 실현 가능한 해법과 방향을 분명히 제시합니다. 윤칼세를 도와주십시오. 윤칼세TV ...	7259	1503	26	1
25XYrmgDQWE	이재명 옆집 경기주택도시공사 직원 실거주 입증... 강득구 '국민의힘 사과해라!'	강득구 #이재명 #대선후보 #옆집 #사과 #기자회견 더불어민주당 강득구 의원이 22년 2월 24일 국회 소통관 기자회견장에서 최근 ...	1713	53	56	-1
MhNEAvDa0z8	[D-13] [LIVE] 이재명 후보 - &#39;대한민국 국토 심장부 충북 발전, 이재명은 합니다!&#39; 충주 집중 유세 생중계		5157	2267	4	1
5K2icWH_TS8	매따버스시즌2 대한민국 국토 심장부 충북발전 #이재명은합니다! '충주 젊음의거리' #나를위해이재명 #이재명은합니다 #우리가언론이되겠습니다,	This stream is created with #PRISMLiveStudio.	2116	852	0	1
aJhKalVRd80	[생중계] 이재명 후보, '충청의 사위, 산척의 사위 이재명이 왔습니다!' 충주 산척 유세 (2022.2.24 오후)	"[생중계] 이재명 후보, ""충청의 사위, 산척의 사위 이재명이 왔습니다!"" 충주 산척 유세 (2022.2.24 오후) #이재명 #충북충주 #충청사위 ..."	4380	0	0	1
1hq9dC3OMIU	2022.2.24. (생중계) 이재명 더불어민주당 후보 - &#39;대한민국 국토 심장부 충북 발전, 이재명은 합니다!&#39; 충주 집중 유세	팩트TV 보도채널 추진 트레일러 방송 #팩트TV 플러스 제작 후원=보도채널 예비시청자위원 가입 □ 후원하기(링크클릭) ...	2614	582	0	1
69ygOtlwHpc	[LIVE] 이재명 후보, 충주 집중 유세		6663	6410	23	1
JBqm0hbDxWY	[CBMTV]전·현직 학운위원장·학부모회장 151명, 이재명 대선후보 지지선언	[CBMTV]전·현직 학운위원장·학부모회장 151명, 이재명 대선후보 지지선언 충북열린교육포럼 지향점인 평등·공정·미래교육과 맥 같아 ...	110	4	0	1
ird5nreuvXk	이재명 대통령 후보② 11:00 &#39;대한민국 국토 심장부 충북 발전, 이재명은 합니다!&#39; 충주 집중 유세 / 충주 젊음의거리 3번출구	2/24 이재명 대통령 ① 08:00 BBS라디오 박경수의 아침저널인터뷰 ② 11:00 '대한민국 국토 심장부 충북 발전, 이재명은 합니다!	1052	338	0	1
PTF6OafN8Cw	평화쌓기 한평학당 41회 '이재명의 한반도 평화 실천전략' - 김진향 상임의장	[한평학당 긴급특강] - 주제 : 이재명의 한반도 평화 실천전략 - 강사: 김진향(전 개성공단 이사장) [내용] - 2022년 전쟁위기는 실존하는 ...	247	32	0	1
kRw7FSonTiQ	기호1번 이재명 후보 공약 정리 - Korean Stock Story_honeybee	개인투자자 화이팅! 꿀벌은 매수&매도를 권하지 않습니다. 채널 가입 링크 ...	28	3	0	1
ZccWNSFzXFM	산타 옷 입고 춤 춘 이재명…故 김문기 유족 분노 | 김진의 돌직구 쇼 937 회	산타 옷 입고 춤 춘 이재명…故 김문기 유족 분노 | 김진의 돌직구 쇼 937 회 서울 李 ＂尹, 100% 대장동 몸통＂…김문기 유족 ＂李 ...	620	63	21	-1
YKgjpgBkX9U	이재명 '겁대가리 없이 건방지게 국민에게 달려듭니까?'  누가? #shorts	자유일보가 일간지로 새롭게 개편되었습니다. 구독자 여러분들의 많은 구독 부탁드립니다. http://jayupay.com/ TV 자유일보는 구독자 ...	49	14	1	-1
gWn6FajiqGg	이재명대통령 후보 지지 윤호중 원내대표 거제시 유세 현장(김병주 국회의원.신현영 국회의원.이기우 전차괸) 함께	이재명대통령 후보 지지 윤호중 원내대표 거제시 유세 현장(김병주 국회의원.신현영 국회의원.이기우 전차괸) 함께.	43	6	3	1
ECsjCqi2IaM	권영세 '이재명, 대장동이 윤석열 게이트?... 안중근이 매국노라는 격'	"권영세 국민의힘 선거대책본부장이 24일 국회에서 열린 중앙선거대책본부회의에서 ""이재명 후보가 대장동을 윤석열 게이트라 하는 ..."	300	40	11	-1
mi8xOEqSRxw	[이재명/조재연] 대법관 게이트? 이재명 게이트?_220224	[대선풍향계] 대법관 게이트? 이재명 게이트?_220224 정도언론 인간존중 인류평화 를 위해 나아가는 아시아 투데이!!! 정론직필을 ...	325	106	6	-1
5qp8RRPFmFM	이재명 대통령 후보 ② 11:00 &#39;대한민국 국토 심장부 충북 발전, 이재명은 합니다!&#39; 충주 집중 유세 / 충주 젊음의거리 3번출구	2/24 이재명 대통령 ① 08:00 BBS라디오 박경수의 아침저널인터뷰 ② 11:00 '대한민국 국토 심장부 충북 발전, 이재명은 합니다!	4852	903	13	1
b-__xGtaDyc	이재명 대통령 만들기 대선 10일차 출근길 운동 - 삼송역(22.02.24.목)	07시. 이재명 대통령 만들기 대선 10일차 출근길 운동. 삼송역에서 이재명을 외칩니다~^^ 선거운동 중반부 돌입. 더 가열차게 뛰겠 ...	7	1	0	1
KI-exyIhY60	D-13 이재명후보 충주 유세현장 스케치!!(젊음의거리)	나를위해이재명 #우리를위해이재명 #미래를위해이재명 후원 : (국민) 453201-04-048641 한민우 후원금은 현장에서의 활동비로 ...	232	100	1	1
wlci_awLSyg	윤석열후보 문재인 제대로 뒤집었다! 전여옥 이재명,김혜경 작심저격! 문재인의 국정원 터졌다! 서울대동기들의 안철수 평가! #윤석열필승!	자율적구독후원 : 하나은행 : 106-910488-13707 (박*옥) 해외페이팔 후원링크 : https://www.paypal.me/jungsungsantv 문의 ...	6249	1798	57	1
k2EKWKgA_LE	이재명 후보의 체육공약 발표 생중계(정청래,임오경,박정)		3975	1102	13	1
H9GTVtd2URU	이재명...AFP '가난을 부끄러워하지 않는 대선 후보'…이재명 주목...'지위에 집착하는 한국서 매우 희귀한 정치인'	"AFP ""가난을 부끄러워하지 않는 대선 후보""…이재명 주목 ""지위에 집착하는 한국서 매우 희귀한 정치인"" AFP는 넷플릭스 시리즈 ..."	266	130	9	1
M4_Ss3vo7SU	이래도 이재명 저래도 이재명 어딜봐도 이재명 이리보고 저리봐도 이재명	나를 위해 우리를 위해.	4	1	0	1
