ID	title	description	viewcount	likecount	commentcount	label
VYINmPvkl5c	국민의힘 윤석열 대선후보, 문화예술체육계 레전드 스타 100여 명 지지 선언 - [끝까지 LIVE] MBC 중계방송 2022년 02월 24일	축구 이회택, 복싱 홍수환, 배구 장윤창, 농구 박찬숙, 가수 김수희 등 문화예술체육계 레전드 스타 100여 명은 오늘 오전 서울 여의도 ...	27280	452	215	1
m7TerJqmZ5g	[LIVE] 윤석열 후보, 정권교체 결의대회 참석…여야 전직 국회의장·국회의원 지지선언 / YTN	윤석열 후보는 여야 전직 국회의장과 국회의원이 함께하는 정권교체 결의대회에 참석합니다. 이 자리에서는 이인제 전 의원, 박주선 전 ...	17270	573	0	1
H6gjv_kVx7o	`윤석열` 김대중 생가 방문.. “국민의힘, DJ정신 더 가까워” (2022.02.23/뉴스데스크/광주MBC)	윤석열` 김대중 생가 방문..“국민의힘, DJ정신 더 가까워” (2022.02.23/뉴스데스크/광주MBC) #윤석열 #김대중정신#국민의힘#김대중 ...	756	17	62	1
7giELoQ0b_g	🔴LIVE - 전직 국회의장·의원 윤석열 후보 공개 지지 선언식/2월 24일(목)	국민의힘 윤석열 대선 후보는 오늘(24일) 오전 윤 후보를 지지하는 전직 국회의장과 국회의원들의 공개 지지 선언식에 참석합니다.	9374	335	11	1
auFMRt5bkps	[Live] 2월 24일 여야 전직 국회의장 • 국회의원 윤석열 후보 지지 및 정권교체 결의대회		5141	6027	0	1
9UsZgmqagtI	[윤석열 국민의힘 후보, 여야 전직 국회의원 지지선언] / 02월 24일 (목) /디지털Only	오늘(24일) 윤석열 국민의힘 후보는 국회도서관에서 열리는 여야 전직 국회의장·국회의원의 지지 선언 행사에 참석합니다. #JTBC ...	6548	214	1	1
o2gR_CNZya0	이재명, 충주·원주서 세몰이…윤석열, 수원 집중유세	대선이 13일 앞으로 다가오면서 각 후보들 지지세 결집에 나서고 있습니다. 민주당 이재명 후보는 어제에 이어 오늘 충북 충주에서 ...	1493	78	17	1
c-xGQ6qOPe4	여야 전직 국회의장·국회의원, 국민의힘 윤석열 후보 지지선언 - [끝까지 LIVE] MBC 중계방송 2022년 02월 24일	국민의힘 윤석열 대선 후보는 오늘(24일) 오전 국회도서관에서 열리는 여야 전직 국회의장·국회의원의 지지 선언 행사에 참석합니다.	20438	191	24	1
ysmJcA0qm1Q	[광주여론조사] 이재명 67.5% 윤석열 11.8% 안철수 8.3%.. 광주지역 민심은? / KBC뉴스	광주여론조사 #대통령지지도 이번 여론조사는 KBC와 UPI뉴스가 한국갤럽에 의뢰해 광주광역시에 거주하는 만 18세 이상 남녀 1003 ...	505	47	9	1
UMOGifgTpL8	김종인 '윤석열의 위험한 착각, 安 손 안 잡은 건 큰 잘못'	87년 이래 가장 저급한 대선…나라 앞날 암울 * 지도자 못 키워낸 국회, 87년 체제 문제 아닐까 * 압도적 1위 없는 박빙, '코로나·우크라' ...	26731	1536	315	-1
guVjLY8vFn8	이재명 '윤석열, 겁대가리 없이 건방지게...' #Shorts	"이재명 ""윤석열, 겁대가리 없이 건방지게..."" #Shorts."	97	3	1	-1
c7uAbim5r-k	전직 국회의장·의원…윤석열 지지선언 현장 / 연합뉴스TV (YonhapnewsTV)	전직 국회의장·의원…윤석열 지지선언 현장 [앵커] 국민의힘 윤석열 대선 후보의 행보 살펴보겠습니다. 윤 후보는 아침부터 지지선언 ...	1794	132	16	1
Dww6C7vzzdI	윤석열, 그걸 왜 안해! #shorts	윤석열, 그걸 왜 안해! #shorts.	746	119	1	-1
UtJJuHIslmc	김건희 주가조작, 반전 시작됐다! 윤석열 장모 녹취 'MBC에 그랬다, 참고 있는 거라고' - 윤석열 &#39;본부장 리스크&#39;에 지지자도 논란.. 이재명 '3,4당 빼고 정치교체'	김건희주가조작민주당반격 #윤석열장모녹취보도 #윤석열본부장리스크지지자논란 #유능한이재명정치교체제안 ▣ 황희두 멤버십 ...	27885	13427	346	-1
58A9Okpfx_M	[송짤] 윤석열은 술 마실 때 눈이 반짝반짝🌟 합니다!! 우리 후보는 일할 때 눈이 반짝반짝🌟 합니다~~여러분!!! #shorts	2022.2.21. 충남 홍성 유세 윤석열 후보가 잘하는 것은 술 마실 때 눈이 반짝반짝 합니다! 이재명은 일을 할 때 눈이 반짝반짝 합니다 ...	24	8	0	1
0cz36M7l8wY	[송국건의 혼술] 윤석열 고립되는데 철부지 폭로전 불장난 열중하는 이준석	송영길 정치개혁 고리로 반윤석열 연대 시동 이준석과 이태규의 위험한 폭로전 안철수, 부산일보 인터뷰 내용은?	13017	3739	316	-1
wlci_awLSyg	윤석열후보 문재인 제대로 뒤집었다! 전여옥 이재명,김혜경 작심저격! 문재인의 국정원 터졌다! 서울대동기들의 안철수 평가! #윤석열필승!	자율적구독후원 : 하나은행 : 106-910488-13707 (박*옥) 해외페이팔 후원링크 : https://www.paypal.me/jungsungsantv 문의 ...	6249	1797	57	1
aZOhpq6abdw	(윤칼세TV 단독)이재명 안철수,충격적 내용 협상 중!#윤석열,김대중 아들인가#이준석의 더티플레이#윤석열 오만의 종착역#대한민국이 우크라이나 될 수 있다#박근혜의 기반은 태극기다!	윤창중칼럼세상은 보수우파의 집권이 목표입니다. 실현 가능한 해법과 방향을 분명히 제시합니다. 윤칼세를 도와주십시오. 윤칼세TV ...	7259	1503	26	1
Aer2ywtS3hQ	그래도 윤석열	석동현 지음.	4	0	0	1
ZoeqMyrPh3c	소상공인, 자영업자, 전통시장 살릴 후보는 오직 ✌기호2번✌ 윤석열!!	정권교체 D-16 윤석열을 외치느라 목이 다 쉬었습니다. 그래도 저 안병길은 멈추지 않습니다. 멈출 수 없습니다. 우리 국민들의 일상을 ...	97	9	2	1
lixzDEd5Apc	[59초 윤석열의 심쿵약속] 어르신 여가활동 확충	"윤석열 #심쿵약속 # 어르신여가활동 #배드민턴 ""석열씨의 심쿵약속 27편"" 국민의힘 윤석열 후보의 심쿵약속 홍보 영상을 만들어 ..."	8	2	0	1
bMG1jH_hUP4	과거를 쫓아가는 윤석열	과거를 쫓아가는 윤석열 정보부족 ?, 지식부족?,참모부족? 윤석열 후보가 낸 공약 자다가도 웃을일이다 진즉 부터 시행되고 있는 제도 ...	60	7	1	-1
mccwCUh6HKY	해남 청년 윤석열 지지, 알고보니 조작. 뿔난 청년들 선관위 고발	해남에서 생애 첫 투표를 하는 청년들이 윤석열 지지를 선언했다는 일부 보도가 있었다. 그러나 이에 대해 청년 7인은 자신들이 이 지지 ...	33308	8528	737	-1
8WacBFaE21k	[CBMTV]윤석열 '민주당 충북지방정부 살만 하십니까'	"[CBMTV]윤석열 ""민주당 충북지방정부 살만 하십니까"" 거짓·선동 정치에도 오직 국민만 바라 보겠다 대통령 되면 부정부패 네편 내편 ..."	242	16	0	1
4o6_CcqjTtg	[Live] 윤석열 여야 전직 국회의장·국회의원, 윤석열 후보 지지선언  (22.02.24)	국민의힘 #윤석열 #지지선언 [Live] 윤석열 여야 전직 국회의장·국회의원, 윤석열 후보 지지선언 (22.02.24) 시사포커스TV는 창간 35 ...	4595	4603	0	1
Lpdmv9eIkVM	기성미디어를 넘어서, 대안뉴스 #77 - 밝혀지는 윤석열의 거짓말들	양지열 #거의없다 #민동기 ① 긁지말고 뿌리세요, 가려움 완화제 글루타셀 https://smartstore.naver.com/stemdr/products/530822713 ...	7623	6018	9	-1
jpbL28H-Bfo	제20대 대통령선거/윤석열 대선후보/이준석 당대표/포천방문/직캠	제20대대통령선거 #윤석열대선후보 #이준석당대표 #포천방문 2022.02.23.수요일 오후3시~ 신읍사거리.	40	3	0	1
Ep3qh5_N71E	2로 모여서 2기자!! 기호 2번 윤석열!!	정권교체 D-16 2번 윤석열로 2번에는 반드시 2깁시다!! 하루도 쉬지 않는 유세에 모두들 고생이 많습니다. 한시도 쉴 수 없습니다.	15	2	0	1
zm8jdF7Y_x0	윤석열의 거짓말 팩트체크, 국가부채의 진실 #Shorts	윤석열 #거짓말 #국가부채 #팩트체크.	112	9	1	-1
0KthBqQYqDk	우리 가족은 윤석열 후보를 지지합니다 - 경북 상주시민	우리 가족은 윤석열 후보를 지지합니다 - 경북 상주시민 국민이 키운 윤석열, 내일을 바꾸는 대통령 #국민이키운윤석열 #내일을바꾸는 ...	8	5	1	1
SIuG_o7Orfc	‘계룡국방안보포럼’ 국힘 윤석열후보 지지 선언	계룡국방안보포럼(회장 인정석)은 2022. 2. 23일 계룡시 예술의 전당 별관 시청각실에서 윤석열 국민의힘 대통령 후보 지지선언을 ...	4	0	0	1
9HhGkIsEBTA	속보/ 윤석열, 이준석 간첩질에 폭발! 윤석열 주식 양도세 폐지에 수천억 아껴! 윤석열 ‘주식 양도소득세 폐지’ 공약 논란! 재벌 감세법 비판에 윤 후보 “개미 보호 위한 것”	윤석열.	445	18	0	-1
biSz889bAk4	[오마이뉴스  특종] 윤석열의 수사 봐주기 의혹 관련 녹취록 20시간 : 삼부토건 후계자 '윤총한테 3번 걸려'... 구영식 기자 출연	"[오마이뉴스 특종] 윤석열의 수사 봐주기 의혹 관련 녹취록 20시간 : 삼부토건 후계자 ""윤총한테 3번 걸려""... 구영식 기자 출연 ( 영상 ..."	11546	0	108	-1
Le90RSnbyeo	[ 뉴스반장 뇌피셜 ] 안철수는 '단일화 당한다!'	안철수 #윤석열 #단일화 #김건희.	28087	9181	561	1
OoIAHc0DTr0	이재명 ' 윤석열 , 겁대가리 없이 건방지게 국민에 달려들어'	"이재명 ""윤석열 겁대가리 없이 건방지게 국민에 달려들어"""	36	4	0	-1
HZk_Q1S2QIQ	남욱 “與의원에 로비… 잘 안돼서 유동규 통한 것” #이재명 #윤석열	남욱 “與의원에 로비… 잘 안돼서 유동규 통한 것” #이재명 #윤석열.	4	0	0	-1
t0JxCXN3J8A	김창준 “러-우크라 전쟁에 한국 말려들까 걱정” #이재명 #윤석열 #문재인	김창준 “러-우크라 전쟁에 한국 말려들까 걱정” #이재명 #윤석열 #문재인.	4	0	0	-1
f1XVAyaPhIE	국민의힘 안상수 전인천시장 정치권 최초 윤석열 공약 담은 NFT스티커 발매 안상수TV	안상수 #윤석열 #국민의힘 #안상수TV #20대대선 #대선투표 #대선후보 #공약 #정권교체 #NFT스티커 #윤석열공약 #안상수전인천 ...	1	1	0	1
R9jlVd4VVhE	[D-14] 사과농장 마련이 시급한 국힘과 윤석열🍎	shorts#국힘#윤석열#불법#이재명#사과 #부산#서대신동#이재강#일침.	52	13	2	-1
jxnZftev1NY	'윤석열 XXXX 성애자 아닙니까?' 윤석열 토론 보다 터져나온 나온 일갈!! #SHORTS		23	6	0	-1
QPNxW7uhHXk	여야 전직 국회의장•국회의원 윤석열 후보 지지 및 정권교체 결의대회		403	117	0	1
51ccrC0Uneo	속보)이재명 김혜경 충격 경기도 법인카드 소고기 결제 김혜경 윤석열	이재명 더불어민주당 대선후보의 부인 김혜경 씨의 법인카드 유용 의혹이 추가로 제기돼 논란이 일고 있다. 23일 TV조선 보도에 ...	4	2	0	-1
ZAn4wc2LCC0	윤석열, 선거판은 굿판인 듯! 굿당과 신천지에 나라를 맡기시겠습니까? #shorts #굿당 #신천지	윤석열 #굿판 #신천지 #김건희 - 윤석열, 김건희의 무속중독 의혹, 신천지 연루설을 단적으로 보여주는 굿판같은 유세장면들.	77	38	4	-1
mRUtUimab1s	이재명 '혼자서 이기기 힘든 상황…&#39;마초&#39;  윤석열  빼고 협력하자' #안철수	"이재명 ""혼자서 이기기 힘든 상황…'마초' 尹 빼고 협력하자"""	0	0	0	-1
c4UACFWa2ag	[LIVE] D-13, 리얼미터-오마이뉴스TV 대선 여론조사 결과 동시 생방송 | 이택수 대표 출연 | 이재명 윤석열 안철수 심상정 | 대통령 선거 대선 후보	오마이뉴스-리얼미터 대선 후보 여론조사 발표 ○ 리얼미터TV 구독하기 : http://bitly.kr/MH9mn3N6Ep #리얼미터 #여론조사 #대통령 ...	2557	125	0	1
IaTjPeZTyno	[대선판읽기#17]’절대강자’ 윤석열만이 단일화를 해낼수있다	자율구독료: 490701-01-183911 국민(고성국) * 정기구독 계좌이체 신청: http://www.ihappynanum.com/Nanum/B/QLUJSFZ0MJ ...	2238	461	11	1
XCiDlw0BIcU	휴전선 열리면 강원도 세계적 관광지 될 것” #이재명 #윤석열 #문재인 #최문순	휴전선 열리면 강원도 세계적 관광지 될 것” #이재명 #윤석열 #문재인 #최문순.	3	1	0	1
-AIZcSMtLZU	우크라 의회, 전운 고조 속 비상사태 선포 승인 #이재명 #윤석열 #문재인 #미군철수	우크라 의회, 전운 고조 속 비상사태 선포 승인 #이재명 #윤석열 #문재인 #미군철수.	4	1	0	-1
uPy1dhElV1k	윤석열이 김대중 정신에 가깝다는 헛소리(feat.보노보노)	목포에서 유세중 윤석열이 본인과 국민의힘이 김대중 정신에 더 가깝다는 연설을 한다. 이를 들은 보노보노의 일침.	5	1	0	-1
41b1kWXEqlM	공직선거법 위반 논란으로 심각 #shorts	이재명 #더불어민주당 #대통령후보 #2030 #어대명 #정책 #공약 #윤석열 #국민의힘 #이준석 #홍준표 #김건희 #김종인 #주가조작.	3955	368	22	-1
