ID	title	description	viewcount	likecount	commentcount	label
2vhFTkpcY3o	윤석열 대통령 후보, 우크라이나 사태 관련 긴급 대책회의		5912	2654	266	1
QoO2BOKdu_g	[인터뷰] '이재명 지지'선언 한 박근혜 서포터스 회장에게 &#39;윤석열&#39; 물어보니...	"김동렬 박근혜서포터즈 회장은 24일 기자와 만나 ""통합의 정치를 위해 이재명 더불어민주당 대선후보를 지지한다""고 말했다. 윤석열 ..."	131569	9767	906	1
DT26dbwVTio	2/25(금) 윤석열·이준석, 여성 표심 버렸다_노영희의 뉴스인사이다[대담한 대담]	2월 25일 (금) 노영희의 뉴스인사이다 ▷ 노영희의 [대담한 대담] 고민정 더불어민주당 의원 - 여론조사 이재명·윤석열 접전…체감 민심 ...	1542	262	23	1
rMVuTw8E8TU	VAPC02402차 TV 토론! 윤석열 후보 우세 확실!!	2차 TV 토론! 윤석열 후보 우세 확실!!	1398	364	47	1
MZE5vBWIhTY	'이재명 38% 윤석열 37% 백중세…안철수 12%' / 연합뉴스TV (YonhapnewsTV)	"""이재명 38% 윤석열 37% 백중세…안철수 12%"" 한국갤럽의 자체 대선후보 여론조사에서 더불어민주당 이재명 후보가 38%, 국민의 ..."	515	15	10	1
uq4CkP-3gZM	(생방송) 국민의힘 신동훈, 윤석열 후보지지유세	가평읍50일장 유세 This stream is created with #PRISMLiveStudio.	10	0	0	1
Dh0qvxq0iKo	(생방송) 국민의힘 신현유, 윤석열 후보지지유세	가평읍5일장 유세 This stream is created with #PRISMLiveStudio.	11	0	0	1
gWak-_9jDW0	윤석열 측 &#39;이준석 공개 망신&#39; 줬다! 조선일보 '엘리트보수 자처해온 국민의힘 더이상 품격도 없어' - 안철수 단일화 선그은 김윤.. WHO 백신허브 성과낸 문재인 정부 근황	윤석열측이준석공개망신 #조선일보이준석저격 #안철수단일화선그은김윤 #WHO백신허브성과낸문재인정부 ▣ 황희두 멤버십 후원 ...	37003	20003	690	-1
3Su4ps5XvNw	[언중유골] ‘계좌를 까드려도’ 김건희 도이치모터스 사건에 침묵하는 언론들｜윤석열, 개표방송 크로마키 촬영도 선택적 공정?! with 이지선 &amp; 임경빈 &amp; 조준혁	2022년 02월 25일 [언중유골] 지금 읽고 있는 기사, 그 안에 다른 뜻이 있다면? 언론의 숨은 의도, 깔끔하게 발라내 드립니다! 시선집중 ...	17187	1621	159	-1
UFjL3otJojQ	[윤석열후보 거제방문]거제를 위한 약속	윤석열 #대통령후보 #대선 #국민의힘 #서일준 #정연송 #거제방문 #거제를위한후보 윤석열 후보의 거제 방문 연설 하이라이트입니다.	2	0	0	1
NbHirbjxlUY	국힘 균열.윤석열리스크!  유승민,홍준표,이준석 윤선거유세 제껴버리다	윤석열/김건희 리스크 #국힘원팀 균열 #유승민 #이준석 #홍준표 #권영세 #나경원 #황교안 ♥ 후원안내 ♥ ※국내 후원 국민은행, ...	348	61	5	-1
dp4H9ToRSuE	윤석열·짐 로저스의 만남, '北 비핵화 진전되면 대대적 투자'	윤석열 국민의힘 대통령 후보가 24일 여의도 중앙당사에서 짐 로저스 로저스홀딩스 회장과 대화를 나누고 있다. 2022.02.24 일요 ...	268	27	4	1
9YYd1fccq3Q	대통령선거 윤석열 선거공보 '사람에게 충성하지 않습니다'의 유래	"대통령선거 윤석열 선거공보 ""사람에게 충성하지 않습니다""의 유래 윤석열의 트레이드 마크는 2013년 때부터 시작했다. #윤석열 ..."	2	2	1	1
4aAaJlsfo5E	윤석열 '러시아, 평화 위한 결단 촉구한다'	윤석열 국민의힘 대선후보가 24일 오후 서울 여의도 국민의힘 중앙당사에서 열린 우크라이나 사태 관련 긴급대책회의에서 발언하고 ...	25	2	0	1
Ohd4oOErQM4	윤석열ㅡ 이념전쟁 하자고?		195	26	6	-1
yo7NjzGlOmM	역대급 환영인파에 감동한 윤석열후보!!	윤석열 #정권교체 #수원.	4127	937	64	1
AnKwB5mlqDw	[김이석의 이색경제] 윤석열이 쏘아올린 &#39;광주 스타필드 공약&#39;과 벤처기업 성장 / 용인대 AI학부 최창옥 교수 대담_220225	[김이석의 이색경제] 윤석열이 쏘아올린 '광주 스타필드 공약'과 벤처기업 성장 / 용인대 AI학부 최창옥 교수 대담_220225 정도언론 ...	345	66	0	1
8Vxjs8PZYhQ	사드배치 하겠다는 윤석열은 바보? 충청의 사위 이재명은 그런거 안 들고 와유~ -이재명 후보 천안 집중 유세편-		42	3	0	1
Q_XlxktHP0Y	제2차 윤석열 대통령후보 토론회 / SBS 방송국앞 현장	This stream is created with #PRISMLiveStudio.	6430	1764	0	1
anCb0NGdhN8	윤석열 ㅡ청년의마음을안다고?		168	26	4	1
EGjI3qjqib4	윤석열의 속마음 VS 이재명의 진심	어제 윤석열 후보는 수원유세에서 이번 추경이 민주당이 선거 코앞이라 300만원 나눠주는 매표행위'라고 폄훼했습니다. 하지만 정작 ...	83	48	6	-1
vDjaZdUzR8U	윤석열 '우크라이나 침공한 러시아 군사행동은 국제법 정면 위반	윤석열 국민의힘 대통령 후보가 지난 24일 서울 여의도 국민의힘 중앙당사에서 열린 우크라이나 사태 관련 긴급 대책회의에서 러시아 ...	318	51	5	-1
DYSCIl3f_Tk	윤석열 위기! 이재명에게 역전당했다(한국갤럽)		2698	493	77	-1
EmZ4x7pREFo	윤석열 ㅡ나는 멋진 사람		49	12	1	1
ZmodxfSzKao	윤석열 ㅡ사람과 국민이 다르다?		113	23	1	1
ww40uWK35SA	윤석열과 부산저축은행.. 김만배 누나와 윤석열 아빠.. 대장동의 시작엔 윤석열이 있다고요? (오늘도 울면서 배운다 방구석오열)	윤석열 #부산저축은행 #대장동 ------------------------------------------ 후원계좌: 국민은행 817201-04-168778 촛불전진 블로그: ...	1034	199	1	1
0zp5pxmVFiw	윤석열 ㅡ자기만의공정		42	7	2	1
Lp_gsXnQUjw	D-12 박근혜 윤석열 앞 운명의 神#이-안-심 3자 연대로 尹 벼랑끝?#김종인 왜 尹 깠나#싸우는 진중권 안치환 #황교안의 尹팔이#우크라이나 보면 대한민국?#尹-安 단일화여론조사	윤창중칼럼세상은 보수우파의 집권이 목표입니다. 실현 가능한 해법과 방향을 분명히 제시합니다. 윤칼세를 도와주십시오. 윤칼세TV ...	5752	1223	24	1
-VvUwy3X_Vs	힐스테이트 더 운정, 윤석열후보가 대통령이되면 지하철3호선 운정연장 확정인가요??	운정역힐스테이트 #운정호수공원 #운정맛집 #운정힐스테이트 #현대힐스테이트더운정 #분양상담사 #3호선운정역연장.	17	3	1	1
WFfavUl3NhE	윤석열 지원 유세 의왕 경기도당	윤석열 #국민의힘 #신계용 #의왕 #과천.	3	1	0	1
BchKwHRqeJ0	사이다 이재명, 폭망한 윤석열 / 윤석열 유세가 굿판인 이유 [시사금광]	이재명 #사이다 #윤석열 #폭망 - 금요일에 만나는 생방송 시사금광 오늘은 목요일에 찾아옵니다. - 대선 1차 법정토론 사이다로 다시 ...	3828	646	15	1
O5cn2fnndfQ	윤석열 후보의 지지율이 꺾였습니다. #SHORTS	윤석열 #윤석열후보 #지지율 #윤석열지지율 #SHORTS #꺾였다 #시작.	187	47	4	-1
b3jVx28wPjE	신문브리핑 2 '조재연 '대장동 &#39;그분&#39; 나 아냐'' 외 주요기사 [아침&amp;매일경제]	"(매경)신문브리핑 2 ""조재연 ""대장동 '그분' 나 아냐"""" 외 주요기사(0224) #아침앤매일경제 #신문브리핑 #이상훈앵커 #조재연 #김만배 ..."	298	7	5	1
0gWHTkiHYJ8	폭발음 울리자 지하철역 몰려든 우크라 시민들 “나토 왜 안오나” #러시아 #이재명 #윤석열 #문재인	폭발음 울리자 지하철역 몰려든 우크라 시민들 “나토 왜 안오나” #러시아 #이재명 #윤석열 #문재인 #우크라이나.	58	0	0	-1
x4y2BoQTb-I	[11시 김광일 쇼 LIVE] ※긴급※ 원희룡 중대 발표...대장동 4000억 도둑질, 숨은 두목 찾아간다 | 이재명-윤석열 초박빙, 그러나 격차 큰 다른 지표 있다	조선닷컴 공식 홈페이지 http://www.chosun.com 조선일보 무료 구독 체험 http://bit.ly/2WnNAF7 ◈ 사실에 대한 믿음, 할 말을 하는 ...	36087	19985	0	1
k-CkLoyVyU8	신문브리핑 3 '권영세 '소모적 논쟁 조심' 이준석에 공개 경고' 외 주요기사 [아침&amp;매일경제]	"(매경)신문브리핑 3 ""권영세 ""소모적 논쟁 조심"" 이준석에 공개 경고"" 외 주요기사(0225) #아침앤매일경제 #신문브리핑 #이상훈앵커 ..."	723	25	20	1
MLBEJLkIqEY	윤석열 사드 추가 배치 지역/ 경기도, 강원도, 충청도, 경상도/ 전쟁 위기를 조장하는 윤석열 / 무속인 조언 / 대한민국 앞날 불투명 / 경제 위기	윤석열 사드 추가 배치 지역. 경기도, 강원도, 충청도, 경상도/ 전쟁 위기를 조장해 표만 챙기는 윤석열, 하지만 무속인 조언으로 어떤 ...	91	48	3	-1
uGaF1di2Cq0	국민의 힘, 지도부 잦은 호남 방문..서진정책 총력전, 호남잡기(2022.02.24/뉴스데스크/광주MBC)	국민의 힘, 지도부 잦은 호남 방문..서진정책 총력전, 호남잡기(2022.02.24/뉴스데스크/광주MBC) #윤석열#이준석#원희룡#서진정책# ...	1346	40	55	1
Ak8ihHlXpj4	윤석열 아마추어 우크라이나 만든다.	안철수 #윤석열 #이재명 잘못된 선택이 우크라이나 만듭니다. 잘 준비된 대통령 안철수 뽑읍시다.	14	3	0	1
VgZ22viXDQY	(이재명.윤석열)가상으로 미리보는 사자토론#이재명#윤석열#허경영#안철수#심상정#정치인성대모사#대통령후보#Shorts	가상으로 미리보는 사자토론#shorts#윤석열#이재명성대모사#이재명#안철수#허경영#심상정#정치인성대모사#조원진#성상진4v.	7	4	2	-1
gMZCdfZhEhI	윤석열, 안철수와 &#39;27일 일요일 단일화&#39; 담판! 이제 결단만 남았다!!	정의구현 멤버십 가입 : https://www.youtube.com/channel/UCUNwNXVrWAHQpc8gPp1c6kw/join 자발적 구독료 : KB국민은행 ...	11928	2720	113	1
yhTl8qa-xms	최순실의 귀환! 샤머니즘 시대 개막? #윤석열 #Shorts	윤석열 #최순실 #샤머니즘.	134	55	0	1
UAlzZIULAXI	윤석열 후보,  충남권 보령 연설 8일차 4 (220222)		0	0	0	1
QxIEjDRU774	국민의힘 나경원 전 원내대표 아산 찾아 윤석열 지지 호소		2	1	1	1
0WauDVv1dTc	&#39;윤석열이 검찰로 부터 온갖 핍박을 받았다&#39; 는 하태경의 얘기에 최강욱의원의 일갈 #shorts	하태경 #윤석열 #최강욱 #이재명 #명연설 #대동 #억강부약 #연설 #대통령 #개혁 #혁명 #shorts #쇼츠.	713	76	5	-1
B2yHKDBfPBE	윤석열 후보,  충남권 당진 연설 8일차 1 (220222)		0	0	0	1
yJtNOdoHoZA	속보)이재명 검사 사칭 소명 공보물은 거짓 김혜경 카드깡 윤석열	이재명 더불어민주당 대선 후보가 공식 선거 공보물에 적어 배포한 이른바 '검사(檢事) 사칭 전과'의 소명 내용에 대해, 사건의 또 다른 ...	5	1	0	-1
WTs047d4za4	윤석열 1+1은 거의 귀요미 #shrots	정부데이터 #개방 #윤석열 #안철수 #공유 #보안사항 #정부데이터보안 #정부데이터공유 #shorts.	87	31	2	1
oUBk4abnNQU	[대선여론조사] 2월 25일 한국갤럽, 이재명 윤석열 역전,  각 후보와 정당 지지도 및 문대통령 지지도	[대선여론조사] 2월 25일 한국갤럽, 이재명 윤석열 역전, 각 후보와 정당 지지도 및 문대통령 지지도 #이기방TV대선여론조사 ...	9	0	0	1
PrKyVTNi5wg	최강욱 백분토론 하이라이트(2) '김건희 주가조작, 계좌 공개하면 될 일'(최강욱TV ep-178)	"하이라이트(1) ""기초지식 없는 윤석열 후보"" https://youtu.be/gTIa6ZmS-_Q -전체영상은 MBC100분토론 채널에서 보실 수 있습니다."	2151	986	66	1
