ID	title	description	viewcount	likecount	commentcount	label
Y5e9GJKhFO0	`이재명` 거점공항 육성 공약.. `무안공한` 아시아나 거점공항 (2022.02.24/뉴스데스크/광주MBC)	이재명` 거점공항 육성 공약.. `무안공한` 아시아나 거점공항 (2022.02.24/뉴스데스크/광주MBC) #이재명#민주당#무안공항#거점 ...	937	28	10	1
PwcssiB36FA	이재명의 &#39;검사 사칭&#39; 소명 공보물 논란 [이슈분석]	보신 것처럼 러시아의 우크라이나 침공과 관련해 대선후보들도 강한 비판과 함께 정부의 대응책 마련을 요구하고 나섰습니다.	12361	1043	215	-1
XnCeABLtXGc	[방송연설] 이재명의 약속, 반드시 지키겠습니다	MBC #방송연설 #경제대통령.	8938	4549	730	1
yto-9GgHo40	[이재명과 함께, 임오경이 간다] 건강하고 행복한 스포츠 복지국가	ep15. 국회 2022.02.24. 이재명 후보 체육분야 공약제안 발표 Full ver. #이재명 #임오경 #체육 #공약 #스포츠복지.	52	30	0	1
8Vxjs8PZYhQ	사드배치 하겠다는 윤석열은 바보? 충청의 사위 이재명은 그런거 안 들고 와유~ -이재명 후보 천안 집중 유세편-		42	3	0	1
rp7oeCjXKS8	[시사노화] 이재명, 일정을 좀 줄이자!!!	이재명의 지지율 다시 상승세.. This stream is created with #PRISMLiveStudio.	2319	902	0	1
mjrsfaDizNw	이재명이 ‘비즈니스프렌들LEE’로 평가받는 이유!😎	경기도지사 시절, 대기업과 중소기업의 상생을 위해 삼성전자와 업무협약을 체결하여 삼성전자 특허기술 일부 중소·벤처기업에 이전 ...	1179	505	54	1
o0j8lxB1dW0	[사자후] 이재명은 왜 모른다고 할까? 이재명이 모르는 것 총정리!	연일 언론에 오르내리는 @이재명에 대한 의혹들! 영상도 증거도 차곡차곡 모이고 있는데 왜 이재명은 모른다고만 할까? 혹시 유행어 ...	7580	3514	162	-1
QoO2BOKdu_g	[인터뷰] '이재명 지지'선언 한 박근혜 서포터스 회장에게 &#39;윤석열&#39; 물어보니...	"김동렬 박근혜서포터즈 회장은 24일 기자와 만나 ""통합의 정치를 위해 이재명 더불어민주당 대선후보를 지지한다""고 말했다. 윤석열 ..."	131569	9771	907	1
oOoHH0_8Pew	유시민 '여론조사에 휘둘리지 말라..이재명 &#39;능력&#39;뛰어나,괜찮다'	유튜브 이송원TV 2월 25일(금) 오전 9시에 이재명후보님 오늘의 일정 여론 조사에 응답 합시다 라오스에서 11시간 달려 투표한 ...	9043	4141	5	-1
-q2a0SrmouA	이재명 후보 일자리 대전환! '6대 공약은 알고 가야지?' #SHORTS	일자리 대전환 6대 공약 - 첨단 신산업 일자리 창출 - 정의로운 일자리 전환체계 구축 - 일자리 혁신조직과 법제도 정비 - 기업주도 ...	120	19	1	1
MZE5vBWIhTY	'이재명 38% 윤석열 37% 백중세…안철수 12%' / 연합뉴스TV (YonhapnewsTV)	"""이재명 38% 윤석열 37% 백중세…안철수 12%"" 한국갤럽의 자체 대선후보 여론조사에서 더불어민주당 이재명 후보가 38%, 국민의 ..."	515	15	10	1
hezX8jTSquU	이재명 진심	이재명 진심 #이재명 #이재명진심 #대통령이재명.	7	4	1	1
9BxNChdBaBY	[더불어민주당] 이재명후보 대선 &#39;대전&#39; 공약_우주국방혁신 전략기지	이재명후보_대전공약 #우주국방혁신전략기지 이재명후보가 지난 12일 대전에 방문해 7대공약을 발표했습니다. 그 중에는 우주 ...	10	2	0	1
85IlyH5oeXY	뉴스A 라이브 / 이재명 공보물 전과기록 허위 논란, 진성준 尹 어퍼컷 비판	[뉴스A 라이브] 채널A 뉴스A 라이브 (12:00~13:20) [채널A 뉴스·시사 프로그램 방송시간] 〈평일〉 08시 50분 김진의 돌직구 쇼 12시 00 ...	1867	74	0	-1
JL3jmW_dG_w	박근혜전대통령 사저에서 ,박근혜서포터즈 이재명 지지?	박근혜#사저#이재명#더불어#	5	0	0	-1
uDJfUahEXsA	2021년 02월 25일(금) - 이재명 천안 집중유세.... '충남 첨단산업 선도'	"sk브로드밴드 #중부뉴스 #세종뉴스 - 이재명 천안 집중유세.... ""충남 첨단산업 선도"" - ""외국인 코로나19 접종하세요""...아산 '토요일' 도 ..."	3	0	0	1
m-Sanr8i_SA	대선후보 2차 법정 TV토론...우크라이나 침공 등 외교안보 격돌 예상 / YTN	[앵커] 20대 대선이 12일 앞으로 다가온 가운데 여야 대선 후보는 오늘 중앙선거관리위원회가 주관하는 2차 법정 TV 토론에서 다시 ...	2352	37	52	1
ZSeq_30-I0g	[BBS뉴스] 이재명 “문화재관람료, 정부 지원이 합리적”...BBS 출연	치열한 대선레이스 속에서 더불어민주당 이재명 후보가 BBS불교방송과 인터뷰를 갖고 문화재관람료 문제 등 불교계 현안의 해결책을 ...	2	0	0	1
PPzkLDuO8_g	우크라이나 + 베네수엘라 = 이재명의 대한민국 (끔찍한 혼종)	베네수엘라 #우크라이나 #이재명 #끔찍한혼종 가로세로연구소 구독 후원 방법 정기구독 후원 ARS 1877-0665 기업은행 ...	115063	24273	73	-1
nLcsvOWg3Xw	이재명 감당 못할 일들 터졌다	가로세로연구소 구독 후원 방법 정기구독 후원 ARS 1877-0665 기업은행 655-026629-01-014 (예금주 : (주)가로세로연구소) 국민 ...	77704	13169	71	-1
Q2rLqU2pydo	이재명 후보가 부르는 울고 넘는 박달재	이재명 #대선승리 #충주시산척면.	32	11	2	1
MgfSGIvhPN8	이재명 검사사칭 1심 재판장, '이재명 대선 공보물 뻔뻔하고 말도 안돼'	제보이메일 raceinvesti28@gmail.com.	1339	417	11	-1
um2QCBs8wBw	이재명 검사사칭 공보물 소명 거짓 논란...김진태 '허위사실 또 있다' 기자회견	국민의힘 #김진태 #이재명 국민의힘 김진태 전 의원이 22년 2월 25일 국회 기자회견장에서 이재명 후보의 공보물 관련 기자회견을 ...	1599	274	22	-1
9Pc0_36efVU	녹취록 조작하는 이재명, 우상호 팩폭하는 유상범의원 (22.02.22)  #shorts	녹취록을 유리하게 보이게 '조작'해서 국민들에게 혼란을 주는 이재명 후보, 우상호 민주당 총괄선대본부장에게 팩폭을 날리는 유상범 ...	224	53	2	-1
x6IM9pLZRxA	이재명기축통화 발언논란! 허경영한미스와프 양적완화!! Huh Kyung Young on quantitative easing by US-Korean currency swap	하늘궁 강연비 전용계좌 은행명 : 농협 계좌번호 : 301-0246-2281-61 예금주 : 허경영 하늘궁순례단 세계추진위원회 The World ...	3433	963	131	-1
veGRuAa40B4	공정세상열기청년연대 이재명 후보 지지 '로스쿨 문제점 꿰뚫고 있어'	안진섭 전국수험생유권자연대 의장이 25일 국회 소통관에서 열린 기자회견에서 이재명 더불어민주당 대통령 후보 지지선언을 하고 ...	270	7	8	1
EGjI3qjqib4	윤석열의 속마음 VS 이재명의 진심	어제 윤석열 후보는 수원유세에서 이번 추경이 민주당이 선거 코앞이라 300만원 나눠주는 매표행위'라고 폄훼했습니다. 하지만 정작 ...	83	48	6	-1
FLXm6YoB4W8	해외동포 400여 명 이재명 후보 지지선언	재외선거가 시작되는 2월 23일 바로 전날인 22일까지 미국, 호주, 아시아, 유럽에 걸쳐 사는 해외동포 400여 명이 이재명 지지서명을 ...	100	8	0	1
tgfD8nrsTO4	이재명후보의 양산시 6대공약을 위해 윤호중 원내대표 양산갑 선거연락사무소 방문	이재명후보의 양산시 6대공약을 위해 윤호중 원내대표 양산갑 선거연락사무소 방문 이재영 m.홈페이지: https://jylee64.modoo.at/ ...	8	0	0	1
k5STzG-OgwQ	[긴급기자회견] 국민의힘 원희룡·김은혜 '고속도로에 버려진 이재명 대면 대장동 문건...작업반이 주운 자료'	국민의힘 #김은혜 #원희룡 국민의힘 원희룡·김은혜 의원이 22년 2월 25일 국민의힘 당사에서 대장동 문건과 관련해 긴급 기자회견을 ...	4700	3495	422	-1
iVaYZmCwFRQ	[공유] 📸신기함 주의🌟 이제 길에서 이재명 포스터 보이면 무조건 찍는거임	공유영상 : 유튜브 '델리민주' https://youtu.be/dha7v1LgVVY #이재명 #AR포스터 #이재명플러스 #Shorts 앱스토어, 구글플레이 ...	386	142	7	1
DYSCIl3f_Tk	윤석열 위기! 이재명에게 역전당했다(한국갤럽)		2720	493	77	-1
kCEmdbLtakY	이재명 청년공약 지지 기자회견 live	일시후원: 국민은행 794001-04-154041 서울의소리(강경자) ✓전화후원: 1877-1590 ✓정기후원: ...	7934	2305	104	1
b65jVMEvq84	대장동 문건 보따리가 고속도로에? 원희룡 '이재명 대면 결제 서류도 포함'	"원희룡 국민의힘 선대위 정책본부장이 25일 여의도 중앙당사에서 열린 긴급기자회견을 통해 ""고속도로에 버려진 대장동 문건 보따리 ..."	1339	243	33	-1
Lofo9-u-WpA	몽골 해외 재외동포의 이재명후보 지지선언 영상	제 20대 대통령선거(3월 9일)와 후보의 공약및 후보자정보공개자료등 보면 재산내역, 세금납부와 체납실적에서 의혹이 있는 후보와 ...	10	0	0	-1
0gWHTkiHYJ8	폭발음 울리자 지하철역 몰려든 우크라 시민들 “나토 왜 안오나” #러시아 #이재명 #윤석열 #문재인	폭발음 울리자 지하철역 몰려든 우크라 시민들 “나토 왜 안오나” #러시아 #이재명 #윤석열 #문재인 #우크라이나.	58	0	0	-1
VgZ22viXDQY	(이재명.윤석열)가상으로 미리보는 사자토론#이재명#윤석열#허경영#안철수#심상정#정치인성대모사#대통령후보#Shorts	가상으로 미리보는 사자토론#shorts#윤석열#이재명성대모사#이재명#안철수#허경영#심상정#정치인성대모사#조원진#성상진4v.	7	4	2	-1
x4y2BoQTb-I	[11시 김광일 쇼 LIVE] ※긴급※ 원희룡 중대 발표...대장동 4000억 도둑질, 숨은 두목 찾아간다 | 이재명-윤석열 초박빙, 그러나 격차 큰 다른 지표 있다	조선닷컴 공식 홈페이지 http://www.chosun.com 조선일보 무료 구독 체험 http://bit.ly/2WnNAF7 ◈ 사실에 대한 믿음, 할 말을 하는 ...	36087	20003	0	1
iuH41FIS9rc	[문틀란 TV]  윤석열 46%     이재명41%     안철수7%	오늘 2차 tv 토론, 이번 대선 최대 승부처?	6719	2349	111	1
7jWQIqnIyic	이재명 후보에게 소중한 한표를 주십시요		12	1	0	1
GKxznuszBqw	[공유] 대선 직후 &#39;국민통합 정치개혁특위&#39; 설치하겠습니다	공유영상 : 유튜브 '델리민주' https://youtu.be/IWvWtVsnkA0 #20대대선 #국민통합 #정치개혁 #이재명 이번 대선은 대통령 한 사람 ...	494	318	10	1
DKP1420SCQ0	우크라, 국가 총동원령 승인…18∼60세 민간인 &#39;출국금지&#39; #러시아 #이재명 #윤석열 #문재인	우크라, 국가 총동원령 승인…18∼60세 민간인 '출국금지' #러시아 #이재명 #윤석열 #문재인.	4	0	0	-1
3iqgJJQ46m8	2월 25일 (금) 호남 찾은 문 대통령, 의미는?/이재명 “윤 빼고 정치세력 협력하자'/겁대가리, 좌파.. 거칠어지는 말말말/남편은 왜 ‘착한’ 아내를 살해했나[김태현의 정치쇼]	2022년 2월 25일 금요일 SBS 김태현의 정치쇼 생방송 [1부] 뉴스 온더 블록 - 김동인 시사인 기자 [2부] 여의도 정말이야? - 호남 찾은 ...	228	5	0	-1
BchKwHRqeJ0	사이다 이재명, 폭망한 윤석열 / 윤석열 유세가 굿판인 이유 [시사금광]	이재명 #사이다 #윤석열 #폭망 - 금요일에 만나는 생방송 시사금광 오늘은 목요일에 찾아옵니다. - 대선 1차 법정토론 사이다로 다시 ...	3828	646	15	1
TNjqXrT0npc	# 이재명 후보, 경기 안산 유세	이재명 후보, 경기 안산 유세.	7	1	0	1
ozvC-f4gAOs	우크라이나 사태 대응 긴급 안보경제 연석회의 #이재명 #SHORTS	문제를 #파악하고 #해결하는 #이재명 #SHORTS.	42	23	3	1
yJtNOdoHoZA	속보)이재명 검사 사칭 소명 공보물은 거짓 김혜경 카드깡 윤석열	이재명 더불어민주당 대선 후보가 공식 선거 공보물에 적어 배포한 이른바 '검사(檢事) 사칭 전과'의 소명 내용에 대해, 사건의 또 다른 ...	5	1	0	-1
dfagMDCQNF0	우크라이나 사태에 윤석열 ' 문재인 정부, 종전선언 집착 말라' #이재명	"우크라이나 사태에 윤석열 ""文정부, 종전선언 집착 말라"""	4	0	0	-1
M5lW3xVY7io	국민의힘 이재명 대장동 문건보따리 공개-1	원희룡 정책본부장 정민용 대장동문건 보따리 확보 공개.	22	0	0	1
