ID	title	description	viewcount	likecount	commentcount	label
RL9mLDBOxHM	제주유권자들이 안철수 후보를 선택해야하는 이유?	현덕규 제주 선대위 선대위원장 제주MBC 공식 유튜브 채널입니다. 계정 메시지나 댓글로 제보주세요. 제주MBC웹사이트 ...	5	1	2	1
MZE5vBWIhTY	'이재명 38% 윤석열 37% 백중세…안철수 12%' / 연합뉴스TV (YonhapnewsTV)	"""이재명 38% 윤석열 37% 백중세…안철수 12%"" 한국갤럽의 자체 대선후보 여론조사에서 더불어민주당 이재명 후보가 38%, 국민의 ..."	528	15	10	1
sX9FMF1USIE	[송국건의 혼술] “단일화 담판” 오늘 TV토론 안철수 태도에 달렸다!	단일화 무산과 방역지원금 살포로 꺾인 윤석열 지지율? 또다시 이준석 리스크 민주당의 윤석열 고립, 포위 작전 윤석열-안철수 단일화 ...	13234	3619	162	1
qdaR-1Rm0WY	제주지역 선거 운동 전략, 안철수 후보의 제주방문 어떻게 하고 있는가?	현덕규 제주 선대위 선대위원장 제주MBC 공식 유튜브 채널입니다. 계정 메시지나 댓글로 제보주세요. 제주MBC웹사이트 ...	2	1	0	1
gMZCdfZhEhI	윤석열, 안철수와 &#39;27일 일요일 단일화&#39; 담판! 이제 결단만 남았다!!	정의구현 멤버십 가입 : https://www.youtube.com/channel/UCUNwNXVrWAHQpc8gPp1c6kw/join 자발적 구독료 : KB국민은행 ...	11928	2720	113	1
m-Sanr8i_SA	대선후보 2차 법정 TV토론...우크라이나 침공 등 외교안보 격돌 예상 / YTN	[앵커] 20대 대선이 12일 앞으로 다가온 가운데 여야 대선 후보는 오늘 중앙선거관리위원회가 주관하는 2차 법정 TV 토론에서 다시 ...	2352	37	52	1
byAbBJTuG2A	대선후보 2차 법정 TV토론...우크라이나 침공 등 외교안보 격돌 예상 / YTN	[앵커] 20대 대선이 12일 앞으로 다가온 가운데 여야 대선 후보는 오늘 중앙선거관리위원회가 주관하는 법정 2차 TV 토론에서 다시 한 ...	1768	33	66	1
cvC099kogpQ	신문브리핑 1 ''安 내부 배신자 있다' '이준석이 합당 제안'' 외 주요기사 [아침&amp;매일경제]	"(매경)신문브리핑 1 """"安 내부 배신자 있다"" ""이준석이 합당 제안"""" 외 주요기사(0224) #아침앤매일경제 #신문브리핑 #이상훈앵커 ..."	523	20	4	-1
UARV5mUbeCY	[황보선의 출발 새아침] FULL 다시보기ㅣ정치개혁 여권 빅텐트 만든다, 국민의힘-국민의당 단일화 폭로전, 이준석 고립되나? 우크라이나 침공, 키예프 점령까지 가나 | 220225	"YTN FM 94.5MHz 우리의 이슈가 뉴스를 바꿉니다. 세상을 깨우는 ""황보선의 출발 새아침"" 중심잡힌 시선으로 가장 뜨거운 이슈를 ..."	3910	184	7	1
iuH41FIS9rc	[문틀란 TV]  윤석열 46%     이재명41%     안철수7%	오늘 2차 tv 토론, 이번 대선 최대 승부처?	6719	2349	111	1
k-CkLoyVyU8	신문브리핑 3 '권영세 '소모적 논쟁 조심' 이준석에 공개 경고' 외 주요기사 [아침&amp;매일경제]	"(매경)신문브리핑 3 ""권영세 ""소모적 논쟁 조심"" 이준석에 공개 경고"" 외 주요기사(0225) #아침앤매일경제 #신문브리핑 #이상훈앵커 ..."	723	25	20	1
h6zv-sTs8Vs	윤석열 안철수 단일화 한다! 야권 단일화는 국민의 뜻! MBC 방금 야권 단일화 결렬 충격의 여론조사!	윤석열 안철수 단일화 한다! 야권 단일화는 국민의 뜻! MBC 방금 야권 단일화 결렬 충격의 여론조사!	2366	127	10	1
VgZ22viXDQY	(이재명.윤석열)가상으로 미리보는 사자토론#이재명#윤석열#허경영#안철수#심상정#정치인성대모사#대통령후보#Shorts	가상으로 미리보는 사자토론#shorts#윤석열#이재명성대모사#이재명#안철수#허경영#심상정#정치인성대모사#조원진#성상진4v.	7	4	2	-1
DG1nC-RvVLc	안철수 찍는 강아지		4	1	0	1
gWak-_9jDW0	윤석열 측 &#39;이준석 공개 망신&#39; 줬다! 조선일보 '엘리트보수 자처해온 국민의힘 더이상 품격도 없어' - 안철수 단일화 선그은 김윤.. WHO 백신허브 성과낸 문재인 정부 근황	윤석열측이준석공개망신 #조선일보이준석저격 #안철수단일화선그은김윤 #WHO백신허브성과낸문재인정부 ▣ 황희두 멤버십 후원 ...	37020	20015	690	-1
aW-9j-tK8YE	허경영의 콜 뿌리친 안철수의 재앙 [나폴레옹TV]	허경영 #안철수 #허경영과 안철수.	137	61	1	1
1MyRSkJR9Js	안철수 떡상! 윤석열 폭락..안철수 돌풍! 응원전 가는길 #안철수 #대통령	턴라이트 - 구독 턴라이트  자발적후원 계좌   중소기업은행 341-108033-04-010 ❤ 문자응원 #70794296 ✓✓해외용페이팔 ...	0	19	0	1
vdat3hApTLU	신문브리핑 3 '대선 D-13…후보 14명 투요 용지 27cm' 외 주요기사 [아침&amp;매일경제]	"(매경)신문브리핑 3 ""대선 D-13…후보 14명 투요 용지 27cm"" 외 주요기사(0224) #아침앤매일경제 #신문브리핑 #이상훈앵커 #이재명 ..."	608	9	4	1
xT33ozIEoPM	신문브리핑 2 '흔들리는 중도층 표심…정말 한 치 앞도 모를 대선판도' 외 주요기사 [아침&amp;매일경제]	"(매경)신문브리핑 2 ""흔들리는 중도층 표심…정말 한 치 앞도 모를 대선판도"" 외 주요기사(0225) #아침앤매일경제 #신문브리핑 ..."	1311	34	27	1
ef8Ekcj_PJ8	[춘천 MBC] [대선 공약 점검4]풍부한 관광 자원 활용할 때	ＡＮＣ▷ 대통령 선거 주요 후보들의 강원도 공약을 살펴보는 기획보도, 네 번째 시간으로 강원도 관광에 대한 후보들의 생각을 물어 ...	4	0	0	1
lMGRJBm987M	대선토론 관전 포인트	채널에 가입하여 혜택을 누려보세요. https://www.youtube.com/channel/UC1mySWSKdHfheY5rM9zu-Vg/join 최배근TV 후원계좌: ...	628	341	13	1
ATAXJYqn7Wg	'X월은 썩은 달이에요' '동지에 무조건 팥죽 먹으면 안된다?' 각 달의 의미를 알고 준비하면, 귀신도 피해갈 수 있습니다 [부천점집] [천신도령] ☎️010 4682 1913☎️	부천 천신도령⭐ ▷상담문의 ☎️010 4682 1913☎️ ▷신당위치 : 부천 #달의의미 #동지 #썩은달 #애동지 #큰동지 #섣달 #영등달 ...	77	6	0	1
3jOszSHT5u0	2/25 Fri. HeadlinesㅣThis Morning with Henry ShinnㅣTBS eFM 101.3Mhz	TBS eFM This Morning◁◁ Latest news from Korea and the world. Weekdays 7-9 AM TBS eFM 101.3 in Seoul. Hosted by ...	36	2	0	1
DT26dbwVTio	2/25(금) 윤석열·이준석, 여성 표심 버렸다_노영희의 뉴스인사이다[대담한 대담]	2월 25일 (금) 노영희의 뉴스인사이다 ▷ 노영희의 [대담한 대담] 고민정 더불어민주당 의원 - 여론조사 이재명·윤석열 접전…체감 민심 ...	1542	262	23	1
p1vdHuG6oM0	단일화 불씨 꺼졌나? “이준석 오두방정으로 물 건너” vs “극적 담판 가능성” [황보선의 출발 새아침] / YTN라디오	YTN라디오(FM 94.5) [황보선의 출발 새아침] 우리의 이슈가 뉴스를 바꿉니다. 세상을 깨우는 황보선의 출발 새아침 중심잡힌 시선으로 ...	2158	131	23	1
fAxEg55gzbY	꼬일 대로 꼬인 &#39;단일화 방정식&#39;...尹 '내가 나서겠다' / YTN	진행 : 김선영 앵커, 김대근 앵커 □ 출연 : 추은호 / 해설위원 * 아래 텍스트는 실제 방송 내용과 차이가 있을 수 있으니 보다 정확한 내용 ...	4219	107	104	1
Rd8_GIBM288	국민통합 정치개혁 승부수! “국민의힘까지 다 드루와” [황보선의 출발 새아침] / YTN라디오	YTN라디오(FM 94.5) [황보선의 출발 새아침] 우리의 이슈가 뉴스를 바꿉니다. 세상을 깨우는 황보선의 출발 새아침 중심잡힌 시선으로 ...	422	23	4	1
SrXvJpJXpIM	윤석열 포위전략’ 민주당 정치개혁안…안철수·심상정에 손짓 #이재명	윤석열 포위전략' 민주당 정치개혁안…안철수·심상정에 손짓.	2	0	0	1
Ak8ihHlXpj4	윤석열 아마추어 우크라이나 만든다.	안철수 #윤석열 #이재명 잘못된 선택이 우크라이나 만듭니다. 잘 준비된 대통령 안철수 뽑읍시다.	14	3	0	1
0tVlKOgjvJs	(2월25일)류효상의 신문을 통해 알게 된 이야기	https://band.us/@hyosang =2월25일 류효상의 신문을 통해 알게 된 이야기들 = 1. 민주당은 이재명 후보를 향한 공격을 쏟아내고 있는 ...	28	6	0	-1
OmgyZQg5pt0	[대선 D-12 여론조사 종합] 이재명-윤석열 지지율 역전.. 어? 안철수가 갑자기? [RNB, 레지스탕스TV, 정광용TV]	자율구독료(후원): 하나은행 224-910502-42407 (예금주:정광용) ☆멤버십 가입: ...	4402	767	28	1
J-dHWxTaZNg	국민의당 전 지역위원장 40여 명, 야권 단일화 촉구 '야권 후보 대통합 결단 내려달라'	윤석열 #안철수 #대선후보 #단일화 #기자회견 국민의힘 최승재 의원,국민의당 전 지역위원장 40여 명이 22년 2월 25일 국회 소통관 ...	715	137	11	1
BWcs7Nnv2uw	안철수 유세! 여기는 파주 야당역~ 후원:농협010 5329 3606 08송만기	평일에는 시사 정치를 다루고 주말에는 음악 라이브 공연을 하는 프로 입니다. 많은 사람들에게 좋은 반응으로 구독층이 급격히 ...	524	232	14	1
3iqgJJQ46m8	2월 25일 (금) 호남 찾은 문 대통령, 의미는?/이재명 “윤 빼고 정치세력 협력하자'/겁대가리, 좌파.. 거칠어지는 말말말/남편은 왜 ‘착한’ 아내를 살해했나[김태현의 정치쇼]	2022년 2월 25일 금요일 SBS 김태현의 정치쇼 생방송 [1부] 뉴스 온더 블록 - 김동인 시사인 기자 [2부] 여의도 정말이야? - 호남 찾은 ...	228	5	0	-1
SrXQc9RYG0A	이재명과안철수 다시치고올랐다.겔럽조사 오늘11시발표.~소가웃고 광훈빠와 진홍장환삼환정호정현 똥줄탄다.This is k대통령.		1	0	0	1
XZbmIzYxnsI	22-02-25(금) ▶손비야와 함께하는 MBTI ▶국민의당 선거대책위원회 손비야 선거대책위원장 인터뷰	MBS #뉴스대장 #박민서 #손비야 #MBTI #국민의당 #안철수 #대선 #선거대책위원장 MBS 뉴스대장 (2022-02-24 목 163회) 방송시간 ...	0	0	0	1
6HQUUZEo9es	[이시각헤드라인] 2월 25일 라이브투데이 2부 / 연합뉴스TV (YonhapnewsTV)	"[이시각헤드라인] 2월 25일 라이브투데이 2부 □ 러, 수도 인근까지 진군…""220여명 사상"" 러시아가 우크라이나 침공 9시간 만에 수도 ..."	505	6	2	1
WTs047d4za4	윤석열 1+1은 거의 귀요미 #shrots	정부데이터 #개방 #윤석열 #안철수 #공유 #보안사항 #정부데이터보안 #정부데이터공유 #shorts.	87	31	2	1
PIAct3TJNcs	[2022년 2월 25일 금요일 오전 방송]	2022년 2월 25일 금요일 오전 방송] [정론일침] [속물경제] 이성구박사 [특별대담] 이병환원장 **만만운동: 농협 317-0024-5198-61 ...	68663	13521	94	1
39d0k47Twa0	Opening to Pirates of the Caribbean: Dead Man&#39;s Chest 2006 VHS (South Korea) (Part One) (Disney)	Here is the order: 1. Warning Scroll (in Korean) 2. 1990's Anti-Piracy PSA (in Korean) 3. Anti-Piracy PSA (MPAA) (in Korean) 4.	0	0	0	1
oOoHH0_8Pew	유시민 '여론조사에 휘둘리지 말라..이재명 &#39;능력&#39;뛰어나,괜찮다'	유튜브 이송원TV 2월 25일(금) 오전 9시에 이재명후보님 오늘의 일정 여론 조사에 응답 합시다 라오스에서 11시간 달려 투표한 ...	9949	4141	5	-1
GVF7wtioQpY	[고영신TV]안철수와 단일화 이루면 축제 대선될 것/별의 순간 잡은 사람, K-상식의 주인공(출연: 서정희 작가/ 윤석열의 힘 저자)	[고영신TV] 인기동영상 바로보기 ...	3501	705	22	1
ft98KNjLaRM	김재원 '이재명 녹취록 방송에서 틀면    &#39;삐 삐삐~ 개 삐삐 삐~' #shorts	[출처:MBN 판도라_사선하이킥tv_220125] #김재원, #윤석열, #이재명, #안철수, #심상정, #허경영, #국민의힘, #더불어민주당, ...	35	7	0	-1
E_cuD9kifSs	안철수 단일화 가능한가?내일 홍준표...그리고 이준석?라이브		821	56	2	1
zCLg9kSjPUo	2022년 2월 24일 (목) [아침&amp;매일경제] 다시보기 - 신문브리핑 1 ''安 내부 배신자 있다' '이준석이 합당 제안'' 외 주요기사	"신문브리핑 1 """"安 내부 배신자 있다"" ""이준석이 합당 제안"""" 외 주요기사 신문브리핑 2 ""조재연 ""대장동 '그분' 나 아냐"""" 외 주요기사 ..."	252	1	0	-1
9rAfP2cxdSk	서울 SBS 상암 허경영 유세 - 지지자는 2월 25일 (금) 16시 까지	모두 모여서 후보님 응원 합시다! 불공정 선거!! 부정 투표!! 반드시 막아야 합니다! 두손이 불끈불끈 지어지는 영상 공유 ...	7	3	0	1
o95UQ324hn4	[JTB NEWS/진도투데이] 신학기 교육회복을 위한 진도군민께 드리는 말씀. (진도교육지원청 이문포 교육장)	[JTB NEWS/진도투데이] 신학기 교육회복을 위한 진도군민께 드리는 말씀. 진도교육지원청 이문포 교육장 존경하는 학부모님, 진도 ...	123	18	0	1
0lR1aRjQVzM	대충격-갤럽,이재명 1% 우세-충격적 조작의혹 근거!권영세 보복나선 이준석,단일화 충격발언!진중권,이재명 송영길 작심성토!	윤석열TV: https://www.youtube.com/channel/UCcl16CxYqlbKQJVCfdhSJVw 윤석열 공식 유튜브 주소입니다. 나라를 살리는 모든 ...	0	2	0	-1
cop4XnyVL50	Opening to Superman Returns 2006 VHS (South Korea) (Part One) (Warner Bros.)	Here is the order: 1. Warning Scroll (in Korean) 2. Anti-Piracy PSA (MPAA) (in Korean) 3. 1996 Warner Home Video Logo 4.	1	0	0	1
yY_EuQ2fnUc	[최경영의 최강시사]｜[이준석] 국민의힘-국민의당 단일화 결렬 공방, 이준석 대표 입장은? ｜KBS 220225 방송	[최강 인터뷰] 국민의힘-국민의당 단일화 결렬 공방, 이준석 대표 입장은? - 이준석 대표 (국민의힘) ----- ▷ #최강시사 홈페이지: ...	5575	284	174	1
