ID	title	description	viewcount	likecount	commentcount	label
ShzwBLv2X34	[현장영상+] 인천 찾은 윤석열 '부패하고 무능한 정권 교체 열망에 부응할 것' / YTN	[앵커] 국민의힘 윤석열 대선 후보는 주말을 맞아 서울과 인천 2030 젊은 층이 자주 찾는 번화가를 돌며 대규모 유세를 벌입니다.	2231	59	132	1
MgkLslhmYGU	티비토론에서 드러난 윤석열의 거짓말...불리하면 생억지	민중의소리 Youtube 채널 ※vstar : https://goo.gl/tk8PC7 ※곰곰이 : https://bit.ly/2Q2lkIJ ※디액터 : https://bit.ly/2PXIWyv ※소중한 ...	6297	1081	128	-1
UqDg6rQv4nU	[생중계] 윤석열 후보, “자유롭고 역동적인 혁신성장의 출발, 인천!” 인천 연수구 유세 (2022.02.26 오전)	[생중계] 윤석열 후보, “자유롭고 역동적인 혁신성장의 출발, 인천!” 인천 연수구 유세 (2022.02.26 오전) #윤석열 #인천 #연수구 #유세 ...	8242	0	214	1
WY1zpy8H1rY	[풀영상] 국민의힘 윤석열 대선 후보, 인천 연수구 유세 / 연합뉴스TV (YonhapnewsTV)	연합뉴스TV 유튜브 채널 구독 https://goo.gl/VuCJMi ▣ 대한민국 뉴스의 시작 연합뉴스TV / Yonhap News TV ...	5193	2082	44	1
hKCzUW94VZ0	통신사찰 공수처 정치권력과 결탁이 문제! #shorts #윤석열 #TV토론회	shorts #윤석열 #TV토론회.	2062	754	18	-1
RNS_nkMMNSg	윤석열, 인천·서울 표심 공략…퇴직경찰관 민심 청취 / 연합뉴스TV (YonhapnewsTV)	윤석열, 인천·서울 표심 공략…퇴직경찰관 민심 청취 국민의힘 윤석열 대선 후보는 오늘(26일) 인천과 서울을 두루 훑으며 수도권 민심 ...	2344	120	9	1
TXXwo3VoDb8	윤석열, 주말 수도권 집중 유세…중도층 공략 / YTN	[윤석열 / 국민의힘 대선 후보] 대한민국의 자유와 번영의 상징인 우리 인천 시민 여러분들 뵙게 돼서 정말 반갑습니다. 고맙습니다 ...	3015	74	141	1
ThH96lTQLHM	법카 소고기, 초밥, 책임떠넘기기, 공직기강 잡겠습니까? #shorts #윤석열 #TV토론회	shorts #윤석열 #TV토론회.	3291	1107	55	1
ddaOWRq8l6M	종이와 잉크로는 나라를 지킬 수 없습니다! #shorts #윤석열 #TV토론회	shorts #윤석열 #TV토론회.	2099	846	20	1
75qPeS4cvpU	제가 성남시장 했습니까? 경기지사 했습니까? #shorts #윤석열 #TV토론회	shorts #윤석열 #TV토론회.	3817	1271	73	1
bcJ02gjPTfY	[현장연결] 윤석열 '수도권 주택 문제, 정부가 의도적으로 공급 안해 악화' / 연합뉴스TV (YonhapnewsTV)	"[현장연결] 윤석열 ""수도권 주택 문제, 정부가 의도적으로 공급 안해 악화"" 국민의힘 윤석열 대선 후보는 오늘(26일) 인천과 서울을 두루 ..."	748	47	8	1
86nKjJezlik	신천지가 장악한 국힘? 윤석열과 신천지 알고 보니 오랜 인연?	윤석열 #이만희 #신천지 #국민의힘 #정교일치 #윤석열신천지 #윤석열이만희 #국민의힘신천지 #윤석열무속 #윤석열무속인 후원 ...	2118	1030	69	-1
q1YoWaml4Gc	[2차 TV토론 다시보기] 이재명의 정치교체냐 윤석열의 정권교체냐, 안철수 또 절래절래?-박정호, 김종철 오마이뉴스 기자	[2차 TV토론 함께보기] 이재명의 정치교체냐 윤석열의 정권교체냐, 안철수 또 절래절래?-박정호, 김종철 오마이뉴스 기자 (2022.2.25 ...	273949	0	18	1
dqI5p25oBRc	(생방송) 국힘 오구환, 윤석열후보 지지유세	설악5일장 This stream is created with #PRISMLiveStudio.	4	0	0	1
HvgzISq9abM	[위클리벳 283회] 윤석열 국민의힘 대선후보 동물공약 파헤치기!	위클리벳 269회에서 20대 대통령 선거 기호 1번 이재명 더불어민주당 대선후보의 동물복지 공약을 살펴봤었죠?	8	1	0	1
iRyPCEgYs88	“몸통은 윤석열” vs “이완용이 안중근 비난하나”	이재명 #윤석열 #토론회 [“몸통은 윤석열” vs “이완용이 안중근 비난하나”] 25일 열린 대선후보 TV토론에서 국민의힘 윤석열 후보가 ...	531	27	25	-1
SRbez3GrsAU	윤석열 후보의 깐부! 나경원의 깐부유세👏 정양석과 함께! I 은평 불광천을 서울 청계천처럼 #국민의힘 #윤석열 #은평	국민의힘 은평갑 당협위원장 홍인정입니다. 오직! 은평발전 오직! 은평사랑 홍인정에게도 여러분에게도 [아주 특별한 #은평]을 담 ...	47	4	2	1
xgo269J7z2w	(생방송) 국힘 이진옥, 윤석열후보 지지유세	설악5일장 This stream is created with #PRISMLiveStudio.	4	0	1	1
BIlhQW94dPw	윤석열, 위성정당 먼저 시작해놓고 민주당 탓?! 심상정의 즉석 팩트체크!	이재명 #심상정 #윤석열 #대선토론 ✓일시후원: 국민은행 794001-04-154041 서울의소리(강경자) ✓전화후원: 1877-1590 ✓정기 ...	2605	403	37	1
YKvgO-942v0	#윤석열 #젤렌스키 #윤렌스키 #우크라이나 #2번되면_전쟁난다		494	101	17	-1
Y3_sZwqSLO8	전 국회부의장 박주선, 윤석열 면전에서 '검표 투표용지 경악 금할 수 없었다'[권순활TV]	[자율구독료] 신한은행 110 183 108360 권순활 #박주선 #총선검표 #대선 #윤석열.	2080	774	55	1
bLhLl5wtKeo	[녹취구성] '이재명 게이트' '윤석열 게이트'…대장동 &#39;몸통&#39; 공방 / 연합뉴스TV (YonhapnewsTV)	"[녹취구성] ""이재명 게이트"" ""윤석열 게이트""…대장동 '몸통' 공방 대장동 의혹을 둘러싼 공방도 이어졌습니다. 이재명 후보와 윤석열 ..."	641	31	18	-1
mNFcy205uKQ	윤석열 토론 망언, 역풍 맞았다! 심상정 '윤석열 &#39;유사시 일본 들어올 수 있어&#39; 발언 경악' - 망신당한 원희룡 헛발질.. 민주당 '논두렁 시계2, 이재명 공공환수 입증'	윤석열토론망언역풍 #이재명심상정안철수 #원희룡헛발질민주당반격 #이재명공공환수입증 ▣ 황희두 멤버십 후원 ...	37708	18762	700	-1
efj4tYPeewM	윤석열은 빙하타고 온 둘리	"유튜브 이송원TV 2월 26일(토) 오전 9시에 ""이재명 38% 윤석열 37% 안철수 12%""..갤럽 조사도 다시 초박빙 이재명 ""빙하타고 온 둘리 ..."	13226	4870	9	1
RjNx5J4h488	심상정, 박근혜에 이런 말을? 윤석열 TV토론 돋보였다! 이재명 큰일났다! (진성호의 융단폭격)		58656	12889	649	-1
UzmygQhuF_o	토론회에서 대놓고 대장동 거짓말하는 윤석열 #shorts	윤석열 #대장동 #토론 2월 25일 대선후보 2차 토론회 중.	364	103	8	-1
XY0Hex4euD4	선거 10일 전 권력구조 개편? 선거전략 정치쇼! #윤석열 #shorts #TV토론회	윤석열 #shorts #TV토론회 * 후원계좌 : 국민은행 067501-04-088071 (예금주:국민의힘 중앙당후원회) [후원시 유의사항] ① 개인 명의 ...	450	134	4	1
F4mDvXy60H4	[연수구 유세 풀발언] 윤석열 '종이와 잉크로 만들어진 협정서, 절대 평화를 보장하지 못해'	윤석열 #이재명 #우크라 #러시아 #평화 윤석열 국민의힘 대선 후보가 22년 2월 26일 인천 연수구에서 열린 유세장에서 발언하고 있다 ...	3502	568	94	-1
fZ35PggV5Qk	※예언적중※ 윤석열&amp;안철수 단일화.. 충격 결말은?/촬영날짜 2월19일 [서울용한점집 천궁신당☎010-7379-1094]	서울용한점집 천궁신당(성수대신)] ▷상담문의 ☎ 010-7379-1094 ▷신당위치 : 서울시 금천구 시흥동 #윤석열 #안철수 #단일화 ...	100	12	0	1
8UUNeSYTQPc	(생방송) 국힘 박동규, 윤석열후보 지지유세	설악5일장 This stream is created with #PRISMLiveStudio.	3	0	0	1
3vc1GKjiYUI	박근혜, 윤석열 TV토론 보았나#李-尹 근본적으로 깜이 안된다#尹지지율 급락!죄값 치르나#안철수 포기는 상상임신#박근혜,이준석 어떻게볼까#李 되면 우크라이나?#이재명 조원진 야합?	윤창중칼럼세상은 보수우파의 집권이 목표입니다. 실현 가능한 해법과 방향을 분명히 제시합니다. 윤칼세를 도와주십시오. 윤칼세TV ...	8158	1451	28	-1
F7WnYh3Yz_E	'윤가 일본 발언에 저희 어머니 대노'ㄷㄷ (토론 후 윤석열 스스로 참패 인정ㅋㅋ)	영상설명 : TV토론 후 윤석열 후보와 국힘 반응과 김진애 전 의원 평 등 전해드리겠습니다 감사합니다.	39167	11989	375	-1
sgTONC_JTCE	&#39;둘리&#39;, &#39;이완용, 안중근&#39;, &#39;헛웃음&#39;까지 나온 이재명 vs 윤석열 토론 모아보기	이재명 더불어민주당 후보와 윤석열 국민의힘 대선 후보가 TV토론에서 정치개혁과 대장동 의혹, 부산저축은행 수사, 선제타격론, ...	868	30	12	-1
YsLzCVwvsjw	자영업자 희생 강요하는 정부...이준석 '윤석열 정부는 다릅니다!'	연수구 #인천 #이준석 #유세 #윤석열 국민의힘 이준석 당대표가 22년 2월 26일 인천 연수구 유세현장에서 발언하고 있다.	1090	161	20	-1
omBBjj6R3nY	[청년 유세] 윤석열 보고 희망을 본 국민들...대통령 만들기 우리가 끝내자!	연수구 #인천 #청년 #유세 #윤석열 국민의힘 청년유세단 고은수 청년이 22년 2월 26일 인천 연수구 유세 현장에서 발언하고 있다.	847	115	9	1
w39tTrVAi4Q	이재명 '대장동은 윤석열이 몸통이다' [후보자토론회]	이재명 #대장동 #윤석열 #후보자토론회.	220	52	10	1
OOW5V4ir1r4	윤석열 또 혼자 시간여행 #Shorts	윤석열 #냉동인간.	208	30	1	1
RHnd2UBkK5I	인천시민들 앞 호소하는 윤상현 '윤석열과 정권교체...대한민국을 바꾸자'	연수구 #인천 #윤상현 #정권교체 #윤석열 국민의힘 윤상현 의원이 22년 2월 26일 인천 연수구 유세 현장에서 발언하고 있다.	563	93	11	1
ouQb_JPRWbM	(신혜식의 대선현장중계) 윤석열의 인천 감동 유세 초특급 인파! / 2022.02.26	대장동문건 #원희룡 #문건보따리 #원희룡기자회견 #윤석열 #대선유세 #윤석열현장 #윤석열유세 #국민의힘 #정권교체 #이재명 ...	30976	10151	29	1
cgQ0Z4EvcH4	윤석열이라니까! (발음이 어려워요~)	윤석열 후보의 이름 발음하기! 전춘천시장 이광준이 정알못 시민들께 쉽고 재미있게 확실하게 알려드립니다.	1	1	0	1
OR7sfOgfA54	한반도에 일본군을 부르겠다는 윤석열 #Shorts	윤석열 #일본군.	220	18	3	1
8VmU2MfPe3M	제20대 대통령선거/윤석열 대선후보/지원유세/최춘식국회의원/직캠	제20대대통령선거 #윤석열대선후보 #최춘식국회의원 #윤충식 2022.02.23.	10	1	0	1
hH-VDTEKyV0	#단일화 안해! vs 열려있어 #안철수 #윤석열 #안일화		511	129	6	-1
xY2yaX9HxC8	입만열면 거짓말이 자동으로 나오는 윤석열		6	1	0	-1
9TefSrxa5A4	제20대 대통령선거/윤석열 대선후보/지원유세/직캠	제20대대통령선거 #윤석열대선후보 #선거운동 #포천시.	12	1	0	1
bQPffCKD4dI	💥윤석열 후보..🔸우리가 민주화를 왜 합니까? 🔺더 잘먹고 잘살고 자식들 잘 키우려고 하는거 아닙니까?#shorts	청년의소리 정말 리얼한 청년들의 목소리 여러분의 구독과 좋아요가 큰 힘이됩니다 ...	4	0	0	1
U9Xm08Rl0T8	윤석열 대통령후보 선거공약정리	윤석열 대통령후보 선거공약 정리에대한 영상입니다 저의 영상을 보시고 공약에대한 궁금증이 풀리기를 바랍니다 감사합니다 정권 ...	5	0	0	1
ADmRAzlcfaI	배수로 꺼내다 커피에 되치기 당한 윤석열, 대장동 몸통맞지?	이재명 #윤석열 #대선토론 촛불시민의 작은 응원이 대선 승리에 큰 힘이 됩니다 촛불잔치 후원링크 ...	3185	949	50	-1
aKG7fIFLSjE	[뉴스외전 포커스] '윤석열, 2주 간 관리 잘하면 대선 압도적 승리할 것'	"[출처:MBC 뉴스외전_220223] 김재원/국민의힘 최고위원 ------------ ""윤석열, 2주 동안 선거 과정 잘 관리하면 압도적 승리"" ""여론조사 ..."	16	2	0	1
61BHusztR8c	(대선현장중개) 윤석열 대통령후보 인천 검단사거리앞 유세 현장	This stream is created with #PRISMLiveStudio.	4290	1435	0	1
