ID	title	description	viewcount	likecount	commentcount	label
78cP0VcbSPE	이재명 전북유세단 순창집중유세	이재명 전북유세단 순창집중유세 2022년 2월 24일 순창읍 터미널사거리 정세균(전 국무총리), 김성주(전북도당 당위원장), 최영일( ...	145	16	0	1
VRFnazvCsa0	이재명 후보, &#39;김포의 더 큰 도약, 이재명을 활용하십시오&#39; [김포 유세]		6753	8454	75	1
wGl21sMQmqA	[생중계] 이재명 후보, ‘김포의 더 큰 도약, 이재명을 활용하십시오’ 김포 유세 (2022.02.26 오전)	[생중계] 이재명 후보, '김포의 더 큰 도약, 이재명을 활용하십시오' 김포 유세 (2022.02.26 오전) #이재명 #김포 #유세 #2022대선 ...	50688	0	50	1
1ji5BkI07PA	소름돋는 이재명 성대모사	이재명 출처는 이상민tv입니다 월 1천원 정기후원하기 1877-0419 http://www.ihappynanum.com/Nanum/B/UEZ98N7YMH 남성연대 ...	12377	973	45	1
vOUoM0BGAbY	[풀영상] 더불어민주당 이재명 대선 후보, 경기 김포 유세 / 연합뉴스TV (YonhapnewsTV)	연합뉴스TV 유튜브 채널 구독 https://goo.gl/VuCJMi ▣ 대한민국 뉴스의 시작 연합뉴스TV / Yonhap News TV ...	4500	111	2	1
T_vpy0bQTBA	[공유] 이재명이 ‘비즈니스프렌들LEE’로 평가받는 이유!😎	공유영상 : 유튜브 '이재명' https://youtu.be/mjrsfaDizNw 경기도지사 시절, 대기업과 중소기업의 상생을 위해 삼성전자와 업무협약을 ...	392	251	4	1
JnshM8r1bmI	[공유] 이재명이 보내는 네번째 메시지 [경제대통령1] 편	공유영상 : 유튜브 '이재명' https://youtu.be/lXHlWx-B7Ow #이재명 #대선광고 #경제대통령.	211	89	1	1
dcOLbtT_nlM	[공유] 외교안보통! 김현종 전 국가안보실 차장 이재명 후보 찬조연설 비하인드 (메이킹 필름)	공유영상 : 유튜브 '델리민주' https://youtu.be/D3onwzP1vug #이재명 #찬조연설 #김현종 #메이킹필름 우리 사회에 필요한 양복 입은 ...	305	186	11	1
q1YoWaml4Gc	[2차 TV토론 다시보기] 이재명의 정치교체냐 윤석열의 정권교체냐, 안철수 또 절래절래?-박정호, 김종철 오마이뉴스 기자	[2차 TV토론 함께보기] 이재명의 정치교체냐 윤석열의 정권교체냐, 안철수 또 절래절래?-박정호, 김종철 오마이뉴스 기자 (2022.2.25 ...	273949	0	18	1
clpay8O9yVo	이재명, 경기도 집중유세…김포·파주·고양·의정부 순회 / 연합뉴스TV (YonhapnewsTV)	이재명, 경기도 집중유세…김포·파주·고양·의정부 순회 더불어민주당 이재명 대선 후보는 오늘 '정치적 고향'인 경기도에서 순회 ...	341	8	2	1
-avul00Jlt4	이재명과 윤석열 2차 TV 토론 종합판...준비된 자와 모르는 자	2차 티비토론 이재명과 윤석열의 설전 민중의소리 Youtube 채널 ※vstar : https://goo.gl/tk8PC7 ※곰곰이 : https://bit.ly/2Q2lkIJ ※디 ...	29067	2628	382	1
Kv8pskOoWpE	[현장연결] 이재명 '리더 유능하지 않으면 국가 위기 맞아' / 연합뉴스TV (YonhapnewsTV)	"[현장연결] 이재명 ""리더 유능하지 않으면 국가 위기 맞아"" 더불어민주당 이재명 대선 후보는 오늘 경기 북부 지역을 돌며 표밭갈이에 ..."	401	22	11	1
iASeVRjTaYU	[현장영상+] 이재명, 김포에서 유세 연설...'리더가 유능하지 않으면 국가적 위기 맞아' / YTN	[앵커] 더불어민주당 이재명 대선 후보는 주말인 오늘 경기 북부지역을 집중적으로 훑으며 수도권 표심을 공략합니다. 경기도 김포를 ...	1525	50	25	1
bLhLl5wtKeo	[녹취구성] '이재명 게이트' '윤석열 게이트'…대장동 &#39;몸통&#39; 공방 / 연합뉴스TV (YonhapnewsTV)	"[녹취구성] ""이재명 게이트"" ""윤석열 게이트""…대장동 '몸통' 공방 대장동 의혹을 둘러싼 공방도 이어졌습니다. 이재명 후보와 윤석열 ..."	641	31	18	-1
uPgsio7FEr8	[생방송] 이재명 후보, '김포의 더 큰 도약, 이재명을 활용하십시오' 사우문화체육광장 현장	"[생방송] 이재명 후보, ""김포의 더 큰 도약, 이재명을 활용하십시오"" 사우문화체육광장 현장 #이재명 #경기 #김포 #나를위해 #앞으로 ..."	41712	5910	14	1
iIM0fu07N7M	李·尹 주말 맞이 수도권 유세전...단일화 담판도 관심 / YTN	[앵커] 대선까지 10여 일 남은 가운데 주말 유세전도 활발합니다. 더불어민주당 이재명 대선 후보는 경기 북부를, 국민의힘 윤석열 후보 ...	2259	30	49	1
zSilTIt5sIY	[D-11] [LIVE] 이재명 후보 - &#39;김포의 더 큰 도약, 이재명을 활용하십시오&#39;  김포 유세 생중계		5233	3912	19	1
w39tTrVAi4Q	이재명 '대장동은 윤석열이 몸통이다' [후보자토론회]	이재명 #대장동 #윤석열 #후보자토론회.	220	52	10	1
df_M1xJ9oo8	이재명, 경기 북부 집중 공략…김포에서 유세 연설 / YTN	[이재명 / 더불어민주당 대선후보] 3월 9일에 만들어야죠. 누가 만듭니까? 이재명이 아니라 바로 여러분이 만드십니다. 누가 만든다 ...	1076	35	49	1
_xRYi3DbHNw	2022.2.26. (생중계) 이재명 더불어민주당 후보 - ‘김포의 더 큰 도약, 이재명을 활용하십시오’ [김포 유세]	팩트TV 보도채널 추진 트레일러 방송 #팩트TV 플러스 제작 후원=보도채널 예비시청자위원 가입 □ 후원하기(링크클릭) ...	5180	1169	0	1
8IVkiGnGFp0	경북 포항시 이재명 후보 지원유세 생중계 - 송영길 상임선대위원장	기호1번 #경제대통령 #이재명 #송영길 ✓일시후원: 국민은행 794001-04-154041 서울의소리(강경자) ✓전화후원: 1877-1590 ✓정기 ...	7285	1455	32	1
4_gGN8_Rfo0	일가족 몰살 기도 사건을 데이트폭력이라 미화했던 이재명의 소름돋는 변명 #암사동모녀살인 #이재명조카		3243	252	62	-1
flJnfd6l7m4	[충격현장] 윤석열, 인천 도착!! 이재명 토론 태도 저격!!!	종이TV 자율구독료 ○ 카카오뱅크 3333-03-8393457 박ㅈㅇ 국민 632302-04-024991 박ㅈㅇ ○ 종이의 멤버십 ...	7290	5048	9	1
mFMGUILw4no	남욱 검찰 조사에서 충격 발언.. 이재명,  대장동 민간업자 걱정	이메일 : newsdot724@naver.com(사연/칼럼/뉴스제보-url 첨부) 멤버십 ...	2723	646	16	-1
sgTONC_JTCE	&#39;둘리&#39;, &#39;이완용, 안중근&#39;, &#39;헛웃음&#39;까지 나온 이재명 vs 윤석열 토론 모아보기	이재명 더불어민주당 후보와 윤석열 국민의힘 대선 후보가 TV토론에서 정치개혁과 대장동 의혹, 부산저축은행 수사, 선제타격론, ...	868	30	12	-1
-vGgYu2zThg	대한민국 개판선거-미래예언가 이재명-그대로 될지어다, 후원:국민 343601-04-117354 안재철, Paypal:https://paypal.me/worldpeacefreedom	2022년 대한민국 대통령 선거는 그야말로 개판선거입니다. 자신의 미래를 예측한 이재명 후보의 예언대로 될 것을 갈망합니다.	187	7	0	1
_C0yhCK-nA4	[풀영상] 더불어민주당 이재명 대선 후보, 김포 유세 'D-11' (22.02.26)	"더불어민주당 #이재명 #김포 #유세 #Live [풀영상] 더불어민주당 이재명 대선 후보, 김포 유세 ""D-11"" (22.02.26) 시사포커스TV는 창간 ..."	5203	135	26	1
wYkFbbSNOfw	조성미 LIVE EP. 12_더불어민주당 나를 위해 이재명 파헤치기 4탄!_제20대 대선 방송 연설!		0	0	0	1
6_rh6J_R2Js	D-11 이재명후보 김포유세현장 스케치!!(사우문화체육광장)	우리를위해이재명 #미래를위해이재명 #이재명 후원 : (국민) 453201-04-048641 한민우 후원금은 현장에서의 활동비로 소중히 사용 ...	543	165	2	1
xRaht-8Jp7s	[이재명 후보 원주방문]	[이재명 후보 원주방문] 본격적인 선거운동이 시작되고 전국에 309대의 유세차량과 함께 많은 당원동지 여러분과 함께 더불어 민주당 ...	8	0	1	1
Fjpqp10WEok	#이재명후보#고두심까지#이용!?#나쁘다!?#김용숙tv	승무원, 탤런트, 사업, 시민운동 등 다양한 인생경험으로 세상을 바라보고, 생활과 밀접한 예능을 통해서 사회문제를 분석하고 대안을 ...	818	169	20	-1
5sCv_rW-e-c	8일차 도보행진! 드디어 대전에서 세종으로! 이재명 후보 대통령 만들기 프로젝트! 진격 청와대로! 내다리 내놔ㅠㅠ	이재명 대통령 만들기 프로잭트! 봉하마을에서 서울까지 걷기!적폐청산?. 검찰개혁! 언론개혁! This stream is created with ...	594	200	0	1
j39l0iryI60	2022년 2월26일,  이재명후보 김포 유세		440	103	7	1
ytJAeEeqyN8	환경운동가 최병성목사가 말하는 이재명	일 잘하는 이재명 - 이재명을 만난 사람들.	128	90	8	1
0wjUBvC2xs8	안보에 대한 진정성 있는 토론을 주고받는 이재명과 안철수 #Shorts	이재명 #안철수 #안보 #사드.	56	4	0	1
bftnArN1dj8	대한민국이 이재명에게 져서야 되겠습니까?		1328	286	8	1
AGTBIn0PhMo	이재명 후보님이 되야합니다!!	이재명 #대선후보 #민주당 #나를위해_이재명 #더불어민주당 #앞으로제대로 #이재명은합니다 #대한민국 #대전환시대 #산업 #대구 ...	4	2	0	1
F-WwoOS4zcE	[생방송] 이재명 후보, ‘고양의 수도권 서북부 경제 중심지 도약을 위해!’  / 일산문화공원	[생방송] 이재명 후보, '고양의 수도권 서북부 경제 중심지 도약을 위해!' / 일산문화공원 #이재명 #경기 #고양 #나를위해 #앞으로 ...	0	186	0	1
nXO2eScryy8	[생방송] 이재명 후보, ‘평화로 드라이브 인!’  / 파주 평화누리주차장	[생방송] 이재명 후보, '평화로 드라이브 인!' / 파주 평화누리주차장 #이재명 #경기 #파주 #나를위해 #앞으로 #제대로 #합니다 #대선 ...	0	191	0	1
5oPS00ddD_c	경기도 친환경 농민·먹거리 시민 1만명 이재명 후보 지지선언	경기도 친환경 농민·먹거리 시민 1만명 이재명 후보 지지선언 일시 : 2022년 2월 24일(목) 오후 3시 장소 : 경기도의회 구청사.	12	1	0	1
zbJ7cgyAF6s	이재명후보의 경남과 김해 6대공약	나를_위해_이재명 #김해를_위해_이재명 #경남을_위해_이재명 #대한민국을_위해_이재명.	15	6	0	1
A27VK7bZtZE	#이재명 후보의 당연하지만 특별한 인사#대선토론 #수화	이재명 후보의 당연하지만 특별한 인사#대선토론 #수화.	7	6	0	1
0ZGmRlpclRA	#윤석열 #이재명 #둘리대선후보 토론. 윤석열 후보는 둘리? 포괄적 한미동맹 번복, NSC회의 번복 발언 논란!	윤석열 #이재명 #둘리 대선후보 토론. 윤석열 후보는 둘리? 포괄적 한미동맹 번복, NSC회의 번복 발언 논란!	3	2	0	-1
rxLxr8OXr2g	이재명 김포가 디비진다.김포 사우문화체육광장 집중유세 현장입니다.	이재명 #대선토론회 #방역지원금 깨어있는 민주시민 정치타파 유튜버 억강부약ㆍ대동세상 나아가는 길 여러분과 함께합니다. 자발적 ...	3324	1292	1	1
RjNx5J4h488	심상정, 박근혜에 이런 말을? 윤석열 TV토론 돋보였다! 이재명 큰일났다! (진성호의 융단폭격)		58656	12907	223	-1
K2IlP_lkmvM	#이재명 #윤석열 #그분[대선 토론] 윤석열 여윽시 또! 대장동 공세에 이재명 즉석 팩트체크!	이재명 #윤석열 #그분 [대선 토론] 윤석열 여윽시 또! 대장동 공세에 이재명 즉석 팩트체크!	14	1	0	1
-anWYT1DWG0	이재명 김포 유세 사우문화체육광장 앞 현장취재!	이재명 #김포_사우 #선거유세현장 with CameraFi Live.	12256	6415	0	1
7rCEFr_K4zc	이재명후보 지지연설 성남 수정지역위원회 청년위원장 문승호	성남 세이브존 앞에서 이재명 지지연설을 해봤습니다. 연설은 많이 해보지 않아 익숙치가 않네요 ^^ 이재명은 합니다! #대통령선거 ...	74	6	2	1
_OkKj9Giwp4	20대 대선 이재명 후보, 지지호소 거리유세	존경하는 대전 시민여러분. 언제나 대전 시민의 선택이. 대한민국의 선택이었습니다. 평화와 공존의 이재명을 선택해주십시오!	1	0	0	1
z05ITQdvLyE	[아투현장] '김포의 더 큰 도약, 이재명을 활용하십시오' 이재명 더불어민주당 후보 경기 김포 유세 _220226	"[아투현장] ""김포의 더 큰 도약, 이재명을 활용하십시오"" 이재명 더불어민주당 후보 경기 김포 유세 정도언론 인간존중 인류평화 를 ..."	384	21	4	1
