ID	title	description	viewcount	likecount	commentcount	label
93EVDGXChbk	[여론종합] 윤석열 안철수 단일화 극적 타결 가능성은?	멤버십 가입 링크: https://www.youtube.com/channel/UC242xa78h95GOvuM8UhRS1w/join ✔️ 영상 시청하시기 전에 구독과 ...	9585	4117	72	1
r8BpvB3Tt5g	2주 남은 대선 시계..세 가지 단서로 단일화 점 쳐보기! [KBS 220224 방송]	야권_단일화 #이재명_윤석열_안철수 #안철수_단일화 임경빈 / 시사평론가 22. 02. 24. KBS1 '더 라이브' 방송 中 구독과 좋아요는 더 ...	1411	64	7	1
hH-VDTEKyV0	#단일화 안해! vs 열려있어 #안철수 #윤석열 #안일화		511	129	6	-1
fZ35PggV5Qk	※예언적중※ 윤석열&amp;안철수 단일화.. 충격 결말은?/촬영날짜 2월19일 [서울용한점집 천궁신당☎010-7379-1094]	서울용한점집 천궁신당(성수대신)] ▷상담문의 ☎ 010-7379-1094 ▷신당위치 : 서울시 금천구 시흥동 #윤석열 #안철수 #단일화 ...	100	12	0	1
iIM0fu07N7M	李·尹 주말 맞이 수도권 유세전...단일화 담판도 관심 / YTN	[앵커] 대선까지 10여 일 남은 가운데 주말 유세전도 활발합니다. 더불어민주당 이재명 대선 후보는 경기 북부를, 국민의힘 윤석열 후보 ...	2259	30	49	1
q1YoWaml4Gc	[2차 TV토론 다시보기] 이재명의 정치교체냐 윤석열의 정권교체냐, 안철수 또 절래절래?-박정호, 김종철 오마이뉴스 기자	[2차 TV토론 함께보기] 이재명의 정치교체냐 윤석열의 정권교체냐, 안철수 또 절래절래?-박정호, 김종철 오마이뉴스 기자 (2022.2.25 ...	273949	0	18	1
0wjUBvC2xs8	안보에 대한 진정성 있는 토론을 주고받는 이재명과 안철수 #Shorts	이재명 #안철수 #안보 #사드.	56	4	0	1
dpAMF_S9viQ	안철수, 서울 집중 유세…심상정, 영남 민심 공략 / 연합뉴스TV (YonhapnewsTV)	안철수, 서울 집중 유세…심상정, 영남 민심 공략 국민의당 안철수 후보는 오늘(26일) 서울 집중 유세에 나섭니다. 서울 종로구 광장 ...	212	12	4	1
IAbCkjGGnj0	안철수 아저씨 뽑아주세요~ 아고 이뻐라.. #안철수 #대통령		212	122	1	1
JB4Cg3HBH64	준비된 리더, 기호4번 안철수 #안철수 #기호4번 #정치개혁		213	131	3	1
js6HRj685ak	안철수 아저씨는 안자고 뭐해? #shorts	안철수 아저씨는 왜 밤에 안자 엄마? #안철수 #대통령선거 #32개월아기 * 이 영상은 정치적 의도가 없습니다.	6	3	0	-1
cdLGSIUduAQ	안철수 지지율 12% 상승중..야권의 진정한 주인은 안철수다.	대통령선거는 100% 민심 선거이다. 윤석열 존경하는 국민이 윤석열에게 명령한다. 28일까지 자신 사퇴하고 안철수대통령으로 단일화 ...	81	26	2	1
VQAwuUX_5T8	[썰전 인터뷰] 김재원 '안철수의 강한 부정…오히려 희망 가질 수도 있어“	"[출처:JTBC 썰전 라이브_220224] Q. 이번 주말 윤-안 만남 추진하고 있나? ""안철수의 강한 부정…오히려 희망 가질 수도 있어"" ""안철수 ..."	17	4	0	1
vEdREtvjf7Q	1,2차 대선토론 후폭풍 1,심상정의 후련한 직격  2,김종인의 경제분야 토론평가,안철수만 칭찬한 이유 3,어쨌든 윤은 1,2차 모두 패배	대선토론 #김종인 #심상정 #안철수 #윤석열 #이재명 #이준석 ♥ 후원안내 ♥ ※국내 후원 국민은행, 365202-01-189195 김*원 ※해외 ...	199	29	2	-1
B5LKc1rJhkQ	[백운기의 뉴스와이드] 안철수-이준석 단일화 진실 공방	출처:MBN 백운기의 뉴스와이드_220224] [출연자] 김재원 / 국민의힘 최고위원 강기정 / 더불어민주당 이재명 후보 호남총괄특보단장 ...	14	2	0	1
KVFV5Bqt0rc	전술핵과 전략핵도 구분 못하는 윤석열이 답답한 안철수 #Shorts	전술핵 #전략핵.	39	7	1	1
6K6vlybRYQI	대선토론 안철수 마무리발언 정치의목적	안철수#대통령#소신투표#안철수지지.	8	1	0	1
vp9LdWNBgK8	안철수 안일화 완주,안철수 공약집 해설	안철수#12척의배로 #330척의 #왜군 을 물리치듯 #거대양당을 물리치고 3월9일 더 좋은 정권교체로 대통령당선된다. #4번타자 ...	34	16	3	1
LR1FP33cU9c	저출생·원전 정책 어떻게 바뀌나…후보별 사회 공약 / 연합뉴스TV (YonhapnewsTV)	저출생·원전 정책 어떻게 바뀌나…후보별 사회 공약 [앵커] 차기 대선이 이제 11일 앞으로 다가왔습니다. 그동안 다음 정부는 대한민국 ...	463	14	5	1
Nlj9OYVkTfw	편하게 교수나 하지 왜 정치를 하냐는 질문에 안철수의 대답은	안철수 #김미경 #안설희 #국민의당 #2022 #임인년 #대한민국 #대통령 #선거 #대선 #투표 #정권교체 #시대교체 #방역 #과학기술 ...	14	0	0	1
VfxBNAhP68M	안철수 질풍가도   안철수 로고송	제20대대통령선거#안철수#국민의당 꼭 당선되서 온 국민이 행복한 삶을 찾도록 힘써주시길 바랍니다.	3	1	0	1
3vc1GKjiYUI	박근혜, 윤석열 TV토론 보았나#李-尹 근본적으로 깜이 안된다#尹지지율 급락!죄값 치르나#안철수 포기는 상상임신#박근혜,이준석 어떻게볼까#李 되면 우크라이나?#이재명 조원진 야합?	윤창중칼럼세상은 보수우파의 집권이 목표입니다. 실현 가능한 해법과 방향을 분명히 제시합니다. 윤칼세를 도와주십시오. 윤칼세TV ...	8158	1452	28	-1
AUv8T7xzdqg	대선 토론 같이 봅시다! 4자 토론!	대선토론 #4자토론 #대선후보 #이재명 #윤석열 #안철수 #심상정.	15	3	0	1
avbsYslFuyo	안철수 유세~ 인천 미추홀구 후원:농협010 5329 3606 08송만기	평일에는 시사 정치를 다루고 주말에는 음악 라이브 공연을 하는 프로 입니다. 많은 사람들에게 좋은 반응으로 구독층이 급격히 ...	169	52	0	1
7Dx-YUUk4oQ	또 대장동…'수사 왜 봐줬나'·'내가 성남시장했나' / 연합뉴스TV (YonhapnewsTV)	"또 대장동…""수사 왜 봐줬나""·""내가 성남시장했나"" [앵커] 대장동 공방은 이번 TV토론에서도 빠지지 않았습니다. 이재명 후보와 윤석열 ..."	1509	50	33	1
8vW5Gnk4BzE	[20대 대선 2차 토론]안철수...핵공유와 확장억제의 차이 비교		4	0	0	1
SqF99xEXkd8	대한민국 채권의 인기	채널에 가입하여 혜택을 누려보세요. https://www.youtube.com/channel/UC1mySWSKdHfheY5rM9zu-Vg/join 최배근TV 후원계좌: ...	474	206	6	1
k2UxpbFwVgw	난리난 대선토론 명장면, 윤석열 이재명 안철수 심상정	대선토론 #하이라이트 #명장면 자발적 구독료 : 812701-04-165082 국민은행(청아대) 해외후원은 ...	5272	869	0	1
mNPGfEoAw9Y	2022.2.25.(금) 상암sbs 앞 #4번타자안철수대통령	This stream is created with #PRISMLiveStudio.	483	105	0	1
QL_ZSHLnZ1o	[LIVE] 대선토론 4차 이재명 윤석열 안철수 심상정, 핸우의 해설	ㆍ대선토론회 4자토론 4차 일시 : 2/25 (금) 저녁 8시, KBS 대선후보 : 이재명, 윤석열, 안철수, 심상정 주제 : 정치 ...	379	33	0	1
aKG7fIFLSjE	[뉴스외전 포커스] '윤석열, 2주 간 관리 잘하면 대선 압도적 승리할 것'	"[출처:MBC 뉴스외전_220223] 김재원/국민의힘 최고위원 ------------ ""윤석열, 2주 동안 선거 과정 잘 관리하면 압도적 승리"" ""여론조사 ..."	16	2	0	1
kodcpuaU_oo	협상불씨[&#39;22/02/26/金]아권 단일화 겅우 정권교체, 연장은???	"박종길의 시시포커스 ""단일화 결렬! 아직도 노력중?"" 집중분석 1. 시력검사시 한 눈을 가리고 즉정, 이번 대선은 두 눈을 가린 낌깜이 ..."	288	27	0	1
6Mqtfsukidw	불끈악마님, 팩트체크 부탁드립니다	원본영상 [안철수] 결코 멈추지 않겠습니다 | LIVE https://youtu.be/9iOifTje0cc 안플릭스 (안철수 공식사이트) ...	12	4	0	1
efj4tYPeewM	윤석열은 빙하타고 온 둘리	"유튜브 이송원TV 2월 26일(토) 오전 9시에 ""이재명 38% 윤석열 37% 안철수 12%""..갤럽 조사도 다시 초박빙 이재명 ""빙하타고 온 둘리 ..."	13226	4872	9	1
HzLoIJ_dqN0	20대 대통령선거 2차 후보자 토론회 방송 2022년 02월 25일 20시에서~22시까지 안철수 심상정 윤성열 이재명 후보	20대 대통령선거 2차 후보자 토론회 방송 2022년 02월 25일 20시에서 22시까지 안철수 심상정 윤성열 이재명 후보 기호1번 이재명 ...	18	2	0	1
9pWd9QQSeyU	[이도운X전지현] 이도운이 말해주는 &#39;확실한 대선승리&#39;를 위한 마지막 단계	윤석열 #안철수 #단일화 경제사회TV 멤버십 가입하고 혜택을 누려보세요.	1591	414	16	1
CvzAbKxli5U	매달 빠져나간 ‘국민연금’ 못 돌려받는다고?😨 2030이라면 꼭 알아야 할 국민연금 총정리	90년대생부터 국민연금 못 받는다?  ” 월급에서 빠져나가기만했지 제대로 아는 건 없는 거 같은 '국민연금' 국민연금과 90년대생의 ...	1689	133	5	1
6s_lzreyogw	라이브🔴20대 대통령 선거 후보자 2차 토론회 &#39;정치&#39; 실시간 | KBS뉴스전북	20대 대통령 선거 후보자 2차 토론회 '정치' 라이브 00:00 대선토론 직전직후! 지난 토론을 곱씹고 토론 미리보기 01:01:30 선관위 법정 ...	296	0	0	1
1TIBTqsOfyI	[대선토론] 심상정, 안철수와 윤석열 단일화를 묻자 나온 엇갈린 반응?		4	0	0	1
mNFcy205uKQ	윤석열 토론 망언, 역풍 맞았다! 심상정 '윤석열 &#39;유사시 일본 들어올 수 있어&#39; 발언 경악' - 망신당한 원희룡 헛발질.. 민주당 '논두렁 시계2, 이재명 공공환수 입증'	윤석열토론망언역풍 #이재명심상정안철수 #원희룡헛발질민주당반격 #이재명공공환수입증 ▣ 황희두 멤버십 후원 ...	37708	18774	700	-1
Av_9Na1etZo	尹-安특사 장기표 인터뷰 2탄, '회유보다 압력에 흔들렸을 것'	이 정권에서 안이 윤과 단일화하도록 방치했겠는가. 버스사고와 관련해 후보이자 당대표인 안철수에게 책임이 있을 수 있다는 압력을 ...	2788	737	14	-1
fOvBqgGAe3Q	[뉴스앤이슈] 치열했던 첫 선관위 TV토론...양당 평가는?	[출처:YTN 뉴스앤이슈_220222] □ 진행 : 강진원 앵커 □ 출연 : 전재수 / 더불어민주당 의원, 김재원 / 국민의힘 최고위원 #김재원, ...	18	5	1	1
Uw8LpqeWW3A	김재원 '이재명 집에 기생충이 아니라 돼지 키우는 줄 알았다“	[출처:석디터_220220] #김재원, #윤석열, #이재명, #안철수, #심상정, #허경영, #국민의힘, #더불어민주당, #기생충, #shorts, #대통령 ...	25	9	1	-1
b5xbYNvf2U4	[2022년 2월 26일 토요일 오전 방송]	2022년 2월 26일 토요일 오전 방송] [정론일침] [법보다주먹] 서정욱변호사 **만만운동: 농협 317-0024-5198-61 / 국민 ...	83224	17261	105	1
Em7bSVk4je0	이재명 '기축통화국 될 가능성 높다' 발언은 사실일까?	"출처:SBS주영진의 뉴스브리핑_220222] ○ D-15 '기축통화국' 발언 논란 김재원 / 국민의힘 최고위원 ""기축통화국 될 가능성 없어…"	4	2	0	-1
KuUOzTHCsMk	안철수유세 부평역앞~ 후원: 농협010 5329 3606 08송만기	평일에는 시사 정치를 다루고 주말에는 음악 라이브 공연을 하는 프로 입니다. 많은 사람들에게 좋은 반응으로 구독층이 급격히 ...	574	193	8	1
xPUBhBhhGVQ	[대갈촉 아케이드] 색깔론 들먹인 윤석열, &#39;또 한잔 했니?&#39;	윤석열 #색깔론 #술 #한잔 #안철수 #야구방망이 #대안뉴스 #대갈촉.	1788	648	18	-1
rNxfQbqDr1c	[시선집중] 김재원 '李, 경제 지식 허경영보다 없어'	"[출처:김종배의 시선집중_220222] 김재원 ""대장동 녹취? 사기꾼 말을 금과옥조처럼 들고 나와"" 2022년 02월 22일 [김종배의 시선집 ..."	17	3	0	-1
6OA_08_FxPo	몸통 '리' 너자나!	대선토론 #대선토론2차 #2022년대선토론2차 #대장동그분 #이재명 #문재인 #윤석열 #심상정 #안철수 #shorts.	1	1	0	1
IPvDFx4bBAs	[김어준의 뉴스공장]김재원“安 단일화, 이제부터 시작...첫 법정토론, 순박한 윤석열”	[출처:김어준의 뉴스공장_220223] [정국해설자 J] 대선 D-14일, 국민의힘이 보는 판세와 막판 전략 & 첫 법정토론 여야 쟁점 & 安 ...	12	1	0	1
