ID	title	description	viewcount	likecount	commentcount	label
UDINrylXmFw	자위대 개입? 우크라 탓?…이재명-윤석열 뒤끝 공방 / 연합뉴스TV (YonhapnewsTV)	자위대 개입? 우크라 탓?…이재명-윤석열 뒤끝 공방 [앵커] 국민의힘 윤석열 대선 후보가 그제(25일) 토론에서 내놓은 일본 자위대의 ...	4473	72	76	1
hwabjwiTwTA	이재명에 대한 국제적 비난 파문 갈수록 확산,윤석열이 대신 사과! 2022.2.27 오전11시	이재명후보의 우크라이나 대통령 저격에 따른 국내외 비난 폭발 #윤석열#이재명#안철수#심상정#우크라이나#푸틴#젤렌스키대통령.	1897	736	35	-1
4PPb21nOfNE	이재명의 &#39;우크라 발언&#39; 일파만파,국제적으로 파문확산에 국내에서도 규탄 목소리	이재명 우크라 발언 해명에…진중권 “당신은 참 나쁜사람” 전여옥, '러시아 발언' 이재명 맹비난 “푸틴 똘마니냐…'이완용 호소인'”	23127	6908	504	-1
BRg3mpOOVVs	[유능한 경제대통령 이재명!] 활기찬 광진의 주말, 이재명을 동네 곳곳 알립니다.	따뜻해진 날씨에 많은 서울시민, 광진구민들께서 어린이대공원과 아차산, 중랑천을 찾아주셨습니다. 지하철역에서 내려 가장 먼저 ...	18	0	0	1
qqROp6gbB5U	이재명, 부울경 순회 유세…PK 민심에 구애 / 연합뉴스TV (YonhapnewsTV)	이재명, 부울경 순회 유세…PK 민심에 구애 더불어민주당 이재명 대선 후보는 오늘(27일) 부산, 울산, 경남 부울경 지역을 돌며 PK ...	381	13	6	1
88AAoqTz4ts	[특집편성] 이재명과 윤석렬은 0000이다? 두 대선후보의 대북정책 평가부터 김정은에게 보내는 1분메시지까지. 이들이 한국정치의 미래가 될수 있을지 직접 확인해 보시지요.	청년정치를 선언한 두 명의 탈북청년. 고향이 북한이지만 한명은 평양, 다른 한명은 함경북도 은덕 일명 아오지입니다. 한명은 더불어 ...	276	43	10	1
b05fG6oNzRI	이재명 지지모임에서 &#39;상심&#39; 부른 REF이성욱ㅋㅋ #shorts	내시십분 #shorts #이재명.	1153	122	15	-1
TRzFPLQTVdA	[정치人싸] 김건희 ‘주가조작’ 기간 도이치모터스 이사였다｜이재명 ‘검사사칭’ 공보물 해명 논란 - 현근택, 장성철, 천하람, 김준우 &amp; 허일후 아나운서	인싸를 꿈꾸는 네 남자의 유쾌·상쾌·통쾌 정치 토크쇼! | 시즌 3 PPL을 원하시는 분은 댓글 혹은, mbcradiofocus@gmail.com 으로 메일 ...	26741	2699	372	-1
umAw5HdPUv4	[집중유세] 특임본부장 윤관석, '정치, 외교, 안보에도 준비된 대통령, 이재명'	D-11 인천 남동을 선대위 이재명의 승리를 위해 남동구를 뜨겁게 달궜습니다! 오늘(26일) 저녁 만수동 하이웨이사거리에서 집중유세 ...	4	0	0	1
ZcbyFrQh7OE	박근혜 시절부터 진행됐던 이재명의 끔찍한 대형사고	채널에 가입하여 혜택을 누려보세요. https://www.youtube.com/channel/UCULYn1zisR91e3tZZ4tFi1A/join #박근혜 #문재인 ...	2390	682	35	-1
wzCiyOu3Tjg	[일요진단 라이브] D-10, 안갯속 판세…민주당 전략은? / KBS  2022.02.27.	진행 : 박태서 □ 대담 : 우상호 민주당 선대위 총괄선대본부장 여러분, 안녕하십니까? 어느새 대선이 이제 열흘밖에 남지 않았습니다.	2018	95	29	1
oNe8xNqQSDk	김덕수TV 8편 - #기호1번 #이재명 #더불어민주당 #공산면 #집중유세 #지방분권 #개혁 #혁신도시 #어쩌다사장2 #바로그곳 #조인성 #차태현 #김덕수 #Shorts #나주시	기호1번 #이재명 #더불어민주당 #나주시 #공산면 #집중유세 #지방분권 #개혁 #혁신도시 #어쩌다사장2 #바로그곳 #조인성 #차태현 ...	17	3	0	1
HVnkfEhbpuc	이재명을 향한 유시민의 진심! #Shorts		423	119	7	1
fhbq_yu59AU	#Shorts #기호1번 #이재명 #더불어민주당 #공산면 #집중유세 #지방분권 #개혁 #혁신도시 #어쩌다사장2 #바로그곳 #조인성 #차태현 #김덕수 #나주시	기호1번 #이재명 #더불어민주당 #나주시 #공산면 #집중유세 #지방분권 #개혁 #혁신도시 #어쩌다사장2 #바로그곳 #조인성 #차태현 ...	2	1	0	1
yOgancKVmNA	(긴급 속보)안철수에 구애한 이재명, &#39;책임총리제&#39; 띄운다.일각선 &#39;연합공천&#39;도 제안. 양측의 &#39;밀약&#39;으로 &#39;여권 단일화&#39;	이재명과 안철수의 '야합'은 오래전부터 준비해온 것으로 의심. 민주당, 책임총리제법 발의키로…대선 결선투표제 도입 6월 지선 '연합 ...	9116	3048	354	-1
AInBseVbj6U	이재명 미국에서 제대로 터졌다! 동아일보 윤석열 단일화 작심칼럼! 최재형문재인에 폭탄발언! 미국 조바이든 상대는 이재명뿐? #윤석열안철수단일화 #윤석열필승	자율적구독후원 : 하나은행 : 106-910488-13707 (박*옥) 해외페이팔 후원링크 : https://www.paypal.me/jungsungsantv 문의 ...	3193	914	33	1
GHjvrH78IAM	초심의 *이재명 후보 경남 유세 안내  방송*	일시후원: 국민은행 794001-04-154041 서울의소리(강경자) ✓전화후원: 1877-1590 ✓정기후원: ...	21216	4909	63	1
k970sEqBHOA	31세 국민의힘 김용태 청년위원! 이재명제대로 뒤집었다! #국힘김용태 #김용태이재명	자율적구독후원 : 하나은행 : 106-910488-13707 (박*옥) 해외페이팔 후원링크 : https://www.paypal.me/jungsungsantv 문의 ...	2765	587	22	1
FETjeziFn0E	[에디터픽] 윤석열-안철수 담판 시도? 尹 유세 일정 전격 취소.. '오후 1시 기자회견' / YTN	"1. 윤석열 유세 일정 전격 취소…오후 기자회견 예정(박서경 기자) 2. 안철수 ""尹, 단일화 시도? 들은 바 없다…립서비스는 도의 아냐"" 3."	97321	2133	0	1
TzsdSS5Ttmo	우크라이나 국민들의 마음을 찢어버린 이재명의 공감능력 클라스 #일제침략도우리탓 #쏘시오재명		1561	160	33	-1
Pel-U99Ahf8	[유세 현장] 박형수 '조국 보다 더한 이재명, 적폐수사 한다고 했더니 정치보복한다고 난리 쳐'	박형수 #이재명 #조국 #내로남불 #대명사 박형수 국민의힘 의원이 22년 2월 27일 경북 영주에서 열린 유세장에서 발언하고 있다.	2553	425	29	-1
Jjesi5n49Jc	이재명, 장문의 글 통해 &#39;우크라 폄하&#39; 해명…'표현력 부족했다' 여기에도 윤석열 끌고 들어갔다.	"""윤석열 불안한 안보관 지적한 것"" ""본의와 다르게 오해, 표현력 부족"" ""우크라이나 지지, 러시아 철수 촉구"" ""尹, 본인의 선제타격 정당화 ..."	47329	9490	1100	-1
jxff3QWF3Pk	D-10 이재명후보 창원지역 유세현장 스케치!!	우리를위해이재명 #미래를위해이재명 #이재명 후원 : (국민) 453201-04-048641 한민우 후원금은 현장에서의 활동비로 소중히 사용 ...	1030	342	0	1
w1hOJLx3esQ	2.27. [대선특별생방송] 이재명 후보 유세 &amp; 대선직썰 &amp; 인터뷰 -  ‘지방자치와 미래산업 선도도시 창원, 이재명은 합니다!’ [창원 유세]	팩트TV 보도채널 추진 트레일러 방송 #팩트TV 플러스 제작 후원=보도채널 예비시청자위원 가입 □ 후원하기(링크클릭) ...	0	64	0	1
e6dp0MAq77Q	이재명 주장처럼 윤석열 진짜 일본군  허용 발언 했나? #SHORTS	윤석열 #일본 #토론회 이재명 주장처럼 윤석열 진짜 일본군 허용 발언 했나? #SHORTS 시사포커스TV는 창간 35년 정통언론, 시사 ...	760	64	12	-1
v6LvjZayKUg	(긴급속보) 안철수, 단일화 안한다. 윤석열에 대선 완주 통보… 안철수, 이재명과 &#39;밀약설?&#39; '국민 분노 폭발'	안철수의 대선완주, 민주당과 밀약설 있었나? 민주 '개헌쇼'와 맞물려 거래설? 국민들의 분노 폭발.	21289	11492	2408	-1
kHzPwcgrLwk	속보! KBS의 충격적인 소식! 윤석열 지지율 72.46% 달성! 이재명, 드디어 양심 고백! 과거의 비밀 폭로! 최고의 정보부장관 이이령 별세, 눈물의 마지막 인터뷰!	속보! KBS의 충격적인 소식! 윤석열 지지율 72.46% 달성! 이재명, 드디어 양심 고백! 과거의 비밀 폭로! 최고의 정보부장관 이이령 별세 ...	3551	363	23	1
lZTyD-woG1U	간단한 질문을 이해 못 하는 윤석열이 답답한 이재명  #Shorts	이재명 #윤석열.	638	60	1	-1
81AvBOPe8Zg	진영 결집에 李·尹 &#39;첫 40%&#39; 대 지지율. 초 박빙 1.5%로 승패 결정.  ‘당선가능성’ 윤석열 46.8% 이재명 40.0%	3월 3일이후 여론조사 공표 보도금지, 깜깜이 선거. 단일화와 코로나 확진자 투표율이 승패 좌우.엠블에인 퍼블릭 뉴스1.	21913	3360	365	-1
vhNYofWmhXc	💥 이재명 후보.. 🔸녹취록에 내 발언 없으면.. 🔺윤석열 후보 사퇴할꺼냐?#shorts	청년의소리 정말 리얼한 청년들의 목소리 여러분의 구독과 좋아요가 큰 힘이됩니다 ...	35	5	0	-1
RY8QFelt3_k	도보행진9일차! 세종에서 조치원! 이재명 후보 대통령 만들기 도보행진! 내일은3.1절! 대한독립만세!	이재명 대통령 만들기 프로잭트! 봉하마을에서 서울까지 걷기!적폐청산?. 검찰개혁! 언론개혁! This stream is created with ...	371	107	0	1
yr3sltHgcUA	이재명 선거송 ㅡ 주인공 Electronic Ver.(우연우 작사/작곡/노래)	대한민국을 책임질 대통령은 이재명이다 누구나 화려한(2.달콤한)인생을 꿈꿔보지만 내맘처럼 안되는게 인생이더라 누구나 고단한(2.	24	5	11	1
smn3fUYTKEY	이재명 “우크라이나 대통령 폄하는 제 표현력 부족 탓” 사과 #윤석열 #김혜경 #김건희	이재명 “우크라이나 대통령 폄하는 제 표현력 부족 탓” 사과.	129	8	4	-1
Eyst6mgmRZU	이재명 로고송 ㅡ 주인공 Live Ver.(우연우 작사/작곡/노래)	대한민국을 책임질 대통령은 이재명이다 누구나 화려한(2.달콤한)인생을 꿈꿔보지만 내맘처럼 안되는게 인생이더라 누구나 고단한(2.	28	7	7	1
bmnMlUu7n3Y	(유세) 최연소 이재명후보 지지자? 엄마의 소원!	원주에서 만난 이재명 죄연소 지지자의 엄마, 그녀의 소원은.?	112	109	6	1
s1PXfgUxHNI	윤석열 '‘러시아 침공은 우크라 탓’ 말한 이재명 대신 사과”	"윤석열 ""'러시아 침공은 우크라 탓' 말한 이재명 대신 사과”"	12	1	0	-1
J2Dj1fPgo0M	속보)이재명 러시아 침공을 우크라이나 탓 국민에게 비수김혜경 윤석열	우크라이나 국민의 가슴에 비수 이재명 후보는 TV토론에서 러시아의 우크라이나 침공에 대해 “전쟁은 정치인이 결정하고 전장에서 ...	73	5	0	-1
YyxtxhaC_x4	우크라이나 전쟁과 이재명의 가벼움과 경솔 (윤석열의 진실성)	무료 강의 (중개사시험 전과목 무료강의) 장소 : 소생교회 (강서구 내발산동, 발산초등 앞) (5호선 우장산역). 시간 : 매주 토요일 오후 1 ...	34	3	0	-1
BDR6aJAdOz0	이재명 고향 안동! 1만명 나와서 윤석열 지지현장	윤석열단일화 #안철수단일화 #윤석열어퍼컷.	1154	295	10	1
eSz_jDoLx7A	한 치 앞 안보이는 대혼전…양강 긴장감 고조 / 연합뉴스TV (YonhapnewsTV)	한 치 앞 안보이는 대혼전…양강 긴장감 고조 [앵커] 제 20대 대통령 선거가 열흘 앞으로 다가온 가운데, 더불어민주당 이재명 후보와 ...	5527	143	81	1
uulD7BvAkJs	구복규 전남도의회 부의장 이재명 대통령후보 지지유세(화순동복시장)		101	21	0	1
Vq_xqZXMp7Q	[생방송] 이재명 후보, ‘부산을 위해 나를 위해 이재명아이가!&#39; 부산 쥬디스태화 유세현장	[생방송] 이재명 후보, '부산을 위해 나를 위해 이재명아이가!' 부산 쥬디스태화 유세현장 #이재명 #부산 #부울경 #나를위해 #앞으로 ...	0	252	0	1
YVUxPbag85w	[대선풍향계] '막판까지 모른다'…끝까지 출렁이는 &#39;안갯속 민심&#39; / 연합뉴스TV (YonhapnewsTV)	"[대선풍향계] ""막판까지 모른다""…끝까지 출렁이는 '안갯속 민심' [앵커] 대선 레이스가 본격화한 작년 말부터 몇 번이나 출렁인 판세가 ..."	3308	81	37	1
Tp3RxZVS6Ws	MBC 특종!! 충격 녹취록 공개합니다! 이재명 사무실 긴급 압수수색! 이재명 체포...6000억 비리!		7637	900	28	-1
wZ95DwxfZLc	[생방송] 이재명 후보,  ‘지방자치와 미래산업 선도도시 창원&#39; 상남분수광장 유세현장	[생방송] 이재명 후보, '지방자치와 미래산업 선도도시 창원' 상남분수광장 유세현장 #이재명 #영남 #창원 #나를위해 #앞으로 #제대로 ...	0	254	0	1
O3qxQF2xoeA	[생방송] 이재명 후보,  ‘행복도시 울산, 탄소중립/그린에너지 신산업 수도로!&#39; 울산 롯데백화점 현장	[생방송] 이재명 후보, '행복도시 울산, 탄소중립/그린에너지 신산업 수도로!' 울산 롯데백화점 현장 #이재명 #부울경 #울산 #나를위해 ...	0	22	0	1
5wSyeo5mWlY	이재명 블루투스 중앙유세단 ''Tears' 공연 '정치타파' 화이팅! 구독 백만 가즈아!!	이재명 #블루투스유세단 #Tears 채널에 가입하여 혜택을 누려보세요.	1356	646	29	1
BwOCRc0rtN0	내 삶을 바꾸는 사전투표! 나를 위해 이재명!	사전투표하고 3월9일 놀러가자! -사전투표일 : 3월 4일(금)~5일(토) *전국 어디서나 신분증만 있다면 가능! #이재명 #사전투표 #유능한 ...	19	15	1	1
dAemnAcWbwM	[생방송] 이재명 후보,  ‘5대강국 진입 시작, 남부수도권의 핵심 부울경메가시티 완성! 양산 이마트 현장	[생방송] 이재명 후보, '5대강국 진입 시작, 남부수도권의 핵심 부울경메가시티 완성! 양산 이마트 현장 #이재명 #부울경 #양산 #나를 ...	0	27	0	1
nXN7aoOl_QI	도보행진9일차! 세종에서 조치원! 이재명 후보 대통령 만들기 도보행진! 내일은3.1절! 대한독립만세!	이재명 대통령 만들기 프로잭트! 봉하마을에서 서울까지 걷기!적폐청산?. 검찰개혁! 언론개혁! This stream is created with ...	1122	283	0	1
