ID	title	description	viewcount	likecount	commentcount	label
JnI2XCxfROY	[현장영상+] 안철수 '윤석열 단일화 시도, 들은 바 없어' / YTN	[앵커] 20대 대선 투표 용지 인쇄 전 마지막 날인 오늘, 국민의힘 윤석열 후보가 유세 일정을 전격 취소하면서 단일화 담판 여부가 주목 ...	59712	2549	1038	1
OI1cJBWGbp0	[LIVE] 안철수 국민의당 대선후보 목포유세	[목포MBC 뉴스] 안철수 국민의당 대선후보 목포유세.	5075	289	51	1
FETjeziFn0E	[에디터픽] 윤석열-안철수 담판 시도? 尹 유세 일정 전격 취소.. '오후 1시 기자회견' / YTN	"1. 윤석열 유세 일정 전격 취소…오후 기자회견 예정(박서경 기자) 2. 안철수 ""尹, 단일화 시도? 들은 바 없다…립서비스는 도의 아냐"" 3."	97640	2137	0	1
cK6fzpRXJqk	지금 안철수가 휴대폰을 쓸 수 없는 이유 / YTN	[기자] 후보님 그러면 혹시 윤석열 후보로부터 어제오늘 간 연락이 왔는지. 만약에 연락이 오거나 만나자고 연락이 오면 응하실 생각이 ...	38995	1913	655	1
LhWftbu0JpU	[안철수] 기호4번 안철수 대통령 후보 현장유세 | 목포역 광장 | LIVE	안철수 #4 #기호4 #4번 #20대대통령 #국민의당 #유세 #목포 #목포역.	10193	0	627	1
v6LvjZayKUg	(긴급속보) 안철수, 단일화 안한다. 윤석열에 대선 완주 통보… 안철수, 이재명과 &#39;밀약설?&#39; '국민 분노 폭발'	안철수의 대선완주, 민주당과 밀약설 있었나? 민주 '개헌쇼'와 맞물려 거래설? 국민들의 분노 폭발.	21289	11492	2414	-1
ivS99Fi4AMQ	(긴급속보) 尹, 어제부터 안철수 연락기다리며 대기, 안철수 전화안받고 목포행.윤측 '모든 노력 할 것'	안철수 몸 값올리려는 시도인지, 단일화 무산 시키려는 시도인지. 안철수 비난여론 폭발.	29210	8228	1218	-1
FRllLKz5dhw	[현장연결] 안철수 'DJ 뜻 받들어 국민통합 나설 유일한 후보' / 연합뉴스TV (YonhapnewsTV)	"[현장연결] 안철수 ""DJ 뜻 받들어 국민통합 나설 유일한 후보"" 국민의당 안철수 후보는 오늘(27일) 1박 2일 일정으로 호남 집중 유세에 ..."	764	22	14	1
D9yw2YagPPs	윤석열 유세 일정 전격 취소...오후 기자회견 예정 / YTN	[앵커] 20대 대선을 10일 앞둔 휴일, 국민의힘 윤석열 대선 후보가 유세 일정을 전격 취소하고 오늘 오후 기자회견을 엽니다. 국민의당 ...	269153	5928	3587	1
nFfrkEWb4C8	안철수 서울서 '적폐교체 안돼'…심상정 대구서 '양당구도 깰 것' / 연합뉴스TV (YonhapnewsTV)	"안철수 서울서 ""적폐교체 안돼""…심상정 대구서 ""양당구도 깰 것"" [앵커] 이번 주말 야권 단일화 담판 가능성이 제기됐지만, 국민의당 ..."	354	5	4	1
ioHwxgF77Bk	민심대통령 안철수[윤석열 일본군 우리땅 진입?]		877	83	5	1
AFPmOWjqRUg	[대선 환경 공약 시리즈 #3] 안철수 유세 버스 사고로 더욱 절실해진 환경 공약 [박석순교수의 진짜 환경이야기]	영상이 마음에 드신다면, 영상 아래 메뉴의 'Thanks' 버튼으로 후원해주세요! '구독' https://bit.ly/35jqAwR 과 '좋아요'를 눌러 ...	2540	469	11	1
yOgancKVmNA	(긴급 속보)안철수에 구애한 이재명, &#39;책임총리제&#39; 띄운다.일각선 &#39;연합공천&#39;도 제안. 양측의 &#39;밀약&#39;으로 &#39;여권 단일화&#39;	이재명과 안철수의 '야합'은 오래전부터 준비해온 것으로 의심. 민주당, 책임총리제법 발의키로…대선 결선투표제 도입 6월 지선 '연합 ...	9116	3087	358	-1
_2EXrkdRnJY	윤석열, 오늘 유세 전격 취소...단일화 담판 가능성 / YTN	20대 대선을 10일 앞둔 휴일, 국민의힘 윤석열 대선 후보가 유세 일정을 전격 취소했습니다. 국민의당 안철수 후보와의 야권 단일화 ...	112715	1960	1926	1
FutDhDRA7L4	[풀영상] #안철수 국민의당 대선 후보, 목포역 광장 'D-10' (22.02.27)	"국민의당 #안철수 #목포역 #광장 #유세 [풀영상] #안철수 국민의당 대선 후보, 목포역 광장 ""D-10"" (22.02.27) 시사포커스TV는 창간 ..."	6677	449	281	1
4UoyW-nGJ5o	안철수가 해냈다!! 대선 &#39;완주&#39; 선언	언론알아야바꾼다 공식 후원(유튜브 멤버십) https://www.youtube.com/channel/UC-VnP-VdGUaIbssXoOhz5OQ/join ◎ 언론알아야 ...	26128	14026	672	1
EJbyb_Jlmjw	속보/윤석열 돌연 유세일정 취소// 안철수와 단일화// 대선최대 변수//허경영의 가능성은// 누리PD 자율구독료&amp;후원계좌 // 신한은행 김준O ----110 321 750470		1430	380	124	1
eXE8nrbtsdw	민심대통령 안철수 [광장시장 초입]		202	26	3	1
jSLtykWrurk	민심대통령 안철수 [지지자 우리 국민들]		47	36	2	1
gR2iILsK_V8	[목포역 유세 풀발언] 김대중 노벨평화상 기념관 다녀온 안철수 '국민통합, 개혁, 글로벌 대통령 닮고 싶어'	안철수 #대선후보 #목포 #유세 #풀발언 국민의당 안철수 대선후보가 22년 2월 27일 전라남도 목포시 목포역 유세 현장에서 발언을 ...	794	28	62	1
kn7ZS_XobxI	(긴급 속보) 안철수 “처참하게 무시당해…립서비스 도의 맞지 않아”. 고작 자존심 내세우는 것이 거부이유?	대선 완주이유가 너무나 어이없다. 국민 생각한다고 해놓고서는 자신의 체면, 위신을 이유로 단일화 하지않겠다는 것은 핑계. 이재명과 ...	19971	14826	2617	-1
DU2urbyOOsI	민심대통령 안철수 [광장시장 중앙]		159	38	5	1
dGyemoQrgXg	안철수 야당 단일화에 대해 끝까지 ' 들은 바 없다'!	후원계좌 신한은행 304 04 253850 This stream is created with #PRISMLiveStudioㄴ.	953	288	0	1
vOZT_g0PnBQ	&#39;한 표가 아쉽다&#39;…단일화 시계, 대선 막판까지 갈까 / 연합뉴스TV (YonhapnewsTV)	'한 표가 아쉽다'…단일화 시계, 대선 막판까지 갈까 [앵커] 대선이 불과 10일 밖에 남아있지 않지만 거대 양당 후보들은 그야말로 초 ...	10769	595	199	1
cp4qu219IPs	[속보] 윤석열, 오늘 오후 1시 긴급기자회견... 안철수와 단일화 관련 입장 표명 #Shorts	윤석열긴급기자회견 #윤석열안철수단일회 #제20대대통령선거.	28	4	0	1
9t7uCFspYbY	윤석열과 안철수 후보단일화 성사될까? 긴급의총 열어 안철수 연대 추진하는 이재명후보. 4차 TV토론 이후	윤석열과 안철수 후보단일화 성사될까? 긴급의총 열어 안철수 연대 추진하는 이재명후보 4차TV 토론이후 대선 정국 #최성 #최성TV ...	0	6	0	1
O4CKlhUncaw	[안철수] 기호4번 안철수 대통령 후보 거리인사 및 현장유세 | 순천 아랫장 | LIVE	안철수 #4 #기호4 #4번 #20대대통령 #국민의당 #거리인사 #유세 #순천 #아랫장.	228	0	0	1
qFVHJmRV8Z8	[속보] 윤석열, 오늘 유세일정 전격취소!…안철수와 단일화 담판시도!	구독, 좋아요는 손상대TV의 힘입니다! 채널에 가입하여 혜택을 누려보세요.	25762	8445	397	1
Fs2l07sPC4o	대한민국 보수우파 쓰레기, 틀튜브들의 &#39;안철수 헐뜯기&#39; 도 넘었다 | 안철수는 썩은 보수우파와 즉각 손절하고 자신의 가치에 충성해야 한다 |	유순호 '정치,역사,문화칼럼' TV 자발적 구독료(후원)｜국민은행：765201-04-239649 (예금주 유순호) #단일화파괴#안철수선거법# ...	51	27	7	-1
Y788264rv-U	(라이브 뉴스) 속보 / 윤석열 유권자 단일화 신의한수 전략! 이준석 때문에 안철수 또 철수했다 / 2022.02.26	'수개표국민운동' 자발적 구독료 : (국민은행 : 예금주 신혜식 ) 5333-0201-137296 이준석 소환 운동 ...	22958	7844	230	-1
s26pMO1ahvY	安, 尹 단일화 시도 관측에 '들은 바 없다...립서비스 도리 아냐' / YTN	국민의당 안철수 대선 후보는 국민의힘 윤석열 후보가 경북 유세 일정을 전면 취소하고 단일화 담판을 시도할 거란 관측에 대해 들은 ...	5775	233	93	1
6H3PhB_CXNo	[문틀란 TV]  윤석열-안철수 국민경선...  안철수· 이재명 멘붕! !    그 이유는..	윤석열, 고단수의 대선 승부수 띄웠다!	3504	1752	31	1
1AQbfk4UXd8	안철수로 단일화 해야 정권교체 가능하다! 윤석열 뭐하나? #shorts	안철수 윤석열 단일화 국민의힘 민주당 이재명 국민이당 이준석 윤핵관.	527	65	8	1
lxcOsYKMC20	대통령선거 사전투표 초박빙	대통령선거 @사전투표 @모의선거 @이재명 @윤석열 @안철수 @심상정.	8	1	0	1
EnLoLqc9uIk	[긴급!!! / 아투현장]  윤석열 국민의힘 후보 기자회견!! 안철수 후보와 단일화 관련   _220227	[긴급!!! / 아투현장] 윤석열 국민의힘 후보 기자회견!! 안철수 후보와 단일화 관련 정도언론 인간존중 인류평화 를 위해 나아가는 아시아 ...	0	3	0	1
_FEZP00_6Ew	[LIVE] 윤석열, 11시 &#39;단일화&#39; 관련 기자회견 / SBS	국민의힘 윤석열 대선 후보가 오늘(27일) 유세 일정을 전격 취소하고 오후 1시 기자회견을 예고했습니다. 투표용지 인쇄를 하루 앞둔 ...	0	3	0	1
POSSjtpSTPY	안철수  '단일화 들은 바 없다, 문자 폭탄 2만 통'…열 받은 폰 공개 #윤석열	"안철수 ""단일화 들은 바 없다, 문자 폭탄 2만 통""…열 받은 폰 공개 #윤석열."	4	1	0	-1
YVUxPbag85w	[대선풍향계] '막판까지 모른다'…끝까지 출렁이는 &#39;안갯속 민심&#39; / 연합뉴스TV (YonhapnewsTV)	"[대선풍향계] ""막판까지 모른다""…끝까지 출렁이는 '안갯속 민심' [앵커] 대선 레이스가 본격화한 작년 말부터 몇 번이나 출렁인 판세가 ..."	3308	81	37	1
CDamu9nx7Mo	진짜 정권교체의 주인공은 안철수	안철수 #김미경 #안설희 #국민의당 #2022 #임인년 #대한민국 #대통령 #선거 #대선 #투표 #정권교체 #시대교체 #방역 #과학기술 ...	10	0	1	1
z5HNIea23Cs	윤석열 기자회견 통해 담판촉구나 여론조사 수용여부 밝힐듯 2022.2.27 오전9시	윤석열,안철수와 단일화 오늘 결판-유세 전격취소 오후1시 기자회견,안철수는 완주 의지 #이재명#심상정#이준석#권영세.	5723	3461	250	1
1wVWagh0VVg	(긴급속보) 윤석열 일정 전면취소, 안철수와 단일화 협상	클릭해주셔서 감사합니다. 좋아요와 구독은 큰 힘이 됩니다 클립 챕터는 아래 '더보기' 클릭해주세요! TIMESTAMP 김문수 TV는 ...	5298	934	46	1
8aLRVGtONM0	[김광일TV] 윤석열이 오후1시 긴급 기자회견을 갖는다 안철수를 둘러싼 단일화 움직임이 긴박하게 돌아가고 있다. 오늘 결판을 낼 분위기가 감지된다.		5730	2198	120	1
yXEOFjwmlvI	안철수 유세~ 목포역입니다~^^ 후원:농협010 5329 3606 08송만기	평일에는 시사 정치를 다루고 주말에는 음악 라이브 공연을 하는 프로 입니다. 많은 사람들에게 좋은 반응으로 구독층이 급격히 ...	1611	310	31	1
UDINrylXmFw	자위대 개입? 우크라 탓?…이재명-윤석열 뒤끝 공방 / 연합뉴스TV (YonhapnewsTV)	자위대 개입? 우크라 탓?…이재명-윤석열 뒤끝 공방 [앵커] 국민의힘 윤석열 대선 후보가 그제(25일) 토론에서 내놓은 일본 자위대의 ...	4551	72	76	1
AInBseVbj6U	이재명 미국에서 제대로 터졌다! 동아일보 윤석열 단일화 작심칼럼! 최재형문재인에 폭탄발언! 미국 조바이든 상대는 이재명뿐? #윤석열안철수단일화 #윤석열필승	자율적구독후원 : 하나은행 : 106-910488-13707 (박*옥) 해외페이팔 후원링크 : https://www.paypal.me/jungsungsantv 문의 ...	3193	915	33	1
sUt5qEBJNnQ	드디어 오늘 안철수와 단일화. 윤석열 영주일정 취소		563	100	12	1
lgMBmwJZY20	'지지율 영끌'…여야 D-10 필승 전략은 / 연합뉴스TV (YonhapnewsTV)	"""지지율 영끌""…여야 D-10 필승 전략은 [앵커] 이제 정말 코앞으로 다가온 대선, 여야 모두 있는 지지율, 없는 지지율 다 끌어모으려 ..."	567	12	15	1
zIlr_-PCYMg	윤석열의 &#39;족보도 없는 수치&#39;	채널에 가입하여 혜택을 누려보세요. https://www.youtube.com/channel/UC1mySWSKdHfheY5rM9zu-Vg/join 최배근TV 후원계좌: ...	1747	698	21	1
P6R6h0oEKuQ	[속보] 윤석열, 유세 일정 전격 취소…단일화 담판 시도할듯 / 연합뉴스TV (YonhapnewsTV)	[속보] 윤석열, 유세 일정 전격 취소…단일화 담판 시도할듯 국민의힘 윤석열 대선후보가 오늘 유세 일정을 전격 취소했습니다. 국민의 ...	24884	1554	569	1
gV8Y8A0yobU	우크라이나 발언 비교		2535	210	14	-1
