ID	title	description	viewcount	likecount	commentcount	label
D9yw2YagPPs	윤석열 유세 일정 전격 취소...오후 기자회견 예정 / YTN	[앵커] 20대 대선을 10일 앞둔 휴일, 국민의힘 윤석열 대선 후보가 유세 일정을 전격 취소하고 오늘 오후 기자회견을 엽니다. 국민의당 ...	268251	5919	3597	1
_2EXrkdRnJY	윤석열, 오늘 유세 전격 취소...단일화 담판 가능성 / YTN	20대 대선을 10일 앞둔 휴일, 국민의힘 윤석열 대선 후보가 유세 일정을 전격 취소했습니다. 국민의당 안철수 후보와의 야권 단일화 ...	112715	1960	1926	1
JnI2XCxfROY	[현장영상+] 안철수 '윤석열 단일화 시도, 들은 바 없어' / YTN	[앵커] 20대 대선 투표 용지 인쇄 전 마지막 날인 오늘, 국민의힘 윤석열 후보가 유세 일정을 전격 취소하면서 단일화 담판 여부가 주목 ...	59395	2543	1031	1
FETjeziFn0E	[에디터픽] 윤석열-안철수 담판 시도? 尹 유세 일정 전격 취소.. '오후 1시 기자회견' / YTN	"1. 윤석열 유세 일정 전격 취소…오후 기자회견 예정(박서경 기자) 2. 안철수 ""尹, 단일화 시도? 들은 바 없다…립서비스는 도의 아냐"" 3."	97321	2124	0	1
asKR9zMi4zE	Live 국민의힘 윤석열 대통령후보 영주유세현장	국민의힘 윤석열 대선 후보 경북 영주 태극당 앞 유세 현장 라이브 방송입니다. (이날, 윤석열 대선후보는 경북유세일정은 전격 취소 ...	13914	1059	26	1
zIlr_-PCYMg	윤석열의 &#39;족보도 없는 수치&#39;	채널에 가입하여 혜택을 누려보세요. https://www.youtube.com/channel/UC1mySWSKdHfheY5rM9zu-Vg/join 최배근TV 후원계좌: ...	1742	696	21	1
_FEZP00_6Ew	[LIVE] 윤석열, 11시 &#39;단일화&#39; 관련 기자회견 / SBS	국민의힘 윤석열 대선 후보가 오늘(27일) 유세 일정을 전격 취소하고 오후 1시 기자회견을 예고했습니다. 투표용지 인쇄를 하루 앞둔 ...	0	2	0	1
7Ukh611A-aE	해명한다고 내놨는데 녹취록이랑 딱맞아버린 윤석열의 헛발질. 김만배와 커넥션 인증?	윤석열 후보가 유세 도중에 부친 집 매매 과정을 이야기했다. 깍고 깍아서 19억에 팔았다는 것. 그런데 이 내용이 녹취록에 나온 내용과 ...	425	268	10	-1
__grPMONv5s	[Live] 제2회차 열정열차 Day2 제1부 : 영주 ~ 영천		38533	6277	119	1
Yq4FTgUbIK8	[최병묵의 팩트] 윤석열, 27일 유세 전격 취소 왜	윤석열 후보가 27일 대구 경북 유세 일정을 전격 취소했습니다. 안철수 후보와의 단일화 만남을 위한 것 아니냐는 관측이 나오는데 ...	32825	15933	768	1
UDINrylXmFw	자위대 개입? 우크라 탓?…이재명-윤석열 뒤끝 공방 / 연합뉴스TV (YonhapnewsTV)	자위대 개입? 우크라 탓?…이재명-윤석열 뒤끝 공방 [앵커] 국민의힘 윤석열 대선 후보가 그제(25일) 토론에서 내놓은 일본 자위대의 ...	4473	72	76	1
z5HNIea23Cs	윤석열 기자회견 통해 담판촉구나 여론조사 수용여부 밝힐듯 2022.2.27 오전9시	윤석열,안철수와 단일화 오늘 결판-유세 전격취소 오후1시 기자회견,안철수는 완주 의지 #이재명#심상정#이준석#권영세.	5718	3456	250	1
0XqpheddfmM	윤석열, 오후 1시 기자회견…단일화 관련 입장표명 / 연합뉴스TV (YonhapnewsTV)	윤석열, 오후 1시 기자회견…단일화 관련 입장표명 국민의힘 윤석열 대선 후보가 잠시 뒤 오후 1시 중앙당사에서 기자회견을 엽니다.	3448	183	63	1
hwabjwiTwTA	이재명에 대한 국제적 비난 파문 갈수록 확산,윤석열이 대신 사과! 2022.2.27 오전11시	이재명후보의 우크라이나 대통령 저격에 따른 국내외 비난 폭발 #윤석열#이재명#안철수#심상정#우크라이나#푸틴#젤렌스키대통령.	1825	733	33	-1
P6R6h0oEKuQ	[속보] 윤석열, 유세 일정 전격 취소…단일화 담판 시도할듯 / 연합뉴스TV (YonhapnewsTV)	[속보] 윤석열, 유세 일정 전격 취소…단일화 담판 시도할듯 국민의힘 윤석열 대선후보가 오늘 유세 일정을 전격 취소했습니다. 국민의 ...	24884	1553	569	1
v6LvjZayKUg	(긴급속보) 안철수, 단일화 안한다. 윤석열에 대선 완주 통보… 안철수, 이재명과 &#39;밀약설?&#39; '국민 분노 폭발'	안철수의 대선완주, 민주당과 밀약설 있었나? 민주 '개헌쇼'와 맞물려 거래설? 국민들의 분노 폭발.	21289	11479	2411	-1
UI0pCZq58c4	[서구 Network] 윤석열 후보가 검단사거리 유세에서 검단 주민들에게 발표한 공약 2가지	수도권매립지 #검단 #윤석열.	16	4	0	1
SvRAzBFfcQw	[59초 윤석열의 심쿵약속]전기차 충전! 동네 주유소에서도	"윤석열 #심쿵약속 #국민의힘 #전기차 #충전소 #거제시장예비후보 #정연송 ""석열씨의 심쿵약속 7편"" 국민의힘 윤석열 후보의 심쿵 ..."	4	3	1	1
w_5NVQuCvLI	(생방송) 국힘신현배  윤석열 대통령후보 지지유세	설악5일장 This stream is created with #PRISMLiveStudio.	0	0	0	1
TzPl9srhkcw	(생방송) 국힘 박창석, 윤석열 대통령후보 지지유세	설악5일장 This stream is created with #PRISMLiveStudio.	2	0	0	1
hmh9xzV6Wng	윤석열 단일화 집착, 국민의힘 난리났다! 민주당 '김건희, N사 급등 때 매도.. &#39;작전주&#39; 의혹' - 이기인 망언 논란.. 이어령 장관 별세, 문재인 대통령 이재명 후보 조문	윤석열안철수단일화집착 #김건희작전주의혹 #성남출신국민의힘이기인망언논란 #노무현손자끌어안은이재명 #이어령문화부장관 ...	24083	14814	384	-1
EJbyb_Jlmjw	속보/윤석열 돌연 유세일정 취소// 안철수와 단일화// 대선최대 변수//허경영의 가능성은// 누리PD 자율구독료&amp;후원계좌 // 신한은행 김준O ----110 321 750470		1430	380	122	1
wzCiyOu3Tjg	[일요진단 라이브] D-10, 안갯속 판세…민주당 전략은? / KBS  2022.02.27.	진행 : 박태서 □ 대담 : 우상호 민주당 선대위 총괄선대본부장 여러분, 안녕하십니까? 어느새 대선이 이제 열흘밖에 남지 않았습니다.	2018	95	29	1
BDR6aJAdOz0	이재명 고향 안동! 1만명 나와서 윤석열 지지현장	윤석열단일화 #안철수단일화 #윤석열어퍼컷.	1140	294	10	1
U_90I5fBvbQ	[이동형TV호외] 윤석열 지지자의 마음으로 만들어 봤습니다_토론 하이라이트.mp4	윤석열 지지자의 마음으로 만들어 봤습니다_토론 하이라이트.mp4 #StayHome #집에서함께해요 #집에서정치해요.	21031	5131	277	1
Cb2vk39VuaM	윤석열 &#39;승리 부르는&#39; 어퍼컷 세리머니	윤석열 국민의힘 대통령후보가 26일 인천 부평 문화의거리에서 진행된 유세활동에서 지지연설 후 시민들에게 특기인 어퍼컷 ...	869	97	10	1
9H39Fz_g1zE	윤석열  대통령후보 지지선언 및  기자회견2	대통령후보 윤석열 후보 지지선언 및 기자회견.	4	0	0	1
7rXI4k3i1RA	몰락중인 국민의힘ㄷㄷ 친윤 진중권-윤석열 우크라 합작 대망신ㅋㅋ	영상설명 : 이재명 후보의 페이스북 글과 함께 진석사 댓글 그리고 윤후보측 내용 등 전해드리겠습니다 감사합니다.	40505	13185	475	1
w5qLQd3YZ2M	(생방송) 국힘 최영미, 윤석열 대통령후보 지지유세	설악5일장 This stream is created with #PRISMLiveStudio.	0	0	0	1
FseUUIcluVc	윤석열 태통령 후보 지지 및 기자회견 1	윤석열 후보 지지 및 기자회견.	4	0	0	1
6qBYtq_15J4	(생방송) 국힘 박동규, 윤석열 대통령후보 지지유세	설악5일장 This stream is created with #PRISMLiveStudio.	1	0	0	1
zfo6OsqZghk	(생방송) 국힘이진옥 윤석열 대통령후보 지지유세	설악5일장 This stream is created with #PRISMLiveStudio.	3	0	0	1
dERZNvmSDI4	(생방송) 국힘 최기호, 윤석열 대통령후보 지지유세	설악5일장 This stream is created with #PRISMLiveStudio.	3	0	0	1
AInBseVbj6U	이재명 미국에서 제대로 터졌다! 동아일보 윤석열 단일화 작심칼럼! 최재형문재인에 폭탄발언! 미국 조바이든 상대는 이재명뿐? #윤석열안철수단일화 #윤석열필승	자율적구독후원 : 하나은행 : 106-910488-13707 (박*옥) 해외페이팔 후원링크 : https://www.paypal.me/jungsungsantv 문의 ...	3193	913	33	1
kHzPwcgrLwk	속보! KBS의 충격적인 소식! 윤석열 지지율 72.46% 달성! 이재명, 드디어 양심 고백! 과거의 비밀 폭로! 최고의 정보부장관 이이령 별세, 눈물의 마지막 인터뷰!	속보! KBS의 충격적인 소식! 윤석열 지지율 72.46% 달성! 이재명, 드디어 양심 고백! 과거의 비밀 폭로! 최고의 정보부장관 이이령 별세 ...	3551	363	23	1
Hb8UURMvieI	[청년 연설] 안동서 시민들께 윤석열 지지 호소한 청년 '안동의 힘이 곧 국민의힘'	청년 #윤석열 #이재명 #공정 #상식 국민의힘 청년본부 중앙대학생위원장 조영직 씨가 22년 2월 27일 경북 안동에서 열린 유세 현장 ...	839	151	10	1
e6dp0MAq77Q	이재명 주장처럼 윤석열 진짜 일본군  허용 발언 했나? #SHORTS	윤석열 #일본 #토론회 이재명 주장처럼 윤석열 진짜 일본군 허용 발언 했나? #SHORTS 시사포커스TV는 창간 35년 정통언론, 시사 ...	760	64	12	-1
ORp_1im6s8M	[박대표의 운명돌파] 완주?? VS 또철수??  윤석열, 오늘 유세 전격 취소..호남 간 安과 &#39;단일화 담판&#39; 시도	정치인물분석 #사팔랩 #박대표 #정치인의운명 #더불어민주당 #이재명후보 #국민의힘 #윤석열 #인물심리분석 #이재명 #지지율조사 ...	0	176	0	-1
d4L4r1ZuSwg	(대선현장중계) 윤석열 대통령후보 '선비의 고장 영주의 품격을 지키는 대통령!' 영주 유세	This stream is created with #PRISMLiveStudio.	12852	2457	21	1
_xRrn2V9CGM	속보) 윤석열 유세일정 돌연취소  22.02.27  [시사파이터]	유세일정취소#단일화#기자회견.	891	445	0	1
OWyiD1dSyA4	단일화 최종결렬! 윤석열, 유세중단, 기자회견 예고!		2685	724	97	-1
lZTyD-woG1U	간단한 질문을 이해 못 하는 윤석열이 답답한 이재명  #Shorts	이재명 #윤석열.	638	60	1	-1
Jjesi5n49Jc	이재명, 장문의 글 통해 &#39;우크라 폄하&#39; 해명…'표현력 부족했다' 여기에도 윤석열 끌고 들어갔다.	"""윤석열 불안한 안보관 지적한 것"" ""본의와 다르게 오해, 표현력 부족"" ""우크라이나 지지, 러시아 철수 촉구"" ""尹, 본인의 선제타격 정당화 ..."	47329	9490	1120	-1
f0V2-XvKeyw	#shorts 윤석열을 떨어뜨릴 사람 누굽니꽈~~#어쩔래미 저쩔래미 (윤xx) 쉬x발넘아~~	shorts 윤석열을 떨어뜨릴 사람 누굽니꽈~~어쩔저쩔 (윤xx) 쉬x발넘아 #이재명#안철수#윤석열 #김건희#시사댄스요정##변지유# ...	1638	418	18	-1
ImoD8ayoFQE	한반도에 핵 배치를 주장한 윤석열 #Shorts	윤석열 #전술핵.	232	24	4	1
qFVHJmRV8Z8	[속보] 윤석열, 오늘 유세일정 전격취소!…안철수와 단일화 담판시도!	구독, 좋아요는 손상대TV의 힘입니다! 채널에 가입하여 혜택을 누려보세요.	25762	8444	397	1
sUt5qEBJNnQ	드디어 오늘 안철수와 단일화. 윤석열 영주일정 취소		563	100	12	1
Y788264rv-U	(라이브 뉴스) 속보 / 윤석열 유권자 단일화 신의한수 전략! 이준석 때문에 안철수 또 철수했다 / 2022.02.26	'수개표국민운동' 자발적 구독료 : (국민은행 : 예금주 신혜식 ) 5333-0201-137296 이준석 소환 운동 ...	22958	7822	222	-1
jNMWuHVqeCc	인천이 확 바뀌었다! 여기서도 인산인해 윤석열 후보 유세!	클릭해주셔서 감사합니다. 좋아요와 구독은 큰 힘이 됩니다 클립 챕터는 아래 '더보기' 클릭해주세요! TIMESTAMP 김문수 TV는 ...	1770	469	13	1
LOgR9LsxFb0	#전국대학생들의_분노 #윤석열반대 #shorts	무능무식의_극치 #윤석열대선후보 #윤석열은_사퇴하라 #윤석열을_반대한다 #송영길.	7	0	0	-1
