ID	title	description	viewcount	likecount	commentcount	label
FNb0vS-gdhA	[윤석열, 국민의힘 후보 강원 동해 유세] /02월 28일 (월) / 디지털Only	윤석열 국민의힘 대선후보가 오늘(28일) 표심 공략을 위해 강원 지역을 순회하며 시민들을 만납니다. 윤 후보는 동해 천곡회전교차로 ...	5622	216	46	1
1OqBa3kANCc	국민의힘 윤석열, '환동해권 물류거점 항만도시 동해의 새로운 도약' 강원 동해 유세 - [끝까지 LIVE] MBC 중계방송 2022년 02월 28일	윤석열 국민의힘 대선후보는 오늘(28일) 강원 지역을 찾아 표심 공략에 나섭니다. 윤 후보는 오전에 동해를 찾아 천곡회전교차로에서 ...	4948	105	25	1
GYLfC7aIxqM	윤석열, 강원도 집중 공략...&#39;외가&#39; 강릉에서 지지 호소 / YTN	윤석열, 李·민주당 안보 정책 비판…튼튼한 안보 강조 윤석열, 강원경제특별자치구 수립…지역 공약 발표 극적인 후보 간 담판 회동 시 ...	2379	41	63	1
WC-__wSTfcY	&#39;대선 D-9&#39;...이재명, &#39;고향&#39; TK·윤석열 &#39;외가&#39; 강원 / YTN	[앵커] 대선이 9일 앞으로 다가왔습니다. 더불어민주당 이재명 대선 후보는 상대적으로 가장 약한 지역이면서 자신의 고향이 있는 대구· ...	3574	51	91	1
p2DtQUZEjRM	[뉴스라이브] 열흘도 안 남은 대선...윤석열·안철수 &#39;단일화&#39; 어디로? / YTN	진행 : 김선영 앵커, 김대근 앵커 □ 출연 : 추은호 / 해설위원 * 아래 텍스트는 실제 방송 내용과 차이가 있을 수 있으니 보다 정확한 내용 ...	8950	151	170	1
uAaQQ26xDOc	[Live] 2월 28일 '환동해권 물류거점 항만도시 동해의 새로운 도약' 강원 동해 유세		6464	5547	83	1
ygfD1KvV1fo	윤석열의 아내 김건희vs이재명의 아내 김혜경의 사주를 비교 분석해봤습니다!  보기와 다르게 강단이 있는 여성?!	김건희 #김혜경 #사주비교 ☆천광궁 함께 해결하는 진실 상담 : 010-5378-5886 카카오톡 : trb49 ☆덕분TV 촬영문의 010-7700-2318 ...	712	105	7	1
SJd0FPhfF6o	[정치직격] '스타일 구긴 윤석열! &#39;단일화 협상&#39;도 못하는데 국정-외교는 제대로 할 수 있을까?!” - 김진애 (전 의원), MBC 220228 방송	2022년 02월 28일 [김종배의 시선집중] | 출연 : 김진애 전 열린민주당 의원 #정치직격 #윤석열 #안철수 #단일화결렬 #김건희 #이재명 ...	28865	2814	188	-1
DuIjOm8tM0k	[LIVE] 국민의힘 윤석열 / 정의당 심상정 강원지역 방문 / 대한민국 제20대 대통령 선거	제20대대통령선거 #윤석열 #심상정 2022년 2월 28일 오전 11시부터 라이브로 진행합니다. - 지역 이슈에 대해 함께 고민해보는 시간, ...	56	4	0	1
lkP_XTsk11M	윤여준 '차기 대통령, 이재명이든 윤석열이든 통합정부 안 꾸리면 지선 총선 줄줄이 진다'	李도 尹도 통합정부 안하면 총선 역풍 불어 * 단일화 협상 공개한 尹, 이제 안하겠다는 뜻 * '또 철수' 트라우마 安, 물러나기 어려울 것 ...	4835	252	48	-1
hECT_DFBjbA	윤석열-안철수, 단일화 무산 &#39;네 탓 공방&#39; [아침에 이슈]	오늘부터 20대 대선에 사용될 투표용지 인쇄가 시작되는데요. 막판 최대변수로 꼽힌 야권 단일화는 점점 멀어지는 분위깁니다.	2857	200	68	-1
gVYcgiWL-xk	청년에 반말 훈계조로 &#39;윤석열 일방적으로 비판하는 글&#39; 올렸다가 비난 쏟아지자 글 내려.	여론조사도 이렇게 편파적으로 하는 것이 아닌가? 비난여론 봇물.특히 반발로 글을 올려서 더 비난.	13841	5269	572	-1
PxS_EXlzdFA	[천안TV 뉴스] 충남 서해안권 찾은 윤석열, '새로운 서해안 시대 열 것'	"천안TV 주간종합뉴스 충남 서해안권 찾은 윤석열, ""새로운 서해안 시대 열 것"" -방송일 : 2022년 2월 28일(월) -진행 : 신소영 아나운서 ..."	6	3	0	1
v0a8q6uQ73o	2/28(월) 노무현 전 대통령 사위가 말하는 윤석열 &#39;정치보복&#39;의 진실(곽상언)_노영희의 뉴스인사이다[대담한 대담]	2월 28일 (월) 노영희의 뉴스인사이다 ▷ 노영희의 [대담한 대담] 곽상언 변호사 - 이명박 정부 국정원의 '곽상언' 사찰 - 국정원이 ...	818	246	13	-1
nmYFB-lDoxU	윤석열이 안철수에 보낸 문자메시지, 내용 보니... / YTN	진행 : 김선영 앵커, 김대근 앵커 □ 출연 : 추은호 / 해설위원 * 아래 텍스트는 실제 방송 내용과 차이가 있을 수 있으니 보다 정확한 내용 ...	42332	859	797	1
GDbTYTL5QLA	이재명 43.8% 지지율 또 떡상! 윤석열 36.8% 또 폭락! 회복불능	채널에 가입하여 혜택을 누려보세요. https://www.youtube.com/channel/UCXizVvs2c7LtFZAu25sK5Fg/join [이재명 후원회 홈페이지] ...	53696	14269	666	1
5bfq-OLKkMw	윤석열, “러시아 침공이 우크라이나 때문이라는 이재명”을 난타하다!	이 영상은 국민의힘 공식 유튜브 '오른소리'의 허락을 받아 실었습니다.	2736	508	22	-1
iXZt6T1SRKo	윤석열국힘서 황교안 자한당이 보인다	윤석열 #황교안 #국힘 #자한당 #김종인 #이준석 ♥ 후원안내 ♥ ※국내 후원 국민은행, 365202-01-189195 김*원 ※해외 후원 PayPal ...	341	58	10	1
9dg8zmR1_YI	뻔뻔한 윤석열, 속셈 딱 걸렸다! 네티즌 '장제원 거짓말.. 안철수한테 단일화 책임 떠넘기려는 속셈' - 정치개혁 결의한 민주당과 이재명 후보 '국민통합 반드시 약속'	윤석열장제원거짓말 #윤석열안철수단일화책임떠넘기기 #민주당이재명정치개혁 #이재명국민통합정부약속 ▣ 황희두 멤버십 후원 ...	30095	12764	334	-1
vhBwZQBwYgo	안철수 '윤석열 뽑으면 1년 후 손 자르고 싶을 것'..정청래 '명연설' '안철수는 처음부터 단일화 맘 없었다'	안철수의 엘리트주의가 정치판에 들어와서 정치도 망치고 우파진영 몰락에 대해 부채질을 하고있다는 비판.	19202	9258	2239	-1
iFFH1NfRak4	[11시 김광일 쇼 LIVE] 대선  D-9 &#39;정권교체 열망&#39; 윤석열로 결집 | &#39;누가 더 거짓말하는가&#39; 질문엔  절반 이상이 이재명	조선닷컴 공식 홈페이지 http://www.chosun.com 조선일보 무료 구독 체험 http://bit.ly/2WnNAF7 ◈ 사실에 대한 믿음, 할 말을 하는 ...	35558	19316	0	1
bdMN4lTjS_4	나 임화수야! 명품배우 최준용 윤석열후보 작심공개지지! #야인시대임화수 #윤석열최준용 #최준용TV	자율적구독후원 : 하나은행 : 106-910488-13707 (박*옥) 해외페이팔 후원링크 : https://www.paypal.me/jungsungsantv 문의 ...	1315	447	27	1
EkY2djOI4Vo	{대선특별대담 3편} 대장동 흑기사 윤석열! 검언판 카르텔의 사익농단 (강진구, 김민웅, 김진애 출연)	대장동 #윤석열 #강진구 ------------------------------------------ 후원계좌: 국민은행 817201-04-168778 촛불전진 블로그: ...	287	110	4	-1
A6gqHUc78cA	(종목추천) 앞으로 급등할 종목 #신원종합개발 #윤석열 #대선주	종목 : [신원종합개발] 유형 : [중장기스윙] 매수가 : [7350원] 이하 (5000원 초반까지 분할매수) 익절가 : [9000원] 부근 (전량매도) ...	179	40	17	1
7XuAthnRj7k	[✍🏻사팔랩 브리핑]  2.28(월) 안철수 '윤석열 뽑으면 1년 후 손 자르고 싶을 것'..與 '명연설'	정치인물분석 #사팔랩 #박대표 #정치인의운명 #더불어민주당 #이재명후보 #국민의힘 #윤석열 #인물심리분석 #4자토론 #대선후보 ...	260	186	0	1
uCamxl8-TPU	윤석열 “성인지감수성 예산 30조, 일부 떼네면 핵 위협 막을 수 있어”	[영상] 윤석열 “성인지감수성 예산 30조, 일부 떼면 핵 위협 막을 수 있어” “우리가 한말에 일본 자극해 식민지 됐나?…미국 인터넷에서 ...	124	10	7	-1
pL5Hsusfuh8	2/28 (월) 풀영상｜[진성준, 성일종] 윤석열-안철수 단일화 결렬, ‘윤핵관’ 재등장?｜[윤지호] 우크라 사태 이후 글로벌 금융시장 전망｜KBS 220228 방송	(1부) [뉴스 언박싱] '오늘 아침, 가장 뜨거운 뉴스' - 민동기 기자 + 김민하 시사평론가 [최강 인터뷰 1] 윤석열-안철수 단일화 결렬.	2951	147	12	1
hnD_sPDb9Wk	[최경영의 최강시사] 윤석열-안철수 단일화 결렬, ‘윤핵관’ 재등장? - 진성준 의원(더불어민주당), 성일종 의원(국민의힘)｜KBS 220228 방송	[최고의 정치] 윤석열-안철수 단일화 결렬, '윤핵관' 재등장? 이재명표 정치개혁 외연확장 구상, 표심 움직일까? 우크라이나 사태, 대선 ...	5736	862	308	1
psFGbPc7BK4	윤창중 증언!안종범 수첩?박근혜 무너뜨린 성균관대 커넥션#윤석열,왜 정권교체 발로 찰까#안철수 꽃놀이패#외교 백치 이재명 윤석열#우크라이나 영웅 박정희대통령#김종인의 음흉한 미소	윤창중칼럼세상은 보수우파의 집권이 목표입니다. 실현 가능한 해법과 방향을 분명히 제시합니다. 윤칼세를 도와주십시오. 윤칼세TV ...	6899	1259	32	1
vpike9p9qg8	사회정의를 바라는 전국교수모임(정교모) 등이 윤석열 , 안철수 대통령 후보간의 단일화 촉구 성명을 발표했는데, 그 내용 설명! [이춘근 경제뉴스 방송 257회]	사회정의를 바라는 전국교수모임(정교모)' '한반도 인권과 통일을 위한 변호사 모임' 등이 국민의힘 윤석열 대통령 후보와 국민의당 ...	10	4	1	1
rwtLa4kXUVo	윤석열 '민주당이 박근혜 정권 비판?, 500조 더 썼는데 무엇을 했나'	"윤석열 국민의힘 대통령 후보가 27일 경북 포항 북포항우체국 앞에서 열린 유세 현장에 참석해 ""민주당이 박근혜 정권 비판하는데 500 ..."	1677	203	9	-1
9B7nL-FyKDo	李-尹 여론조사 39.8% 동률 초접전…야권 단일화는 결렬 수순	[앵커] 대선이 열흘도 채 남지 않은 상황에서 더불어민주당 이재명 대선 후보와 국민의힘 윤석열 후보가 여론조사에서 초접전을 벌이고 ...	64	0	0	1
uj13kw7STko	윤석열은 댓글로 망한다고 네거티브 했다가 자폭 ㅋㅋ 이게 뭐야...	이메일 : newsdot724@naver.com(사연/칼럼/뉴스제보-url 첨부) 멤버십 ...	5226	1499	141	-1
ovWMlWVROBc	배현진 “윤석열 대통령 만들어, 대한민국에 희망 사다리 놓자”	배현진 국민의힘 의원이 28일 강원도 동해시 천곡회전교차로에서 열린 유세 윤석열 국민의힘 대통령후보 유세현장에 참석해 “윤석열 ...	131	27	6	1
i157CQTzn2c	대선선거운동 EP5 // 구리역 // 윤석열 // 국민의힘 // 정권교체	오늘은 구리역에서 아침 출근하시는 시민들께 지지를 호소했습니다. 정권교체, 윤석열!! 국민의힘 화이팅!!!	88	7	2	1
QiQ_0LjBMOs	KSOI 여론조사 이재명43.8%  윤석열 36.1%	유튜브 이송원TV 2월 28일(월) 오전 9시에 KSOI 여론조사 이재명43.8% 윤석열 36.1% 월남전 참전 유공자 5000명 이재명 지지선언!	16781	5163	15	1
HrtxqCkcmNE	추미애, '우크라이나, 대통령 잘못 뽑아 전쟁났다' / KBC뉴스	추미애 전 장관이 광주 유세에서 우크라이나는 대통령을 잘못 뽑아 전쟁이 났다고 말했습니다. 추 전 장관은 25일 광주 상무지구 ...	292	9	21	1
0q55AZEPtjU	(대선현장중계) 윤석열 유세 동해 난리났다! 강원도 민심 압도적 정권교체! / 2022.02.28	동해유세 #강원도유세 #윤석열 #대선유세 #동해 #천곡회전교차로 #강원도 #서울 #윤석열현장 #윤석열유세 #국민의힘 #정권교체 ...	26208	9694	47	1
Pu-kQEgJ3bA	💥이재명 후보.. 🔸윤석열 후보.. 부인 김건희씨.. 🔺주가조작 '돈' 번거 사실이냐?#shorts	청년의소리 정말 리얼한 청년들의 목소리 여러분의 구독과 좋아요가 큰 힘이됩니다 ...	16	1	0	1
Cnsgq9Li1kQ	춤추는 윤석열 ~🕺~ 동해에서	Shorts#AI윤석열#한국일자리방송#윤석열대통령후보.	148	69	7	1
VGGwfAgXMSY	제20대 대통령선거/윤석열 대선후보/선거운동/일동면편/직캠	제20대대통령선거 #윤석열대선후보 #선거운동 #일동면 2022.02.27.	12	2	0	1
HnnQ6qdQ4y4	[안철수] 이태규 국민의당 총괄본부장 | 국민의힘 윤석열 후보 기자회견 관련 긴급 기자간담회		2819	0	0	1
iBKr7aKzT0A	(대선현장중계) 윤석열 대통령후보 '환동해권 물류거점 항만도시 동해의 새로운 도약' 강원 동해 유세	This stream is created with #PRISMLiveStudio.	5421	1987	3	1
WzgRRyFerHE	오라! 동해에 떠오르는 윤석열! 우리가 간직함이 옳지 않겠나!…	Shorts#AI윤석열#한국일자리방송#윤석열대통령후보.	79	27	1	1
4YET4X-w2Fs	으랏차~동해시 가자~필승  윤석열대통령 유세 실방송중	This stream is created with #PRISMLiveStudio.	10	3	0	1
4EOHdeoy9Kw	윤석열의 공정국가추진위원회 광주광역시위원회	윤석열의 공정국가추진위원회 광주광역시위원회 2022. 2. 26.	7	2	0	-1
CoGIMBARf3I	해양공무원 형 이래진씨 작심발언! 문재인,민주당 뒤집어엎었다! 윤석열후보님 감사합니다! 윤석열후보대통령! #이래진윤석열지지 #윤석열필승	자율적구독후원 : 하나은행 : 106-910488-13707 (박*옥) 해외페이팔 후원링크 : https://www.paypal.me/jungsungsantv 문의 ...	2976	723	9	-1
3RJR5N9PUTI	윤석열 후보, 강원도 동해는 윤석열로 결정했다!!	현장 뉴스 방송은 옥탑방 김기자 자율구독료 502-033 203-01-014 기업 박** 언제나 초심!!	3269	905	0	1
nr5k8kjHNSE	암담한 철학에 막말까지. 윤석열 향한 최강욱의 핵직구 '윤 후보 자성하라'	민중의소리 Youtube 채널 ※vstar : https://goo.gl/tk8PC7 ※곰곰이 : https://bit.ly/2Q2lkIJ ※디액터 : https://bit.ly/2PXIWyv ※소중한 ...	12387	2170	160	-1
57sxPhV9be0	푸틴도 모르는 윤석열	2022.02.27 포항 유세 中 또 러시아 대통령이 아마 저 처럼 정치입문한지 얼마 안 되는 사람입니다. 그런 모양이에요.	81	3	0	1
