ID	title	description	viewcount	likecount	commentcount	label
uSB0pX6ltoU	[생중계] 국민의당 &#39;안철수&#39; 전북권 선거운동 현장🧑‍🤝‍🧑고창 ·정읍·전주 ·익산 | 제20대 대통령 선거 | 현장 라이브 | 전주MBC	제20대 대선이 얼마 남지 않았습니다. 다음주 선거일을 앞두고 각 정당 후보들은 선거유세에 열을 올리고 있는데요, 국민의당 안철수 ...	1307	85	0	1
x0UPkqQHmSY	[안철수, 국민의당 후보 전북 고창 유세] /02월 28일 (월) / 디지털Only	안철수 국민의당 대선후보가 오늘(28일) 호남 유세 2일차를 맞아 전북 지역 도시를 순회합니다. 안 후보는 청년과의 유세를 통해 2030 ...	3107	178	56	1
p2DtQUZEjRM	[뉴스라이브] 열흘도 안 남은 대선...윤석열·안철수 &#39;단일화&#39; 어디로? / YTN	진행 : 김선영 앵커, 김대근 앵커 □ 출연 : 추은호 / 해설위원 * 아래 텍스트는 실제 방송 내용과 차이가 있을 수 있으니 보다 정확한 내용 ...	8950	151	170	1
kfod5EBEed8	안철수 후보,  전북 고창 유세 / SBS	SBS뉴스 #8뉴스 #안철수 #고창 #유세 #국민의당 #실시간 으로 만나 보세요 라이브 뉴스 채널 SBS 모바일24 ▷SBS 뉴스로 제보 ...	2254	70	79	1
tdF0RCLsxh0	신문브리핑 2 '안철수 TV토론 한마디에 주말에 &#39;다당제 의총&#39; 연 與' 외 주요기사 [아침&amp;매일경제]	"(매경)신문브리핑 2 ""안철수 TV토론 한마디에 주말에 '다당제 의총' 연 與"" 외 주요기사(0228) #아침앤매일경제 #신문브리핑 #이상훈 ..."	1013	22	11	1
hECT_DFBjbA	윤석열-안철수, 단일화 무산 &#39;네 탓 공방&#39; [아침에 이슈]	오늘부터 20대 대선에 사용될 투표용지 인쇄가 시작되는데요. 막판 최대변수로 꼽힌 야권 단일화는 점점 멀어지는 분위깁니다.	2857	200	68	-1
pL5Hsusfuh8	2/28 (월) 풀영상｜[진성준, 성일종] 윤석열-안철수 단일화 결렬, ‘윤핵관’ 재등장?｜[윤지호] 우크라 사태 이후 글로벌 금융시장 전망｜KBS 220228 방송	(1부) [뉴스 언박싱] '오늘 아침, 가장 뜨거운 뉴스' - 민동기 기자 + 김민하 시사평론가 [최강 인터뷰 1] 윤석열-안철수 단일화 결렬.	2951	148	12	1
hnD_sPDb9Wk	[최경영의 최강시사] 윤석열-안철수 단일화 결렬, ‘윤핵관’ 재등장? - 진성준 의원(더불어민주당), 성일종 의원(국민의힘)｜KBS 220228 방송	[최고의 정치] 윤석열-안철수 단일화 결렬, '윤핵관' 재등장? 이재명표 정치개혁 외연확장 구상, 표심 움직일까? 우크라이나 사태, 대선 ...	5736	863	308	1
J5cbjkN4RKE	[생중계] 안철수 후보, 고창전통시장 시민인사 &amp; 현장 유세 (2022.02.28 오전)	[생중계] 안철수 후보, 고창전통시장 시민인사 & 현장 유세 (2022.02.28 오전) #안철수 #전북고창 #유세 #2022대선 #오마이TV ...	17644	0	42	1
HMIhj3QuAt4	[안철수] 기호4번 안철수 대통령 후보 시민인사 및 현장유세 | 고창 전통시장 | LIVE	안철수 #4 #기호4 #4번 #20대대통령 #국민의당 #시민인사 #유세 #고창 #전통시장.	6666	0	137	1
vhBwZQBwYgo	안철수 '윤석열 뽑으면 1년 후 손 자르고 싶을 것'..정청래 '명연설' '안철수는 처음부터 단일화 맘 없었다'	안철수의 엘리트주의가 정치판에 들어와서 정치도 망치고 우파진영 몰락에 대해 부채질을 하고있다는 비판.	19202	9279	2244	-1
7igSkI1pKXE	정권교체 여론 재결집! 안철수의 오판과 이재명의 속임수 2022.2.28 오전8시	대선막판 대예측-정권교체 여론이 윤석열로 다시 모이고 안철수 지지율은 무너지면서 박빙의 승부지만 윤석열 승리 #윤석열#안철수# ...	13880	5908	538	1
SgPHXMsND3M	D -9 안철수로 인해 판이 흔들린 제 20대 대선 전망//허경영의 가능성은 //누리PD 자율구독료&amp;후원계좌// 신한은행 김준O----110 321 750470 ----		926	283	37	1
VpO-s9mMx8E	안철수의 완주는 이재명 돕는것. 완주하는 것은 비밀거래? 차기보장, 중대재해법 등 설 난무	한자리수의 지지율로 안철수가 완주하겠다는 것은 이재명과 비밀거래 의심. 통합정부 명분으로 차기 보장에다 중대재해방지법 등에 ...	31240	11159	865	-1
5UKKL_wUojQ	안철수 단일화 결렬  이것 외에는 설명이 안된다	이메일 : newsdot724@naver.com(사연/칼럼/뉴스제보-url 첨부) 멤버십 ...	597	121	8	1
nmYFB-lDoxU	윤석열이 안철수에 보낸 문자메시지, 내용 보니... / YTN	진행 : 김선영 앵커, 김대근 앵커 □ 출연 : 추은호 / 해설위원 * 아래 텍스트는 실제 방송 내용과 차이가 있을 수 있으니 보다 정확한 내용 ...	42332	859	799	1
ZycliLd5JcM	안철수, 여전히 문자폭탄 받는 중	안철수 국민의당 대선후보가 2월27일 오후 “단일화 협상은 시한이 종료됐다”라고 다시 강조했습니다. 직전 있었던 윤석열 국민의힘 ...	76	13	1	1
vqdeGAqBm64	안철수는 끝났다!		4941	2289	279	1
Lbj3I0JBTcI	권영세 용산 단톡방 에서 안철수 후보 개인번호 유출 의혹	채널에 가입하여 혜택을 누려보세요. https://www.youtube.com/channel/UCmy_IBOjMMNkTyWgN0h_ykg/join.	176	94	13	-1
9dg8zmR1_YI	뻔뻔한 윤석열, 속셈 딱 걸렸다! 네티즌 '장제원 거짓말.. 안철수한테 단일화 책임 떠넘기려는 속셈' - 정치개혁 결의한 민주당과 이재명 후보 '국민통합 반드시 약속'	윤석열장제원거짓말 #윤석열안철수단일화책임떠넘기기 #민주당이재명정치개혁 #이재명국민통합정부약속 ▣ 황희두 멤버십 후원 ...	30095	12773	334	-1
Th6R8EZtLMs	단일화 결렬, 안철수의 정치 [아침옳소] 0228	"[힐로소피 안내]** ○ 구매링크 : [https://healosophy.co.kr] ○ 문의전화 : 010-7411-0123 ○ 힐로소피 ""옳은소리"" 이벤트! 1. 3개이상 ..."	17746	5315	18	1
WC-__wSTfcY	&#39;대선 D-9&#39;...이재명, &#39;고향&#39; TK·윤석열 &#39;외가&#39; 강원 / YTN	[앵커] 대선이 9일 앞으로 다가왔습니다. 더불어민주당 이재명 대선 후보는 상대적으로 가장 약한 지역이면서 자신의 고향이 있는 대구· ...	3574	51	92	1
maD8xEP8kb0	안철수 이후의 정국과 여론의 추이 with 송국건	멤버십 가입 링크: https://www.youtube.com/channel/UC242xa78h95GOvuM8UhRS1w/join ✔️ 영상 시청하시기 전에 구독과 ...	9599	5177	119	1
DX_mMzqZ0i4	安 후보에게 정권 교체란 무엇인가? 10년전과 너무 다른 정권교체 단일화...안철수는 뭘 위해 정치하나?	2012년 단일화 협상 결렬 후 “정권 교체·새 정치 위해 사퇴”이번도 명분은 같은데 독자 출마…	22973	9811	1218	1
fWAnvpFcJWY	[풀영상] 안철수 국민의당 대통령 후보- '대선 D-9  고창전통시장 인사 및 유세' (22.02.28)	"국민의당 #안철수 #고창 #전라도 #유세 [풀영상] 안철수 국민의당 대통령 후보- ""대선 D-9 고창전통시장 인사 및 유세"" (22.02.28) 시사 ..."	2240	49	43	1
MkYPSRi2_2g	야권, 단일화 대신 &#39;네 탓 공방&#39;...오전 상황은? / YTN	진행 : 김영수 앵커 □ 출연 : 나연수 / 기자 * 아래 텍스트는 실제 방송 내용과 차이가 있을 수 있으니 보다 정확한 내용은 방송로 확인 ...	5110	104	103	1
b4QoHHrNkIc	아침R)대선 D-9‥여야 후보 대구·경북 &#39;공들이기&#39; / 안동MBC	아침R)대선 D-9‥여야 후보 대구·경북 '공들이기' 2022/02/27 15:00:21 작성자 : 김건엽 ◁ＡＮＣ▷ 대통령 선거가 이제 9일 앞으로 ...	22	3	0	1
HnnQ6qdQ4y4	[안철수] 이태규 국민의당 총괄본부장 | 국민의힘 윤석열 후보 기자회견 관련 긴급 기자간담회		2848	0	0	1
4fRQnc9As_0	윤석열 안철수 단일화 결렬 전말! 반색하는 민주당...정치개혁 고리 &#39;윤석열 포위 작전&#39;! 안철수 '윤석열, 국민경선 입장 안 밝혀 고려할 가치 없다'	윤석열.	368	12	0	-1
7XuAthnRj7k	[✍🏻사팔랩 브리핑]  2.28(월) 안철수 '윤석열 뽑으면 1년 후 손 자르고 싶을 것'..與 '명연설'	정치인물분석 #사팔랩 #박대표 #정치인의운명 #더불어민주당 #이재명후보 #국민의힘 #윤석열 #인물심리분석 #4자토론 #대선후보 ...	291	186	0	1
pTZ79VFbyp8	안철수 명연설 中 '내가 그사람 뽑은 손가락 자르고 싶다고 또 그럴겁니다' #shorts	안철수후보 #안철수유세 #안철수윤석열 #안철수토론 #안철수연설 #안철수심상정 #안철수이재명 #안철수유세 #안철수연설 #안철수 ...	28	12	1	1
9ziH-76AB0w	안철수 명연설 中'제대로 아는 전문가를 뽑을 머리는 가지고 있어야 됩니다' #shorts	윤석열후보 #윤석열관련주 #윤석열유세 #윤석열지지율 #윤석열이재명 #윤석열안철수 #윤석열심상정 #윤석열김건희 #윤석열 ...	56	16	0	1
SuGQQE__bpo	#단일화결정적한방아니다 #국민단일화 #윤석열 #안철수 #shorts	2022년 2월 28일 cH A촬영 ㅡ#윤석열, #안철수의 #후보단일화가 사실상 물거너갔다 안철수는 욕심으로 가득한 사악한자로 역사에 ...	12	2	1	1
fFeNxarflP4	안철수 아무것도 모르는 사람 대통령 뽑으면 안된다#shorts	안철수 아무것도 모르는 사람 대통령 뽑으면 안된다#shorts.	23	9	1	-1
6mzRytv_S9w	안철수 명연설 中 ' 최소한 어떤 머리를 빌릴 것인지를 아는 머리를 가지고 있는 사람이 대통령이 돼야 합니다' #shorts	대선지지율 #2022대선후보 #대선사전투표 #대선토론회 #20대대선 #대통령후보 #대선후보 #안철수유세 #안철수연설 #안철수명 ...	20	14	1	1
NVFk0jQzRCQ	안철수 한달간 보여준 &#39;야권 단일화&#39;의 화려한 변신, 거의 &#39;철면조&#39;를 능가했다!	후원계좌 신한은행 304 04 253850 This stream is created with #PRISMLiveStudioㄴ.	5423	2515	59	1
WxufpZHjr28	안철수 휴대폰 못쓰게 하는 사람들 누구입니꽈!!!!! #shorts	2만통은 심하잖아요.. 그래도 사람들하고 연락을 해야 하는데 통신을 끊어야 하는 이유가 있을까요!? #대선지지율 #2022대선후보 ...	14	9	0	-1
bJp6VQaLBBg	안철수 명연설 中 '마음에 안들고 무능한 것 알면서도 그사람을 뽑는다는 겁니다 그게 패배주의 사고방식 아닙니까!?' #shorts	안철수후보 #안철수유세 #안철수윤석열 #안철수토론 #안철수연설 #안철수심상정 #안철수이재명 #안철수유세 #안철수연설 #안철수 ...	14	5	0	-1
Py3Vx4FoGlE	[춘천 MBC] 대선 후보 강원도 공약 비교 분석	ＡＮＣ▷ 네. 주요 대선 후보들의 공약을 살펴봤는데요. 취재 기자와 함께 좀 더 자세한 얘기 나눠보겠습니다. 백승호 기자, 저희가 이번 ...	30	2	0	1
Yh9BB79uTuA	[ 라우 핫뉴스 ] '안철수 역풍불었다 지지자 이탈…' 안철수 배신 유권자 단일화로 정권교체 간다. 긍정의힘 뿌꾸 그림 최초공개	대선토론#drawing#아이유 #한가인 연정훈#again#Russia Ukraine war#푸틴#러시아 우크라이나 전쟁#버들잎새#느낌이슈#양심 ...	1417	197	6	-1
nV0uM9Ab_oc	오늘의 뉴스체크✔ 러·우크라 '조건 없이 만날 것'…미, 에너지 제재 예고 (2022.2.28 / JTBC 아침&amp;)	"러·우크라 벨라루스 국경서 회담…""조건 없이 만날 것"" 0:00 유엔 안보리, 긴급특별총회…""에너지 제재 가능성"" 2:05 북한 ""정찰위성 ..."	3423	38	19	1
nL7feGzhzDw	[춘천 MBC] &#39;위기의 접경지역&#39; 문제 인식은 같지만 해결책 달라	앵 커 ▷ 대선이 오늘로 12일 앞으로 다가왔습니다. 유권자들의 선택을 돕기 위한 공약 비교 분석 보도, 오늘은 마지막 시간으로 접경 ...	8	0	0	1
CfuYCF9ikaM	읽지 않은 문자’만 1만8723개... 안철수 “이 전화로 뭘 할 수 있나”	읽지 않은 문자'만 1만8723개... 안철수 “이 전화로 뭘 할 수 있나”	4	0	0	-1
1rkA0-I-z-0	&#39;단일화 무산의 이유&#39; 출간!	안철수#김미경#윤석열.	916	48	5	-1
3fmfQRRVhBM	안철수에 분노 폭발!  안철수큰일났다! 여자문제 결국 터졌다! 충격 댓글 &#39;&#39;안철수, 정치 지도자 아닌 유치원 교사&#39;…	안철수에 분노 폭발! 안철수큰일났다! 여자문제 결국 터졌다! 충격 댓글 ''안철수, 정치 지도자 아닌 유치원 교사'…	1518	73	8	-1
pAgXIQx3FZY	어이없는 안철수,민주당 존재의 이유가 무척 궁금하다		1158	220	6	-1
_3Wct3YTg6o	안철수 인생최고의연설 도대체 좋아지는게 없다면 정권교체는 왜해야하는가?		8	2	0	1
t48lZyn2XFA	[뉴스포커스] 야권, 주말 단일화협상 결렬…이·윤 안보관 충돌 여진 / 연합뉴스TV (YonhapnewsTV)	[뉴스포커스] 야권, 주말 단일화협상 결렬…이·윤 안보관 충돌 여진 [출연 : 임혜자 더불어민주당 선대위 언론특보·김현아 전 의원] 야권 ...	264	5	1	1
ZUnLHhwnSZU	단일화 끝! 국민의힘은 멘붕 중  | 빙하타고 온 둘리? |  2차 토론과 지지율 체크 [짤짤이쇼 라이브 73화]	박변도 놀랐다! 비너폴로 온열무릎벨트! 짤짤이쇼 구독자 3%할인, 2개 구입시 6% 할인! (1개 : 3%할인 / 96030원, 2개 : 6%할인 ...	109054	14670	303	1
LRNH9vYeEiw	너무합니다 안철수씨!!!!		540	179	17	1
