ID	title	description	viewcount	likecount	commentcount	label
5Moc6F5NDqY	심상정 “양당체제 깨야” 안철수 “자격 있는 후보” / KBS  2022.03.01.	[앵커] 정의당 심상정 후보와 국민의당 안철수 후보는 양강 후보를 비판하며 지지를 호소했습니다. 심 후보는 승자 독식 양당체제를 깨 ...	129	0	3	1
7St30QOFIj4	줘도 못 먹는 안철수, 무능인가? 무지인가? 정치적 신념인가?	줘도 못 먹는 안철수, 무능인가? 무지인가? 정치적 신념인가? #대선후보지지율 #윤석열 #이재명 #안철수 #야권후보단일화 #윤석열 ...	202	56	4	-1
yr5HdpOFQIA	국민 살릴 글로벌 감각 저 밖에 없습니다!		1793	0	237	1
LnJZoVPGFnw	안철수의 마지막 기회	안철수의 마지막 기회 [이봉규TV 멤버십 가입] https://www.youtube.com/channel/UCxuf3GXK290vcpFW0lxm0Uw/join 이봉규 TV ...	2779	813	83	1
5NexFINo1W8	김대중, 안철수는 역시 ‘철수’하는가. 애초부터 단일화에 관심 있었던가? 정권교체를 바랐을까? 그의 뿌리는?	안철수에 결국 놀아난 국힘과 국민들은 이제 홀로서기로 정권교체를 해야한다.	51147	15385	1187	1
RbsDW9fwyhU	어퍼컷의 저주 &#39;끝까지 깐다&#39; 안철수	이승훈 변호사 2022. 2. 28. 채널A 뉴스탑텐 출연 #윤석열 #안철수 #장제원 #전권대리 #윤핵관 #국민의힘 #국민의당 #약속 #여론 ...	6	0	0	-1
YEVX7Tv34Ic	[신지호의 쿨-톡] 인명진 목사 안철수 지지 철회	갈수록 쪼그라드는 안철수.	10427	2229	101	1
7SB6iLCwdy4	김영환 전 의원 '잘가라 안철수여!'/윤석열 이재명 안철수 최근 지지율[권순활TV]	[자율구독료] 신한은행 110 183 108360 권순활 #안철수 #김영환 #윤석열 #이재명.	968	419	29	1
St9ugLuxDKA	[D-8 돌쇠토론] 장성철 &amp; 박원석 “한 손엔 이재명, 다른 손 윤석열... 안철수 어느 떡 고를까'	라이브 방송 안내 뉴스쇼 라이브 방송 | 매주 월~금 오전 7시20분~9시 댓꿀쇼 라이브 방송 | 뉴스쇼 본방송 끝나자마자 이어서 오전 9시 ...	9034	365	112	1
UILGC6RbJSc	어퍼컷의 저주 &#39;끝까지 깐다&#39; 안철수	윤석열 @안철수 @장제원 @전권대리 @윤핵관 @국민의힘 @국민의당 @약속 @여론조사 @책임 @못만나면 깐다 @정책 @비전 ...	12	1	3	-1
dnnblOZOMYM	[송국건의 혼술] “안철수 쇼크” 국민의당 지지자 열 중 넷이 윤석열 지지!	투표에 의한 단일화, 유권자에 의한 단일화 시작 사전투표 독려 나선 윤석열 왜? 안철수 발언에서 “정권교체”가 사라졌다 안철수 야당 ...	9023	3214	188	-1
wAZ74zFe2hY	긴급! 윤석열 47.8% 안철수 2.2% 당선가능성! 충격의 여론조사! 이재명 캠프 난리났다! 데일리안 대규모 여론조사 충격! (진성호의 직설)	인용한 여론조사는 조사의뢰자 데일리안 조사기관명 여론조사공정(주) 조사지역 전국 조사일시 2022-02-25 12 시 00 분 ~ 21 시 00 ...	64160	22818	1597	-1
123Rpf-6PGc	D-8 초박빙 판세 속 李 vs 尹 &#39;서울 매치&#39; / YTN	[앵커] 3·1절인 오늘, 대선까지 8일을 앞둔 후보들은 서울과 수도권에서 유세에 집중합니다. YTN 국회 스튜디오 연결해 유세 일정과 ...	11781	248	206	1
HrgDYv1WojQ	[긴급 기자회견: 인명진 목사, 안철수 지지 철회 선언]		320	36	10	1
_98YNs6kW78	[김동길TV-401화] 안철수 대표, 단일화를 부탁합니다	지금의 한국정치는 단일화라는 문제를 앞에 두고 있는 중요한 시기라 할 수 있다. 이러한 때에 안철수 대표의 결단은 한국정치의 변화 ...	7757	9979	1247	1
UXXtFlHkvw8	다음 대통령이 이 문제 해결 못하면 청년세대는 망함 Ep02 - 국민연금 #shorts	90년대생, MZ세대는 국민연금 못 받는다? 안철수 후보의 발언 이후 국민연금이 뜨거운 감자였는데요! 정말 연금개혁 안 하면 어떻게 ...	755	62	0	-1
r2V3BTHePsM	한미관계에 대한 안철수의 생각	안철수#안철수공약 #안철수대통령 #한미동맹관계#윤석열.	19	13	4	1
bZK7hRrK6eg	[이재명/윤석열/심상정/안철수 후보] 제 20대 대선후보 &#39;투자&#39; 공약, 법제화 및 투자 활성화 VS 엄격 규제 및 투자자 보호 | 대선 후보별 투자 공약 1분 초간단 정리	2021-2022Y 조선·중앙·동아·한국브랜드진흥원 대상 수상 ✓ 조선일보 https://bit.ly/3fZM3iX ✓ 동아일보 https://bit.ly/3q3zBDq ...	3	0	0	1
YUz2Y7t6iY8	안철수가 당선되어야 하는 이유 국민통합	국민통합 #안철수#안철수대통령#적폐교대#안철수공약 #시대교체.	9	8	2	1
M77_apC2wIQ	안철수 정권교체를 바라는 유권자들께 드리는 호소	안철수#대통령#정권교체#초격차대통령.	7	3	0	1
D3C_FqRdptQ	안철수 광주시민께 드리는 호소	안철수#광주유세#안철수광주#안철수호남#호남정신#안철수공약.	5	5	0	1
5Ts4A4PSPNA	김미경 드디어 입 열자 안철수에 쏟아지는 엄청난 여론! 안철수부인 김미경 성향 터졌다	김미경 드디어 입 열자 안철수에 쏟아지는 엄청난 여론! 안철수부인 김미경 성향 터졌다.	4297	242	27	-1
A283Xg4o64E	[SBS 주영진의 뉴스브리핑] 단일화는 깨졌다. 국민의힘 니탓타령 멈춰!(feat.윤석열, 안철수)	여론조사 #우크라이나전쟁.	17	3	1	1
Nka3Ssm-fBs	긴급! 김현철, 통일 이별 충격 폭로! 이재명을 은밀히 배신한 안철수! 이재명 6800억원 비리 의혹, 갑자기 밝혀진다!	긴급! 김현철, 통일 이별 충격 폭로! 이재명을 은밀히 배신한 안철수! 이재명 6800억원 비리 의혹, 갑자기 밝혀진다!	3308	355	7	-1
rR9T02TCDGM	[굿바이 안철수],안철수가 불편하다 | 김영환의 페이스북.22.02.28	정권교체 #안철수 #굿바이안철수.	747	86	11	1
1iiPPZDCfAQ	김은혜 '&#39;이재명 그림&#39; 지목한 녹취록 속 4천억, 결국 실현됐다'	라이브 방송 안내 뉴스쇼 라이브 방송 | 매주 월~금 오전 7시20분~9시 댓꿀쇼 라이브 방송 | 뉴스쇼 본방송 끝나자마자 이어서 오전 9시 ...	12979	548	143	-1
Z1O7D3wejUM	안철수 지지 철회 줄줄이. 7% 답없다. 안철수 행동은 아집과 불통		0	0	0	-1
htUDiYkS_UQ	안철수 지지자 이재명. 윤석열로 갈아타기. (7.9% 표는 승산없다)		8	0	0	1
K5ITbmbS6Lk	2/28 ,  '대장동버스 라이브'   정권교체 깽판  안철수, 국민이  심판한다	'그분 추적' 대장동버스 출정(出征)선언 요약 성남시 대장동을 무대로 펼쳐진 몰상식한 초대박 부동산개발 사업은 권력을 이용하여 ...	228	97	1	1
ZbUkfXVGE5Y	이재명-윤석열, 나란히 서울 집중 유세 &#39;대격돌&#39; / SBS	대선을 8일 앞둔 오늘(1일) 민주당 이재명 후보와 국민의힘 윤석열 후보가 나란히 서울에서 유세를 펼칩니다. 이 후보는 주한 외국상공 ...	1203	19	15	1
n1g-Xa5VwaU	TK 간 이재명 “박정희 추진력으로 실용정책”…오늘 서울 유세 / KBS  2022.03.01.	[앵커] 어제까지 1박 2일 동안 민주당 취약지 영남을 순회한 이재명 후보는 통합 정부와 함께 남부 수도권 구상을 밝히며 지지를 호소 ...	120	3	15	1
cqdLbzalyRA	[단독] 가세연 xfile '프리챌 사장 전제완 여자공급x룰라 김지현 와인바 들으면 부인 김미경 이혼 2000억 재산분할소송?' (아내 고향 전남순천좌파 x파일엑스 이재명 김혜경)	안철수 #안설희 #안철수아내 #안철수부인 #김미경 #이재명 #이재명tv #김혜경 #안철수랩 #안철수연구소 #안철수X파일 #안철수엑스 ...	2612	437	10	-1
kzv6hNBwwrk	더이상 안철수 지지는 정권교체 역행		7	0	0	1
Nicjmx5-99M	독썰라이브 31화 '윤석열, 안철수가 잡는다. 우주로 간 종전선언'	1. 오늘의 여론조사 : 드디어 오차범위 밖 2. 뉴스체크 : 윤석열, 안철수가 잡는다 3. 최한욱의 썰 : 우주로 간 종전선언.	579	191	2	1
YWOt7FEszP0	이·윤, &#39;최대 승부처&#39; 서울 공략 총력전 / 연합뉴스TV (YonhapnewsTV)	이·윤, '최대 승부처' 서울 공략 총력전 [앵커] 여야 대선후보들은 3.1절인 오늘 최대 승부처인 서울에서 유세를 펼칩니다. 더불어민주당 ...	55	3	1	1
lSOELAcmbnI	‘대선 D-8일’ 윤-안 결별, 미풍 혹은 태풍 혹은 역풍? [예언해줌]	'대선 D-8일' 윤-안 결별, 미풍 혹은 태풍 혹은 역풍? ▷한겨레TV 온라인 쇼핑몰 마켓하니 http://www.markethani.com ▷한겨레TV ...	3278	421	0	1
-vOb2Hh1tl0	박근혜 입원 99일째 절대고독의 침묵 이어지는 이유?#이승만 박정희 패싱한 尹의 모험#미스 우크라 총들었다#김종인 복수극#윤석열이 보낸 희한한 임명장#안철수를 머슴 취급하는 오만	윤창중칼럼세상은 보수우파의 집권이 목표입니다. 실현 가능한 해법과 방향을 분명히 제시합니다. 윤칼세를 도와주십시오. 윤칼세TV ...	6711	1296	50	1
fVQQftUjN_Y	[사주] 안철수 사주 심층연구,  아주강한 사주이고, 대운도 최고의 좋은 대운이다. 그러나 겁제가 둘이나 된다는 것은, 남에게 큰 민페를 끼칠 수도 있다.	그러나, 최고로 좋은 사주 임은 분명하다. 이제부터 서서히 내려가야 하지만!	36	3	1	1
sIcSuVe5YPY	한달새 바뀐 표심···   #안철수 지지자 17%   #윤석열 으로, 8%는    #이재명   로 갈아탔다	한달새 바뀐 표심··· #안철수 지지자 17% #윤석열 으로, 8%는 #이재명 로 갈아탔다.	12	3	1	-1
De5csNGoFN0	윤석열  포항 인파 인산인해 ~!!! 간철수는 좌파다  ~~ 건투를 빈다  #Shorts	Shorts #안철수 #간철수 #안철수신영복 #위대한지식인신영복안철수 #스파이 #안철수이재명 #요덕수용소 #요덕정치범수용소 ...	344	52	2	1
GhoSbPNxLi0	이재명은 &#39;양복 입은 글래디에이터&#39; ㄷㄷ 누가, 미국 바이든 대통령을 상대할 수 있을까? 찐보수, 김현종 전 차장이 이재명을 지지하는 이유!	윤석열 #안철수 #지지선언 #외교정책.	3546	1127	74	1
QkzrrdtfExY	이재명 태권도 vs 윤석열 복싱 vs 안철수 야구 #shorts	"이재명 ""이 양반아"" 출처 https://youtu.be/d-FuQX3UBO8 BGM Rocky III • Eye of the Tiger • Survivor ..."	49	9	0	1
lpgdJhOpdCc	[천기누설] 128화 - 尹-安 단일화 공방 속 숨은 ‘트릭’을 알면, 이재명이 표를 끌어올 방법이 보인다! (김종배 &amp; 박지훈)	2022년 03월 01일 [천기누설] 멋털도사 김종배와 얼쑤무당 박지훈이 풀어놓는 놀라운 이슈분석! 매주 화, 목요일 오전 8시 30분에 ...	29859	2835	199	1
8rYobBP0ixs	(부끄럽고 창피하다) 3.1절에 조상님 뵙기에 부끄럽고 민망한 대통령후보! 친일파 토착왜구를 닮아가는 윤석열 /윤석열 자위대 /윤석열 일본 /윤석열 지지율 /윤석열 이재명	(출동, 한소리기자 ) 자위대가 한반도에 들어오는 것을 찬성한 윤석열의 친일 발언 모음 (영상 안의 자막은 제작진의 자의적 해석 ...	2810	773	61	-1
1Mm5IKfCm5g	전광훈목사 3.1절 국민기도회 광화문에서 기적이 일어났다.	전광훈 #3.1절 국민대회 #윤석열 #안철수 #후보단일화 #한국교회방송 #이은재tv #남북통일 #미스바 성회 This stream is created with ...	3316	1027	0	1
Fis2kFuYddU	3.1절 광장세력들 총집결!!!	광화문집결#광장세력#안철수는사퇴.	2570	916	0	1
6K8BBBf4O1I	역사를 가장 역사답게 가르친다고 자부하는 황현필 선생님 이재명 지지선언	유튜브 이송원TV 3월 1일(화) 오전 9시에 역사를 가장 역사답게 가르친다고 자부하는 황현필 선생님 이재명 지지 82쿡 회원 여러분 ...	12003	4442	8	1
E19Vhi3XHqc	(대선현장중계) 윤석열 감동 애국유세 현충원·동작 시민들 대거 결집! 나경원도 전폭 지원! / 2022.03.01	동작유세 #현충원참배 #서울유세 #단일화 #안철수 #윤석열 #나경원 #대선유세 #동작구 #현충원 #서울 #중앙대병원 #윤석열현장 ...	21997	8136	0	1
qajl7CrfnRs	최성의 고양 북 콘서트 현지 라이브(3.1절 오후2시~5시 고양 킨텍스) / 분노하라! 그리고 선택하라 출판기념회 현장 라이브	최성 #대선 #고양시 #최성북콘서트 #이재명 #윤석열 #심상정 #안철수 #최성출판기념회 여러분의 좋아요 댓글 구독이 콘텐츠 제작에 ...	0	5	0	1
cxVMkym35ao	안철수는 역사의 죄인이 될 것인가?  이근봉의 시사주간 팩트	국민여러분 안녕하십니까? 한주간의 중요한 시사이슈들을 정리하여 논평하는 '이근봉의 시사주간 팩트'입니다. - 이번 주 시사- 안철수 ...	6	1	0	1
