ID	title	description	viewcount	likecount	commentcount	label
_8UBTjfVOOU	[현장영상+] 김동연 '이재명 후보 당선 위해 운동화 끈 묶겠다' / YTN	[앵커] 문재인 정부의 경제 부총리 출신인 새로운물결 김동연 대선 후보가 후보직을 사퇴하기로 했습니다. 정치교체를 위한 정책 연대 ...	30011	5106	798	1
lyJ4BGcsKoM	김동연 '후보직 사퇴한다. 이재명 후보의 당선을 돕겠다'  / SBS	오늘(2일) 오전 10시 새로운물결 김동연 후보가 기자회견을 열고 후보직을 내려놓고 이재명 후보의 당선을 돕겠다고 선언했습니다.	23468	967	376	1
15PpWnCZoL0	&#39;사퇴 발표&#39; 김동연, 이재명과 단일화...오늘 마지막 TV토론 / YTN	"김동연, 후보직 사퇴…""李 위해 운동화 끈 묶겠다"" 야권 단일화 여전히 안갯속…내일이 사실상 데드라인 모레 사전투표 뒤엔 효과↓…"	3547	112	72	1
b_pbl9YraxA	[뉴스라이브] 김동연 후보직 사퇴...이재명과 &#39;통합정부 구성&#39; 합의 / YTN	진행 : 김선영 앵커, 김대근 앵커 □ 출연 : 최진봉 / 성공회대 교수, 이두아 / 국민의힘 선대본부 법률지원단 본부장 * 아래 텍스트는 실제 ...	1984	94	39	1
oUopLu40C5U	신문브리핑 3 '이재명·김동연, 통합정부 합의…윤석열·안철수 단일화는?' 외 주요기사 [아침&amp;매일경제]	"(매경)신문브리핑 3 ""이재명·김동연, 통합정부 합의…윤석열·안철수 단일화는?"" 외 주요기사(0302) #아침앤매일경제 #신문브리핑 ..."	855	16	22	1
HrqUrF4oxeY	김동연, 이재명과 단일화…서울시장 출마 질문엔 '제가요?' / 연합뉴스 (Yonhapnews)	(서울=연합뉴스) 새로운물결 김동연 대선후보가 2일 대선후보직에서 중도 사퇴하고 더불어민주당 이재명 대선후보 지지를 선언 ...	1222	40	15	1
ImLviMgeitA	[에디터픽] 김동연, 이재명과 단일화...오늘 마지막 TV 토론회 / YTN	1. [현장영상] 김동연 후보직 사퇴…이재명 후보 지지 선언 2. [뉴스라이브] 김동연 후보직 사퇴...이재명과 '통합정부 구성' 합의 (최진봉 ...	44726	1028	0	1
Rf0dqYnxIH0	[생중계] 예비역 장병 7만명, 이재명 후보 지지결의대회 (2022.03.02 오전)	[생중계] 예비역 장병 7만명, 이재명 후보 지지결의대회 (2022.03.02 오전) #이재명 #예비역 #장병 #지지선언 #2022대선 #7만명 ...	86574	0	144	1
DREk8sNSM-I	이재명-윤석열, 붙어가는 추세선.. 투표율이 변수 [김어준의 뉴스공장 풀영상 3/2(수)]	[TBS 유튜브(수) 생방송] ▷7시 6분 : 김어준의 뉴스공장 ▷10시 : 이차-저차, 읏차(최초공개) ▷10시 50분 : TBS 특보! 코로나19 ▷18 ...	354073	34121	245	1
Mv5X6nVkbxY	[시민 인터뷰] 양쪽 유세장 다 가본 중도층 '윤석열은 급급, 이재명은 간절' (이재명 명동 유세, 2022년 3월 1일)	"이재명 후보, '3·1 정신으로 여는 대한민국 대전환!' 서울 명동 유세. 양쪽 유세장 다 가본 중도층 ""윤석열은 급급, 이재명은 간절""."	62144	6778	641	1
wA-XgaClfLk	[변영주의 진심] 혐오를 지지하지 마세요. 이재명을 지지해 주세요 #화차 #영화감독 #변영주	변영주 #영화감독 #지지선언.	3292	1539	184	1
NCUG2Oy6U_g	3/2(수) - [D-7] 이재명 ‘윤 포위’ 통합 연대(조응천)/ 윤석열의 최종 히든카드(원희룡)/ [윤태곤의 판] “깜깜이의 심리학”/ 새학년 첫날 방역 [김현정의 뉴스쇼]	3월2일(수) 김현정의 뉴스쇼 ▣ 라이브 방송 안내 뉴스쇼 라이브 방송 | 매주 월~금 오전 7시20분~9시 댓꿀쇼 라이브 방송 | 화·금 주 2 ...	136886	2867	107	1
ZBA73z99DtU	2022.3.2. (생중계) 이재명의 천군만마 - 대한민국 예비역 장병 7만명, 이재명 후보 지지결의대회	이재명의 천군만마 대한민국 예비역 장병 7만명 더불어민주당 이재명 대통령 후보 지지결의대회 - 22년 3월 2일 수요일 오전 10시부 ...	6002	6384	14	1
2NxpQTebSA0	긴급속보// 박근혜 대통령 동생 박근령이 이재명 지지선언 충격적//누리PD 후원계좌// 신한은행 김준ㅇ----110 321 750470 ---		743	126	68	-1
dx0LthqQKZg	[풀영상 다시보기]김동연, 대선 후보 사퇴...'이재명 당선 위해 뛸 것' 기자회견｜2022. 03. 02.	"김동연 #대선후보사퇴 #이재명단일화 [김동연, 대선 후보 사퇴...""이재명 당선 위해 뛸 것"" ]김동연 후보는 오늘(2일), 서울 영등포 캠프 ..."	1653	292	15	1
h3ZIC71L9yc	이재명 지지 선언, 배우 이원종의 호소 '말도 안되는 사람이 내 미래를 감당? 도저히 참을 수 없다!'	명동 유세 이재명 후보 연설보기 : https://youtu.be/kU21KELY2MU 이재명 더불어민주당 대선 후보가 1일 오후 서울 중구 명동 눈 ...	5482	0	71	1
ujy-WqcUO1E	[현장영상] &#39;박근혜 동생&#39; 박근령, 이재명 지지선언…'평화통일·동서통합 이룰 후보' / JTBC News	박근혜 전 대통령의 동생 박근령 전 육영재단 이사장이 2일 이재명 더불어민주당 대선후보 지지선언을 했다. 다만 박 전 이사장은 이날 ...	15	6	1	1
DXATHgCDl9c	[대선 D-7] 패색 짙은 이재명	인라이트 스쿨 구독계좌 : 하나은행 403-910045-18704 주식회사 인라이트스쿨.	1251	254	4	1
cT85NKMQ-m0	[현장연결] 김동연 '오늘부터 이재명 후보 당선 위해 운동화 끈 묶겠다' / 연합뉴스TV (YonhapnewsTV)	"[현장연결] 김동연 ""오늘부터 이재명 후보 당선 위해 운동화 끈 묶겠다"" 새로운물결 김동연 대선 후보가 어제 더불어민주당 이재명 후보 ..."	1014	50	46	1
EZXjLDedJF0	[현장영상] 권영세 '이재명, 드루킹식 여론조작 못하니 강제로 입 틀어막아' / JTBC News	JTBC유튜브 구독하기 (https://bit.ly/2hYgWZg) ☞JTBC유튜브 커뮤니티 (https://bit.ly/2LZIwke) #JTBC뉴스 공식 페이지 (홈페이지) ...	3610	91	129	-1
03sTZ_PIWTU	뉴스A 라이브 / 김동연 후보 사퇴…이재명 돕는다, ‘우크라 전쟁 희화화’ 논란	[뉴스A 라이브] 채널A 뉴스A 라이브 (12:00~13:20) [채널A 뉴스·시사 프로그램 방송시간] 〈평일〉 08시 50분 김진의 돌직구 쇼 12시 00 ...	2803	125	0	-1
Y8E-NL8d6iY	조응천 '9회말 1점차 추격 중, 이재명이 윤석열 밀어낸다'	與 정치개혁 불신? 안 지키면 심판 받아 * 비호감 정치, 이러다 왕따 돼...개헌 필요 * 김종인, 통합정부 함께하면 '감독급' 위상 * 단일화 ...	3357	249	67	-1
iFe4q1neKrw	이재명 40.7%, 윤석열 28.6% 폭락! 제주 판뒤집혔다 (MBC 단독 해냈다, 엄마가 던진 물량 김건희 32초만에 받았다)	채널에 가입하여 혜택을 누려보세요. https://www.youtube.com/channel/UCXizVvs2c7LtFZAu25sK5Fg/join [이재명 후원회 홈페이지] ...	48921	14437	545	-1
tqiV9_eCYo4	대선후보, 마지막 TV토론 격돌…이재명·김동연 단일화 선언 / 연합뉴스TV (YonhapnewsTV)	대선후보, 마지막 TV토론 격돌…이재명·김동연 단일화 선언 [앵커] 여야 대선후보 4명이 세번째 법정 TV토론이 오늘 밤 열립니다.	310	8	2	1
pmRNS8w-Jmo	저에게 일할 수 있는 기회를 주십시오	서울 #유세 #경제대국 #문화강국.	934	647	50	1
UQiWqQILJfI	응답하라!이재명, 윤석열 @이영애		10	1	1	1
V35XcZsGrDA	[풀영상] 김동연 대선 후보직 사퇴, 이재명 후보 지지선언 (전문 포함)	[김동연 기자회견 전문] 존경하는 국민 여러분, 어제 저는 더불어민주당 이재명 후보와 함께 '정치교체를 위한 공동선언'에 합의 ...	8569	3411	237	1
ZeqhS3ZX2PY	이재명 대통령 후보 공식 로고송  상상더하기	이재명 #로고송 #상상더하기 #K_POP #대통령이재명.	8	2	1	1
dWi0V5rmRXo	더불어민주당 이재명 대통령 후보  3·1절 KBS 방송연설	3월 1일, 더불어민주당 이재명 대통령 후보의 KBS 2차 방송 연설은 국민 질문에 이 후보가 답변하는 Q&A형식으로 외교, 안보, 국방에 ...	5797	1990	84	1
Qk3AqgOQ-O8	[공유] [명장면] ‘노동자’ 이재명이 정치를 하는 찐 이유	공유영상 : 유튜브 '이재명' https://youtu.be/DFV0pAPomTU #울산 #유세 #하이라이트.	293	149	8	1
tne3FCgRE1I	[공유] 기초연금 40만원으로 인상, 부부감액 폐지 #이재명 #기초연금 #어르신공약 #shorts	공유영상 : 유튜브 '델리민주' https://youtu.be/VeC1JWvw544 #이재명 #기초연금 #어르신공약 #Shorts.	267	123	1	1
Xhb-6FDBrNI	이재명 후보 지지선언 김동연 대통령 후보 기회공화국으로-요약 , KBS,SBS,JTBC	"정치 개혁을 고리로 새로운물결 김동연 후보와는 사실상 단일화에 합의했습니다. [김동연/새로운물결 대선후보 : ""정치 교체와 또 통합 ..."	7	1	0	1
Gfg82WI2-4I	Live-지난달 수출 &#39;역대 최대&#39;/이재명의 일제 잔재 청산/홍준표 경선캠프 이재명 지지/윤석열 남묘호렌게쿄/김건희 모녀 주가조작 321건	멤버쉽 링크 - https://www.youtube.com/channel/UCkI2g2FvX-haxXqqDMqc96A/join 송작가TV몰 링크 ...	3666	5303	0	-1
N0hl23eW-RA	이재명-김동연 “통합정부 구성”…사실상 단일화 | 김진의 돌직구 쇼 941 회	이재명-김동연 “통합정부 구성”…사실상 단일화 | 김진의 돌직구 쇼 941 회 이재명·김동연, 통합정부 합의…윤석열·안철수 단일화는?	678	15	23	1
DH7811-v96g	[속보] 김동연, 후보직 사퇴…이재명과 단일화 / 연합뉴스TV (YonhapnewsTV)	"[속보] 김동연, 후보직 사퇴…이재명과 단일화 - 새로운물결 김동연, 20대 대선 후보직 사퇴 - 김동연 ""희망의정치, 통합의 정치 꽃피울 ..."	833	49	30	1
3j5GSze6xCs	이재명 &#39;당선 확실 시&#39; 예측	이재명 '당선 확실 시' 예측.	17	37	0	-1
V-stILWbuZo	[이슈&amp; LIVE] 이재명·윤석열, 3개 여론조사서 &#39;초접전&#39;	대선 #이재명 #윤석열 #여론조사 뉴욕 증시, 러 공세 강화에 하락 [이슈& 직설] 제20대 대선 D-7…남은 변수는? ◇이슈앤 (월~금 오전 ...	2417	39	0	1
UQmuBHVlhLw	[공유] 농부는 밭을 탓하지 않습니다 #이재명	공유영상 : 유튜브 '이재명' https://youtu.be/v6tUExZcyJk #이재명 #유세 #Shorts.	296	183	4	1
twsKJ231xcI	[공유] 〈소년공 재명이의 꿈〉 - 소년공 이재명이 쏘아 올린 희망 공약 (2편)	공유영상 : 유튜브 '델리민주' https://youtu.be/Gda_dPpyyos 따뜻하고 감동적인 소년공 이재명의 삶과 그가 꿈꾼 세상을 진정성 있는 ...	155	80	8	1
hjDk9qhFW7A	[대한민국 텅와대] 이재명이 김만배를 변호했다? 충격 녹취 대공개!!	이재명이 김만배를 변호하고 있다는 충격적인 제보 입수! 모두가 숨죽여 듣는 녹취파일! 과연 어떤 내용일까? #빨대왕서민 #서민교수 ...	3958	1780	51	-1
KmVBoiypAto	[공유] 국민의 삶 모든 것, 그게 이재명의 경제	공유영상 : 유튜브 '이재명' https://youtu.be/Gjd8KD5gLCI #삶 #정책 #경제 #이재명.	57	31	0	1
sXm154rdLFs	이재명 더불어민주당 대선후보 전남공약은? #이재명 #더불어민주당 #전남 #공약 #대선후보 #전남공약	[목포MBC 뉴스] 이재명 더불어민주당 대선후보 전남공약은?	24	2	0	1
VP11gNGNTKk	누가 유리합니까???!!!!!! #이재명 #윤석열 #사전투표		5035	418	25	1
YHLKnoNPTjg	예비역 장병 7만명, 이재명 지지 기자회견 LIVE	일시후원: 국민은행 794001-04-154041 서울의소리(강경자) ✓전화후원: 1877-1590 ✓정기후원: ...	21573	5776	56	1
VwvG_eg5xs4	김동연 대선 후보 사퇴 '이재명 당선 위해 운동화끈 묶겠다'	김동연 #김동연사퇴 #김동연이재명 김동연 새로운물결 대선 후보는 2월 20대 대통령 선거 후보직 사퇴를 밝혔다.	116	11	3	1
4UUxMIXRrck	김동연 '이재명과 단일화 할 것' #shorts	shorts #김동연 #새로운물결 #이재명 #민주당 #단일화 #김동연이재명단일화.	1827	541	42	1
0k2zHwXuF_4	이재명 지지하는 행정사 일동 '한마음 한뜻으로 후보 지지합니다!'	이재명 #대선후보 #행정사 #지지선언 이재명 후보를 지지하는 행정사 일동이 22년 3월 2일 국회 소통관 기자회견장에서 더불어 ...	1729	26	77	1
Wjv8Oc5XsI0	이재명 명동 유세,국민의 삶도 강국이어야 한다#shorts	이재명 명동 유세,국민의 삶도 강국이어야 한다#shorts.	200	84	1	1
3gSiqDpf3qY	위기에 강한 이재명! 대한민국 예비역 장병 7만명 이재명 후보 지지 대회! 이재명의 천군만마!	이재명 #천군만마 #예비역장병 #위기에강한 #민주당 #국민의힘 # #대선후보지지율 ☻이은영TV를 후원해주세요! 제주도 해안마을 ...	3199	1286	0	1
AoNZMFK0qiU	TV광고 이재명이 보내는 다섯번째 메시지 경제대통령2 편 공유	유능한 경제 대통령 앞으로 나를 위해 이재명 출처 : 이재명 유튜브.	1	0	0	1
