ID	title	description	viewcount	likecount	commentcount	label
PXBkyNGD_HQ	[최고의 5분] 민주당 '윤석열 빼고 정치 교체' vs 국민의힘 '쇼 그만, 진정성 없다' MBN 220228 방송	판도라 263회 민주당은 제안을 거절한 윤석열 국민의힘 대선후보를 제외하고 정치교체를 하자고 주장하고 국민의힘은 정치쇼일 뿐 ...	989	14	2	1
oUopLu40C5U	신문브리핑 3 '이재명·김동연, 통합정부 합의…윤석열·안철수 단일화는?' 외 주요기사 [아침&amp;매일경제]	"(매경)신문브리핑 3 ""이재명·김동연, 통합정부 합의…윤석열·안철수 단일화는?"" 외 주요기사(0302) #아침앤매일경제 #신문브리핑 ..."	855	16	22	1
aQxoQZDpOVs	윤석열 대통령 후보, &#39;보수와 진보 진영통합 윤석열 후보 지지선언&#39; 참석		6401	3090	322	1
DREk8sNSM-I	이재명-윤석열, 붙어가는 추세선.. 투표율이 변수 [김어준의 뉴스공장 풀영상 3/2(수)]	[TBS 유튜브(수) 생방송] ▷7시 6분 : 김어준의 뉴스공장 ▷10시 : 이차-저차, 읏차(최초공개) ▷10시 50분 : TBS 특보! 코로나19 ▷18 ...	354073	34119	245	1
zrzI74UDkNc	[사법논담] 윤석열-삼부토건의 비밀과 '대장동-박영수-尹'의 연결고리｜김건희와 尹 장모의 &#39;32초&#39; 주가조작 99% 확실? (김종배 &amp; 박지훈 &amp; 천하람)	2022년 03월 02일 [사법논담] | 출연 : 김종배 & 박지훈 & 천하람 매주 수요일 오전 8시 30분에 실시간 방송으로 만나요~ #사법논담 ...	21167	1822	367	-1
osx2alEpiZA	AI윤석열 포항공약!		38	1	0	1
NCUG2Oy6U_g	3/2(수) - [D-7] 이재명 ‘윤 포위’ 통합 연대(조응천)/ 윤석열의 최종 히든카드(원희룡)/ [윤태곤의 판] “깜깜이의 심리학”/ 새학년 첫날 방역 [김현정의 뉴스쇼]	3월2일(수) 김현정의 뉴스쇼 ▣ 라이브 방송 안내 뉴스쇼 라이브 방송 | 매주 월~금 오전 7시20분~9시 댓꿀쇼 라이브 방송 | 화·금 주 2 ...	136886	2867	107	1
pkUHA5ndUOU	[3.1절 명동연설] 명계남의 윤석열 비판 연설 '자기가 노무현의 계승자라고?' (이재명 명동 유세, 2022년 3월 1일)	"이재명 후보, '3·1 정신으로 여는 대한민국 대전환!' 서울 명동 유세. 배우 명계남의 윤석열 비판 연설 ""자기가 노무현의 계승자라고?"	8853	1167	101	1
4-di7qCimcI	윤석열 선거포스터가 어색한 이유 피콜로 마인부우 같은 당대표	윤석열 선거포스터가 어색한 이유 피콜로 마인부우 같은 당대표 사진출처:중앙일보 ...	284	27	11	-1
-UHTBqNviUc	[제20대 대통령선거 방송연설] 윤석열 찬조연설자 김은혜	[제20대 대통령선거 찬조자 방송연설] 존경하는 국민 여존경하는 국민 여러분, 저는 경기도 성남 분당갑 국민의힘 김은혜의원입니다.	68	18	6	1
WclC4y2BhCo	3/2(수) 윤석열의 SNS 사용법_노영희의 뉴스인사이다[배프의 &#39;촉&#39;]	3월 2일 (수) 노영희의 뉴스인사이다 ▷ 배프의 '촉' 배상훈 프로파일러 - 윤석열, 3·1절에 태극기와 개 사진…개 사과 시즌2?	2899	838	45	1
Y8E-NL8d6iY	조응천 '9회말 1점차 추격 중, 이재명이 윤석열 밀어낸다'	與 정치개혁 불신? 안 지키면 심판 받아 * 비호감 정치, 이러다 왕따 돼...개헌 필요 * 김종인, 통합정부 함께하면 '감독급' 위상 * 단일화 ...	3357	249	67	-1
UQiWqQILJfI	응답하라!이재명, 윤석열 @이영애		10	1	1	1
8MSYgPiHtBE	(우크라국민들난리났다!)윤석열후보,국민의힘이 해냈다! 유세장 우크라이나국기! 우크라이나국민들 윤석열 감사합니다! #윤석열필승	자율적구독후원 : 하나은행 : 106-910488-13707 (박*옥) 해외페이팔 후원링크 : https://www.paypal.me/jungsungsantv 문의 ...	5400	1910	53	1
V-stILWbuZo	[이슈&amp; LIVE] 이재명·윤석열, 3개 여론조사서 &#39;초접전&#39;	대선 #이재명 #윤석열 #여론조사 뉴욕 증시, 러 공세 강화에 하락 [이슈& 직설] 제20대 대선 D-7…남은 변수는? ◇이슈앤 (월~금 오전 ...	2416	39	0	1
iFe4q1neKrw	이재명 40.7%, 윤석열 28.6% 폭락! 제주 판뒤집혔다 (MBC 단독 해냈다, 엄마가 던진 물량 김건희 32초만에 받았다)	채널에 가입하여 혜택을 누려보세요. https://www.youtube.com/channel/UCXizVvs2c7LtFZAu25sK5Fg/join [이재명 후원회 홈페이지] ...	48921	14433	545	-1
prj58d1Cbfw	윤석열 장모가 던진 물량 김건희가 32초만에 받아	유튜브 이송원TV 3월 2일(수) 오전 9시에 우리가 뽑아야 할 대통령은(황현필) 이재명 김동연 사실상 단일화 선언 윤석열 검언유착 1타 ...	8907	3865	10	1
q4jD38Te3VM	윤석열 포함된 카톡방 &#39;윤번방 실체&#39; 탄로났다! MBC '윤석열 장모가 던진 물량, 김건희가 32초 만에 받아' - 김동연&amp;이재명 단일화.. 변영주 감독 이재명 지지	윤석열포함된20번카톡방윤번방실체 #MBC윤석열장모김건희보도 #김동연이재명단일화 #변영주감독이재명지지 ▣ 황희두 멤버십 ...	25327	11457	376	-1
uS3ld6Fu_n4	(신점) 20대 대통령 확정?! ••• 국민의힘 윤석열 대선후보, 지금까지의 노력의 결실이 3월에 이루어진다!!	미래가 궁금할 때 포춘톡의 운세정보는 광고 없이 모두 '무료' 소름 돋는 연인 궁합, 궁합을 야무지게 잘 보는 궁합 맛집 오늘의 ...	25	5	4	1
N39AzC8-UJ0	'김일성 솔방울과 윤석열 게이트' 기상천외한 선전 선동 수법. 윤석열이 &#39;대장동 몸통&#39; 된 사연	언론들이 왜곡 조작 보도하면서 정치에 깊숙이 개입하고있다.	24968	10440	854	-1
VP11gNGNTKk	누가 유리합니까???!!!!!! #이재명 #윤석열 #사전투표		5035	418	25	1
ifax7iCzNxw	이재명과 옷태부터 다른 윤석열.. 동작구 2만명 모인 현장	종이TV 자율구독료 ○ 카카오뱅크 3333-03-8393457 박ㅈㅇ 국민 632302-04-024991 박ㅈㅇ ○ 종이의 멤버십 ...	5687	1722	228	1
DrzE8zshcec	권영세, 민주당 윤석열 부동시 꼬투리 '아무리 선거 질것 같아도 그렇지' 역공	국민의힘 #권영세 #부동시 #민주당 #윤석열 국민의힘 권영세 선대본부장이 22년 3월 2일 열린 확대선거대책본부 회의가 끝난 후 ...	5156	1069	89	-1
C_Ierdecpx8	윤석열 국민의힘 대선후보 전남 공약은? #윤석열 #국민의힘 #전남 #공약 #대선후보 #전남공약	[목포MBC 뉴스] 윤석열 국민의힘 대선후보 전남 공약은?	40	0	0	1
15PpWnCZoL0	&#39;사퇴 발표&#39; 김동연, 이재명과 단일화...오늘 마지막 TV토론 / YTN	"김동연, 후보직 사퇴…""李 위해 운동화 끈 묶겠다"" 야권 단일화 여전히 안갯속…내일이 사실상 데드라인 모레 사전투표 뒤엔 효과↓…"	3547	112	72	1
yZ_edVbFcG0	#윤석열 #냉동인간 썰 ㅋㅋ #해동인간		108	38	2	1
E-_1o6uP_Ss	권영세 '종북단체로 알려진 한국대학생진보연합, 윤석열 유세 현장 따라다니면서 방해해'	권영세 #대진연 #이재명 #방식 #비열 권영세 국민의힘 선거대책본부장이 22년 3월 2일 서울 여의도 국회에서 열린 국민의힘 확대 ...	4966	2733	297	-1
1jtxyA8XL6g	윤석열 당선 확정적-서울 TK 충청 급등!총 10개 여론조사-윤석열 전승!방금 폭탄선언한 우상호,김종인 이재명 원격지원중!김동연,방금 충격기자회견!이상돈,단일화불발관련 특이입장문!	김건희 팬카페(건사랑)--https://m.cafe.naver.com/ca-fe/gunsarang 윤석열TV: ...	25651	5445	330	-1
nSJegq1rEzc	전쟁광은 누구?? '윤석열'		61	26	3	1
fqVIEKkBTag	#처칠 꿈꾸는   #윤석열 ..무속 논란엔 '황당'   #김건희 허위 이력엔 '잘못  #이재명	"처칠 꿈꾸는 #윤석열 ..무속 논란엔 ""황당"" #김건희 허위 이력엔 ""잘못 #이재명."	10	1	0	-1
OXbXtaLIRyA	신문브리핑 4 '尹, 이번엔 &#39;화난 귤&#39;로 우크라 지지?' 외 주요기사 [아침&amp;매일경제]	"(매경)신문브리핑 4 ""尹, 이번엔 '화난 귤'로 우크라 지지?"" 외 주요기사(0302) #아침앤매일경제 #신문브리핑 #이상훈앵커 #이재명 ..."	1009	45	7	1
nnxQ-ek7Oic	[세로영상] 허향진 국민의힘 제주도당 선대위원장이 말하는 윤석열 후보가 대통령이 돼야 하는 이유		11	1	1	1
W9Clp3bzUKw	[송국건의 혼술] 승부처 서울, 텃밭 TK “윤석열에 표 몰아주기” 봇물	서울경제 지지율 조사에서 10% 격차 지지율 조사 공표금지 깜깜이 시작 문재인 “김대중 정부가 첫 민주정부” 논란 오늘 마지막 TV토론 ...	13323	5584	248	-1
O7nLWtIw_Tw	윤석열 제대로 알기	대통령 후보 윤석열 편, 정치적 이슈, 철학, 10대 공약을 보라! #대통령후보 #국민의힘 #윤석열 #10대공약.	2	1	0	1
P9KlaV_PzFA	김동연 이재명...박근령 박지만..反윤석열 ‘정치개혁 빅텐트’ 가속… 박근령도 李 지지 선언할 듯	[단독]이재명-김동연 “통합정부 구성”… 사실상 단일화 [대선 D―7] “정책연대로 정치개혁” 공동선언… 金, 오늘 회견서 향후 행보 발표 ...	777	240	8	1
EEd4oAkz97g	아...박혁권 배우님...ㅠㅠ  윤석열 포함 특전사 20번 카톡방 충격ㄷㄷ (이준석 대망신)	영상설명 : 유세 현장 소식과 함께 오마이뉴스 소식 등 전해드리겠습니다 (인용=오마이뉴스)	50310	12913	308	-1
xZ76cQDg5v8	윤석열후보 서울 구로구 유세연설 현장! 추운날씨에도 엄청난 인파!! #윤석열 #윤석열유세 #구로구	윤석열후보 서울 유세연설 현장입니다. 날씨가 추운데도 많은 사람들이 모뎌주셨네요!! #윤석열 #유세 #유세현장 #구로구.	4	4	0	1
e1J3Qvk8aiY	통합으로 함께 가는 이재명, 분열로 설 자리 줄어드는 윤석열 | 김성수 이경의 나를위해 이재명 LIVE	시사 문화 평론가 김성수입니다. 본 영상은 유료 광고를 포함하고 있습니다. 자발적 시청료 : 농협 352-8302-2124-43 김성수 페이팔 ...	4769	2046	0	1
W5xPu73GAFw	3/2 (수) 풀영상｜[인명진] 윤석열과 단일화 없는 안철수 지지 철회한다｜[여영국] 정의당 대표에 尹 캠프 임명장 배달, 왜?｜KBS 220302 방송	(1부) [뉴스 언박싱] '오늘 아침 가장 뜨거운 뉴스' - 민동기 기자 + 김민하 시사평론가 [박대기의 눈] 한국, 러시아 제재 참여.. 타격 우려 ...	4181	214	33	1
Gfg82WI2-4I	Live-지난달 수출 &#39;역대 최대&#39;/이재명의 일제 잔재 청산/홍준표 경선캠프 이재명 지지/윤석열 남묘호렌게쿄/김건희 모녀 주가조작 321건	멤버쉽 링크 - https://www.youtube.com/channel/UCkI2g2FvX-haxXqqDMqc96A/join 송작가TV몰 링크 ...	3653	5294	0	-1
N0hl23eW-RA	이재명-김동연 “통합정부 구성”…사실상 단일화 | 김진의 돌직구 쇼 941 회	이재명-김동연 “통합정부 구성”…사실상 단일화 | 김진의 돌직구 쇼 941 회 이재명·김동연, 통합정부 합의…윤석열·안철수 단일화는?	678	14	23	1
glVZ-n1gD6A	속보)이재명 김혜경 정치 보복은 몰래하는 것 문재인 윤석열	"더불어민주당 이재명 대선후보는 ""세상에 어떤 대통령 후보가 정치 보복을 공언하느냐""며 ""하고 싶어도 꼭 숨겨놨다가 나중에 몰래 ..."	4	0	0	-1
xvlOf1dI5zc	#루스벨트 꿈꾸는 #이재명 ···   #대장동  엔 '공익환수'   #김혜경 논란엔 죄송    #윤석열	"루스벨트 꿈꾸는 #이재명 ··· #대장동 엔 ""공익환수"" #김혜경 논란엔 죄송 #윤석열."	4	1	0	-1
CbiSZ4ufuGo	윤석열 설 민심 장악! 이재명 눈시울 붉히다...! 중앙선관위, 안철수에 충격 입장문 냈다! 자유와 공정 기회를 강한 대한민국 으로 가자 가즈아	윤석열 설 민심 장악! 이재명 눈시울 붉히다...! 중앙선관위, 안철수에 충격 입장문 냈다! 자유와 공정 기회를 강한 대한민국 으로 가자 ...	1457	49	1	1
rzGJaNMrTPQ	[싸구려영화] 고령래퍼 (러시아 대통령 독재자 윤석열 우크라 대통령 초보자 윤석열 전쟁은 독재자 초보자 합작품 전쟁을 원하면 윤석열 선택해)		5	1	0	1
xNq-t3N74wk	中, 폭격 당한 우크라이나 공군 기지 위성 사진 공개  #문재인 #이재명 #윤석열	中, 폭격 당한 우크라이나 공군 기지 위성 사진 공개 #문재인 #이재명 #윤석열.	9	0	0	1
e5VKaGI73V0	42개 친박단체 총연합 ‘윤석열 후보 지지 선언 ‘		1022	265	32	1
Mv5X6nVkbxY	[시민 인터뷰] 양쪽 유세장 다 가본 중도층 '윤석열은 급급, 이재명은 간절' (이재명 명동 유세, 2022년 3월 1일)	"이재명 후보, '3·1 정신으로 여는 대한민국 대전환!' 서울 명동 유세. 양쪽 유세장 다 가본 중도층 ""윤석열은 급급, 이재명은 간절""."	62144	6778	629	1
YcBCWYQLiAM	증권 전문가들 '김건희 도이치모터스 주가 조작, 윤석열이 아니었으면 진작에 감옥에 갔을 것!'	김건희 도이치모터스 주가 조작, 김건희 통정매매? 증권사 직원들로 구성된 전국사무금융서비스노동조합(사무금융노조) 증권업종 ...	7	1	0	-1
1ByYkTJfzqU	윤석열 제페토 메타버스 세계	윤석열 후보님의 제페토 메타버스 세계.	2	0	0	1
