ID	title	description	viewcount	likecount	commentcount	label
EX7WiPlK9bQ	더불어민주당 이재명 대선 후보, 사전투표 - [끝까지 LIVE] MBC 중계방송 2022년 03월 04일	"더불어민주당 이재명 후보는 오늘(4일) 유세에 앞서 서울 중구 소공동 주민센터에서 사전투표에 참가합니다. 선대위 관계자는 ""국민 ..."	67355	4778	646	1
wEnTFvoPCK0	[현장영상+] 이재명, 광화문에서 사전 투표...'정치교체 흔들림없이 추진' / YTN	[앵커] 더불어민주당 이재명 대선 후보는 20대 대선 사전투표 첫날인 오늘 투표에 나섰습니다. 조금 전 서울 소공동 주민센터에 마련된 ...	15498	1894	618	1
JbnTm6rZ1Ys	[D-5] 이재명 대선후보 사전투표 / SBS	더불어민주당 이재명 대선 후보가 오늘(4일) 오전 서울 중구 소공동 주민센터에서 사전투표를 합니다. #SBS뉴스 #8뉴스 #실시간 ...	16382	305	98	1
JbPLTGGMXKc	유세 총력전…이재명 서울, 윤석열은 부산서 사전투표 / JTBC 아침&amp;	야권 단일화로 대선판이 크게 출렁이는 가운데, 후보들은 총력전에 나섰습니다. 어제(3일) 이재명 더불어민주당 후보는 최대 승부처로 ...	2157	47	56	1
nye1Xrln1eg	사전투표 첫날, 이재명 &#39;서울-강원&#39; · 윤석열 &#39;부산-TK&#39; / SBS	사전 투표 첫날인 오늘(4일) 민주당 이재명 대선 후보는 서울과 강원에서 지지 유세에 나섭니다. 국민의힘 윤석열 대선 후보는 부산과 ...	1562	25	23	1
j_o-sJUVFU4	[풀영상] 더불어민주당 이재명 후보, 사전투표/ 3월 4일(금)	더불어민주당 이재명 대선 후보는 오늘(4일) 유세에 앞서 서울 중구 소공동 주민센터에서 사전투표에 참여했습니다. 이 후보는 투표를 ...	2345	127	27	1
TlyfJrrLmcs	더불어민주당 이재명 대선 후보, 정순택 대주교 예방	"더불어민주당 이재명 대선 후보가 어제 서울대교구장 정순택 대주교를 예방했습니다. 정 대주교는 ""사회 갈등을 봉합하는 정치를 ..."	550	114	21	1
4aSC0n9SPyw	이재명의 신속한 일처리 보소. 이예람 아버지 통화 직후 특검법 발의	故이예람의 중사의 아버지와 통화한 다음날 민주당은 관련 사건을 재수사하는 특검법을 발의했다. 수사와 재판과정에서 숨겨진 공군 ...	37411	5732	471	-1
Vj0x3Q_B8qM	사전투표 마친 이재명 소회와 각오 '반드시 승리해 통합과 경제, 평화의 길 열겠다'	4일 오전 사전투표를 마친 이재명 더불어민주당 대선 후보는 “촛불을 들고 광화문과 시청앞에 모이셨던 수많은 국민들 생각했다”고 ...	14773	3047	405	1
i_Zqx65ObC4	[TV조선-조선일보 마지막 여론조사] 이재명 33.8%, 윤석열 40.1%	TV조선과 조선일보는 어제까지 이번 대선 공표 가능한 마지막 여론조사를 실시했습니다. 물론 어젯밤 사이에 상황이 바뀌면서 야권 ...	10189	1150	144	1
Veo4dwiV3vo	유시민, '이재명을 선택해야 하는 두 가지 이유'	백분토론 #유시민 #일_잘하는_사람.	7757	2393	200	1
3Il0E9UjhHs	충격!! 김만배는 &#39;이재명 대법원 무죄&#39;사전에 알았다 2022.3.4 오전9시	이번 대선은 대장동게이트 관련 이재명에 대한 법적 엄단이 가장 중요 #윤석열#이재명#안철수#심상정#김건희#김혜경.	5222	3366	116	-1
E3fiYy-er84	[팩트TV 풀영상] (3.3) 더불어민주당 이재명 대선후보 ‘영등포를 일등포로, 이재명은 합니다!’ 영등포 집중 유세	2022년 3월 3일 타임스퀘어 앞 광장에서 더불어민주당 이재명 대선후보 '영등포를 일등포로, 이재명은 합니다!' 영등포 집중 유세가 ...	183	48	9	1
KAO9oPUdti8	[공유] 유시민 작가 대선에 대한 진심 발언 : 표는 이재명, 부탁드립니다 - 이재명 후보 지지 / 100분토론 마지막 발언 -	공유영상 : 유튜브 '손혜원TV' https://youtu.be/uW8kqLWf5pw #기호1번_이재명 #유시민 #사전투표 #이재명 #Shorts.	1351	463	19	-1
VXGUlRiVavE	김만배는 이재명이 &#39;선거법 무죄, 대통령 당선&#39;을 알고있었다. 어떻게 이런 일이?	김만배 일당은 대장동 사업을 통해 거액의 자금을 마련해 이재명 대통령 만들기에 나섰던 것.	33745	11595	600	-1
x6QiNsh2Xv0	줄선 이재명 vs 바로 입장? 윤석열 사전투표 현장.. 부인들은?	채널에 가입하여 혜택을 누려보세요. https://www.youtube.com/channel/UCXizVvs2c7LtFZAu25sK5Fg/join [이재명 후원회 홈페이지] ...	64268	16757	2653	1
w6D0gR4haVY	[현장연결] 이재명 '정치는 국민이 하는 것…국민과 함께 승리할 것' / 연합뉴스TV (YonhapnewsTV)	"[현장연결] 이재명 ""정치는 국민이 하는 것…국민과 함께 승리할 것"" 더불어민주당 이재명 대선 후보가 서울 소공동 주민센터에서 사전 ..."	690	44	29	1
Kjqy1jdY05Q	누가 제20대 대통령이 될까? 이재명 : 윤석열, 최소 200만 표, 최대 500만 표 전후에서 승패가 갈린다.	누가 제20대 대통령이 될까? 이재명: 윤석열, 최소 200만 표, 최대 500만 표 전후에서 승패가 갈린다. #대선지지율 #대통령선거지지율 ...	160	34	2	1
NFDSlUIp5xg	친문 &#39;문꿀 오소리&#39; 윤석열 지지 선언' 이재명이 2개 국어에 능통하다는데, 어떤 언어?	이재명의 위선과 부패상을 그대로 폭로한 '문꿀 오소리'	22816	11020	464	-1
rJXfSwVnLQU	[공유] [비하인드잼] 당신이 몰랐던 이재명의 &#39;신념&#39;	공유영상 : 유튜브 '이재명' https://youtu.be/oPqwS_745HI #비하인드잼 #기호1번_이재명 #신념.	252	98	8	1
gZspMiIjuuU	이재명 우크라이나 대통령 비하 및 우크라이나 침공 책임전가에 대한 외신과 외국인학자들의 반응 #Shorts	이재명 #우크라이나 #러시아 #책임 경제사회TV 멤버십 가입하고 혜택을 누려보세요.	1582	163	8	-1
1vTq6ayeggI	[신지호의 쿨-톡] 이재명 무슨 꿍꿍이 속이었길래	미수로 끝난 安 보쌈 작전의 전말.	21694	5679	209	-1
F8kY9bwUdZI	(공약) 경기도에서 이재명 후보가 55%이상 득표하면?? #shorts	염태영이 시청자분들과 약속하겠습니다. @박시영TV 3월 2일 방송 #경기도 #이재명승리 #염태영공약.	50	18	1	1
t1jthTWhrRo	[생방송] 이재명 후보   소공동주민센터 사전투표 현장	일시후원: 국민은행 794001-04-154041 서울의소리(강경자) ✓전화후원: 1877-1590 ✓정기후원: ...	48644	6357	267	1
hEtiFqoMiys	이른 아침, 이재명 후보 사전 투표!	투표 #이재명 #대선 ✓일시후원: 국민은행 794001-04-154041 서울의소리(강경자) ✓전화후원: 1877-1590 ✓정기후원: ...	6475	1461	173	1
L19zUtcfW-c	[공유] 〈가난과 눈물의 씨앗〉 - 소년공 이재명이 쏘아 올린 희망 공약 (3편)	공유영상 : 유튜브 '델리민주' https://youtu.be/VHGNtuPMnvk 따뜻하고 감동적인 소년공 이재명의 삶과 그가 꿈꾼 세상. 진정성 있는 ...	84	43	0	1
cdE5f7SSdZk	이재명 '역사와 국민을 믿습니다!'	정치는 국민이 하는 것입니다. 민생, 경제, 평화, 통합의 길을 꿋꿋하게 걸어가겠습니다. 흔들림 없이 국민과 함께 하겠습니다.	174	18	1	1
VAc9FIrJ81w	[이슈분석] 막판까지 안갯속 대선…단일화 효과가 판세에 미칠 영향은?	경제와이드 모닝벨 '이슈분석' - 최창렬 용인대 교양학부 교수 국민의힘 윤석열 후보와 국민의당 안철수 후보 간 야권단일화가 성사 ...	50	1	0	1
z22U2smC0bg	문재인의 유일한 업적 또 경험할 건가 이재명은 자신에 의해 근본적으로 부정된다	문재인 #이재명 #윤석열 #안철수 ♥ 후원안내 ♥ ※국내 후원 국민은행, 365202-01-189195 김*원 ※해외 후원 PayPal account: ...	133	22	0	-1
y0vth4DewmE	이재명, 광화문서 사전투표...'촛불든 국민 생각해 반드시 승리할 것'	이재명 더불어민주당 대선후보가 4일 오전 서울 중구 소공동 주민센터에서 사전투표를 했다.	21	1	0	1
xtQh-OkBPw4	#사전투표 이재명, 소공동센터 투표 현장 분위기~	① 08:40 '역사와 국민을 믿습니다' 광화문 사전투표 / 소공동 주민센터(서울 중구 남대문로1길 31-5) #사전투표 #소공동주민센터.	877	322	30	1
pqscVFFrvh0	권영세 '민주당, 정상적으로 선거 치를 자신 없나…지금이라도 이재명 사퇴 시켜야'	권영세 #더불어민주당 #이재명 #네거티브 #마타도어 권영세 국민의힘 선거대책본부장이 22년 3월 4일 서울 여의도 국회에서 열린 ...	5202	2305	156	-1
euFLoz02AtA	[풀영상]  장영하 변호사, 이재명 왼쪽 팔꿈치 장애 거짓말 관련 기자회견 (22.03.04)	장영하 #이재명 #기자회견 [풀영상] 장영하 변호사, 이재명 왼쪽 팔꿈치 장애 거짓말 관련 기자회견 (22.03.04) 시사포커스TV는 창간 ...	4187	3869	180	1
OAmR5-H5JH0	이재명을 지지하는 이유, 더불어민주당 최민희, 기호1번 더불어민주당 이재명 유세현장을 가다, 명동 눈스퀘어 20220301		16	1	0	1
ogwXZ3tI8fY	이재명 뽑으면 나라가 망한다고? 윤석열은?	이재명#윤석열#사전선거.	2402	550	70	-1
i2csAkDQ_ik	[비-됴 완판치] 본심을 알고싶다 - 이재명의 횡설수설	후원계좌 : 국민은행 067501-04-088071 (예금주:국민의힘 중앙당후원회) [후원시 유의사항] ① 개인 명의로만 후원 가능 - 법인, 단체, ...	1726	392	41	-1
L_FAnj3qhgU	[공유] [TV광고] 이재명이 보내는 여섯번째 메시지 [나를 위해]편	공유영상 : 유튜브 '이재명' https://youtu.be/zxDENWXRN8I #TV광고 #나를위해 #이재명.	245	99	4	1
MgcN8fi_q3k	더불어민주당 이재명 후보 홍천 유세 “태백산맥은 이재명이다!” - [끝까지 LIVE] MBC 중계방송 2022년 03월 04일	더불어민주당 이재명 대선 후보는 오늘(4일) 수도권과 강원 영서 지역을 순회하며 지지를 호소합니다. 이 후보는 강원도 홍천을 시작 ...	2359	261	0	1
0JfInABA9A4	[열린TV] #이재명 #사전투표 '승리는 언제나 국민의 몫이 될 것'	4일 오전 이재명 더불어민주당 대통령 후보는 소통과 통합의 상징인 광화문과 시청 광장 인근 소공동 주민센터에서 사전투표를 했다.	2	0	0	1
LjW9oTrf-44	이재명 지도자만 잘 뽑으면 5대 강국 될수 있다#shorts	이재명 지도자만 잘 뽑으면 5대 강국 될수 있다#shorts.	72	29	0	1
Ayd3vbkVEK0	[매일TV] 이재명 4일 사전 투표 '선택 기준은 경제 위기극복·평화·통합' 20220304	'매일TV' 채널 구독! Subscribe! 클릭! ▷ https://bit.ly/3dmT620 이재명 20대 대선 사전 투표 현장 | 20220304 #이재명 #사전투표 ...	3	0	0	1
EbpKOMnc3qs	김기현 '가짜 특검하자면서 쇼를 벌인 민주당, 특별검사 이재명 측에서 지정? 코미디'	김기현 #더불어민주당 #특검 #이재명 #윤석열 김기현 국민의힘 원내대표가 22년 3월 4일 서울 여의도 국회에서 열린 국민의힘 확대 ...	4037	700	37	-1
O5iLidzaoYU	[이재명 레디고 10초] '다시 경제! 재래시장 지원 좀 예~' 전 국민의 생생한 목소리와 뜨거운 응원릴레이!  (울산광역시 언양알프스시장-44)	이재명 #을지로위원회 #울산광역시_언양알프스시장 #다시_경제활활 #재래시장_더 #을의든든한깐부 #응원릴레이 #10초.	128	50	1	1
Ak3BsRdjt3I	질풍가도 선거캠페인송, 기호1번 더불어민주당 이재명 유세현장을 가다, 명동 눈스퀘어 20220301		33	1	0	1
IyRI2zvN78s	이재명 광화문, 윤석열 부산서 사전투표	이재명 광화문, 윤석열 부산서 사전투표 '사전투표율 30% 돌파' 전망 우세…어느 후보에게 유리할지 예측불허 [2022.3.4 방송] 김진의 ...	140	7	2	1
70N5DoIluGg	저도 1번 이재명이예요.^^ 동물건강보험, 내 생명을 지켜주니까요~	3/3 ⑤ 17:00 '강서는 이재명으로 결정했어요!' [강서 유세] / 발산역 1번 출구(서울 강서구 공항대로 269-15) #강서유세 #발산역.	209	76	2	1
Xu135vY9imM	안철수 딘일화 후 첫 종로유세, 가장 강력한 메세지 연설~ #이재명	3/3 ③ 12:00 '우리 모두를 위해, 성평등 사회로' [여성 유세] / 종로 보신각터(서울 종로구 관철동 45-5) #사전투표 #여성유세 #보신각 ...	161	44	6	1
pN_0yEG34Tk	3/4(금) - 안철수 단일화 협박정치?(윤호중)/ [말말말] “윤석열 투표 손가락”(박성준) “이재명 살인 변호”(김은혜)/ 코로나 여름이면 편안(최재천) [김현정의 뉴스쇼]	3월4일(금) 김현정의 뉴스쇼 ▣ 라이브 방송 안내 뉴스쇼 라이브 방송 | 매주 월~금 오전 7시20분~9시 댓꿀쇼 라이브 방송 | 화·금 주 2 ...	163885	3071	240	-1
IutL4BhyhhQ	[7947] 유시민 + 원희룡, 이재명은 계산 빠른~좀팽이	유 전 이사장은 이 후보의 약점으로 “손익 계산이 너무 빠르다. 너무 정확하다”라고 지적했다. 유 전 이사장은 “지도자는 때로 손해 볼 줄 ...	58	4	0	-1
-1gYtczqHdI	D-5 이재명후보 사전투표 현장!!(소공동 주민센터)	이재명 #이재명은합니다 #우리를위해이재명 후원 : (국민) 453201-04-048641 한민우 후원금은 현장에서의 활동비로 소중히 사용 ...	1352	276	4	1
