ID	title	description	viewcount	likecount	commentcount	label
3mP6dXi5lQY	[에디터픽] &#39;尹- 安 단일화&#39;…안철수 지지층 이동에 여야 &#39;주목&#39; / YTN	"윤석열·안철수 '막판 단일화'…민주당서 비판 쏟아내 與 최재성 ""안철수 단일화, 돈 보고 결혼"" 비판 與 최재성 ""안철수, 1년 후 손가락 ..."	29428	382	0	-1
dD5_ygd2CYY	미래 세대에게 &#39;안철수&#39;가 말했다, 과학은 현실입니다 / 최재천의 아마존	본 영상의 제작 목적은 미래를 위한 중요한 결정을 앞두고, 미래세대를 위한 깊은 담론과 공약이 없어 그 이야기를 듣고자 제작 ...	2005	144	72	1
Db14ljQCnEc	윤석열-안철수 단일화 승부수.. 민주 지지층 &#39;여권 결집 효과&#39; 일으키나 (뉴스데스크 2022.3.3 광주MBC)	윤석열-안철수 단일화 승부수.. 민주 지지층 '여권 결집 효과' 일으키나 (뉴스데스크 2022.3.3 광주MBC) #안철수 #윤석열 #단일화 ...	6085	378	144	1
ZVSKZDAiV5c	윤석열-안철수, 단일화 선언.. 호남 민심의 방향은? (뉴스데스크 2022.3.3 광주MBC)	윤석열-안철수, 단일화 선언.. 호남 민심의 방향은? (뉴스데스크 2022.3.3 광주MBC) #윤석열 #안철수 #단일화 #호남 #MBC뉴스 ...	3217	157	107	1
PLKODcaXTek	윤석열-안철수, 단일화 선언 민주 '비상체제'·· 국힘 '정권교체' (뉴스데스크 2022.3.3 광주MBC)	"윤석열-안철수, 단일화 선언 민주 ""비상체제""·· 국힘 ""정권교체"" (뉴스데스크 2022.3.3 광주MBC) #윤석열 #안철수 #단일화 #MBC뉴스 ..."	1076	23	35	1
LV9FfMoWaDQ	윤석열·안철수 단일화 극적 성사 안철수 후보 사퇴 [이슈픽]	윤석열, 안철수 두 후보가 야권 단일화를 선언하는 공동 기자회견을 가졌습니다. 안철수 후보는 단일화 발표 뒤 후보직을 사퇴했는데요 ...	807	21	27	1
mK2U0DllOI0	윤석열,안철수 단일화, 오늘 사전투표 시작! 외 | 패트롤전북 220304 | 재미 LIVE	패트롤전북 #단일화 #사전투표 #지역뉴스 ✓내용 - 윤석열,안철수 단일화 - 오늘 사전투표 시작! - 전북과 새만금 외 ✓출연 참여자치 ...	362	15	1	1
r2NMmOQw32M	신문브리핑 3 '단일화 없다더니…안철수, 또 &#39;철수&#39; 왜' 외 주요기사 [아침&amp;매일경제]	"(매경)신문브리핑 3 ""단일화 없다더니…안철수, 또 '철수' 왜"" 외 주요기사(0304) #아침앤매일경제 #신문브리핑 #이상훈앵커 #윤석열 ..."	1324	38	33	-1
6nTl7KBgohw	[TV CHOSUN LIVE] 3월 3일 (목) 뉴스 9 - 윤석열·안철수, 전격 단일화	"[TV CHOSUN LIVE] 3월 3일 (목) '뉴스 9' 주요뉴스 ○ 윤석열·안철수, 전격 단일화…이재명 ""역사와 국민 믿는다"" ○ '새벽 150분' 심야 ..."	4083	152	17	1
oMB1eBLxlRo	윤석열-안철수 단일화로 도배된 토론회 후속 보도(feat. 법정토론, 특검, 대장동, 주가조작, 페미니즘, 윤석열, 이재명, 안철수, 심상정) [정준희의 해시태그 98회]	진 행 : 정준희 (언론 비평가) 거의없다 (영화 비평 크리에이터) ▷게스트 : 김만권 (경희대학교 학술연구교수) 이봉우 (미디어인권 ...	48454	6808	323	-1
jXLTCNpXg78	‘재외국민 모독’, 안철수 찍은 재외국민 표 사표... 국민청원도 등장 | KTN News	본 클립은 KTN 저녁뉴스 중 일부 소식만을 발췌한 영상입니다. 1. 00:00 '재외국민 모독', 안철수 찍은 재외국민 표 사표... 국민청원도 ...	116	5	3	-1
IwZGryRRzFA	[찐경제] 안철수의 선택, 단일화 진짜이유-명분보다 정치경제적 실리 챙겼다. 자리보장 받고, 주가도 올리고… 단일화 하룻새 90억 벌었다 (2022.3.4 오전)	[찐경제] 안철수의 선택, 단일화 진짜이유-명분보다 정치경제적 실리 챙겼다. 자리보장 받고, 주가도 올리고… 단일화 하룻새 90억 벌었 ...	108203	0	0	1
yww2tsa1deU	윤석열 안철수 단일화 결말이 보인다 - 세종시 용한 무당 점집 추천 후기 천향 보살	윤석열 #안철수 #단일화_결말이_보인다 #점집추천 #점집후기 #용한무당 #용한점집 #세종시점집 #세종시점집추천 #삼재풀이 ...	1259	96	3	1
zVNin74e8xs	단일화 합의, 대선 정국 술렁. 부산 지역 표심은 어디로? (2022.03.03/뉴스데스크/부산MBC)	단일화 합의, 대선 정국 술렁. 부산 지역 표심은 어디로? (2022.03.03/뉴스데스크/부산MBC) ▷ 대선을 불과 6일 남겨두고 윤석열 후보 ...	2124	49	107	1
pN_0yEG34Tk	3/4(금) - 안철수 단일화 협박정치?(윤호중)/ [말말말] “윤석열 투표 손가락”(박성준) “이재명 살인 변호”(김은혜)/ 코로나 여름이면 편안(최재천) [김현정의 뉴스쇼]	3월4일(금) 김현정의 뉴스쇼 ▣ 라이브 방송 안내 뉴스쇼 라이브 방송 | 매주 월~금 오전 7시20분~9시 댓꿀쇼 라이브 방송 | 화·금 주 2 ...	163885	3071	240	-1
clXcPFXbKC0	국민의힘 전북도당, '윤석열-안철수 단일화 환영'	"국민의힘 전북도당이 성명을 내고 국민의힘 윤석열 후보와 국민의당 안철수 후보의 단일화를 환영한다고 밝혔습니다. 도당은 ""이번 ..."	2	0	0	1
pduNO_AggqI	성기철의 뉴스포커스 -윤석열 안철수 단일화 파장 어디까지 20대 대선 마지막 여론조사 철저분석 *초대석 김종필 정치평론가	윤석열안철수#단일화#여론조사 윤석열 안철수 단일화 파장 어디까지 20대 대선 마지막 여론조사 철저분석 진행 성기철 출연 김종필 ...	96	14	0	1
YchFn0blBws	[송국건의 혼술] ‘표’의 大이동 안철수→윤석열로 50%+알파, 이재명으로 25%	2017년 대선과 사전투표율 비교해 보니 안철수 지지자 절반은 윤석열, 4분의1은 이재명에게 간다 윤석열-안철수 단일화 언론마다 ...	13117	4629	194	1
TOsGibhYnZE	[뉴스라이브] 최재성 전 정무수석 '安 단일화, 돈 보고 결혼한 것' / YTN	진행 : 김선영 앵커, 김대근 앵커 □ 출연 : 추은호 / 해설위원, 차재원 / 부산 가톨릭대 특임교수 * 아래 텍스트는 실제 방송 내용과 차이 ...	11049	466	266	1
hMVO7hdFGDc	안철수 후보가 직접 나서 가지고 윤석후보를 지지한다. 아직까지 안철수 후보가이준석 대표에 대한 앙금이 풀리지않은 것 같습니다. 안철수는 왜? 안철수 결국 사고쳤네요	안철수 후보가 직접 나서 가지고 윤석후보를 지지한다. 아직까지 안철수 후보가이준석 대표에 대한 앙금이 풀리지않은 것 같습니다.	591	25	0	-1
R_hfEBpJuS8	박근혜, 외나무 다리 위에서 윤석열 안철수 만났다!#안철수 제 무덤 팠다#尹-安 단일화 바람 심상찮다#김종인 왜 침묵할까#安한테 고추가루 뿌린 이준석#박근혜,윤석열 녹취록 보았나?	윤창중칼럼세상은 보수우파의 집권이 목표입니다. 실현 가능한 해법과 방향을 분명히 제시합니다. 윤칼세를 도와주십시오. 윤칼세TV ...	7032	1380	48	-1
BdvYKXSKY7Q	윤석열, 안철수 고향 부산서 사전투표 완료	제20대 대통령선거 사전투표 첫날인 4일 오전 윤석열 국민의힘 대선후보가 부산 남구 대연동 부산남구청에 마련된 사전투표소를 찾아 ...	68	6	0	1
b6NcDSA9PcI	윤호중 '안철수 의문의 단일화, 기획된 협박정치 결과일 수도” #정치_생명	라이브 방송 안내 뉴스쇼 라이브 방송 | 매주 월~금 오전 7시20분~9시 댓꿀쇼 라이브 방송 | 뉴스쇼 본방송 끝나자마자 이어서 오전 9시 ...	5826	456	129	-1
dwgoEKSDK-0	독썰라이브 34화 '안철수의 부도수표, 이재명이 웃는다'	1. 오늘의 여론조사 : 단일화, 효과 없다 2. 뉴스체크 : 심상정은 뭥미? 3. 최한욱의 썰 : 안철수의 부도수표, 이재명이 웃는다.	1500	444	2	1
H4vyaHmSlM0	안철수 새벽 사퇴는 윤석열에게 악재다	사전선거#안철수사표#윤석열단일화.	2577	440	72	-1
ipexy1fzhPE	[7945] 윤호중, 안철수가 협박 당해서 단일화 되었을 수도	이와 함께 앞서 윤석열 후보가 단일화 무산 배경을 설명하던 자리에서 나왔던 '못 만나면 깐다'라는 파일에 대해 의혹을 제기했다.	48	3	2	-1
39lJaUeUbxU	안철수가 윤석열 편을 들었다면? 안철수의 선택, 단일화 진짜이유-명분보다 정치경제적 실리 챙겼다 자리보장 받고, 주가도 올리고…	안철수가 윤석열 편을 들었다면? 안철수의 선택, 단일화 진짜이유-명분보다 정치경제적 실리 챙겼다 자리보장 받고, 주가도 올리고…	552	14	1	1
CUjnYvSDgAg	Live-오늘 사전투표/국민 믿는 이재명/윤석열 “박근혜는 내가 감빵 보냈다”/안철수, 정치에서 철수/안철수 vs 이준석/베이징 패럴림픽	멤버쉽 링크 - https://www.youtube.com/channel/UCkI2g2FvX-haxXqqDMqc96A/join 송작가TV몰 링크 ...	3695	5819	0	1
8kev7-OOwQY	[충격현장] 윤석열, 부산 사하구 도착!! PK출신 안철수 시너지 시작했다!	종이TV 자율구독료 ○ 카카오뱅크 3333-03-8393457 박ㅈㅇ 국민 632302-04-024991 박ㅈㅇ ○ 종이의 멤버십 ...	6938	4233	26	1
I9iAVRvekKk	권영세 '윤석열-안철수 단일화에 막말한 민주당, 뭐가 그렇게 무섭나?'	권영세 #윤석열 #안철수 #이재명 #김동연 권영세 국민의힘 선거대책본부장이 22년 3월 4일 서울 여의도 국회에서 열린 국민의힘 ...	4676	764	67	-1
XlQSi8VVsNM	단일화 과정 총정리 태디 왈 '3월8일 윤석열 좌우로 안철수 이준석 서는그림이 보고싶다!'	백성문 #김태현 정치 계의 두 절친 법조인 김태현 백성문 변호사의 정치 토크쇼 [정치왓수다] 후원 계좌 우리은행 1005-903-567338 ...	2120	291	17	1
B_YadS98WVI	권영세 '與, 윤석열·안철수 단일화에 &#39;쓰레기&#39;라는 막말까지”	권영세 국민의힘 중앙선거대책본부장이 4일 국회에서 열린 확대선거대책본부 회의에 참석해 윤석열·안철수 후보의 단일화에 대해 ...	1146	139	14	-1
vpfGMWTgNqk	제20대 대통령선거 사전투표 핫이슈 윤석열후보 안철수후보 단일화 이재명후보 김동연후보 단일화 정의당 심상정후보 유일한 제3지대후보 호소	제20대 대통령선거 사전투표기간 3월4일(금)~3월5일(토) 오전6시~오후18시 코로나19 확진자 격리중인 유권자 3월5일 18:00~19:30 ...	4	0	0	1
4Cy61nPyXqw	박성준 '안철수, 손가락 자르겠다더니' vs 김은혜 “정권교체 국민통합”	라이브 방송 안내 뉴스쇼 라이브 방송 | 매주 월~금 오전 7시20분~9시 댓꿀쇼 라이브 방송 | 뉴스쇼 본방송 끝나자마자 이어서 오전 9시 ...	9338	328	235	1
ycWS-YqhtvQ	[11시 김광일 쇼 LIVE] 마지막 대선 후보 여론조사가 끝까지 간다 | “안철수, 당권 도전할 것… 이준석 달가운 상황 아닐 듯”	조선닷컴 공식 홈페이지 http://www.chosun.com 조선일보 무료 구독 체험 http://bit.ly/2WnNAF7 ◈ 사실에 대한 믿음, 할 말을 하는 ...	34313	14326	0	1
m7KiFyQdJ-U	[황보선의 출발 새아침] FULL 다시보기 l 안잘알 이상돈이 말하는 '네번째 철수', 尹-安 단일화 '민주당 결집' vs '국민의힘 승리' l 220304	"YTN FM 94.5MHz 우리의 이슈가 뉴스를 바꿉니다. 세상을 깨우는 ""황보선의 출발 새아침"" 중심잡힌 시선으로 가장 뜨거운 이슈를 ..."	10174	501	25	1
VAc9FIrJ81w	[이슈분석] 막판까지 안갯속 대선…단일화 효과가 판세에 미칠 영향은?	경제와이드 모닝벨 '이슈분석' - 최창렬 용인대 교양학부 교수 국민의힘 윤석열 후보와 국민의당 안철수 후보 간 야권단일화가 성사 ...	50	1	0	1
gVwbWA-o6v8	윤석열-안철수 단일화 PK표심 영향은?	[앵커] 사전투표를 하루 앞두고 이뤄진 윤석열-안철수 두 후보의 단일화가 부산,경남 표심엔 어떤 영향을 미칠지가 관심사입니다.	6	0	1	1
ZgwqCEZ-L-8	대선 사전투표 하루 전 이낙연·원희룡 충북서 &#39;유세 맞불&#39; / HCN 충북방송	윤석열 국민의힘 후보와 안철수 국민의당 후보의 단일화로 대선판세가 요동치고 있는데요. 이런 가운데 민주당 이낙연 총괄선대 ...	144	4	1	1
F-ufzI2mEyc	[박대표 운명돌파]  김동연 '윤석열·안철수 단일화는 야합'…이재명 '결단 감사', 이재명 '초박빙…열표 차로 결정 날지도 몰라'	정치인물분석 #사팔랩 #박대표 #정치인의운명 #더불어민주당 #이재명후보 #국민의힘 #윤석열 #인물심리분석 #이재명 #지지율조사 ...	0	102	0	-1
Xu135vY9imM	안철수 딘일화 후 첫 종로유세, 가장 강력한 메세지 연설~ #이재명	3/3 ③ 12:00 '우리 모두를 위해, 성평등 사회로' [여성 유세] / 종로 보신각터(서울 종로구 관철동 45-5) #사전투표 #여성유세 #보신각 ...	161	44	6	1
_avcmH_94tg	사전투표 시작, 막오른 20대 대선...단일화 후폭풍은? / YTN	진행 : 강진원 앵커, 박상연 앵커 □ 출연 : 박서경·김태민 / 정치부 기자 * 아래 텍스트는 실제 방송 내용과 차이가 있을 수 있으니 보다 ...	2808	36	56	1
D8tkHslqq3c	[대담] 이준석 국민의힘 대표가 느낀 광주 사전투표소 분위기는? / KBC뉴스	대선 사전투표 첫 날인 오늘(4일) 각 당의 대선후보들과 당대표 등이 광주에서 사전투표를 했습니다. 전남대학교에서 사전투표를 한 ...	469	20	12	1
W-U2085WPyg	열린민주당 최강욱=국민의당 안철수	정당#유시민#최강욱#열린민주당#안철수#국민의당#국민참여당#정당개혁#국회개혁 일부 아파하고 있을 국민의당 지지자분들에 ...	15	2	0	1
vSve2upFkfw	윤석열+안철수 단일화로 정권교체 성큼!이재명 테마주들 대폭락! 돈은 거짓말하지 않는다! 윤석열 안철수 주가 급반등!	윤석열+안철수 단일화로 정권교체 성큼!이재명 테마주들 대폭락! 돈은 거짓말하지 않는다! 윤석열 안철수 주가 급반등!	1118	28	0	1
Yq7utGlVSH8	#안철수 #철수 #철수생각 #주옥같다		1	1	0	1
pQvY0hvz-CU	윤석열·안철수 합동유세 언제? 권영세 “오늘 중으로 만나서 협의할 생각”	권영세 국민의힘 중앙선거대책본부장이 4일 국회에서 열린 확대선거대책본부 회의 참석 후 가진 기자와의 질의응답에서 윤석열· ...	15	4	0	1
RpbdUqFD58E	대선 D-5: 안철수·윤석열의 현재 행보는 &#39;이럴 거면 단일화를 왜 했나?&#39; 의문 생길 정도다(ft. 사전투표 시작)	3일 오전 갑작스러운 단일화 발표를 하며 국민들을 놀라게 했던 국민의당 안철수 대표와 국민의힘 윤석열 후보의 공동 유세 계획은 ...	1	0	0	1
3o21EHkwv5g	2022년 3월 4일 (금) JTBC 아침&amp; 다시보기 - 오늘·내일 사전투표 실시…&#39;사퇴&#39; 표기	3월 4일 (금) 아침& 주요뉴스 □ 오늘·내일 사전투표 실시…'사퇴' 표기 오늘(4일)과 내일 이틀 동안 20대 대통령 선거 사전투표가 실시 ...	1250	21	7	1
E7iei4nht9w	신문브리핑 4 '野 단일화에 긴급회의 연 與…'국민·역사 믿는다' 호소' 외 주요기사 [아침&amp;매일경제]	"(매경)신문브리핑 4 ""野 단일화에 긴급회의 연 與…""국민·역사 믿는다"" 호소"" 외 주요기사(0304) #아침앤매일경제 #신문브리핑 ..."	925	29	15	1
