ID	title	description	viewcount	likecount	commentcount	label
XquesYmprws	[#알고리줌] 안철수 지지표, 어디로 향할까? / YTN	YTN 알고리줌(ZOOM) 74회 다시 보기 1 (2022년 3월 4일) [마지막 변수 - ①야권 단일화] - 안철수 지지표, 어디로 향할까? - 단일화 ...	195830	10731	4722	1
LIwLAQSjLT0	안철수 후보가 단일화를 선택한 이유는? #shorts	어음 보다 현찰 #안철수 #단일화 #사퇴.	780	37	0	1
5_igX64-WQk	안철수가 단일화 수락한 이유, 바로 이것 때문...향후 안철수의 역할	조선닷컴 공식 홈페이지 http://www.chosun.com 조선일보 무료 구독 체험 http://bit.ly/2WnNAF7 당신의 건강과 행복을 위한 채널 ...	29370	4878	123	1
0Jm_TAISnyA	[정치人싸] 사전투표 2일차! 윤석열-안철수 단일화가 미칠 영향은? - 현근택, 천하람, 김준우 &amp; 허일후 아나운서	인싸를 꿈꾸는 네 남자의 유쾌·상쾌·통쾌 정치 토크쇼! | 시즌 3 PPL을 원하시는 분은 댓글 혹은, mbcradiofocus@gmail.com 으로 메일 ...	25048	3423	0	1
syErhxTBuNM	뉴스포커스-윤석열 안철수 단일화 파장 어디까지	윤석열#안철수#단일화 윤석열 안철수 단일화 파장 어디까지 진행 성기철 출연 김종필 정치평론가.	37	4	0	1
jFP_Psq0wLc	윤석열, 수도권 집중공략…안철수 지원 유세 / 연합뉴스TV (YonhapnewsTV)	윤석열, 수도권 집중공략…안철수 지원 유세 국민의힘 윤석열 대선 후보는 오늘(5일) 하루 충북과 수도권에 집중합니다. 국민의당 ...	1884	113	15	1
NSluNYBkTf0	안철수의 단일화 표심, 허경영 후보에게 몰리고 있으니... [나폴레옹TV]	안철수 #단일화 #허경영 #단일화 표심작용.	282	133	9	1
F-v_AiurqxI	[토요와이드] 대선 D-4…국민의힘 이준석 대표에게 듣는 판세와 전략 / 연합뉴스TV (YonhapnewsTV)	[토요와이드] 대선 D-4…국민의힘 이준석 대표에게 듣는 판세와 전략 [출연 : 이준석 국민의힘 대표] 앞서 민주당 송영길 대표에 이어 ...	6143	288	87	1
mBp60QPVUDk	경상도 출신 70대 어르신의 걱정... '도저히 윤석열을 찍을수 없다. 단일화? 국민 속이고 지지자도 속이는 안철수!'	이재명 더불어민주당 대선 후보는 4일 오후 서울 강동문화회관 앞에서 집중유세를 가졌다. 이 영상은 현장에서 만난 이재명 후보의 ...	129071	0	1915	-1
67X964xrVPk	[최병묵의 팩트] 후보단일화 효과 실증적 분석	윤석열 안철수 후보 단일화가 얼마나 영향을 미칠까요. 정치권에서 공방이 치열한데 과거 단일화 전과 후의 지지율 변화를 검증해 ...	17835	4628	129	1
F5SgCdm6LRk	미동부 최대 한인방송 / 뉴욕시장 방역조치 해제 / ‘안철수 방지법’ 국민청원 /  '유가 사상최고가 넘어 185달러 간다'	바이든, 우크라 지원 위해 의회에 100억달러 승인 요청 -우크라인 7만5000명에 '임시 보호 신분' 적용 -백악관, '러시아산 석유 수입 ...	1462	95	5	1
O1CiwmiygX0	안철수의 꽃은 아직 피지 않았습니다.	꿈은 이루어 집니다. 세력의 없다면 세력을 만들면 됩니다.	86	43	0	1
AM6hEYJkxoc	#습관 은 무섭다 #천성 이 된다 #안철수	습관 은 무섭다 #천성 이 된다 #안철수 #윤석열 #국민의힘.	3	0	0	1
Q8lY0eGHU4A	그래도 안철수밖에 없다.	그래도 안철수밖에 없다.	331	107	19	1
JQ9ayGUdoWs	이재명·윤석열 앞다퉈 울진으로…대선 막판 총력전 / 연합뉴스TV (YonhapnewsTV)	이재명·윤석열 앞다퉈 울진으로…대선 막판 총력전 [앵커] 대선이 나흘 앞으로 다가온 가운데 여야 대선 후보들은 각 지역을 돌면서 ...	1730	56	20	1
31gfmdPHATI	산불 현장 찾은 李·尹...사활 건 수도권 득표전 / YTN	[앵커] 20대 대선 사전투표가 오늘까지 진행되는 가운데 이재명, 윤석열 두 후보는 경북 울진 산불 피해 현장을 찾아 이재민을 위로 ...	3296	127	81	1
9pVjPfDXafo	[토요와이드] 대선 D-4…민주당 송영길 대표에게 듣는 판세와 전략 / 연합뉴스TV (YonhapnewsTV)	[토요와이드] 대선 D-4…민주당 송영길 대표에게 듣는 판세와 전략 [출연 : 송영길 더불어민주당 대표] 대선이 이제 딱 사흘 앞으로 다가 ...	1394	60	35	1
up31w0LgJpU	[위클리벳 284회] 20대 대통령 선거 주요 후보 동물 공약 총정리!	위클리벳 269회에서 20대 대통령 선거 기호 1번 이재명 더불어민주당 대선후보의 동물복지 공약을 살펴 ...	18	2	0	1
weD-5f_M-o4	안철수-팍늙--5일,후_시나리오	주식거래하는 집단 지성 영향, 중도층 표가 중요한데...	4	0	0	1
9_jS86kEKZY	[위클리벳 284회] 20대 대통령 선거 주요 후보 동물 공약 총정리!	위클리벳 269회에서 20대 대통령 선거 기호 1번 이재명 더불어민주당 대선후보의 동물복지 공약을 살펴 ...	16	2	1	1
qHzn614a6XU	[생중계] 안철수 대표 첫 지원유세... 윤석열 후보, '쌀맛 나는 세상, 투표로 열어주세요!' 경기 이천 유세 (2022.03.05 오후)	"[생중계] 안철수 대표 첫 지원유세... 윤석열 후보, ""쌀맛 나는 세상, 투표로 열어주세요!"" 경기 이천 유세 (2022.03.05 오후) #윤석열 ..."	0	0	0	1
tNxB_Xs5Jsg	북한인권정책에 대한 ‘대선 후보’들의 생각은?[GOODTV NEWS 20220304]	국제인권단체 휴먼라이츠워치가 각 정당 대선 후보들에게 보낸 '북한 인권 정책'에 대한 질의서의 답변을 공개했습니다. 국민의당 ...	4	0	0	1
UoCE8H7G8HA	남욱 “김만배, 기자 집구매 6억전달”!이재명 선대위 단장,폭탄선언문!이재명,결국 패배시인 빼박 입장문!부산대구 대첩-윤석열,충격유세 하이라이트!안철수 홍준표,방금 중요한 입장문!	김건희 팬카페(건사랑)--https://m.cafe.naver.com/ca-fe/gunsarang 윤석열TV: ...	34015	10401	486	1
lAyicnDUp0A	시사논평 | 윤석열을 안철수로 최면(催眠) 걸자 | 적폐 청산하고, 아픈 국민 치료하고, 병든 나라 살리는 최고의 조합 | 안철수를 믿는 것은 우리 자신을 배신하지 않는 것이다 |	유순호 '정치,역사,문화칼럼' TV 자발적 구독료(후원)｜국민은행：765201-04-239649 (예금주 유순호) #왕자#알바트로서#정치검사# ...	299	132	67	1
P3xpMBqOFp0	이준석, 6~8%p차 이상으로 윤석열 후보가 이길 겁니다!!	연합뉴스tv 22.03.05 #이준석 #준스톤 #윤석열 #사전투표 #부정선거음모론 #안철수 #단일화 #국민의힘합당 #국민의당합당 #대장동 ...	2210	477	116	-1
jRCqX4pe9W0	[충격현장] 윤석열, 충주!! 대선 승리 굳히기 들어갔다!!	종이TV 자율구독료 ○ 카카오뱅크 3333-03-8393457 박ㅈㅇ 국민 632302-04-024991 박ㅈㅇ ○ 종이의 멤버십 ...	5069	3654	0	1
THq_QLN42bQ	온라인 커뮤니티  2번남 구분으로 다 뒤집어 지고 있다	유튜브 이송원TV 3월 5일(토) 오전 9시에 역대급 사전투표율이 역풍의 증거 언론사가 선거개입 하네요? 온라인 커뮤니티 천지개벽이 ...	23332	7633	25	-1
rHUHxf4Klik	찍을사람 없는 사람, 안철수 지지자는 11번 조원진으로 대동단결!	with CameraFi Live.	0	4	0	1
iQAt3o5sabY	동영상 하단의 설명을 참고해 주십시오 3/5 기도모임	우파유튜버들이 안철수씨를 중직에 기용해야하는 말을 하지 않도록 기도해 주십시오 그들이 우파여론을 잘못 이끄는것을 막아지도록 ...	1007	149	3	-1
ghtkzMma55E	이준석 '민주당이 야당 될 것을 예감하고 있다'	이준석#송영길#윤석열#이재명#안철수#대장동 연합뉴스tv(22.03.05)	3105	307	44	-1
nEqOC9xodVM	김재원 '윤석열, 사전선거 10만 특별 감시단 특명 내렸다!'	[출처:신의한수_220304] #김재원, #윤석열, #이재명, #안철수, #심상정, #허경영, #국민의힘, #더불어민주당, #기생충, #shorts, ...	95	16	2	-1
PCJ-oM-3rxI	투표하면 이긴다! 무식,무법,무당, 윤석열은 아이다! [시사금광]	윤석열낙선 #투표 #안철수 #단일화 - 금요일에 만나는 미친시사 생방송 시사금광 - 윤석열 - 안철수 단일화, 윤석열 투표 새치기, ...	1413	379	13	1
7CD6WhmVoLc	너흰 아니야 (윤민석 글, 곡) #윤석열 #국민의힘	안철수 #단일화 #윤민석 너흰 아니야 (2022) - 윤민석 글.곡 1. 그래 너희들이 말하는대로 이재명은 전부 가짜인지도 몰라 프레스에 ...	32	29	4	-1
NxFd3TjJAIE	이준석 안철수 예우---5일,후_시나리오	주식거래하는 집단 지성 영향, 중도층 표가 중요한데...	3	0	0	1
WdbXbkgvyfU	[청년들 주목] 윤석열 이재명 결판의 날, 사전투표 웨안헤? #shorts	대선 #사전투표 #선거 #전국청년연합 #바로서다 #윤석열 #이재명 #안철수 #심상정 #대선 #2030 #청년 전국청년연합 '바로서다'는 ...	4	1	0	1
_EWbaop2QUc	[20대 대통령선거] 3월 5일 대통령선거 구글트렌드 분석 이재명 58% : 윤석열 42%,	2022 ,20대 ,대통령선거 ,대선 ,2022대선 ,이재명 ,윤석열 ,안철수,심상정 ,20대 대선 ,20대 대통령, 선거유세 ,대통령후보 ,선거운동, ...	35	5	0	1
kr9gEquz9u8	정치적 성향 , 보수와 vs 진보. 의미있는 싸움일까? @방송대 지식+  방송대 | 방송통신대 | 더불어민주당 | 국민의힘 | 대통령 | 지방선거	출연 및 제작문의 knoutube@gmail.com #대통령선거 #우파 #좌파 - 세상에 모든 전문지식! 여러분의 교양채널입니다. - 방송대 정보 ...	398	48	0	1
Maxq5bQ_CA0	사전투표 둘째날, 오전 9시 투표율 20.17%…역대 최고치 / 연합뉴스TV (YonhapnewsTV)	사전투표 둘째날, 오전 9시 투표율 20.17%…역대 최고치 [앵커] 오늘(5일)은 사전투표 둘째 날이죠. 오전 6시부터 전국에서 일제히 ...	1101	30	18	1
tpldRAF6JM4	(대선현장중계) 윤석열 등장에 충주 뒤집어졌다! 정권교체 충주 시민 단일화! / 2022.03.05	충주유세 #충북유세 #충청도유세 #미래교육공동협력센터 #단일화 #안철수 #윤석열 #대선유세 #대구 #경북 #경상도 #영남권 ...	25930	9587	0	1
udHDHxvFKHE	윤서인 논란 윤석열측, 대형 악재 또 터졌다! 국민의힘 대학생 간부 '투표장에 반자이 돌격' 논란 - 이준석 선넘은 물타기 논란.. 분노한 안철수 지지그룹 이재명 지지선언	윤서인윤석열캠프합류후해촉 #국민의힘대학생간부반자이돌격 #이준석선넘은물타기놀난 #안철수지지그룹이재명지지선언 ...	13977	5851	250	-1
UTAvqxdY9nU	사전투표를 하고 나서~ #shorts	BGM}--------------------------- Music provided by 브금대통령 Track : 노을의 저편에서 - https://youtu.be/-8aP4tZa12Y ...	5	1	0	1
jRPCWNiFGHw	3월9일 소중한 한표. 국민이  이재명과 단일화 합니다 차기대통령 이재명후보를 압도적 표차로 당선시키고, 적폐 쓰레기들을 청소할것입니다. 안철수는 또다시 국민과 유족 마져도 속였다		0	0	0	1
uzoFb0y-SUo	옆에 있으면 사기 당한다? 피해야 할 관상 [동자법당 ☎010-4946-4328]	전북군산점집 동자법당⭐ ▷상담문의 ☎️010-4946-4328☎️ ▷신당위치 : 전북 군산시 영화동 #피해야할관상 #관상 #피할관상 ...	20	1	0	1
NOIkjS0eI1M	지역신문이 발전하기 위해서는? #박한우교수 #지역신문 #대선 #뉴스미디어협상법	[박한우의 미래칼럼] 지역신문 발전에 모르쇠하는 대통령 후보들 대구신문 승인 2022.03.02 21:00 대통령 선거가 목전이다. 그렇지만 ...	0	0	0	1
pMc5I45VIH8	윤석열성대모사10_마지막토론_단일화,바람_대선후보성대모사_정치인성대모사_3차토론_재밌는성대모사_지용성비타민	열번째 윤석열 성대모사 입니다. 대선이 임박한 상황가운데 얼마전 마지막 토론과 단일화를 가지고 만들어 보았습니다. 재밌게 봐 ...	370	115	37	1
MST2q6p5idk	[용식이가 간다] 취중진담4. 국민들 스스로 개•돼지가 되어선 안된다.ㅡ 한국상인방송 ㅡ	정치 #국민의힘 #민주당 #윤석열 #이재명 #소상공인연합회 #소상공인방송 #한국상인방송 #홍준표 #전국상인연합회 #안철수.	20	1	0	-1
X_UP1igVkoA	(현장중계) 천만 애국 시민 광화문 총 결집! 압도적 정권 교체 열기!/ 2022.03.05	광화문 #전광훈 #경상도유세 #영남권유세 #태극당 #단일화 #안철수 #윤석열 #대선유세 #대구 #경북 #경상도 #영남권 #윤석열현장 ...	3191	816	0	1
QX9LzyJ_AUc	뉴스포커스-20대 대선 마지막 여론조사 철저 분석	대선#여론조사#분석 20대 대선 마지막 여론조사 철저 분석 진행 성기철 출연 김종필 정치평론가.	40	5	0	1
htXeSvomg4A	선거가 끝난 후 윤석열, 안철수	선거후 윤석열은 탈탈탈 해외도피? 안철수는 유학핑계 해외도피?	3	0	0	1
8XgMd0mNByE	진격의 안철수!! 철수아니고 진격이다😠(ft. Remember the name)		0	1	1	1
