ID	title	description	viewcount	likecount	commentcount	label
vo8viza3xZ8	이재명 투표 한장 6,787만원	2022대선 #대통령은이재명 #이재명#투표 한장 6787만원 #유정배 #춘천시장출마예정자 #유정배TV출동 #더불어민주당 #이재명 ...	52	2	0	1
KdXoONfTp9k	확신을 갖고, 이재명을 선택해주십시오	사전투표 #기호1번 #이재명 3월 4일(금)~3월 5일(토) 오전 6시~오후6시 양일간 사전 투표가 진행됩니다. 신분증만 있으면 전국 어디 ...	5413	2040	373	1
JQ9ayGUdoWs	이재명·윤석열 앞다퉈 울진으로…대선 막판 총력전 / 연합뉴스TV (YonhapnewsTV)	이재명·윤석열 앞다퉈 울진으로…대선 막판 총력전 [앵커] 대선이 나흘 앞으로 다가온 가운데 여야 대선 후보들은 각 지역을 돌면서 ...	1730	56	20	1
JR_ls2fufjg	D-5, 이 47% vs 윤 36%...11%p 격차로 &#39;이재명 당선 확실&#39; 예측	D-5, 이 47% vs 윤 36%...11%p 격차로 '이재명 당선 확실' 예측.	7482	4490	338	-1
EgjXjF2bC04	이재명 후보 기분 나빠서 기자들 대하는 태도 깜놀	[이봉규TV 멤버십 가입] https://www.youtube.com/channel/UCxuf3GXK290vcpFW0lxm0Uw/join 이봉규 TV 후원계좌 신한은행 ...	7256	4543	127	-1
QI6urSVSBQ0	이재명 “정치 끝내기엔 아직 너무 젊다“ '‘아이고, 쟤가 바로 그 사람이야’ 이런 손가락질 받고 싶지 않다”	제가 서울 지지율이 조금 낮다는 사실 인정한다” 패배인정 발언. 막판 감성에 호소해서 지지율 견인 꼼수.	14541	5331	457	-1
jvz4aJB9noE	[팩트TV 풀영상] (3.4) 더불어민주당 이재명 대선후보 &#39;더 큰 중랑! 새로운 광진! 뭉치면 이깁니다!&#39; 중랑-광진 유세	2022년 3월 4일 어린이대공원 후문에서 더불어민주당 이재명 대선후보 '더 큰 중랑! 새로운 광진! 뭉치면 이깁니다!' 중랑-광진 유세가 ...	608	145	16	1
_-xB7AP6anU	나를 위해 이재명! 투표하면 이깁니다!	강서 주민분들과 국민 여러분께 간절히 호소드립니다. 오늘보다 더 나은 내일이 기대되는 희망의 나라 여러분의 한 표로 만들 수 ...	84	44	2	1
F_C6B9i51O8	[팩트TV 풀영상] (3.4) 더불어민주당 이재명 대선후보 &#39;태백산맥은 이재명이다!&#39; 홍천 유세	2022년 3월 4일 홍천 꽃뫼공원 앞에서 더불어민주당 이재명 대선후보 '태백산맥은 이재명이다!' 홍천 유세가 진행되었다. #팩트TV ...	136	39	2	1
1LRG21oHQCQ	[팩트TV 풀영상] (3.4) 더불어민주당 이재명 대선후보 &#39;경기도의 정책이 대한민국의 표준이 됩니다!&#39; 남양주 유세	2022년 3월 4일 평내호평역 광장에서 더불어민주당 이재명 대선후보 '경기도의 정책이 대한민국의 표준이 됩니다!' 남양주 유세가 ...	216	30	2	1
cYj6DX3YDwo	[✍🏻사팔랩 브리핑] 역대 최고 사전 투표율 하루만에 방뺀 안찰스, 💙이재명, 3월5일  정치개혁은 평생의 꿈 ⭐️	정치인물분석 #사팔랩 #박대표 #정치인의운명 #더불어민주당 #이재명후보 #국민의힘 #윤석열 #인물심리분석 #바디랭귀지 #핫이슈 ...	1628	758	23	1
C7Vq9zWA0Ww	[팩트TV 풀영상] (3.4) 더불어민주당 이재명 대선후보 &#39;새로운 춘천 시대, 이재명은 합니다!&#39; 춘천 집중 유세	2022년 3월 4일 춘천 브라운5번가에서 더불어민주당 이재명 대선후보 '새로운 춘천 시대, 이재명은 합니다!' 춘천 집중 유세가 진행 ...	119	27	3	1
ybatjLyjwTc	이재명이 되면... #이재명 #대선투표율 #대통령후보		8072	905	59	1
kQOQnFtpL2M	윤석열, 이재명을 찍으라고???(자료출처:팬앤드마이크)#shorts	정규재 #윤석열 #이재명.	998	108	8	-1
xC9ULNH0rgk	여러분 투표안하시면 이재명의 지배를 받아요 #shorts	shorts.	769	130	6	1
oR3KJPmxrhI	이재명 드이어 경선 무효 터졋다	채널에 가입하여 혜택을 누려보세요. https://www.youtube.com/channel/UCULYn1zisR91e3tZZ4tFi1A/join.	3814	1151	31	1
ALOqe6MfeoI	[생중계] 이재명 후보, &#39;동부권 자유경제특구와 신도시, 교통허브로 비상하는 광주·하남!&#39; 광주·하남 유세 (2022.03.05 오전)	[생중계] 이재명 후보, '동부권 자유경제특구와 신도시, 교통허브로 비상하는 광주·하남!' 광주·하남 유세 (2022.03.05 오전) #이재명 ...	34886	0	0	1
Xfx6Dp8-viM	배우 이원종, 연합뉴스TV에서 부동층을 사로 잡았다! '저는 이재명의 진정성을 봤습니다'	이재명 더불어민주당 대선후보가 연예인 지지세를 모아 가고 있다. 이들은 전국 곳곳에서 유세차에 올라 지지 연설을 하며 청중의 호응 ...	21032	6694	634	1
eeIWAhX9G2w	이재명 후보 온라인 커뮤니티 여성시대 찾아가 '지지해달라 호소'	이재명 #여시 #여성시대.	356	29	13	1
8JL-tcIq2gw	이재명, 경기 남부 집중공략…GTX 등 교통공약 강조 / 연합뉴스TV (YonhapnewsTV)	이재명, 경기 남부 집중공략…GTX 등 교통공약 강조 더불어민주당 이재명 대선 후보는 오늘(5일) 경기 남부 지역을 순회하며 표밭 ...	253	11	5	1
bviTetAPeKQ	#shorts #대통령이재명 #송영길당대표 #더불어민주당 #광주광역시		1521	32	7	1
S1tMjufchgk	[찬조연설_배우 이원종] 대한민국의 다음 5년을 위해, 대통령 캐스팅 1순위 이재명!	이재명 #이원종 #지지연설.	1174	524	55	1
ZGojpubnR6o	이재명_강동아트센터_이시영_찬조연설_2022_03_04	이재명_강동아트센터_이시영_찬조연설_2022_03_04 사람사는 세상 #이재명 #이시영 #모비딕 #잔을채워라.	39	4	1	1
tgd_heNXSa4	[생중계] 이재명 후보, &#39;성남이 있었기에 지금의 이재명이 있습니다&#39; 성남 집중유세-박정호 기자 현장 진행 (2022.03.05 오후)	[생중계] 이재명 후보, '성남이 있었기에 지금의 이재명이 있습니다' 성남 집중유세-박정호 기자 현장 진행 (2022.03.05 오후) #이재명 ...	0	0	0	1
izI2onXLC9M	[유세 현장] 이재명, 지지율 떨어지니 정치개혁?... 이영 '문재인도 외쳤는데 아무것도 안 해'	윤석열 #대선후보 #이영 #제천 #유세 국민의힘 이영 의원이 22년 3월 5일 충북 제천에서 열린 유세현장에서 유세발언을 하고 있다.	4369	497	28	-1
xaC5mOd_6HE	[현장 유세] 이재명에게 한방 날린 김영환 '선거 끝나면 수사 받고 법정에서 심판받아야'	윤석열 #대선후보 #김영환 #충추 #유세 국민의힘 김영환 전 의원이 22년 3월 5일 충북 충주에서 열린 유세 현장에서 발언을 하고 있다 ...	2687	857	45	-1
v4_dZ0iT_hk	1번 #이재명		50	19	1	1
LKCLT4HyqC4	이재명후보로 확신하고 미래로 갑시다!!	이재명 #대선후보 #민주당 #나를위해_이재명 #더불어민주당 #앞으로제대로 #이재명은합니다 #대한민국 #대전환시대 #산업 #대구 ...	8	4	2	1
UoCE8H7G8HA	남욱 “김만배, 기자 집구매 6억전달”!이재명 선대위 단장,폭탄선언문!이재명,결국 패배시인 빼박 입장문!부산대구 대첩-윤석열,충격유세 하이라이트!안철수 홍준표,방금 중요한 입장문!	김건희 팬카페(건사랑)--https://m.cafe.naver.com/ca-fe/gunsarang 윤석열TV: ...	33997	10400	486	1
yn1acQiIxUE	[생중계] 더불어민주당 이재명 대선 후보, 경기 광주·하남 유세 / 연합뉴스TV (YonhapnewsTV)	더불어민주당 이재명 대선 후보가 경기 광주·하남에서 선거 유세를 실시합니다. #더불어민주당 #이재명 #경기도 #하남 ▣ 연합뉴스TV ...	4882	114	0	1
5LO_DNGhBxo	이재명홍천집중유세	이재명 홍천 집중유세 뜨거운 환호와 열정 홍천군민들 함게~~ #홍천_집중유세 #춘천김진옥 #더불어민주당_이재명.	6	0	3	1
MEnGlBxMiIc	#유시민 생각 #이재명		25	13	2	1
O50hJuTwy-Y	위기에 강한 #이재명 대통령 ♡		40	19	2	1
NuSfHTvhfJ4	D-4 #이재명 후보 하남유세현장 스케치!!(스타필드 광장)	이재명 #우리를위해이재명 #사전투표 후원 : (국민) 453201-04-048641 한민우 후원금은 현장에서의 활동비로 소중히 사용 ...	1239	373	10	1
nGne8Ptjd2I	[이재명] 끝내 이기리라 나를위해..		0	1	0	1
5b6WZhSy2yw	[생방송] 이재명 후보, 경기 광주,하남 유세 (스타필드 정문)	[생방송] 이재명 후보, 경기 광주,하남 유세 (스타필드 정문) #이재명 #대선공약 #집중유세 #광주 #하남 #경기도 ✓일시후원: 국민은행 ...	24141	3926	0	1
nN21OLhPYsY	[LIVE] 동부권 자유경제특구와 신도시, 교통허브로 비상하는 광주 · 하남 ! 광주 · 하남 유세		6597	4728	0	1
lsNHM_DBIkA	구글은 알고있다 (이재명vs윤석열)	이재명 #윤석열 #단일화.	1347	44	7	-1
FvBz5sE2cRM	구글 빅데이터는 알고있다!?? (이재명 vs 윤석열)	이재명 #윤석열 #단일화.	190	10	0	-1
8ie82MeUr8o	재명타임 7회 수정본(달려라!이재명!)	이색 유세현장! 동송에서 신철원까지 18km를 직접 달리다!	9	0	0	1
M1e7WjUanvA	윤석열, 울진 현장방문…이재명 '조속 진화가 우선' / 연합뉴스TV (YonhapnewsTV)	"윤석열, 울진 현장방문…이재명 ""조속 진화가 우선"" 국민의힘 윤석열 대선 후보는 어제(4일) 밤 10시 40분쯤 경북 울진 산불 이재민 ..."	2395	134	44	1
7VNaAzIh2QI	이재명 '역사를 만드는 것은 대한민국 국민'	내 삶, 내 가족의 삶을 위해 이재명에게 투표해주십시오. (사전투표 : 3월 5일 오후6시까지) #이재명#유능한경제대통령 #깨어있는국민 ...	25	19	1	1
Rgt9VU4heJk	드디어 시작된 이재명의 몰락! 높은 사전투표율 누구에 유리할까	드디어 시작된 이재명의 몰락! 높은 사전투표율 누구에 유리할까.	1238	51	11	1
e5AAKq8pk-w	이재명후보 '여러분, 3월 9일은 어떤 날입니까'	이재명알리기【FACT CHECK】가짜뉴스요약    https://m.blog.naver.com/jaemyunglee?categoryNo=72 #이재명은했습니다【FACT ...	10	5	1	1
h96OP7_Bbbk	아중리 예우랑 사거리에서 기호1번 이재명 선거운동!! #shorts	shorts.	33	17	1	1
zXhuQFsron8	👍이재명은 흔들림 없이 국민과 함께 가겠습니다🤞	이재명#대통령선거#단일화 후원링크 ▷투네이션: https://toon.at/donate/637651943728289128 ▷페이팔: ...	16	5	0	1
WGbDdaLP53o	김석진TV는 이재명 후보를 지지합니다.	이재명, 더불어민주당대통령후보.	3	0	0	1
0UH386oqAt4	3월 5일 바로 오늘! 이재명이 시흥에 오는 날! 배곧신도시 아브뉴프랑이 디비진다	이재명시흥 #시흥배곧 3월 5일 바로 오늘! 이재명이 시흥에 오는 날! 배곧신도시 아브뉴프랑이 디비진다! 함께 뜁시다~ 함께 달려 ...	2	1	0	1
vTN5DlcqO_E	이재명 vs 윤석열		20	11	1	1
twEJqZaX2to	윤석열... '이재명 후보의 부정부패에 부끄럽다;;'	윤석열 #이재명 #대선.	9	4	0	-1
