ID	title	description	viewcount	likecount	commentcount	label
ijZsj7eNvOM	[윤석열 국민의힘 후보, 경기 구리 유세] 3월 7일 (월) 풀영상 / 디지털Only	윤 후보 지지를 선언한 뒤 후보직을 사퇴한 국민의당 안철수 대표와의 두번째 합동 유세도 진행할 예정입니다. 윤 후보는 오전에 ...	7542	280	231	1
lU8QzNQ2NAU	국민의힘 윤석열, '시민이 행복한 나라, 시민이 주인 되는 나라' 경기 하남 유세 - [끝까지 LIVE] MBC 중계방송 2022년 03월 07일	윤석열 국민의힘 대선후보는 3·9 대선을 이틀 앞둔 오늘(7일) 이재명 더불어민주당 대선후보의 정치적 기반인 경기도에서 표심 공략에 ...	13118	140	137	1
GQJln0pT7OI	윤석열 ‘좌 철수, 우 준석’…安 “윤석열을 외치자”	"윤석열·안철수·이준석 '원팀 유세' 서울 광진서 윤석열·안철수 합동 유세 윤석열 ""더불어민주당이 아닌 더불어패거리당"" ※자세한 내용 ..."	1307	83	21	1
ORXBdlCHY6k	이재명-윤석열 선거 막판 ‘수도권 대전’	"이재명-윤석열 선거 막판 '수도권 대전' 이재명-윤석열, 마지막 휴일 수도권서 '부동산' 공략 이재명 ""실용 통합정부 명운 걸고, 부동산 ..."	670	32	6	1
pr79E4efUP8	[윤석열 국민의힘 후보, 경기 하남 유세] 3월 7일 (월) 풀영상 / 디지털Only	윤 후보 지지를 선언한 뒤 후보직을 사퇴한 국민의당 안철수 대표와의 두번째 합동 유세도 진행할 예정입니다. 윤 후보는 오전에 ...	9683	212	130	1
dosN4tp2l8I	국민의힘 윤석열, '조선왕조 500년 세계문화유산의 도시 구리의 품격' - [끝까지 LIVE] MBC 중계방송 2022년 03월 07일	윤석열 국민의힘 대선후보는 3·9 대선을 이틀 앞둔 오늘(7일) 이재명 더불어민주당 대선후보의 정치적 기반인 경기도에서 표심 공략에 ...	8290	90	129	1
SJihkNApBEM	[현장영상] &#39;대선 D-2&#39; 윤석열 후보, 경기 하남 유세...안철수 지원 유세 / YTN	20대 대통령 선거를 이틀 앞두고 국민의힘 윤석열 대선 후보는 오늘(7일) 경기도 지역을 전방위로 훑으며 수도권 표심 잡기에 주력 ...	20856	534	232	1
xsldrFDv6qY	국민의힘 윤석열, '경제와 산업이 다시 뛰는 대한민국, 윤석열이 만듭니다' 경기 안양 유세 - [끝까지 LIVE] MBC 중계방송 2022년 03월 07일	윤석열 국민의힘 대선후보는 3·9 대선을 이틀 앞둔 오늘(7일) 이재명 더불어민주당 대선후보의 정치적 기반인 경기도에서 표심 공략에 ...	4204	67	72	1
Gmi3yw676b8	[풀영상] 국민의힘 윤석열 후보, 경기 하남 유세/3월 7일(월)	국민의힘 윤석열 대선 후보는 오늘(7일) 경기도 하남을 방문해 유세를 이어갔습니다. 윤 후보는 정부의 부동산 정책 실패를 지적하며, ...	9524	170	123	1
MnXd_nqVu9w	윤석열 &#39;이재명 안방&#39; 경기도 공략...&#39;운동권&#39; 비판 / YTN	[앵커] 이번엔 윤석열 후보 유세장으로 가보겠습니다. 윤 후보, 오늘은 이재명 후보의 안방이라고 할 수 있는 경기도를 집중적으로 공략 ...	1885	32	68	1
Lkuzy11ABjA	'박영수·윤석열 통해 사건 해결' 녹취록 공방, 김만배 녹취록의 법적 쟁점은?, 우상호가 본 대선판도 - [LIVE] MBC 뉴스외전 2022년 03월 07일	"울진·삼척 산불 나흘째‥ 내일 주불 진화 목표 - [LIVE] MBC 뉴스외전 2022년 03월 07일 ""뉴스가 보입니다” 함께 분노하고, 함께 감시 ..."	9572	835	0	-1
KgKcPQkxY_8	대선 D-2...이재명 &#39;경부선&#39;·윤석열 &#39;경기&#39; 유세  총력전 / YTN	이재명, 오늘 전국 거점도시 돌며 선거운동 윤석열, 사흘째 수도권 공략…중도층 표심 잡기 심상정, 경기 판교역 출근길 인사로 유세 ...	3041	27	65	1
ADwODYrd7Bw	[D-2] 윤석열 대선후보, 경기 하남 유세(안철수 지원) / SBS	SBS뉴스 #8뉴스 #실시간 #윤석열 #국민의힘 #대선 #후보 #경기 #하남 #안철수 #지원유세 으로 만나 보세요 라이브 뉴스 채널 SBS ...	39270	2187	382	1
CYMlXjvsdBs	최강욱의 날선 핵직구 '김만배 육성으로 드러난 윤석열 정치검찰 실체. 후보 사퇴시켜야'	최강욱 더불어민주당 공동선대위원장은 7일 김만배 육성 녹취록 공개와 관련 “국민의힘이 공당이라면 국민 앞에 사과하게 하고 ...	35052	6018	601	-1
wRbmRZiRWYw	[기자회견] 대장동게이트 연루 의혹 ... 윤석열 후보를 공수처에 고발합니다!	강득구기자회견 [#대장동게이트 연루 의혹 ... #윤석열 후보를 #공수처에_고발합니다!] 안녕하십니까. #더불어민주당 #안양만안구 ...	6882	4905	525	-1
CcaVMJ8DpOw	김영배의 핵직구. 김만배 모른다며 답변 회피 윤석열에 '사실이면 심각한 선거법 위반'	더불어민주당 김영배 의원은 7일 “윤석열 후보가 TV토론에서 자신은 김만배를 모른다고 했다”며 “(김만배)녹음 파일이 사실이라면 ...	18721	2935	199	-1
tQgykxrzYxo	[Live] 3월 7일 '조선왕조 500년 세계문화유산의 도시 구리의 품격' 경기 구리 유세		51901	7853	330	1
4tMJXc-vOXQ	윤석열이 타임지 인터뷰를 안한 이유 댓글놀이. 빵빵 터지네	이재명 후보는 했는데 윤석열 후보는 거부한 타임지 인터뷰. 왜 그랬을까? 타임지에서 의문을 삼고 있는 내용들을 보면 후보측이 ...	7865	1251	68	-1
xDe5BA9N8P8	[윤석열 국민의힘 후보, 경기 안양 유세] 3월 7일 (월) 풀영상 / 디지털Only	윤석열 국민의힘 후보는 오늘(7일) 경기 집중 유세에 돌입합니다. 윤 후보 지지를 선언한 뒤 후보직을 사퇴한 국민의당 안철수 대표와 ...	6066	265	21	1
L0ENw7kZ8uM	D-2…윤석열, 경기 남부권 돌며 정권심판론 강조 / KBS  2022.03.07.	국민의힘 윤석열 후보는 오늘 하루 경기 남부권 8개 지역을 돌며, 집중 유세를 벌입니다. 정치부 취재기자가 안양시 유세 현장에 나가 ...	227	1	4	1
5jlDkQ837xY	김만배 '윤석열 통해 사건 해결'…국민의힘 '허위' / 연합뉴스TV (YonhapnewsTV)	"김만배 ""윤석열 통해 사건 해결""…국민의힘 ""허위"" [앵커] 화천대유 대주주 김만배 씨가 윤석열 국민의힘 대선후보와 박영수 전 특별 ..."	48958	3466	1214	1
-Skixn6FN58	현근택 '윤석열 커피 한잔 조사 수상' vs 김근식 '녹취록 공개시점 수상'	〈민주당 선대위 현근택 대변인〉 김만배 녹취록 '박영수-윤석열-조우형' 연결 투표 공작? 일부러 집값 올려? 尹 극우본색 안철수-윤석열 ...	17915	660	340	-1
5GvVz_xyNZA	[정치직격] “윤석열 찍지 않을 건 확실!”이라던 이상돈이 말하는 ‘안철수-윤석열’ 단일화의 역풍 - 이상돈 (전 의원), MBC 220307 방송	2022년 03월 07일 [김종배의 시선집중] | 출연 : 이상돈 전 의원 #정치직격 #이재명 #윤석열 #안철수 #야권단일화 #사전투표 #호남 ...	70374	7115	599	-1
RwLNyxs1x4s	김만배 &#39;음성파일&#39; 일파만파... '윤석열이 박영수와 통했지. (부산저축은행) 그냥 봐줬지'	'대장동' 개발특혜의혹 핵심인물인 김만배씨가 지난해 9월 '윤석열 국민의힘 대선후보가 검사시절 부산저축은행 사태 때 대장동 사업 ...	18870	2847	187	-1
JA2jMKHdPiE	김동연 '2월에 이재명·윤석열 모두 만나 숙제 내줬다'	이재명·윤석열에 개헌 등 정치개혁 제안 * 윤석열은 별 고민 없고 이재명은 적극적 * 부동산 정책 차이? 이재명과 손발 맞아 * 다당제 ...	7046	326	85	1
IKZl9rL98_k	[대선] 김만배 결정적 녹취! 대장동 핵심은 윤석열 봐주기 수사 / 중도층께 드리는 마지막 메시지 : &#39;나를 위해, 이재명!&#39; 13화 (3.7)	김만배 결정적 녹취! 대장동 핵심은 윤석열 봐주기 수사 중도층께 드리는 마지막 메시지 : 이재명과 정치효능감 참여안내 - 정치도 ...	1929	848	8	-1
UrhhSftJX4Q	[✍🏻사팔랩 브리핑] 3.7  '윤석열-박영수-조우형-김만배... 과연 우연의 우연인가'    윤-부산저축은행-대장동  김만배 '000 니가 조우형이야?'	정치인물분석 #사팔랩 #박대표 #정치인의운명 #더불어민주당 #이재명후보 #국민의힘 #윤석열 #인물심리분석 #4자토론 #대선후보 ...	2935	1187	20	-1
CFGDjohVN94	당신이 바라던 기호 2번 윤석열 #shorts #윤석열 #비하인드	shorts #윤석열 #비하인드.	1876	831	114	1
62ZkNgY9ozc	경제를 살리는 기호 2번 윤석열 #shorts #윤석열 #비하인드	shorts #윤석열 #비하인드.	1049	595	41	1
VPjpqSF6Z5U	[윤석열 비리 검사] 봐주기 수사는 결국 댓가를 받는다 #김만배 #뉴스타파 #대장동	새날마켓 바로가기 : https://www.saenalmarket.com 새날패밀리 구독하기 ...	3682	898	45	-1
nQhHyxu4qp4	오직 국민뿐! 기호 2번 윤석열 #shorts #윤석열 #비하인드	shorts #윤석열 #비하인드.	985	528	34	1
NAPhAXldEMw	이정만 천안(을)당협위원장, 윤석열 후보 대선승리 청년지지선언 이끌어(엠뉴스TV)	이정만 천안(을)당협위원장, 윤석열 후보 대선승리 청년지지선언 이끌어 충청권 청년 400여명의 청년봉사단체 청춘결백 윤석열 지지 ...	240	10	0	1
IBCGwLZs324	(천신당) 대선까지 앞으로 D-2, 윤석열 신점을 보아하니... 하늘의 기운을 움직이고 있다?	미래가 궁금할 때 포춘톡의 운세정보는 광고 없이 모두 '무료' 소름 돋는 연인 궁합, 궁합을 야무지게 잘 보는 궁합 맛집 오늘의 ...	278	19	3	1
jTMW6RLl1GI	이재명 떠난 후 현장반응 vs 윤석열 떠난 후 현장반응.. ㅎㄷㄷ 이렇게 차이가 (문경 엄마 '윤석열 되면 이민 가기로 했다')	채널에 가입하여 혜택을 누려보세요. https://www.youtube.com/channel/UCXizVvs2c7LtFZAu25sK5Fg/join [이재명 후원회 홈페이지] ...	141710	22810	1107	1
WkqlBI8NYuk	[풀영상] 국민의힘 윤석열 대선 후보, 경기 구리 유세 / 연합뉴스TV (YonhapnewsTV)	국민의힘 윤석열 대선 후보가 경기 구리에서 선거 유세를 실시합니다. #국민의힘 #윤석열 #경기도 #구리 ▣ 연합뉴스TV 유튜브 채널 ...	21875	1383	89	1
CGu_vby4KqI	머선129? 윤석열 인성과 언성사이?_#shorts	www.stagenews.kr #윤석열마이크#윤설열태도#유세장마이크.	36	3	1	-1
DRpsG3r9USM	💥윤석열 후보.. 🔸내가 검찰 그만둔 이유를 아느냐..!!#shorts	청년의소리 정말 리얼한 청년들의 목소리 여러분의 구독과 좋아요가 큰 힘이됩니다 ...	5244	643	0	1
MJPR1vMiwIw	변발헤-박근혜,파란옷/TIME,이재명/김만배-윤석열/2번남	멤버쉽 링크 - https://www.youtube.com/channel/UCkI2g2FvX-haxXqqDMqc96A/join 송작가TV몰 링크 ...	8233	2494	55	1
mOAIbCoWIz4	'윤석열이 대장동 대출 수사 봐줘' 뜬금 없는 &#39;김만배 녹취&#39; 등장. '대선 1-2주 연기 하자'는 &#39;윤석열 대국민 성명서&#39;도 등장	"'윤석열 후보 대국민 성명서'를 게시한 자유대한민국수호 블로그 관계자를 허위사실 유포로 고발 윤석열이 대장동 대출 수사 봐줘"" ..."	27214	5472	798	-1
LwRai8th4MA	송영길 “윤석열 선거 이틀 앞두고 막가파식 막말, 패색 짙어 집권 포기?”	[영상] 송영길 “윤석열 선거 이틀 앞두고 막가파식 막말, 패색 짙어 집권 포기?” 김만배 녹취록 두고 “윤석열 중수 2과장 대장동 종잣돈 ...	462	105	5	-1
8P-PTgP5dAY	대장동 김만배 음성파일 터졌다 '박영수-윤석열 통해 부산저축은행 사건 해결'(뉴스타파)	"유튜브 이송원TV 3월 7일(월) 오전 9시에 이재명후보 호남유세 제외된 이유 김만배 음성 파일 ""박영수 통해 윤석열 '대장동 대출' 수사 ..."	25571	5429	27	-1
loKwX80nBlk	윤석열 VS 이재명 현실 지지율 확인 가능한 영상	종이TV 자율구독료 ○ 카카오뱅크 3333-03-8393457 박ㅈㅇ 국민 632302-04-024991 박ㅈㅇ ○ 종이의 멤버십 ...	5232	940	65	1
TbhAJJ6VZFY	윤석열, 잠긴 목소리로 외치다 “여러분, 투표하면 나라 바뀝니다!”	이 영상은 국민의힘 공식 유튜브 '오른소리'의 허락을 받아 실었습니.	1036	205	9	1
AAuJOxN07J0	윤석열은 검사가 아닌 커피셔틀로 밝혀져... #Shorts	윤석열 #커피머신.	695	111	3	-1
UC4Yu8Rz5tc	윤석열 '부정선거·대장동?...정권 바뀌면 다 드러납니다'	윤석열 #국민의힘 #유세 #하남 #대장동 국민의힘 윤석열 대통령 후보가 22년 3월 7일 열린 하남 유세장에서 발언하고 있다.	3997	769	80	-1
3XEdZdAYCzg	정치클리핑 315회 - 김만배·윤석열·박영수 '우리는 깐부...'		1718	1079	0	1
SohiVk_RZnY	[김용민브리핑]_김만배 녹취록 | 윤석열 부산저축은행 봐주기 수사 | 김용민TV x 안진걸TV	김만배 #윤석열 #대장동 #화천대유 #조우형 #난놈 #안진걸TV ☆범 진보민주 개혁을 위한 방송입니다. 많은 구독과 지지 부탁 ...	1410	613	2	-1
GPR_2m5UnfE	윤석열 “민주당 학생운동 세력들, 국민의 머슴 맞나?”	윤석열 국민의힘 대통령후보가 7일 경기 하남시 스타필드 하남 앞 광장에서 열린 지지유세에 참석해 정부의 부동산 정책 실패와 국민 ...	572	79	10	1
exOtA-Ir-eM	[국민혁명당 LIVE] 윤석열이 이깁니다 이동호의 여론조사 분석!!- 이동호 교수 2022.03.07.	자발적후원 농협 302-0303-8482-11 오충권 ----------------국민혁명당 홈페이지----------------- 국민혁명당에 큰 지지를 보내주심을 진심 ...	1538	454	0	1
G3ERVKQAX8M	[윤석열대통령후보지원유세] 남양주 호평역광장[2022,3,5]	[윤석열대통령후보지원유세] 남양주 호평역광장[2022,3,5] 유세자:주광덕 장소:남양주시 평내호평역 광장 시간:2022년3월5일 16:00~ ...	56	18	1	1
